case_id,date,district,sector,chw_id,age_months,sex,temperature_c,fever_days,convulsions,unable_to_drink,vomiting_everything,lethargy,severe_breathing_difficulty,tdr_result,decision,referral_completed,arrival_delay_hours,outcome
CASE-000001,2024-10-01,Gasabo,Kacyiru,CHW-GAS-03-01,67,female,38.0,1,0,0,0,0,0,negative,treat_at_home,0,,recovered
CASE-000002,2024-10-01,Gasabo,Kimironko,CHW-GAS-01-02,38,male,37.7,1,0,0,0,0,0,positive,refer,0,,recovered
CASE-000003,2024-10-01,Gasabo,Remera,CHW-GAS-02-04,322,female,38.5,1,0,0,0,0,0,negative,treat_at_home,0,,recovered
CASE-000004,2024-10-01,Kirehe,Gahara,CHW-KIR-02-04,40,female,38.6,3,0,0,0,0,0,negative,refer,1,7.2,recovered
CASE-000005,2024-10-01,Nyagatare,Katabagemu,CHW-NYG-06-04,112,male,38.6,3,0,0,0,0,0,positive,treat_at_home,0,,recovered
CASE-000006,2024-10-01,Nyagatare,Matimba,CHW-NYG-04-01,177,female,38.6,4,0,0,0,0,0,negative,refer,1,13.0,recovered
CASE-000007,2024-10-01,Nyagatare,Matimba,CHW-NYG-04-01,151,female,38.0,1,0,0,0,0,0,positive,treat_at_home,0,,recovered
CASE-000008,2024-10-01,Nyagatare,Nyagatare,CHW-NYG-01-01,16,female,38.6,2,0,0,0,0,0,positive,treat_at_home,0,,recovered
CASE-000009,2024-10-02,Bugesera,Ntarama,CHW-BUG-05-01,12,female,38.9,1,0,0,0,0,0,positive,treat_at_home,0,,recovered
CASE-000010,2024-10-02,Bugesera,Ntarama,CHW-BUG-05-03,63,female,38.8,2,0,0,0,0,0,negative,treat_at_home,0,,recovered
CASE-000011,2024-10-02,Nyagatare,Karangazi,CHW-NYG-02-02,0,female,38.3,1,0,0,0,0,0,positive,urgent_refer,0,,recovered
CASE-000012,2024-10-02,Nyagatare,Karangazi,CHW-NYG-02-04,139,male,38.2,2,0,0,0,0,0,positive,treat_at_home,0,,recovered
CASE-000013,2024-10-02,Rusizi,Bugarama,CHW-RUS-02-01,22,female,37.7,1,0,0,0,0,0,positive,treat_at_home,0,,recovered
CASE-000014,2024-10-02,Rusizi,Kamembe,CHW-RUS-01-01,171,male,38.0,2,0,0,1,0,0,positive,urgent_refer,1,10.0,recovered
CASE-000015,2024-10-03,Bugesera,Mayange,CHW-BUG-03-04,29,male,38.6,1,0,0,0,0,0,positive,treat_at_home,0,,recovered
CASE-000016,2024-10-03,Bugesera,Ntarama,CHW-BUG-05-01,20,female,38.8,5,0,0,0,0,0,invalid,refer,1,21.4,recovered
CASE-000017,2024-10-03,Gasabo,Kacyiru,CHW-GAS-03-04,6,female,38.6,1,0,0,0,0,0,positive,treat_at_home,0,,recovered
CASE-000018,2024-10-03,Gisagara,Gisagara,CHW-GIS-01-01,52,male,38.4,1,0,0,0,0,0,negative,treat_at_home,0,,recovered
CASE-000019,2024-10-03,Gisagara,Gisagara,CHW-GIS-01-03,114,male,37.4,1,0,0,0,0,0,positive,treat_at_home,0,,recovered
CASE-000020,2024-10-03,Nyagatare,Matimba,CHW-NYG-04-01,676,male,38.6,6,0,0,0,0,0,negative,refer,1,5.5,recovered
CASE-000021,2024-10-03,Nyagatare,Nyagatare,CHW-NYG-01-01,148,female,37.9,1,0,0,0,0,0,positive,treat_at_home,0,,recovered
CASE-000022,2024-10-03,Nyagatare,Rwimiyaga,CHW-NYG-03-03,12,male,38.7,4,0,0,0,0,0,negative,refer,0,,recovered
CASE-000023,2024-10-03,Nyagatare,Rwimiyaga,CHW-NYG-03-03,105,male,38.8,4,0,0,0,0,0,positive,treat_at_home,0,,recovered
CASE-000024,2024-10-03,Rusizi,Bugarama,CHW-RUS-02-01,46,male,38.2,6,0,0,0,0,0,negative,refer,1,14.0,recovered
CASE-000025,2024-10-03,Rusizi,Bugarama,CHW-RUS-02-03,13,female,38.9,1,0,0,0,0,0,positive,treat_at_home,0,,recovered
CASE-000026,2024-10-03,Rusizi,Kamembe,CHW-RUS-01-01,97,female,38.3,1,0,0,0,0,0,negative,treat_at_home,0,,recovered
CASE-000027,2024-10-03,Rusizi,Kamembe,CHW-RUS-01-03,125,male,38.7,2,0,0,0,0,0,negative,treat_at_home,0,,recovered
CASE-000028,2024-10-03,Rusizi,Kamembe,CHW-RUS-01-04,8,female,37.3,1,0,0,0,0,0,positive,treat_at_home,0,,recovered
CASE-000029,2024-10-04,Bugesera,Ntarama,CHW-BUG-05-02,145,female,38.6,4,0,0,0,0,0,positive,treat_at_home,0,,recovered
CASE-000030,2024-10-04,Bugesera,Ntarama,CHW-BUG-05-02,463,male,38.6,1,0,0,0,0,0,negative,treat_at_home,0,,recovered
CASE-000031,2024-10-04,Bugesera,Ntarama,CHW-BUG-05-04,1,male,37.9,1,0,0,0,0,0,negative,urgent_refer,1,2.7,recovered
CASE-000032,2024-10-04,Gisagara,Gisagara,CHW-GIS-01-02,63,female,38.6,4,0,0,0,0,0,invalid,refer,0,,recovered
CASE-000033,2024-10-04,Gisagara,Gisagara,CHW-GIS-01-02,54,male,38.0,1,0,0,1,0,1,negative,urgent_refer,1,2.2,recovered
CASE-000034,2024-10-04,Gisagara,Save,CHW-GIS-02-03,12,female,37.6,1,0,0,0,0,0,positive,treat_at_home,0,,recovered
CASE-000035,2024-10-04,Gisagara,Save,CHW-GIS-02-04,55,male,37.8,2,0,0,0,1,0,positive,urgent_refer,1,1.4,recovered
CASE-000036,2024-10-04,Nyagatare,Karangazi,CHW-NYG-02-01,69,male,36.4,0,0,0,0,0,0,negative,treat_at_home,0,,recovered
CASE-000037,2024-10-04,Nyagatare,Matimba,CHW-NYG-04-03,522,female,38.2,4,0,0,0,0,0,positive,treat_at_home,0,,complication
CASE-000038,2024-10-04,Nyagatare,Rwimiyaga,CHW-NYG-03-03,126,male,38.8,4,0,0,0,0,0,positive,treat_at_home,0,,recovered
CASE-000039,2024-10-04,Nyagatare,Rwimiyaga,CHW-NYG-03-03,21,female,38.1,1,0,0,0,0,0,negative,treat_at_home,0,,recovered
CASE-000040,2024-10-05,Bugesera,Gashora,CHW-BUG-06-02,81,male,37.1,0,0,0,0,0,0,negative,treat_at_home,0,,recovered
CASE-000041,2024-10-05,Bugesera,Ntarama,CHW-BUG-05-02,141,female,36.6,0,0,0,0,0,0,negative,treat_at_home,0,,recovered
CASE-000042,2024-10-05,Bugesera,Ntarama,CHW-BUG-05-03,351,male,38.6,7,0,0,0,0,0,positive,treat_at_home,0,,recovered
CASE-000043,2024-10-05,Gisagara,Save,CHW-GIS-02-02,4,female,37.7,1,0,0,0,0,0,positive,treat_at_home,0,,recovered
CASE-000044,2024-10-05,Kirehe,Gahara,CHW-KIR-02-02,7,male,39.7,1,0,0,0,0,0,negative,treat_at_home,0,,recovered
CASE-000045,2024-10-05,Kirehe,Gahara,CHW-KIR-02-04,711,male,37.4,3,0,0,0,0,0,positive,treat_at_home,0,,recovered
CASE-000046,2024-10-05,Nyagatare,Katabagemu,CHW-NYG-06-02,34,female,39.0,2,0,0,0,0,0,positive,treat_at_home,0,,recovered
CASE-000047,2024-10-05,Nyagatare,Rwimiyaga,CHW-NYG-03-03,82,female,39.1,3,1,0,0,1,0,negative,urgent_refer,0,,complication
CASE-000048,2024-10-05,Rusizi,Kamembe,CHW-RUS-01-02,16,male,38.7,1,0,0,0,0,0,positive,treat_at_home,0,,recovered
CASE-000049,2024-10-05,Rusizi,Kamembe,CHW-RUS-01-03,23,male,38.3,1,0,0,0,0,0,positive,treat_at_home,0,,recovered
CASE-000050,2024-10-06,Bugesera,Mayange,CHW-BUG-03-03,147,female,38.4,3,0,0,0,0,0,positive,treat_at_home,0,,recovered
CASE-000051,2024-10-06,Gisagara,Kibirizi,CHW-GIS-03-03,23,male,38.2,3,0,0,0,0,0,positive,treat_at_home,0,,recovered
CASE-000052,2024-10-06,Kirehe,Gahara,CHW-KIR-02-04,620,female,37.9,2,0,1,0,1,0,negative,urgent_refer,1,4.1,recovered
CASE-000053,2024-10-06,Kirehe,Kirehe,CHW-KIR-01-01,326,male,38.7,2,0,0,0,0,0,positive,treat_at_home,0,,complication
CASE-000054,2024-10-06,Kirehe,Kirehe,CHW-KIR-01-02,38,male,38.8,2,0,0,0,0,0,positive,treat_at_home,0,,recovered
CASE-000055,2024-10-06,Kirehe,Kirehe,CHW-KIR-01-04,695,female,39.0,2,0,0,0,0,0,positive,treat_at_home,0,,recovered
CASE-000056,2024-10-06,Nyagatare,Karangazi,CHW-NYG-02-02,59,male,38.5,3,0,0,0,0,0,positive,treat_at_home,0,,recovered
CASE-000057,2024-10-06,Nyagatare,Matimba,CHW-NYG-04-02,32,female,38.5,2,0,0,0,0,0,negative,treat_at_home,0,,recovered
CASE-000058,2024-10-06,Nyagatare,Mimuri,CHW-NYG-05-04,55,male,38.2,5,0,0,0,0,0,positive,treat_at_home,0,,recovered
CASE-000059,2024-10-06,Nyagatare,Nyagatare,CHW-NYG-01-02,11,male,38.3,2,0,0,0,0,0,negative,treat_at_home,0,,recovered
CASE-000060,2024-10-06,Nyagatare,Nyagatare,CHW-NYG-01-02,30,female,38.3,2,0,0,0,0,0,negative,refer,1,8.7,recovered
CASE-000061,2024-10-06,Rusizi,Bugarama,CHW-RUS-02-04,5,male,38.5,2,1,1,0,0,0,positive,urgent_refer,0,,recovered
CASE-000062,2024-10-07,Bugesera,Gashora,CHW-BUG-06-02,5,female,39.2,5,0,0,0,0,0,positive,treat_at_home,0,,recovered
CASE-000063,2024-10-07,Bugesera,Mareba,CHW-BUG-04-01,6,male,38.1,2,0,0,0,0,0,positive,treat_at_home,0,,recovered
CASE-000064,2024-10-07,Bugesera,Mayange,CHW-BUG-03-04,245,female,38.1,1,0,0,0,0,0,invalid,refer,0,,recovered
CASE-000065,2024-10-07,Gisagara,Gisagara,CHW-GIS-01-03,701,male,38.8,4,0,0,0,0,0,positive,treat_at_home,0,,recovered
CASE-000066,2024-10-07,Gisagara,Kibirizi,CHW-GIS-03-03,1,female,36.8,0,0,1,0,0,0,negative,urgent_refer,1,1.7,recovered
CASE-000067,2024-10-07,Kirehe,Gahara,CHW-KIR-02-03,34,male,38.3,2,0,0,0,0,0,positive,treat_at_home,0,,recovered
CASE-000068,2024-10-07,Kirehe,Mahama,CHW-KIR-03-01,58,female,37.9,5,0,0,0,0,0,positive,treat_at_home,0,,recovered
CASE-000069,2024-10-07,Nyagatare,Katabagemu,CHW-NYG-06-03,60,male,38.2,2,0,0,0,0,0,negative,treat_at_home,0,,recovered
CASE-000070,2024-10-07,Nyagatare,Katabagemu,CHW-NYG-06-04,8,male,38.4,2,0,0,0,0,0,positive,treat_at_home,0,,recovered
CASE-000071,2024-10-07,Rusizi,Gihundwe,CHW-RUS-03-01,5,male,38.6,2,0,0,0,0,0,positive,treat_at_home,0,,recovered
CASE-000072,2024-10-07,Rusizi,Kamembe,CHW-RUS-01-02,232,male,38.2,3,0,0,0,0,0,invalid,refer,1,11.3,recovered
CASE-000073,2024-10-08,Bugesera,Gashora,CHW-BUG-06-04,38,male,37.9,1,0,0,0,0,0,positive,treat_at_home,0,,recovered
CASE-000074,2024-10-08,Bugesera,Mareba,CHW-BUG-04-02,48,female,38.2,2,0,0,0,0,0,negative,treat_at_home,0,,recovered
CASE-000075,2024-10-08,Bugesera,Ntarama,CHW-BUG-05-01,38,male,39.1,4,0,0,0,0,0,positive,treat_at_home,0,,recovered
CASE-000076,2024-10-08,Bugesera,Rilima,CHW-BUG-02-01,168,female,37.0,2,0,0,0,0,0,positive,treat_at_home,0,,recovered
CASE-000077,2024-10-08,Gisagara,Gisagara,CHW-GIS-01-02,648,male,37.5,1,0,0,0,0,0,positive,treat_at_home,0,,recovered
CASE-000078,2024-10-08,Gisagara,Save,CHW-GIS-02-02,15,female,38.4,2,0,0,0,0,0,negative,treat_at_home,0,,recovered
CASE-000079,2024-10-08,Gisagara,Save,CHW-GIS-02-04,68,male,38.0,2,0,0,0,0,0,positive,treat_at_home,0,,recovered
CASE-000080,2024-10-08,Kirehe,Kirehe,CHW-KIR-01-03,465,male,38.0,1,0,0,0,0,0,positive,treat_at_home,0,,recovered
CASE-000081,2024-10-08,Nyagatare,Mimuri,CHW-NYG-05-04,34,male,38.8,6,0,0,0,0,0,invalid,refer,1,6.0,recovered
CASE-000082,2024-10-08,Nyagatare,Nyagatare,CHW-NYG-01-01,172,female,36.4,0,0,0,0,0,0,negative,treat_at_home,0,,recovered
CASE-000083,2024-10-08,Nyagatare,Nyagatare,CHW-NYG-01-02,144,female,38.7,2,0,0,0,0,0,positive,treat_at_home,0,,recovered
CASE-000084,2024-10-08,Rusizi,Bugarama,CHW-RUS-02-01,160,female,37.9,1,1,0,0,0,0,positive,urgent_refer,0,,complication
CASE-000085,2024-10-08,Rusizi,Gihundwe,CHW-RUS-03-01,13,female,37.8,1,0,0,0,0,0,positive,treat_at_home,0,,recovered
CASE-000086,2024-10-08,Rusizi,Gihundwe,CHW-RUS-03-01,552,female,38.6,1,0,0,0,0,0,positive,treat_at_home,0,,recovered
CASE-000087,2024-10-09,Bugesera,Mareba,CHW-BUG-04-04,47,male,38.2,4,0,0,0,0,0,positive,treat_at_home,0,,recovered
CASE-000088,2024-10-09,Bugesera,Ntarama,CHW-BUG-05-03,94,female,38.1,7,0,0,0,0,0,invalid,refer,0,,recovered
CASE-000089,2024-10-09,Bugesera,Ntarama,CHW-BUG-05-04,26,female,38.4,1,0,0,0,0,0,positive,treat_at_home,0,,recovered
CASE-000090,2024-10-09,Bugesera,Nyamata,CHW-BUG-01-01,136,male,37.7,4,0,0,0,0,0,negative,refer,1,4.1,recovered
CASE-000091,2024-10-09,Gasabo,Kacyiru,CHW-GAS-03-02,550,male,38.2,1,0,0,0,0,0,negative,treat_at_home,0,,recovered
CASE-000092,2024-10-09,Nyagatare,Karangazi,CHW-NYG-02-02,457,male,39.0,4,0,0,0,0,0,negative,refer,0,,recovered
CASE-000093,2024-10-09,Nyagatare,Nyagatare,CHW-NYG-01-01,134,female,37.8,2,0,0,0,0,0,positive,treat_at_home,0,,recovered
CASE-000094,2024-10-09,Rusizi,Kamembe,CHW-RUS-01-03,44,female,38.5,2,0,0,0,0,0,negative,treat_at_home,0,,recovered
CASE-000095,2024-10-10,Bugesera,Ntarama,CHW-BUG-05-02,96,female,37.9,7,0,0,0,0,0,positive,treat_at_home,0,,died
CASE-000096,2024-10-10,Bugesera,Nyamata,CHW-BUG-01-04,123,male,38.9,2,0,0,0,0,0,positive,treat_at_home,0,,recovered
CASE-000097,2024-10-10,Gasabo,Kacyiru,CHW-GAS-03-04,82,male,37.5,1,0,0,0,0,0,negative,treat_at_home,0,,recovered
CASE-000098,2024-10-10,Gisagara,Gisagara,CHW-GIS-01-01,44,female,38.3,3,0,0,0,1,0,negative,refer,1,3.7,recovered
CASE-000099,2024-10-10,Gisagara,Gisagara,CHW-GIS-01-01,81,male,37.0,0,0,0,0,1,0,positive,urgent_refer,1,3.3,recovered
CASE-000100,2024-10-10,Kirehe,Kirehe,CHW-KIR-01-03,0,male,38.7,4,0,0,0,0,0,positive,urgent_refer,1,3.3,recovered
CASE-000101,2024-10-10,Kirehe,Mahama,CHW-KIR-03-02,156,female,37.9,3,0,0,0,0,0,positive,treat_at_home,0,,recovered
CASE-000102,2024-10-10,Nyagatare,Matimba,CHW-NYG-04-01,27,male,38.2,3,0,0,0,0,0,negative,refer,1,14.5,recovered
CASE-000103,2024-10-10,Nyagatare,Rwimiyaga,CHW-NYG-03-02,31,male,38.3,1,0,0,0,0,0,positive,treat_at_home,0,,recovered
CASE-000104,2024-10-11,Bugesera,Rilima,CHW-BUG-02-03,207,female,38.6,6,0,0,0,0,0,positive,treat_at_home,0,,recovered
CASE-000105,2024-10-11,Kirehe,Mahama,CHW-KIR-03-01,34,male,37.9,3,0,0,0,0,0,positive,treat_at_home,0,,recovered
CASE-000106,2024-10-11,Kirehe,Mahama,CHW-KIR-03-02,4,female,37.8,3,0,0,0,0,0,positive,treat_at_home,0,,recovered
CASE-000107,2024-10-11,Nyagatare,Katabagemu,CHW-NYG-06-01,17,male,38.3,2,0,0,0,0,0,positive,treat_at_home,0,,recovered
CASE-000108,2024-10-11,Nyagatare,Mimuri,CHW-NYG-05-03,120,female,38.7,1,0,0,0,0,0,negative,treat_at_home,0,,complication
CASE-000109,2024-10-11,Nyagatare,Nyagatare,CHW-NYG-01-01,554,male,38.3,3,0,0,0,0,0,negative,refer,1,5.8,recovered
CASE-000110,2024-10-11,Nyagatare,Rwimiyaga,CHW-NYG-03-01,16,male,37.8,2,0,0,0,0,0,positive,treat_at_home,0,,recovered
CASE-000111,2024-10-11,Rusizi,Bugarama,CHW-RUS-02-01,46,female,38.0,1,0,0,0,0,0,positive,treat_at_home,0,,recovered
CASE-000112,2024-10-12,Bugesera,Rilima,CHW-BUG-02-03,38,male,38.9,5,0,0,0,0,0,invalid,refer,1,7.5,recovered
CASE-000113,2024-10-12,Gasabo,Kacyiru,CHW-GAS-03-03,17,male,37.6,1,0,0,0,0,0,negative,treat_at_home,0,,recovered
CASE-000114,2024-10-12,Kirehe,Gahara,CHW-KIR-02-04,130,male,37.7,2,0,0,0,0,0,positive,treat_at_home,0,,recovered
CASE-000115,2024-10-12,Kirehe,Kirehe,CHW-KIR-01-04,13,male,38.4,1,0,0,0,0,0,positive,treat_at_home,0,,recovered
CASE-000116,2024-10-12,Kirehe,Mahama,CHW-KIR-03-01,6,male,38.7,4,0,0,0,0,0,positive,treat_at_home,0,,recovered
CASE-000117,2024-10-12,Kirehe,Mahama,CHW-KIR-03-03,18,female,38.5,1,0,0,0,0,0,negative,treat_at_home,0,,recovered
CASE-000118,2024-10-12,Nyagatare,Katabagemu,CHW-NYG-06-01,318,female,39.0,4,0,0,0,0,0,positive,treat_at_home,0,,recovered
CASE-000119,2024-10-12,Nyagatare,Katabagemu,CHW-NYG-06-01,61,male,38.3,1,0,0,0,0,0,positive,treat_at_home,0,,unknown
CASE-000120,2024-10-12,Nyagatare,Mimuri,CHW-NYG-05-02,51,female,38.4,2,0,0,0,0,0,positive,treat_at_home,0,,recovered
CASE-000121,2024-10-12,Nyagatare,Mimuri,CHW-NYG-05-03,425,female,37.8,1,0,0,0,0,0,negative,treat_at_home,0,,recovered
CASE-000122,2024-10-12,Nyagatare,Nyagatare,CHW-NYG-01-03,152,male,38.7,3,0,0,0,0,0,negative,refer,1,9.4,recovered
CASE-000123,2024-10-12,Nyagatare,Rwimiyaga,CHW-NYG-03-02,7,female,39.2,1,0,0,0,0,0,positive,treat_at_home,0,,recovered
CASE-000124,2024-10-12,Rusizi,Gihundwe,CHW-RUS-03-01,60,female,39.0,2,0,0,0,1,0,invalid,urgent_refer,1,8.1,complication
CASE-000125,2024-10-13,Bugesera,Gashora,CHW-BUG-06-01,72,male,38.5,1,0,0,0,0,0,positive,treat_at_home,0,,unknown
CASE-000126,2024-10-13,Bugesera,Mayange,CHW-BUG-03-02,11,male,38.9,3,0,0,0,0,0,positive,treat_at_home,0,,recovered
CASE-000127,2024-10-13,Bugesera,Ntarama,CHW-BUG-05-03,34,male,38.2,2,0,0,0,0,0,negative,treat_at_home,0,,recovered
CASE-000128,2024-10-13,Bugesera,Ntarama,CHW-BUG-05-03,10,male,38.1,2,0,0,0,0,0,negative,treat_at_home,0,,recovered
CASE-000129,2024-10-13,Bugesera,Ntarama,CHW-BUG-05-04,19,female,38.0,1,0,0,0,0,0,positive,treat_at_home,0,,recovered
CASE-000130,2024-10-13,Gasabo,Kacyiru,CHW-GAS-03-01,9,male,38.3,2,0,0,0,0,0,positive,treat_at_home,0,,recovered
CASE-000131,2024-10-13,Gasabo,Kimironko,CHW-GAS-01-02,123,female,38.8,5,0,0,0,0,0,negative,refer,1,3.3,recovered
CASE-000132,2024-10-13,Gisagara,Save,CHW-GIS-02-04,20,male,36.9,0,0,0,0,0,0,negative,treat_at_home,0,,recovered
CASE-000133,2024-10-13,Kirehe,Kirehe,CHW-KIR-01-02,141,male,36.7,0,0,0,0,0,0,negative,treat_at_home,0,,recovered
CASE-000134,2024-10-13,Kirehe,Kirehe,CHW-KIR-01-02,7,male,38.3,2,0,0,0,0,0,negative,treat_at_home,0,,recovered
CASE-000135,2024-10-13,Kirehe,Kirehe,CHW-KIR-01-03,121,female,36.7,0,0,0,0,0,0,negative,treat_at_home,0,,recovered
CASE-000136,2024-10-13,Nyagatare,Nyagatare,CHW-NYG-01-01,325,female,36.8,0,0,0,0,0,0,negative,treat_at_home,0,,recovered
CASE-000137,2024-10-13,Rusizi,Kamembe,CHW-RUS-01-04,6,female,38.7,4,1,0,0,0,0,positive,urgent_refer,1,7.3,recovered
CASE-000138,2024-10-14,Bugesera,Mareba,CHW-BUG-04-01,33,male,38.6,4,0,0,0,0,0,positive,treat_at_home,0,,recovered
CASE-000139,2024-10-14,Bugesera,Mareba,CHW-BUG-04-04,5,female,38.3,2,0,0,0,0,0,positive,treat_at_home,0,,recovered
CASE-000140,2024-10-14,Bugesera,Mayange,CHW-BUG-03-04,29,female,38.0,1,0,0,0,0,0,negative,treat_at_home,0,,recovered
CASE-000141,2024-10-14,Bugesera,Ntarama,CHW-BUG-05-02,30,male,38.7,3,0,0,0,0,0,positive,treat_at_home,0,,recovered
CASE-000142,2024-10-14,Bugesera,Ntarama,CHW-BUG-05-04,15,male,38.7,3,0,0,0,0,0,negative,refer,1,6.0,recovered
CASE-000143,2024-10-14,Bugesera,Ntarama,CHW-BUG-05-04,58,female,36.4,0,0,0,0,0,0,negative,treat_at_home,0,,recovered
CASE-000144,2024-10-14,Bugesera,Ntarama,CHW-BUG-05-04,32,male,39.0,2,1,0,0,0,0,positive,urgent_refer,1,2.2,recovered
CASE-000145,2024-10-14,Kirehe,Mahama,CHW-KIR-03-03,143,female,39.2,7,0,0,0,0,0,negative,refer,1,8.2,recovered
CASE-000146,2024-10-14,Nyagatare,Matimba,CHW-NYG-04-04,448,male,38.7,1,0,0,0,0,0,positive,treat_at_home,0,,recovered
CASE-000147,2024-10-15,Bugesera,Mayange,CHW-BUG-03-02,18,male,38.3,3,0,0,0,0,0,positive,treat_at_home,0,,recovered
CASE-000148,2024-10-15,Kirehe,Gahara,CHW-KIR-02-01,13,female,38.0,1,0,0,0,0,0,negative,treat_at_home,0,,recovered
CASE-000149,2024-10-15,Kirehe,Mahama,CHW-KIR-03-02,1,female,37.8,1,0,0,0,0,0,positive,treat_at_home,0,,unknown
CASE-000150,2024-10-15,Kirehe,Mahama,CHW-KIR-03-04,530,male,38.8,3,0,0,0,0,0,positive,treat_at_home,0,,recovered
CASE-000151,2024-10-15,Nyagatare,Matimba,CHW-NYG-04-02,44,female,38.5,2,0,0,0,0,0,positive,treat_at_home,0,,recovered
CASE-000152,2024-10-15,Nyagatare,Matimba,CHW-NYG-04-03,14,female,38.8,5,0,0,0,0,0,negative,refer,1,5.9,recovered
CASE-000153,2024-10-15,Rusizi,Kamembe,CHW-RUS-01-03,25,female,37.6,3,0,0,0,0,0,negative,refer,0,,recovered
CASE-000154,2024-10-16,Bugesera,Mayange,CHW-BUG-03-01,127,male,36.9,0,0,0,0,0,0,negative,treat_at_home,0,,recovered
CASE-000155,2024-10-16,Bugesera,Ntarama,CHW-BUG-05-01,17,male,37.9,1,0,0,0,0,0,positive,treat_at_home,0,,recovered
CASE-000156,2024-10-16,Bugesera,Ntarama,CHW-BUG-05-02,46,female,39.3,6,0,0,0,0,0,positive,treat_at_home,0,,recovered
CASE-000157,2024-10-16,Bugesera,Nyamata,CHW-BUG-01-01,36,male,38.3,7,0,0,0,0,0,negative,refer,1,4.5,unknown
CASE-000158,2024-10-16,Bugesera,Nyamata,CHW-BUG-01-04,561,male,38.1,1,0,0,0,0,0,positive,treat_at_home,0,,recovered
CASE-000159,2024-10-16,Bugesera,Rilima,CHW-BUG-02-01,53,male,38.9,1,0,0,0,0,0,positive,treat_at_home,0,,recovered
CASE-000160,2024-10-16,Bugesera,Rilima,CHW-BUG-02-02,67,female,37.6,1,0,0,0,0,0,positive,treat_at_home,0,,recovered
CASE-000161,2024-10-16,Gisagara,Save,CHW-GIS-02-01,7,female,37.6,2,0,0,0,0,0,negative,treat_at_home,0,,recovered
CASE-000162,2024-10-16,Kirehe,Gahara,CHW-KIR-02-02,11,male,38.0,1,0,0,0,0,0,negative,treat_at_home,0,,recovered
CASE-000163,2024-10-16,Kirehe,Kirehe,CHW-KIR-01-01,35,female,38.3,5,0,0,0,0,0,positive,treat_at_home,0,,recovered
CASE-000164,2024-10-16,Kirehe,Mahama,CHW-KIR-03-01,578,female,37.6,0,1,0,1,0,0,positive,urgent_refer,0,,complication
CASE-000165,2024-10-16,Kirehe,Mahama,CHW-KIR-03-04,47,female,38.7,3,0,0,1,1,0,negative,urgent_refer,1,6.2,recovered
CASE-000166,2024-10-16,Nyagatare,Karangazi,CHW-NYG-02-03,56,female,39.3,1,0,0,0,0,0,positive,treat_at_home,0,,recovered
CASE-000167,2024-10-16,Nyagatare,Karangazi,CHW-NYG-02-03,133,male,38.8,1,0,0,0,0,0,positive,treat_at_home,0,,recovered
CASE-000168,2024-10-16,Nyagatare,Katabagemu,CHW-NYG-06-01,82,male,38.5,4,1,0,0,0,1,positive,urgent_refer,1,5.5,recovered
CASE-000169,2024-10-16,Nyagatare,Mimuri,CHW-NYG-05-01,21,female,38.7,3,0,0,0,0,0,positive,treat_at_home,0,,recovered
CASE-000170,2024-10-16,Nyagatare,Nyagatare,CHW-NYG-01-01,35,male,36.5,0,0,0,0,0,0,invalid,refer,1,7.4,recovered
CASE-000171,2024-10-16,Rusizi,Bugarama,CHW-RUS-02-01,144,male,36.9,0,0,0,0,0,0,negative,treat_at_home,0,,recovered
CASE-000172,2024-10-16,Rusizi,Kamembe,CHW-RUS-01-03,44,female,37.9,1,0,0,0,0,0,invalid,refer,1,6.1,recovered
CASE-000173,2024-10-17,Bugesera,Mareba,CHW-BUG-04-01,37,male,38.6,3,0,0,0,0,0,positive,treat_at_home,0,,recovered
CASE-000174,2024-10-17,Bugesera,Ntarama,CHW-BUG-05-04,34,female,36.2,0,0,0,0,0,0,negative,treat_at_home,0,,recovered
CASE-000175,2024-10-17,Gisagara,Gisagara,CHW-GIS-01-02,241,male,38.3,2,0,0,0,0,0,positive,treat_at_home,0,,recovered
CASE-000176,2024-10-17,Gisagara,Kibirizi,CHW-GIS-03-02,58,male,38.5,2,0,1,0,0,0,negative,urgent_refer,1,5.5,unknown
CASE-000177,2024-10-17,Gisagara,Save,CHW-GIS-02-03,175,female,38.4,2,0,0,0,0,0,positive,treat_at_home,0,,recovered
CASE-000178,2024-10-17,Kirehe,Gahara,CHW-KIR-02-01,59,male,38.8,2,0,0,0,0,0,positive,treat_at_home,0,,recovered
CASE-000179,2024-10-17,Kirehe,Gahara,CHW-KIR-02-04,27,male,38.6,2,0,0,0,0,0,negative,treat_at_home,0,,recovered
CASE-000180,2024-10-17,Kirehe,Kirehe,CHW-KIR-01-01,0,male,38.8,4,0,0,0,0,1,positive,urgent_refer,0,,recovered
CASE-000181,2024-10-17,Nyagatare,Karangazi,CHW-NYG-02-01,44,female,38.9,2,0,1,0,0,0,positive,urgent_refer,1,6.0,complication
CASE-000182,2024-10-17,Nyagatare,Karangazi,CHW-NYG-02-02,22,female,38.0,1,0,0,0,0,0,positive,refer,0,,recovered
CASE-000183,2024-10-17,Nyagatare,Katabagemu,CHW-NYG-06-02,12,female,38.2,2,0,0,0,0,0,positive,treat_at_home,0,,recovered
CASE-000184,2024-10-17,Nyagatare,Matimba,CHW-NYG-04-01,37,male,38.5,2,0,0,0,0,0,negative,treat_at_home,0,,recovered
CASE-000185,2024-10-17,Nyagatare,Rwimiyaga,CHW-NYG-03-02,557,male,38.9,3,0,0,0,0,0,negative,refer,1,11.8,recovered
CASE-000186,2024-10-17,Rusizi,Bugarama,CHW-RUS-02-01,59,male,38.8,3,0,0,0,0,0,positive,treat_at_home,0,,recovered
CASE-000187,2024-10-17,Rusizi,Bugarama,CHW-RUS-02-01,16,female,38.5,2,0,0,0,0,0,positive,treat_at_home,0,,recovered
CASE-000188,2024-10-17,Rusizi,Gihundwe,CHW-RUS-03-01,24,female,37.0,0,0,0,0,0,0,negative,treat_at_home,0,,recovered
CASE-000189,2024-10-18,Bugesera,Gashora,CHW-BUG-06-03,7,female,36.4,0,0,0,0,0,0,positive,treat_at_home,0,,recovered
CASE-000190,2024-10-18,Bugesera,Mayange,CHW-BUG-03-01,307,male,38.2,2,0,0,0,0,0,negative,treat_at_home,0,,recovered
CASE-000191,2024-10-18,Bugesera,Mayange,CHW-BUG-03-01,47,female,38.1,1,0,0,0,0,0,positive,treat_at_home,0,,recovered
CASE-000192,2024-10-18,Bugesera,Mayange,CHW-BUG-03-04,282,male,38.4,1,0,0,0,0,0,positive,treat_at_home,0,,recovered
CASE-000193,2024-10-18,Gasabo,Remera,CHW-GAS-02-04,71,male,38.2,2,0,0,0,0,0,negative,treat_at_home,0,,recovered
CASE-000194,2024-10-18,Gisagara,Gisagara,CHW-GIS-01-02,40,female,38.9,1,0,0,0,0,0,negative,treat_at_home,0,,recovered
CASE-000195,2024-10-18,Kirehe,Gahara,CHW-KIR-02-02,42,female,39.0,4,0,0,0,0,0,positive,treat_at_home,0,,recovered
CASE-000196,2024-10-18,Kirehe,Mahama,CHW-KIR-03-02,47,male,38.5,1,0,0,0,0,0,positive,treat_at_home,0,,recovered
CASE-000197,2024-10-18,Kirehe,Mahama,CHW-KIR-03-03,34,male,38.2,3,0,0,0,0,0,positive,treat_at_home,0,,recovered
CASE-000198,2024-10-18,Nyagatare,Karangazi,CHW-NYG-02-03,237,male,38.4,4,0,0,0,0,0,positive,treat_at_home,0,,recovered
CASE-000199,2024-10-18,Nyagatare,Karangazi,CHW-NYG-02-04,26,female,38.7,4,0,0,0,0,0,positive,treat_at_home,0,,recovered
CASE-000200,2024-10-18,Nyagatare,Matimba,CHW-NYG-04-01,46,female,38.6,1,0,0,0,0,0,positive,refer,1,8.0,recovered
CASE-000201,2024-10-18,Nyagatare,Mimuri,CHW-NYG-05-03,127,male,38.3,3,0,0,0,0,0,positive,treat_at_home,0,,recovered
CASE-000202,2024-10-18,Nyagatare,Nyagatare,CHW-NYG-01-04,26,female,38.2,1,0,0,0,0,0,negative,treat_at_home,0,,recovered
CASE-000203,2024-10-18,Nyagatare,Rwimiyaga,CHW-NYG-03-03,128,male,38.8,4,0,0,0,0,0,negative,refer,0,,recovered
CASE-000204,2024-10-18,Rusizi,Bugarama,CHW-RUS-02-01,178,female,37.4,5,0,0,0,0,0,positive,treat_at_home,0,,recovered
CASE-000205,2024-10-19,Bugesera,Ntarama,CHW-BUG-05-02,21,female,38.1,1,0,0,0,0,0,negative,treat_at_home,0,,recovered
CASE-000206,2024-10-19,Gasabo,Kacyiru,CHW-GAS-03-04,118,female,38.2,3,0,0,0,0,0,negative,refer,1,6.7,recovered
CASE-000207,2024-10-19,Gisagara,Kibirizi,CHW-GIS-03-02,51,male,38.0,1,0,0,0,0,0,positive,treat_at_home,0,,recovered
CASE-000208,2024-10-19,Kirehe,Kirehe,CHW-KIR-01-01,53,male,39.0,3,0,0,0,0,0,positive,treat_at_home,0,,recovered
CASE-000209,2024-10-19,Nyagatare,Karangazi,CHW-NYG-02-02,124,male,37.2,0,0,0,0,0,0,negative,treat_at_home,0,,recovered
CASE-000210,2024-10-19,Nyagatare,Nyagatare,CHW-NYG-01-03,24,male,38.3,2,0,0,0,0,0,positive,treat_at_home,0,,recovered
CASE-000211,2024-10-19,Nyagatare,Nyagatare,CHW-NYG-01-03,58,male,37.4,1,0,0,0,0,0,invalid,refer,1,3.8,recovered
CASE-000212,2024-10-19,Nyagatare,Rwimiyaga,CHW-NYG-03-01,50,female,38.7,6,0,0,0,0,0,positive,treat_at_home,0,,recovered
CASE-000213,2024-10-20,Bugesera,Mareba,CHW-BUG-04-03,441,male,38.1,2,0,0,0,0,0,positive,treat_at_home,0,,recovered
CASE-000214,2024-10-20,Bugesera,Mayange,CHW-BUG-03-01,0,female,38.5,4,0,0,0,0,0,positive,urgent_refer,0,,complication
CASE-000215,2024-10-20,Bugesera,Ntarama,CHW-BUG-05-03,46,female,38.4,1,0,0,0,0,0,positive,treat_at_home,0,,recovered
CASE-000216,2024-10-20,Bugesera,Rilima,CHW-BUG-02-02,316,female,38.3,3,0,0,0,0,0,negative,refer,1,5.3,recovered
CASE-000217,2024-10-20,Gasabo,Kimironko,CHW-GAS-01-04,110,female,38.5,1,0,0,0,0,0,invalid,refer,1,7.4,recovered
CASE-000218,2024-10-20,Gisagara,Gisagara,CHW-GIS-01-01,6,female,36.9,0,0,0,0,0,0,negative,treat_at_home,0,,recovered
CASE-000219,2024-10-20,Gisagara,Kibirizi,CHW-GIS-03-03,32,female,38.5,3,0,0,0,0,0,positive,treat_at_home,0,,recovered
CASE-000220,2024-10-20,Gisagara,Save,CHW-GIS-02-03,318,male,38.5,4,0,0,0,0,0,positive,treat_at_home,0,,recovered
CASE-000221,2024-10-20,Nyagatare,Karangazi,CHW-NYG-02-03,23,female,38.6,1,0,0,0,0,0,positive,treat_at_home,0,,recovered
CASE-000222,2024-10-20,Nyagatare,Katabagemu,CHW-NYG-06-04,121,male,39.2,3,0,0,0,0,0,positive,treat_at_home,0,,recovered
CASE-000223,2024-10-20,Rusizi,Gihundwe,CHW-RUS-03-02,17,female,36.2,0,0,0,0,0,0,negative,treat_at_home,0,,recovered
CASE-000224,2024-10-21,Bugesera,Ntarama,CHW-BUG-05-03,13,female,37.2,0,0,0,0,0,0,positive,treat_at_home,0,,recovered
CASE-000225,2024-10-21,Gasabo,Remera,CHW-GAS-02-01,19,male,38.1,2,0,0,0,0,0,negative,treat_at_home,0,,recovered
CASE-000226,2024-10-21,Gisagara,Gisagara,CHW-GIS-01-04,101,male,36.6,0,0,0,0,0,0,negative,treat_at_home,0,,recovered
CASE-000227,2024-10-21,Nyagatare,Matimba,CHW-NYG-04-04,59,male,38.4,2,0,0,0,0,0,invalid,treat_at_home,0,,recovered
CASE-000228,2024-10-21,Nyagatare,Rwimiyaga,CHW-NYG-03-04,46,male,37.2,0,0,0,0,0,0,negative,treat_at_home,0,,recovered
CASE-000229,2024-10-21,Rusizi,Gihundwe,CHW-RUS-03-02,125,female,38.7,2,0,0,0,0,0,positive,treat_at_home,0,,recovered
CASE-000230,2024-10-22,Bugesera,Mareba,CHW-BUG-04-03,46,female,38.1,3,0,0,0,0,0,negative,refer,1,15.2,recovered
CASE-000231,2024-10-22,Bugesera,Nyamata,CHW-BUG-01-02,446,male,38.6,1,0,1,1,0,0,negative,urgent_refer,1,6.1,recovered
CASE-000232,2024-10-22,Gasabo,Kimironko,CHW-GAS-01-03,92,male,38.2,1,0,0,0,0,0,positive,treat_at_home,0,,recovered
CASE-000233,2024-10-22,Gasabo,Remera,CHW-GAS-02-04,40,female,38.4,3,0,0,0,0,0,negative,refer,0,,recovered
CASE-000234,2024-10-22,Gisagara,Kibirizi,CHW-GIS-03-02,41,male,38.5,1,0,0,0,0,0,positive,treat_at_home,0,,recovered
CASE-000235,2024-10-22,Nyagatare,Karangazi,CHW-NYG-02-04,26,male,38.3,3,0,0,0,0,0,positive,treat_at_home,0,,recovered
CASE-000236,2024-10-22,Nyagatare,Matimba,CHW-NYG-04-03,17,male,36.2,0,0,0,0,0,0,positive,refer,1,9.9,recovered
CASE-000237,2024-10-22,Nyagatare,Matimba,CHW-NYG-04-03,37,male,38.6,5,0,0,0,0,0,negative,refer,1,8.0,recovered
CASE-000238,2024-10-22,Nyagatare,Matimba,CHW-NYG-04-04,544,male,36.1,0,0,0,0,0,0,negative,treat_at_home,0,,recovered
CASE-000239,2024-10-22,Nyagatare,Mimuri,CHW-NYG-05-04,35,male,37.7,1,0,0,0,0,0,positive,refer,1,5.8,recovered
CASE-000240,2024-10-23,Bugesera,Gashora,CHW-BUG-06-02,100,male,39.0,5,0,1,0,1,0,negative,urgent_refer,1,12.2,complication
CASE-000241,2024-10-23,Gisagara,Gisagara,CHW-GIS-01-02,550,female,38.5,4,0,0,0,0,0,positive,treat_at_home,0,,recovered
CASE-000242,2024-10-23,Nyagatare,Karangazi,CHW-NYG-02-03,39,female,38.1,4,0,0,0,0,0,positive,treat_at_home,0,,recovered
CASE-000243,2024-10-23,Nyagatare,Rwimiyaga,CHW-NYG-03-02,516,male,38.2,1,0,0,0,0,0,positive,treat_at_home,0,,recovered
CASE-000244,2024-10-24,Bugesera,Mayange,CHW-BUG-03-02,26,female,39.0,1,0,0,0,0,0,negative,treat_at_home,0,,recovered
CASE-000245,2024-10-24,Bugesera,Mayange,CHW-BUG-03-03,149,male,38.5,1,0,0,0,0,0,negative,treat_at_home,0,,recovered
CASE-000246,2024-10-24,Gisagara,Kibirizi,CHW-GIS-03-02,27,male,37.9,4,0,0,0,0,0,positive,treat_at_home,0,,recovered
CASE-000247,2024-10-24,Gisagara,Kibirizi,CHW-GIS-03-02,454,female,39.0,1,0,1,0,0,0,positive,urgent_refer,1,2.9,recovered
CASE-000248,2024-10-24,Kirehe,Gahara,CHW-KIR-02-02,0,male,39.1,7,0,0,0,0,0,positive,urgent_refer,1,5.6,recovered
CASE-000249,2024-10-24,Kirehe,Gahara,CHW-KIR-02-04,38,male,38.4,2,0,0,0,0,0,positive,treat_at_home,0,,recovered
CASE-000250,2024-10-24,Nyagatare,Karangazi,CHW-NYG-02-01,122,male,38.3,1,0,0,0,0,0,positive,treat_at_home,0,,recovered
CASE-000251,2024-10-24,Nyagatare,Karangazi,CHW-NYG-02-03,100,male,37.3,2,0,0,0,0,0,positive,treat_at_home,0,,recovered
CASE-000252,2024-10-24,Rusizi,Bugarama,CHW-RUS-02-02,166,male,38.2,2,1,1,0,0,0,positive,urgent_refer,1,4.9,complication
CASE-000253,2024-10-25,Bugesera,Gashora,CHW-BUG-06-02,23,female,37.2,2,0,0,0,0,0,negative,treat_at_home,0,,recovered
CASE-000254,2024-10-25,Bugesera,Mayange,CHW-BUG-03-04,565,female,39.4,4,0,0,0,0,0,positive,treat_at_home,0,,recovered
CASE-000255,2024-10-25,Gasabo,Kimironko,CHW-GAS-01-03,287,male,37.6,2,0,0,0,0,0,positive,treat_at_home,0,,recovered
CASE-000256,2024-10-25,Gisagara,Save,CHW-GIS-02-01,31,female,37.9,1,0,0,0,0,0,negative,refer,0,,recovered
CASE-000257,2024-10-25,Gisagara,Save,CHW-GIS-02-03,22,male,38.1,3,0,0,0,0,0,negative,refer,1,9.6,recovered
CASE-000258,2024-10-25,Kirehe,Gahara,CHW-KIR-02-03,55,male,38.0,2,0,0,0,0,0,negative,treat_at_home,0,,recovered
CASE-000259,2024-10-25,Kirehe,Mahama,CHW-KIR-03-01,307,female,37.8,1,0,0,0,0,0,positive,treat_at_home,0,,recovered
CASE-000260,2024-10-25,Kirehe,Mahama,CHW-KIR-03-03,59,male,38.2,4,0,0,0,0,0,negative,refer,1,7.4,recovered
CASE-000261,2024-10-25,Nyagatare,Nyagatare,CHW-NYG-01-04,9,female,38.5,2,0,0,0,0,0,negative,treat_at_home,0,,recovered
CASE-000262,2024-10-25,Rusizi,Bugarama,CHW-RUS-02-02,47,female,39.5,3,0,0,0,0,0,positive,refer,0,,recovered
CASE-000263,2024-10-26,Bugesera,Mayange,CHW-BUG-03-03,133,female,36.6,0,0,0,0,0,0,negative,refer,1,3.6,recovered
CASE-000264,2024-10-26,Bugesera,Rilima,CHW-BUG-02-02,277,male,36.5,0,0,0,0,0,0,negative,treat_at_home,0,,recovered
CASE-000265,2024-10-26,Bugesera,Rilima,CHW-BUG-02-02,99,female,38.9,2,0,0,0,0,0,positive,treat_at_home,0,,died
CASE-000266,2024-10-26,Gisagara,Save,CHW-GIS-02-01,357,female,38.7,3,0,0,0,0,0,positive,treat_at_home,0,,recovered
CASE-000267,2024-10-26,Kirehe,Kirehe,CHW-KIR-01-03,19,female,38.7,4,0,0,0,0,0,negative,refer,1,7.8,recovered
CASE-000268,2024-10-26,Nyagatare,Karangazi,CHW-NYG-02-03,58,female,39.3,2,0,0,0,0,0,positive,treat_at_home,0,,recovered
CASE-000269,2024-10-26,Nyagatare,Katabagemu,CHW-NYG-06-02,50,female,38.3,4,0,0,0,0,0,positive,treat_at_home,0,,recovered
CASE-000270,2024-10-26,Nyagatare,Katabagemu,CHW-NYG-06-04,453,female,38.6,2,0,0,0,0,0,negative,treat_at_home,0,,recovered
CASE-000271,2024-10-27,Bugesera,Gashora,CHW-BUG-06-04,59,male,39.4,2,0,0,0,0,0,invalid,refer,1,22.5,recovered
CASE-000272,2024-10-27,Bugesera,Mareba,CHW-BUG-04-03,72,male,38.1,2,0,0,0,0,0,positive,treat_at_home,0,,recovered
CASE-000273,2024-10-27,Bugesera,Rilima,CHW-BUG-02-04,53,male,38.6,2,0,0,0,0,0,positive,treat_at_home,0,,recovered
CASE-000274,2024-10-27,Kirehe,Gahara,CHW-KIR-02-02,4,male,37.9,1,0,0,0,0,0,negative,treat_at_home,0,,recovered
CASE-000275,2024-10-27,Kirehe,Mahama,CHW-KIR-03-04,64,female,38.0,3,0,0,0,0,0,negative,refer,1,12.4,recovered
CASE-000276,2024-10-27,Nyagatare,Katabagemu,CHW-NYG-06-03,208,female,37.8,2,0,0,0,0,0,positive,treat_at_home,0,,recovered
CASE-000277,2024-10-27,Nyagatare,Nyagatare,CHW-NYG-01-02,48,female,38.6,2,0,1,0,0,0,positive,urgent_refer,1,5.9,recovered
CASE-000278,2024-10-27,Rusizi,Gihundwe,CHW-RUS-03-01,256,male,39.7,1,0,0,0,0,0,positive,treat_at_home,0,,recovered
CASE-000279,2024-10-27,Rusizi,Gihundwe,CHW-RUS-03-03,45,female,38.7,5,0,0,0,0,0,positive,treat_at_home,0,,recovered
CASE-000280,2024-10-28,Bugesera,Mayange,CHW-BUG-03-03,157,female,38.6,2,0,0,0,0,0,negative,treat_at_home,0,,recovered
CASE-000281,2024-10-28,Bugesera,Ntarama,CHW-BUG-05-03,39,male,38.0,1,0,0,0,0,0,positive,treat_at_home,0,,recovered
CASE-000282,2024-10-28,Nyagatare,Matimba,CHW-NYG-04-01,139,female,38.5,2,0,0,0,0,0,positive,refer,1,3.3,recovered
CASE-000283,2024-10-28,Nyagatare,Mimuri,CHW-NYG-05-02,10,female,38.1,1,0,0,0,0,0,negative,treat_at_home,0,,recovered
CASE-000284,2024-10-28,Nyagatare,Rwimiyaga,CHW-NYG-03-01,3,female,39.1,2,0,0,0,0,0,negative,treat_at_home,0,,recovered
CASE-000285,2024-10-28,Rusizi,Bugarama,CHW-RUS-02-04,1,female,39.1,2,0,0,0,0,0,positive,urgent_refer,0,,recovered
CASE-000286,2024-10-29,Bugesera,Mayange,CHW-BUG-03-03,40,female,38.8,3,0,0,0,0,0,positive,treat_at_home,0,,recovered
CASE-000287,2024-10-29,Bugesera,Rilima,CHW-BUG-02-04,16,male,38.8,2,0,0,0,0,0,negative,treat_at_home,0,,recovered
CASE-000288,2024-10-29,Gasabo,Kacyiru,CHW-GAS-03-03,512,female,39.4,3,0,0,0,0,0,negative,treat_at_home,0,,recovered
CASE-000289,2024-10-29,Gasabo,Remera,CHW-GAS-02-04,8,female,38.3,1,0,0,0,0,0,negative,treat_at_home,0,,recovered
CASE-000290,2024-10-29,Gisagara,Gisagara,CHW-GIS-01-03,44,male,38.7,4,0,0,0,0,0,positive,treat_at_home,0,,recovered
CASE-000291,2024-10-29,Gisagara,Kibirizi,CHW-GIS-03-02,26,female,38.7,4,0,0,0,0,0,positive,treat_at_home,0,,recovered
CASE-000292,2024-10-29,Gisagara,Kibirizi,CHW-GIS-03-03,176,male,36.7,0,0,0,0,0,0,positive,treat_at_home,0,,recovered
CASE-000293,2024-10-29,Gisagara,Save,CHW-GIS-02-02,29,female,38.7,2,0,0,0,0,0,negative,treat_at_home,0,,recovered
CASE-000294,2024-10-29,Gisagara,Save,CHW-GIS-02-02,250,female,37.8,1,0,0,0,0,0,positive,treat_at_home,0,,recovered
CASE-000295,2024-10-29,Kirehe,Gahara,CHW-KIR-02-01,40,female,38.0,1,0,0,0,0,0,positive,treat_at_home,0,,recovered
CASE-000296,2024-10-29,Nyagatare,Matimba,CHW-NYG-04-03,29,female,38.1,1,0,0,0,0,0,positive,treat_at_home,0,,recovered
CASE-000297,2024-10-30,Bugesera,Mareba,CHW-BUG-04-03,48,male,38.5,2,0,0,0,0,0,negative,treat_at_home,0,,recovered
CASE-000298,2024-10-30,Bugesera,Mayange,CHW-BUG-03-01,717,female,38.9,4,0,0,0,0,0,positive,treat_at_home,0,,recovered
CASE-000299,2024-10-30,Bugesera,Ntarama,CHW-BUG-05-03,460,female,38.6,3,0,0,0,0,0,negative,refer,1,3.6,recovered
CASE-000300,2024-10-30,Kirehe,Kirehe,CHW-KIR-01-03,658,female,38.3,2,0,0,0,0,0,positive,treat_at_home,0,,recovered
CASE-000301,2024-10-30,Kirehe,Kirehe,CHW-KIR-01-04,0,female,38.1,1,0,0,0,0,0,negative,urgent_refer,1,4.5,recovered
CASE-000302,2024-10-30,Nyagatare,Katabagemu,CHW-NYG-06-02,605,female,38.2,1,0,0,0,0,0,positive,treat_at_home,0,,recovered
CASE-000303,2024-10-30,Nyagatare,Matimba,CHW-NYG-04-03,133,female,38.1,7,0,0,0,0,0,positive,treat_at_home,0,,recovered
CASE-000304,2024-10-30,Nyagatare,Mimuri,CHW-NYG-05-02,179,male,39.2,1,0,0,0,0,0,negative,treat_at_home,0,,recovered
CASE-000305,2024-10-30,Nyagatare,Mimuri,CHW-NYG-05-04,16,male,37.4,2,0,0,0,0,0,positive,treat_at_home,0,,recovered
CASE-000306,2024-10-31,Bugesera,Gashora,CHW-BUG-06-04,160,female,36.7,0,0,0,0,0,0,negative,refer,1,10.6,recovered
CASE-000307,2024-10-31,Bugesera,Mareba,CHW-BUG-04-02,20,male,38.1,3,0,0,0,0,0,positive,treat_at_home,0,,unknown
CASE-000308,2024-10-31,Kirehe,Gahara,CHW-KIR-02-04,22,female,38.4,1,0,0,0,0,0,negative,treat_at_home,0,,recovered
CASE-000309,2024-10-31,Kirehe,Gahara,CHW-KIR-02-04,56,male,37.6,1,0,0,0,0,0,negative,treat_at_home,0,,recovered
CASE-000310,2024-10-31,Nyagatare,Mimuri,CHW-NYG-05-01,14,male,39.1,4,0,0,0,0,0,positive,refer,0,,recovered
CASE-000311,2024-10-31,Nyagatare,Nyagatare,CHW-NYG-01-01,42,female,38.5,4,0,0,0,0,0,positive,treat_at_home,0,,recovered
CASE-000312,2024-10-31,Nyagatare,Nyagatare,CHW-NYG-01-03,50,male,39.1,3,0,1,0,0,0,positive,urgent_refer,1,3.9,recovered
CASE-000313,2024-10-31,Rusizi,Gihundwe,CHW-RUS-03-03,5,male,39.2,4,0,0,0,0,0,positive,treat_at_home,0,,recovered
CASE-000314,2024-11-01,Bugesera,Rilima,CHW-BUG-02-01,533,female,38.4,2,0,0,0,0,0,negative,treat_at_home,0,,recovered
CASE-000315,2024-11-01,Bugesera,Rilima,CHW-BUG-02-03,22,female,39.0,2,0,0,0,1,0,positive,urgent_refer,1,4.6,recovered
CASE-000316,2024-11-01,Gasabo,Kimironko,CHW-GAS-01-02,460,male,39.0,1,0,0,0,0,0,positive,treat_at_home,0,,recovered
CASE-000317,2024-11-01,Gasabo,Kimironko,CHW-GAS-01-02,14,male,38.3,1,0,0,0,0,0,positive,treat_at_home,0,,recovered
CASE-000318,2024-11-01,Gisagara,Gisagara,CHW-GIS-01-02,20,male,38.5,5,0,0,0,0,0,positive,treat_at_home,0,,recovered
CASE-000319,2024-11-01,Gisagara,Save,CHW-GIS-02-03,22,male,36.6,0,0,0,0,0,0,negative,treat_at_home,0,,recovered
CASE-000320,2024-11-01,Gisagara,Save,CHW-GIS-02-03,4,female,38.4,1,0,0,1,1,0,negative,urgent_refer,0,,recovered
CASE-000321,2024-11-01,Kirehe,Gahara,CHW-KIR-02-01,3,male,37.5,1,0,0,0,0,0,positive,treat_at_home,0,,recovered
CASE-000322,2024-11-01,Kirehe,Gahara,CHW-KIR-02-01,18,female,38.5,2,0,0,0,0,0,positive,treat_at_home,0,,recovered
CASE-000323,2024-11-01,Kirehe,Kirehe,CHW-KIR-01-02,109,female,37.9,1,0,0,0,0,0,positive,refer,0,,recovered
CASE-000324,2024-11-01,Nyagatare,Katabagemu,CHW-NYG-06-02,138,female,38.1,1,0,0,0,0,0,positive,treat_at_home,0,,recovered
CASE-000325,2024-11-01,Nyagatare,Nyagatare,CHW-NYG-01-02,166,female,37.9,1,0,0,0,0,0,positive,treat_at_home,0,,recovered
CASE-000326,2024-11-01,Nyagatare,Nyagatare,CHW-NYG-01-03,37,male,37.9,1,0,0,0,0,0,invalid,refer,1,5.2,recovered
CASE-000327,2024-11-01,Nyagatare,Nyagatare,CHW-NYG-01-04,1,male,38.1,2,0,0,0,0,0,positive,refer,1,9.5,recovered
CASE-000328,2024-11-01,Nyagatare,Rwimiyaga,CHW-NYG-03-03,34,female,38.2,3,0,1,0,0,1,positive,urgent_refer,0,,complication
CASE-000329,2024-11-01,Rusizi,Gihundwe,CHW-RUS-03-01,658,female,38.6,1,0,0,0,0,0,positive,treat_at_home,0,,recovered
CASE-000330,2024-11-01,Rusizi,Gihundwe,CHW-RUS-03-02,52,male,38.6,3,0,0,0,0,0,positive,treat_at_home,0,,recovered
CASE-000331,2024-11-01,Rusizi,Gihundwe,CHW-RUS-03-03,406,female,38.0,1,0,0,0,0,0,positive,treat_at_home,0,,recovered
CASE-000332,2024-11-01,Rusizi,Kamembe,CHW-RUS-01-01,155,male,37.8,1,0,0,0,0,0,positive,treat_at_home,0,,recovered
CASE-000333,2024-11-01,Rusizi,Kamembe,CHW-RUS-01-03,25,male,38.3,1,0,0,0,0,0,negative,treat_at_home,0,,recovered
CASE-000334,2024-11-02,Bugesera,Gashora,CHW-BUG-06-03,345,male,38.2,3,0,0,0,0,0,positive,treat_at_home,0,,recovered
CASE-000335,2024-11-02,Bugesera,Nyamata,CHW-BUG-01-01,116,female,36.7,0,0,0,0,0,0,positive,treat_at_home,0,,recovered
CASE-000336,2024-11-02,Gasabo,Remera,CHW-GAS-02-03,143,male,38.8,3,0,0,0,0,0,positive,treat_at_home,0,,recovered
CASE-000337,2024-11-02,Gisagara,Gisagara,CHW-GIS-01-02,702,female,38.8,2,0,0,0,0,0,positive,treat_at_home,0,,recovered
CASE-000338,2024-11-02,Kirehe,Kirehe,CHW-KIR-01-01,52,male,38.4,1,0,0,0,0,0,positive,treat_at_home,0,,recovered
CASE-000339,2024-11-02,Kirehe,Kirehe,CHW-KIR-01-03,19,male,38.0,3,0,0,0,0,0,positive,treat_at_home,0,,recovered
CASE-000340,2024-11-02,Nyagatare,Karangazi,CHW-NYG-02-01,170,female,39.0,3,0,0,0,0,0,positive,treat_at_home,0,,recovered
CASE-000341,2024-11-02,Nyagatare,Karangazi,CHW-NYG-02-01,129,female,39.0,1,0,1,0,0,0,negative,urgent_refer,1,8.2,recovered
CASE-000342,2024-11-02,Nyagatare,Katabagemu,CHW-NYG-06-02,15,female,38.3,2,0,0,0,0,0,negative,treat_at_home,0,,recovered
CASE-000343,2024-11-02,Nyagatare,Matimba,CHW-NYG-04-02,160,male,38.3,1,0,0,0,0,0,negative,treat_at_home,0,,recovered
CASE-000344,2024-11-02,Nyagatare,Nyagatare,CHW-NYG-01-04,65,male,37.9,3,0,0,0,0,0,positive,treat_at_home,0,,recovered
CASE-000345,2024-11-02,Rusizi,Kamembe,CHW-RUS-01-01,239,male,38.7,1,1,1,0,0,0,negative,urgent_refer,1,4.9,recovered
CASE-000346,2024-11-03,Bugesera,Gashora,CHW-BUG-06-01,50,male,38.1,1,0,0,0,0,0,negative,treat_at_home,0,,recovered
CASE-000347,2024-11-03,Bugesera,Gashora,CHW-BUG-06-01,6,male,38.5,4,0,0,0,0,0,positive,refer,0,,recovered
CASE-000348,2024-11-03,Bugesera,Gashora,CHW-BUG-06-03,370,male,38.4,1,0,0,0,0,0,positive,treat_at_home,0,,complication
CASE-000349,2024-11-03,Bugesera,Nyamata,CHW-BUG-01-02,9,male,38.3,1,0,0,0,0,0,negative,treat_at_home,0,,recovered
CASE-000350,2024-11-03,Gisagara,Gisagara,CHW-GIS-01-03,24,male,39.4,2,0,0,0,0,0,positive,treat_at_home,0,,recovered
CASE-000351,2024-11-03,Gisagara,Save,CHW-GIS-02-03,20,female,38.5,2,0,0,0,0,0,positive,treat_at_home,0,,recovered
CASE-000352,2024-11-03,Kirehe,Kirehe,CHW-KIR-01-03,5,female,36.8,0,0,0,0,0,0,negative,treat_at_home,0,,recovered
CASE-000353,2024-11-03,Kirehe,Mahama,CHW-KIR-03-03,0,male,38.5,4,0,0,0,0,0,positive,urgent_refer,1,9.3,recovered
CASE-000354,2024-11-03,Nyagatare,Nyagatare,CHW-NYG-01-02,273,female,38.2,2,0,0,0,0,0,positive,treat_at_home,0,,recovered
CASE-000355,2024-11-03,Rusizi,Kamembe,CHW-RUS-01-01,246,female,38.4,1,0,0,0,0,0,positive,treat_at_home,0,,recovered
CASE-000356,2024-11-04,Bugesera,Gashora,CHW-BUG-06-04,79,male,38.1,1,0,0,0,0,0,positive,treat_at_home,0,,recovered
CASE-000357,2024-11-04,Bugesera,Ntarama,CHW-BUG-05-02,63,male,38.3,2,0,0,0,0,0,positive,treat_at_home,0,,recovered
CASE-000358,2024-11-04,Bugesera,Ntarama,CHW-BUG-05-03,46,male,38.3,3,0,0,0,0,0,positive,treat_at_home,0,,recovered
CASE-000359,2024-11-04,Bugesera,Nyamata,CHW-BUG-01-04,54,male,38.1,3,0,0,0,0,0,positive,treat_at_home,0,,recovered
CASE-000360,2024-11-04,Nyagatare,Karangazi,CHW-NYG-02-03,21,male,38.1,2,0,0,0,0,0,positive,treat_at_home,0,,recovered
CASE-000361,2024-11-04,Nyagatare,Karangazi,CHW-NYG-02-04,10,female,39.3,2,1,0,0,0,0,negative,urgent_refer,0,,complication
CASE-000362,2024-11-04,Nyagatare,Matimba,CHW-NYG-04-02,1,female,38.1,5,0,0,0,0,0,positive,urgent_refer,1,3.4,recovered
CASE-000363,2024-11-04,Nyagatare,Mimuri,CHW-NYG-05-03,231,male,38.6,6,0,0,0,0,0,positive,treat_at_home,0,,recovered
CASE-000364,2024-11-05,Bugesera,Gashora,CHW-BUG-06-02,35,male,38.2,2,0,0,0,0,0,positive,treat_at_home,0,,recovered
CASE-000365,2024-11-05,Bugesera,Gashora,CHW-BUG-06-03,102,female,38.1,3,1,0,0,1,0,positive,urgent_refer,1,8.3,recovered
CASE-000366,2024-11-05,Bugesera,Gashora,CHW-BUG-06-03,79,female,38.0,1,0,0,0,0,0,positive,treat_at_home,0,,recovered
CASE-000367,2024-11-05,Bugesera,Mareba,CHW-BUG-04-04,58,male,38.0,3,0,0,0,0,0,negative,refer,1,29.8,recovered
CASE-000368,2024-11-05,Bugesera,Nyamata,CHW-BUG-01-01,42,male,37.9,1,0,0,0,0,0,positive,treat_at_home,0,,recovered
CASE-000369,2024-11-05,Gisagara,Kibirizi,CHW-GIS-03-01,168,female,38.6,1,0,0,0,0,0,positive,refer,1,15.0,recovered
CASE-000370,2024-11-05,Gisagara,Save,CHW-GIS-02-03,49,female,38.4,4,0,0,0,0,0,negative,refer,1,4.8,recovered
CASE-000371,2024-11-05,Kirehe,Gahara,CHW-KIR-02-01,168,female,38.1,1,0,0,0,0,0,positive,treat_at_home,0,,recovered
CASE-000372,2024-11-05,Kirehe,Gahara,CHW-KIR-02-04,3,female,38.8,3,0,0,0,0,0,positive,treat_at_home,0,,recovered
CASE-000373,2024-11-05,Nyagatare,Karangazi,CHW-NYG-02-02,584,female,37.4,0,0,0,1,0,0,positive,urgent_refer,0,,unknown
CASE-000374,2024-11-05,Nyagatare,Karangazi,CHW-NYG-02-04,169,male,37.9,2,0,0,1,0,1,positive,urgent_refer,1,5.7,recovered
CASE-000375,2024-11-05,Nyagatare,Katabagemu,CHW-NYG-06-02,114,male,38.4,3,0,0,0,0,0,positive,treat_at_home,0,,recovered
CASE-000376,2024-11-05,Nyagatare,Matimba,CHW-NYG-04-04,131,female,37.3,0,0,0,0,0,0,invalid,refer,0,,recovered
CASE-000377,2024-11-05,Nyagatare,Mimuri,CHW-NYG-05-01,302,female,38.8,3,0,0,0,0,0,positive,treat_at_home,0,,recovered
CASE-000378,2024-11-05,Nyagatare,Mimuri,CHW-NYG-05-02,21,female,36.7,0,0,0,0,0,0,negative,treat_at_home,0,,recovered
CASE-000379,2024-11-05,Nyagatare,Mimuri,CHW-NYG-05-03,102,female,38.0,3,0,0,0,0,0,positive,treat_at_home,0,,recovered
CASE-000380,2024-11-05,Nyagatare,Nyagatare,CHW-NYG-01-01,386,male,38.1,4,1,0,0,0,1,positive,urgent_refer,1,2.5,recovered
CASE-000381,2024-11-05,Nyagatare,Nyagatare,CHW-NYG-01-03,241,male,38.2,1,0,0,0,0,0,positive,treat_at_home,0,,recovered
CASE-000382,2024-11-05,Nyagatare,Rwimiyaga,CHW-NYG-03-03,24,male,38.3,3,0,0,0,0,0,positive,treat_at_home,0,,recovered
CASE-000383,2024-11-05,Nyagatare,Rwimiyaga,CHW-NYG-03-04,610,female,38.7,2,0,0,0,0,0,positive,treat_at_home,0,,recovered
CASE-000384,2024-11-05,Rusizi,Bugarama,CHW-RUS-02-04,53,male,38.5,1,0,0,0,0,0,positive,treat_at_home,0,,recovered
CASE-000385,2024-11-05,Rusizi,Kamembe,CHW-RUS-01-02,222,female,37.1,0,0,0,0,0,0,positive,treat_at_home,0,,recovered
CASE-000386,2024-11-06,Bugesera,Mayange,CHW-BUG-03-01,11,male,38.4,2,0,0,0,0,0,positive,treat_at_home,0,,recovered
CASE-000387,2024-11-06,Gisagara,Gisagara,CHW-GIS-01-03,54,male,37.1,2,0,0,0,0,0,positive,treat_at_home,0,,recovered
CASE-000388,2024-11-06,Gisagara,Kibirizi,CHW-GIS-03-03,19,female,38.4,2,0,0,0,0,0,positive,treat_at_home,0,,recovered
CASE-000389,2024-11-06,Gisagara,Kibirizi,CHW-GIS-03-04,33,male,37.9,1,0,0,0,0,0,positive,refer,0,,recovered
CASE-000390,2024-11-06,Gisagara,Save,CHW-GIS-02-02,144,male,38.4,1,0,0,0,0,0,negative,treat_at_home,0,,recovered
CASE-000391,2024-11-06,Gisagara,Save,CHW-GIS-02-02,700,female,36.3,0,0,0,0,0,0,negative,treat_at_home,0,,recovered
CASE-000392,2024-11-06,Gisagara,Save,CHW-GIS-02-04,354,female,39.0,1,0,0,0,0,0,negative,treat_at_home,0,,recovered
CASE-000393,2024-11-06,Kirehe,Gahara,CHW-KIR-02-03,29,female,37.0,0,0,0,0,0,0,negative,treat_at_home,0,,recovered
CASE-000394,2024-11-06,Kirehe,Gahara,CHW-KIR-02-03,522,female,36.4,0,0,0,0,0,0,negative,treat_at_home,0,,recovered
CASE-000395,2024-11-06,Kirehe,Kirehe,CHW-KIR-01-03,109,male,37.8,5,0,0,0,0,0,negative,refer,1,11.4,unknown
CASE-000396,2024-11-06,Kirehe,Mahama,CHW-KIR-03-01,18,male,37.8,1,1,0,0,0,0,positive,urgent_refer,1,6.8,recovered
CASE-000397,2024-11-06,Kirehe,Mahama,CHW-KIR-03-02,24,female,38.6,4,0,0,0,0,0,positive,treat_at_home,0,,recovered
CASE-000398,2024-11-06,Nyagatare,Katabagemu,CHW-NYG-06-04,59,male,38.3,2,0,0,0,0,0,positive,treat_at_home,0,,recovered
CASE-000399,2024-11-06,Nyagatare,Matimba,CHW-NYG-04-03,20,male,38.7,2,0,0,0,0,0,positive,treat_at_home,0,,recovered
CASE-000400,2024-11-06,Nyagatare,Nyagatare,CHW-NYG-01-01,59,male,38.6,1,0,0,0,0,0,positive,treat_at_home,0,,recovered
CASE-000401,2024-11-06,Nyagatare,Rwimiyaga,CHW-NYG-03-03,50,male,38.4,3,0,0,0,0,0,negative,refer,0,,recovered
CASE-000402,2024-11-06,Rusizi,Bugarama,CHW-RUS-02-01,37,male,38.7,2,0,0,0,0,0,negative,treat_at_home,0,,recovered
CASE-000403,2024-11-06,Rusizi,Kamembe,CHW-RUS-01-04,15,female,38.9,1,0,0,0,0,0,positive,treat_at_home,0,,recovered
CASE-000404,2024-11-07,Gasabo,Remera,CHW-GAS-02-04,14,male,37.7,3,0,0,0,0,0,positive,treat_at_home,0,,recovered
CASE-000405,2024-11-07,Gisagara,Kibirizi,CHW-GIS-03-01,69,female,37.6,1,0,0,1,0,0,positive,urgent_refer,1,7.9,recovered
CASE-000406,2024-11-07,Gisagara,Save,CHW-GIS-02-02,36,female,38.1,1,0,0,0,0,0,positive,treat_at_home,0,,recovered
CASE-000407,2024-11-07,Gisagara,Save,CHW-GIS-02-03,167,male,36.7,0,0,0,0,0,0,positive,treat_at_home,0,,recovered
CASE-000408,2024-11-07,Kirehe,Gahara,CHW-KIR-02-01,23,female,38.5,2,0,0,0,0,0,negative,treat_at_home,0,,recovered
CASE-000409,2024-11-07,Kirehe,Mahama,CHW-KIR-03-02,173,male,38.8,7,0,0,0,0,0,invalid,refer,0,,recovered
CASE-000410,2024-11-07,Nyagatare,Karangazi,CHW-NYG-02-03,8,female,38.2,2,0,0,0,0,0,positive,treat_at_home,0,,recovered
CASE-000411,2024-11-07,Nyagatare,Katabagemu,CHW-NYG-06-02,165,male,37.8,2,0,0,0,0,0,negative,treat_at_home,0,,recovered
CASE-000412,2024-11-07,Nyagatare,Katabagemu,CHW-NYG-06-02,4,female,36.8,0,0,0,1,0,0,negative,urgent_refer,0,,recovered
CASE-000413,2024-11-07,Nyagatare,Matimba,CHW-NYG-04-02,3,male,37.0,0,0,0,0,0,0,positive,treat_at_home,0,,recovered
CASE-000414,2024-11-07,Nyagatare,Matimba,CHW-NYG-04-02,59,male,37.8,3,0,0,0,0,0,negative,refer,1,10.0,recovered
CASE-000415,2024-11-07,Nyagatare,Rwimiyaga,CHW-NYG-03-01,704,female,38.4,2,0,0,0,0,0,positive,treat_at_home,0,,recovered
CASE-000416,2024-11-07,Nyagatare,Rwimiyaga,CHW-NYG-03-04,43,female,38.7,1,0,0,0,0,0,positive,treat_at_home,0,,recovered
CASE-000417,2024-11-07,Rusizi,Kamembe,CHW-RUS-01-02,663,male,38.6,4,0,0,0,0,0,positive,treat_at_home,0,,recovered
CASE-000418,2024-11-07,Rusizi,Kamembe,CHW-RUS-01-03,59,male,37.9,4,0,0,0,0,0,negative,refer,1,11.7,recovered
CASE-000419,2024-11-07,Rusizi,Kamembe,CHW-RUS-01-04,43,male,38.8,2,0,0,0,0,0,positive,treat_at_home,0,,recovered
CASE-000420,2024-11-08,Gasabo,Remera,CHW-GAS-02-02,55,male,36.8,0,0,0,0,0,0,negative,treat_at_home,0,,recovered
CASE-000421,2024-11-08,Gisagara,Gisagara,CHW-GIS-01-02,30,female,38.0,1,0,0,0,0,0,positive,treat_at_home,0,,recovered
CASE-000422,2024-11-08,Gisagara,Save,CHW-GIS-02-02,10,male,37.7,1,0,0,0,0,0,negative,treat_at_home,0,,recovered
CASE-000423,2024-11-08,Gisagara,Save,CHW-GIS-02-04,700,male,38.6,3,0,0,0,0,0,negative,refer,1,6.9,recovered
CASE-000424,2024-11-08,Gisagara,Save,CHW-GIS-02-04,46,female,37.9,1,0,0,0,0,0,positive,treat_at_home,0,,recovered
CASE-000425,2024-11-08,Kirehe,Gahara,CHW-KIR-02-04,134,female,38.5,3,0,0,0,0,0,invalid,refer,1,3.5,recovered
CASE-000426,2024-11-08,Kirehe,Kirehe,CHW-KIR-01-01,55,male,38.1,5,0,0,0,0,0,positive,treat_at_home,0,,recovered
CASE-000427,2024-11-08,Kirehe,Kirehe,CHW-KIR-01-04,18,female,36.9,0,0,0,0,0,0,negative,treat_at_home,0,,recovered
CASE-000428,2024-11-08,Nyagatare,Karangazi,CHW-NYG-02-02,125,male,38.4,2,0,0,0,0,0,negative,treat_at_home,0,,complication
CASE-000429,2024-11-08,Nyagatare,Katabagemu,CHW-NYG-06-03,7,female,37.9,1,0,0,0,0,0,positive,treat_at_home,0,,recovered
CASE-000430,2024-11-08,Nyagatare,Matimba,CHW-NYG-04-01,665,male,38.5,5,0,0,0,0,0,positive,treat_at_home,0,,recovered
CASE-000431,2024-11-08,Nyagatare,Matimba,CHW-NYG-04-03,59,female,37.9,2,0,0,0,0,0,invalid,refer,1,5.9,recovered
CASE-000432,2024-11-08,Nyagatare,Mimuri,CHW-NYG-05-02,156,male,38.3,1,0,0,0,0,0,positive,treat_at_home,0,,recovered
CASE-000433,2024-11-08,Nyagatare,Mimuri,CHW-NYG-05-04,56,male,38.1,6,0,0,0,0,0,positive,treat_at_home,0,,recovered
CASE-000434,2024-11-08,Nyagatare,Nyagatare,CHW-NYG-01-01,605,female,38.0,4,0,0,0,0,0,positive,treat_at_home,0,,recovered
CASE-000435,2024-11-08,Rusizi,Kamembe,CHW-RUS-01-03,33,female,38.0,1,0,0,0,0,0,negative,treat_at_home,0,,recovered
CASE-000436,2024-11-09,Bugesera,Mareba,CHW-BUG-04-02,125,male,39.1,5,0,0,0,0,0,positive,treat_at_home,0,,recovered
CASE-000437,2024-11-09,Bugesera,Ntarama,CHW-BUG-05-04,19,male,38.3,3,0,0,0,0,0,negative,refer,1,7.9,recovered
CASE-000438,2024-11-09,Gisagara,Gisagara,CHW-GIS-01-03,47,female,38.2,1,0,0,0,0,0,negative,treat_at_home,0,,recovered
CASE-000439,2024-11-09,Gisagara,Kibirizi,CHW-GIS-03-02,120,female,37.6,2,0,0,0,0,0,negative,treat_at_home,0,,recovered
CASE-000440,2024-11-09,Gisagara,Save,CHW-GIS-02-01,118,male,38.2,3,0,0,0,0,0,positive,treat_at_home,0,,recovered
CASE-000441,2024-11-09,Gisagara,Save,CHW-GIS-02-03,4,male,36.9,0,0,0,0,0,0,negative,treat_at_home,0,,recovered
CASE-000442,2024-11-09,Kirehe,Kirehe,CHW-KIR-01-01,483,male,38.0,2,0,0,0,0,0,negative,treat_at_home,0,,recovered
CASE-000443,2024-11-09,Kirehe,Kirehe,CHW-KIR-01-02,18,male,38.6,3,0,0,0,1,0,positive,urgent_refer,0,,recovered
CASE-000444,2024-11-09,Kirehe,Kirehe,CHW-KIR-01-03,144,female,38.4,2,0,0,0,0,0,positive,treat_at_home,0,,recovered
CASE-000445,2024-11-09,Kirehe,Kirehe,CHW-KIR-01-04,80,male,38.2,3,0,0,0,0,0,positive,treat_at_home,0,,recovered
CASE-000446,2024-11-09,Kirehe,Mahama,CHW-KIR-03-03,3,female,37.9,1,0,0,0,0,0,positive,treat_at_home,0,,recovered
CASE-000447,2024-11-09,Kirehe,Mahama,CHW-KIR-03-04,10,male,38.8,3,0,1,1,0,0,negative,urgent_refer,1,3.9,recovered
CASE-000448,2024-11-09,Nyagatare,Matimba,CHW-NYG-04-02,110,female,38.1,2,0,0,0,0,0,positive,treat_at_home,0,,recovered
CASE-000449,2024-11-09,Nyagatare,Mimuri,CHW-NYG-05-02,272,female,37.7,1,0,0,0,0,0,positive,treat_at_home,0,,recovered
CASE-000450,2024-11-09,Rusizi,Bugarama,CHW-RUS-02-01,41,female,38.6,1,0,0,0,0,0,positive,refer,1,17.6,recovered
CASE-000451,2024-11-10,Bugesera,Rilima,CHW-BUG-02-01,33,female,38.4,3,0,0,0,0,0,positive,treat_at_home,0,,recovered
CASE-000452,2024-11-10,Gisagara,Kibirizi,CHW-GIS-03-01,40,female,38.1,3,0,0,0,0,0,positive,treat_at_home,0,,recovered
CASE-000453,2024-11-10,Gisagara,Kibirizi,CHW-GIS-03-01,2,male,38.3,2,0,0,0,0,0,negative,treat_at_home,0,,recovered
CASE-000454,2024-11-10,Gisagara,Kibirizi,CHW-GIS-03-04,652,male,38.4,2,0,0,0,0,0,positive,treat_at_home,0,,recovered
CASE-000455,2024-11-10,Gisagara,Save,CHW-GIS-02-01,113,female,38.8,3,0,0,0,0,0,negative,refer,1,5.4,recovered
CASE-000456,2024-11-10,Nyagatare,Mimuri,CHW-NYG-05-01,422,male,38.2,1,0,0,0,0,0,positive,treat_at_home,0,,recovered
CASE-000457,2024-11-10,Nyagatare,Rwimiyaga,CHW-NYG-03-01,40,male,38.6,1,0,0,0,0,0,positive,treat_at_home,0,,recovered
CASE-000458,2024-11-10,Nyagatare,Rwimiyaga,CHW-NYG-03-02,19,female,38.0,2,0,0,0,0,0,positive,treat_at_home,0,,recovered
CASE-000459,2024-11-10,Rusizi,Bugarama,CHW-RUS-02-01,11,male,36.8,0,0,0,0,0,0,negative,treat_at_home,0,,recovered
CASE-000460,2024-11-10,Rusizi,Bugarama,CHW-RUS-02-01,57,male,38.5,3,0,0,0,0,0,positive,treat_at_home,0,,recovered
CASE-000461,2024-11-11,Gasabo,Kacyiru,CHW-GAS-03-03,152,male,38.7,1,1,0,0,0,0,negative,urgent_refer,1,8.2,recovered
CASE-000462,2024-11-11,Gasabo,Kimironko,CHW-GAS-01-04,197,female,37.8,2,0,0,0,0,0,positive,treat_at_home,0,,recovered
CASE-000463,2024-11-11,Gisagara,Kibirizi,CHW-GIS-03-02,58,female,38.2,1,0,0,0,0,0,negative,treat_at_home,0,,recovered
CASE-000464,2024-11-11,Gisagara,Save,CHW-GIS-02-01,8,female,39.0,6,0,0,0,0,0,positive,treat_at_home,0,,recovered
CASE-000465,2024-11-11,Kirehe,Kirehe,CHW-KIR-01-03,4,male,35.9,0,0,0,0,0,0,negative,treat_at_home,0,,recovered
CASE-000466,2024-11-11,Nyagatare,Mimuri,CHW-NYG-05-03,93,male,38.3,3,0,0,0,0,0,negative,refer,1,7.1,recovered
CASE-000467,2024-11-11,Nyagatare,Rwimiyaga,CHW-NYG-03-02,33,female,38.7,2,0,0,0,0,0,positive,treat_at_home,0,,recovered
CASE-000468,2024-11-11,Rusizi,Kamembe,CHW-RUS-01-02,256,female,38.6,1,0,0,0,1,0,negative,urgent_refer,1,4.4,recovered
CASE-000469,2024-11-12,Bugesera,Gashora,CHW-BUG-06-02,163,female,38.0,1,0,0,0,0,0,negative,treat_at_home,0,,recovered
CASE-000470,2024-11-12,Bugesera,Ntarama,CHW-BUG-05-01,115,female,39.1,6,0,0,0,0,0,positive,treat_at_home,0,,recovered
CASE-000471,2024-11-12,Bugesera,Nyamata,CHW-BUG-01-01,100,male,39.1,3,0,0,0,0,0,positive,treat_at_home,0,,recovered
CASE-000472,2024-11-12,Gasabo,Kacyiru,CHW-GAS-03-01,170,female,37.8,6,0,0,0,0,0,positive,treat_at_home,0,,recovered
CASE-000473,2024-11-12,Gasabo,Kacyiru,CHW-GAS-03-04,13,male,38.0,1,0,0,0,0,0,negative,treat_at_home,0,,recovered
CASE-000474,2024-11-12,Gasabo,Kimironko,CHW-GAS-01-01,605,female,38.9,2,0,0,0,0,0,positive,treat_at_home,0,,recovered
CASE-000475,2024-11-12,Gasabo,Remera,CHW-GAS-02-02,656,male,38.5,4,0,0,0,0,0,negative,refer,1,12.6,recovered
CASE-000476,2024-11-12,Kirehe,Gahara,CHW-KIR-02-04,34,female,37.1,0,0,0,0,0,0,negative,treat_at_home,0,,recovered
CASE-000477,2024-11-12,Nyagatare,Karangazi,CHW-NYG-02-03,41,female,36.8,0,0,0,0,0,0,negative,refer,1,13.5,recovered
CASE-000478,2024-11-12,Nyagatare,Karangazi,CHW-NYG-02-04,20,male,38.7,4,0,0,0,0,0,negative,refer,0,,recovered
CASE-000479,2024-11-12,Nyagatare,Katabagemu,CHW-NYG-06-01,1,male,38.3,3,0,0,0,0,0,negative,urgent_refer,0,,complication
CASE-000480,2024-11-12,Nyagatare,Katabagemu,CHW-NYG-06-01,19,male,36.7,0,0,0,0,0,0,negative,treat_at_home,0,,recovered
CASE-000481,2024-11-12,Nyagatare,Matimba,CHW-NYG-04-02,154,male,38.0,5,0,0,0,0,0,positive,treat_at_home,0,,recovered
CASE-000482,2024-11-12,Nyagatare,Matimba,CHW-NYG-04-03,343,female,37.8,1,0,0,0,0,0,negative,treat_at_home,0,,recovered
CASE-000483,2024-11-12,Nyagatare,Nyagatare,CHW-NYG-01-02,32,male,38.4,2,0,0,0,0,0,positive,treat_at_home,0,,recovered
CASE-000484,2024-11-12,Nyagatare,Nyagatare,CHW-NYG-01-02,644,female,38.8,2,0,0,0,0,0,positive,treat_at_home,0,,recovered
CASE-000485,2024-11-13,Bugesera,Mareba,CHW-BUG-04-04,64,female,38.7,7,0,0,0,0,0,positive,treat_at_home,0,,recovered
CASE-000486,2024-11-13,Bugesera,Ntarama,CHW-BUG-05-03,24,male,38.3,2,0,0,0,0,0,invalid,refer,1,12.6,recovered
CASE-000487,2024-11-13,Bugesera,Nyamata,CHW-BUG-01-01,47,male,38.0,1,0,0,0,0,0,negative,treat_at_home,0,,recovered
CASE-000488,2024-11-13,Bugesera,Nyamata,CHW-BUG-01-01,29,male,38.9,3,0,0,1,0,0,positive,urgent_refer,1,3.4,recovered
CASE-000489,2024-11-13,Gisagara,Save,CHW-GIS-02-02,23,male,38.2,1,0,0,0,0,0,negative,treat_at_home,0,,recovered
CASE-000490,2024-11-13,Gisagara,Save,CHW-GIS-02-02,58,male,36.7,0,0,0,0,0,0,negative,treat_at_home,0,,recovered
CASE-000491,2024-11-13,Kirehe,Kirehe,CHW-KIR-01-02,112,female,38.2,2,0,0,0,0,0,positive,treat_at_home,0,,recovered
CASE-000492,2024-11-13,Nyagatare,Karangazi,CHW-NYG-02-02,32,female,37.8,1,0,0,0,0,0,negative,treat_at_home,0,,recovered
CASE-000493,2024-11-13,Nyagatare,Mimuri,CHW-NYG-05-02,15,male,37.8,1,0,0,0,0,0,positive,treat_at_home,0,,recovered
CASE-000494,2024-11-13,Nyagatare,Nyagatare,CHW-NYG-01-03,4,female,38.0,2,0,0,0,0,0,positive,treat_at_home,0,,recovered
CASE-000495,2024-11-13,Rusizi,Bugarama,CHW-RUS-02-01,142,female,37.6,3,0,0,0,0,0,negative,refer,0,,recovered
CASE-000496,2024-11-13,Rusizi,Gihundwe,CHW-RUS-03-02,177,female,38.0,5,0,0,0,0,0,positive,treat_at_home,0,,recovered
CASE-000497,2024-11-14,Bugesera,Mareba,CHW-BUG-04-04,68,female,38.3,2,0,0,0,0,0,negative,treat_at_home,0,,recovered
CASE-000498,2024-11-14,Bugesera,Ntarama,CHW-BUG-05-03,41,male,38.5,6,0,0,0,0,0,positive,treat_at_home,0,,recovered
CASE-000499,2024-11-14,Kirehe,Kirehe,CHW-KIR-01-01,27,male,38.1,4,0,0,0,0,0,negative,refer,1,4.8,recovered
CASE-000500,2024-11-14,Nyagatare,Karangazi,CHW-NYG-02-03,27,female,38.2,1,0,0,0,0,0,positive,treat_at_home,0,,recovered
CASE-000501,2024-11-14,Nyagatare,Nyagatare,CHW-NYG-01-01,85,male,38.2,1,0,0,0,0,0,positive,treat_at_home,0,,recovered
CASE-000502,2024-11-14,Nyagatare,Rwimiyaga,CHW-NYG-03-03,55,female,38.5,6,0,0,0,0,0,negative,refer,1,31.9,complication
CASE-000503,2024-11-14,Rusizi,Bugarama,CHW-RUS-02-01,81,male,37.6,1,0,0,0,0,0,positive,treat_at_home,0,,recovered
CASE-000504,2024-11-14,Rusizi,Gihundwe,CHW-RUS-03-02,115,female,38.8,1,0,0,0,0,0,positive,treat_at_home,0,,recovered
CASE-000505,2024-11-14,Rusizi,Kamembe,CHW-RUS-01-04,26,female,39.0,3,0,0,0,0,0,invalid,refer,1,19.1,recovered
CASE-000506,2024-11-15,Bugesera,Ntarama,CHW-BUG-05-03,158,female,38.9,3,0,0,0,0,0,negative,refer,1,6.7,recovered
CASE-000507,2024-11-15,Bugesera,Rilima,CHW-BUG-02-01,37,female,38.0,1,0,0,0,0,0,negative,treat_at_home,0,,recovered
CASE-000508,2024-11-15,Gasabo,Remera,CHW-GAS-02-02,57,female,38.5,2,0,0,0,0,0,positive,treat_at_home,0,,recovered
CASE-000509,2024-11-15,Gisagara,Gisagara,CHW-GIS-01-02,1,male,38.6,1,0,0,0,0,0,positive,urgent_refer,0,,recovered
CASE-000510,2024-11-15,Nyagatare,Karangazi,CHW-NYG-02-03,14,male,38.0,4,0,0,0,0,0,positive,treat_at_home,0,,recovered
CASE-000511,2024-11-15,Nyagatare,Karangazi,CHW-NYG-02-03,93,female,38.5,3,0,0,0,0,0,negative,refer,1,6.0,recovered
CASE-000512,2024-11-15,Nyagatare,Katabagemu,CHW-NYG-06-02,45,female,38.3,2,0,0,0,0,0,positive,treat_at_home,0,,recovered
CASE-000513,2024-11-15,Nyagatare,Matimba,CHW-NYG-04-03,70,female,38.6,1,1,0,0,0,0,invalid,refer,1,6.6,recovered
CASE-000514,2024-11-16,Bugesera,Mareba,CHW-BUG-04-02,134,female,37.8,1,0,0,0,0,0,positive,treat_at_home,0,,recovered
CASE-000515,2024-11-16,Bugesera,Ntarama,CHW-BUG-05-01,152,male,36.6,0,0,0,0,0,0,positive,treat_at_home,0,,recovered
CASE-000516,2024-11-16,Gasabo,Kacyiru,CHW-GAS-03-03,165,male,38.2,2,0,0,0,0,0,positive,treat_at_home,0,,recovered
CASE-000517,2024-11-16,Gisagara,Save,CHW-GIS-02-02,24,female,38.8,3,0,0,0,0,0,positive,treat_at_home,0,,recovered
CASE-000518,2024-11-16,Kirehe,Mahama,CHW-KIR-03-04,59,male,39.0,1,0,0,0,0,0,negative,treat_at_home,0,,recovered
CASE-000519,2024-11-16,Nyagatare,Katabagemu,CHW-NYG-06-01,30,female,38.7,1,0,0,0,0,0,positive,treat_at_home,0,,recovered
CASE-000520,2024-11-16,Nyagatare,Katabagemu,CHW-NYG-06-03,310,male,36.6,0,0,0,0,0,0,negative,treat_at_home,0,,recovered
CASE-000521,2024-11-16,Nyagatare,Mimuri,CHW-NYG-05-03,43,female,38.2,3,1,1,0,0,0,positive,urgent_refer,1,6.1,recovered
CASE-000522,2024-11-16,Nyagatare,Nyagatare,CHW-NYG-01-04,15,female,39.0,4,0,0,0,0,0,positive,treat_at_home,0,,recovered
CASE-000523,2024-11-16,Rusizi,Kamembe,CHW-RUS-01-01,31,female,38.6,1,0,0,0,0,0,positive,treat_at_home,0,,recovered
CASE-000524,2024-11-17,Bugesera,Ntarama,CHW-BUG-05-02,27,female,38.8,1,0,0,1,0,0,positive,treat_at_home,0,,unknown
CASE-000525,2024-11-17,Bugesera,Rilima,CHW-BUG-02-04,77,male,38.6,6,0,0,0,0,0,positive,treat_at_home,0,,recovered
CASE-000526,2024-11-17,Gisagara,Gisagara,CHW-GIS-01-02,7,male,38.2,2,0,0,0,0,0,negative,treat_at_home,0,,recovered
CASE-000527,2024-11-17,Gisagara,Save,CHW-GIS-02-04,31,female,37.5,3,0,0,0,0,0,positive,treat_at_home,0,,recovered
CASE-000528,2024-11-17,Kirehe,Mahama,CHW-KIR-03-03,53,female,38.4,1,0,0,0,0,0,positive,refer,1,14.6,recovered
CASE-000529,2024-11-17,Nyagatare,Matimba,CHW-NYG-04-01,32,male,38.3,1,0,0,0,0,0,negative,treat_at_home,0,,recovered
CASE-000530,2024-11-17,Nyagatare,Matimba,CHW-NYG-04-02,62,male,38.2,5,0,0,0,1,0,positive,urgent_refer,1,3.7,complication
CASE-000531,2024-11-17,Rusizi,Kamembe,CHW-RUS-01-01,546,female,38.9,4,0,0,1,0,0,negative,urgent_refer,1,4.1,recovered
CASE-000532,2024-11-18,Bugesera,Gashora,CHW-BUG-06-04,73,male,39.2,4,0,0,0,0,0,positive,treat_at_home,0,,recovered
CASE-000533,2024-11-18,Bugesera,Ntarama,CHW-BUG-05-03,59,female,38.6,1,1,0,1,0,0,positive,urgent_refer,1,4.4,complication
CASE-000534,2024-11-18,Bugesera,Nyamata,CHW-BUG-01-02,45,female,38.2,1,0,0,0,0,0,positive,treat_at_home,0,,recovered
CASE-000535,2024-11-18,Gasabo,Kacyiru,CHW-GAS-03-01,5,female,37.1,0,0,0,0,0,0,negative,treat_at_home,0,,recovered
CASE-000536,2024-11-18,Gisagara,Gisagara,CHW-GIS-01-02,51,female,38.0,1,0,0,0,0,0,negative,treat_at_home,0,,recovered
CASE-000537,2024-11-18,Gisagara,Gisagara,CHW-GIS-01-04,39,male,37.5,1,0,0,0,0,0,positive,treat_at_home,0,,recovered
CASE-000538,2024-11-18,Gisagara,Save,CHW-GIS-02-01,620,female,38.6,1,0,0,0,0,0,positive,treat_at_home,0,,recovered
CASE-000539,2024-11-18,Nyagatare,Nyagatare,CHW-NYG-01-04,127,female,39.0,3,0,0,1,0,0,positive,urgent_refer,1,7.3,recovered
CASE-000540,2024-11-18,Rusizi,Kamembe,CHW-RUS-01-04,127,female,38.3,4,0,0,0,0,0,positive,treat_at_home,0,,recovered
CASE-000541,2024-11-19,Bugesera,Gashora,CHW-BUG-06-03,37,male,38.9,5,0,0,0,0,0,positive,refer,0,,recovered
CASE-000542,2024-11-19,Bugesera,Mayange,CHW-BUG-03-02,32,male,38.1,1,0,0,0,0,0,invalid,refer,0,,recovered
CASE-000543,2024-11-19,Bugesera,Ntarama,CHW-BUG-05-02,41,female,37.0,0,0,0,0,0,0,negative,treat_at_home,0,,recovered
CASE-000544,2024-11-19,Gasabo,Kacyiru,CHW-GAS-03-03,604,female,38.5,3,0,0,0,0,0,positive,treat_at_home,0,,recovered
CASE-000545,2024-11-19,Gasabo,Remera,CHW-GAS-02-01,47,female,38.7,4,0,0,0,0,0,negative,refer,1,10.0,recovered
CASE-000546,2024-11-19,Gasabo,Remera,CHW-GAS-02-03,12,female,38.7,7,0,0,0,0,0,invalid,refer,1,9.6,recovered
CASE-000547,2024-11-19,Gisagara,Kibirizi,CHW-GIS-03-02,38,female,38.8,2,0,0,0,0,0,positive,treat_at_home,0,,recovered
CASE-000548,2024-11-19,Gisagara,Kibirizi,CHW-GIS-03-02,12,female,36.8,0,0,0,0,0,0,negative,treat_at_home,0,,recovered
CASE-000549,2024-11-19,Gisagara,Kibirizi,CHW-GIS-03-03,121,female,38.6,3,0,0,0,0,0,positive,treat_at_home,0,,recovered
CASE-000550,2024-11-19,Gisagara,Kibirizi,CHW-GIS-03-03,10,male,38.7,5,0,0,0,0,0,negative,refer,0,,recovered
CASE-000551,2024-11-19,Kirehe,Gahara,CHW-KIR-02-04,121,male,38.5,2,0,0,1,0,0,positive,urgent_refer,1,3.9,recovered
CASE-000552,2024-11-19,Kirehe,Kirehe,CHW-KIR-01-04,9,male,39.0,4,0,0,0,0,0,positive,treat_at_home,0,,recovered
CASE-000553,2024-11-19,Nyagatare,Matimba,CHW-NYG-04-04,548,female,38.8,5,0,0,0,0,0,positive,treat_at_home,0,,recovered
CASE-000554,2024-11-19,Nyagatare,Nyagatare,CHW-NYG-01-03,179,female,38.7,6,0,0,0,0,0,negative,refer,1,7.2,recovered
CASE-000555,2024-11-20,Bugesera,Mareba,CHW-BUG-04-03,4,female,39.0,6,0,0,0,0,0,positive,treat_at_home,0,,recovered
CASE-000556,2024-11-20,Bugesera,Ntarama,CHW-BUG-05-03,441,male,38.0,1,0,0,0,0,0,positive,treat_at_home,0,,recovered
CASE-000557,2024-11-20,Bugesera,Ntarama,CHW-BUG-05-04,46,male,39.0,1,0,0,0,0,0,positive,treat_at_home,0,,recovered
CASE-000558,2024-11-20,Bugesera,Rilima,CHW-BUG-02-03,49,female,38.5,1,0,0,0,0,0,positive,treat_at_home,0,,recovered
CASE-000559,2024-11-20,Gasabo,Kacyiru,CHW-GAS-03-04,34,female,38.6,2,0,0,0,0,0,positive,treat_at_home,0,,recovered
CASE-000560,2024-11-20,Gasabo,Remera,CHW-GAS-02-02,49,female,38.1,6,0,0,0,0,0,positive,treat_at_home,0,,recovered
CASE-000561,2024-11-20,Gasabo,Remera,CHW-GAS-02-03,37,female,38.5,5,0,0,0,0,0,positive,treat_at_home,0,,recovered
CASE-000562,2024-11-20,Gisagara,Save,CHW-GIS-02-02,77,female,38.3,6,0,0,0,0,0,positive,treat_at_home,0,,recovered
CASE-000563,2024-11-20,Gisagara,Save,CHW-GIS-02-03,29,male,38.7,3,0,1,0,0,0,positive,urgent_refer,1,7.2,recovered
CASE-000564,2024-11-20,Kirehe,Kirehe,CHW-KIR-01-01,66,male,38.0,2,0,0,0,0,0,positive,treat_at_home,0,,recovered
CASE-000565,2024-11-20,Kirehe,Kirehe,CHW-KIR-01-04,97,female,38.2,3,0,0,0,0,0,negative,refer,0,,recovered
CASE-000566,2024-11-20,Kirehe,Mahama,CHW-KIR-03-03,9,female,38.5,2,0,0,0,0,0,positive,treat_at_home,0,,recovered
CASE-000567,2024-11-20,Nyagatare,Katabagemu,CHW-NYG-06-01,161,female,38.2,2,0,0,0,0,0,positive,treat_at_home,0,,recovered
CASE-000568,2024-11-20,Nyagatare,Matimba,CHW-NYG-04-02,52,male,38.7,3,0,0,0,0,0,positive,treat_at_home,0,,recovered
CASE-000569,2024-11-20,Nyagatare,Mimuri,CHW-NYG-05-02,153,female,38.4,3,0,0,0,0,0,positive,treat_at_home,0,,recovered
CASE-000570,2024-11-20,Nyagatare,Nyagatare,CHW-NYG-01-01,120,male,39.2,7,0,0,0,0,0,negative,refer,1,16.3,recovered
CASE-000571,2024-11-20,Nyagatare,Nyagatare,CHW-NYG-01-02,124,female,38.9,3,0,0,0,0,0,negative,refer,1,5.5,recovered
CASE-000572,2024-11-21,Bugesera,Gashora,CHW-BUG-06-01,49,female,38.7,4,0,0,0,0,0,positive,treat_at_home,0,,recovered
CASE-000573,2024-11-21,Bugesera,Mareba,CHW-BUG-04-02,43,male,38.7,4,0,0,0,0,0,negative,refer,0,,recovered
CASE-000574,2024-11-21,Bugesera,Mayange,CHW-BUG-03-03,511,female,38.5,2,0,0,0,0,0,negative,treat_at_home,0,,recovered
CASE-000575,2024-11-21,Bugesera,Mayange,CHW-BUG-03-04,46,female,37.8,2,0,0,0,0,0,positive,treat_at_home,0,,recovered
CASE-000576,2024-11-21,Bugesera,Rilima,CHW-BUG-02-02,35,male,39.3,6,0,0,0,0,0,positive,treat_at_home,0,,recovered
CASE-000577,2024-11-21,Bugesera,Rilima,CHW-BUG-02-03,83,male,37.8,2,0,0,0,0,0,positive,treat_at_home,0,,recovered
CASE-000578,2024-11-21,Gisagara,Save,CHW-GIS-02-02,145,male,38.4,2,0,0,0,0,0,positive,treat_at_home,0,,recovered
CASE-000579,2024-11-21,Kirehe,Gahara,CHW-KIR-02-02,601,female,38.3,3,0,0,0,0,0,positive,treat_at_home,0,,recovered
CASE-000580,2024-11-21,Kirehe,Gahara,CHW-KIR-02-03,58,male,38.3,2,0,0,0,0,0,positive,treat_at_home,0,,recovered
CASE-000581,2024-11-21,Kirehe,Mahama,CHW-KIR-03-04,44,male,38.0,1,0,0,0,0,0,negative,refer,0,,recovered
CASE-000582,2024-11-21,Nyagatare,Rwimiyaga,CHW-NYG-03-03,43,male,37.5,1,0,0,0,0,0,positive,treat_at_home,0,,recovered
CASE-000583,2024-11-22,Bugesera,Mareba,CHW-BUG-04-01,15,female,37.1,0,0,0,0,0,0,negative,treat_at_home,0,,recovered
CASE-000584,2024-11-22,Bugesera,Mareba,CHW-BUG-04-03,16,male,39.1,2,0,0,0,0,0,positive,treat_at_home,0,,recovered
CASE-000585,2024-11-22,Bugesera,Mayange,CHW-BUG-03-04,31,male,38.7,2,0,0,0,0,0,negative,treat_at_home,0,,recovered
CASE-000586,2024-11-22,Bugesera,Mayange,CHW-BUG-03-04,34,male,37.0,0,0,0,0,0,0,negative,treat_at_home,0,,recovered
CASE-000587,2024-11-22,Gasabo,Kacyiru,CHW-GAS-03-01,72,female,38.6,4,0,0,0,0,0,positive,treat_at_home,0,,recovered
CASE-000588,2024-11-22,Gasabo,Kimironko,CHW-GAS-01-02,248,male,38.4,1,0,0,0,0,0,positive,treat_at_home,0,,recovered
CASE-000589,2024-11-22,Gisagara,Save,CHW-GIS-02-03,29,female,38.2,1,0,0,0,0,0,positive,treat_at_home,0,,recovered
CASE-000590,2024-11-22,Kirehe,Kirehe,CHW-KIR-01-04,42,male,38.2,1,0,0,0,0,0,positive,treat_at_home,0,,recovered
CASE-000591,2024-11-22,Nyagatare,Karangazi,CHW-NYG-02-02,133,female,38.0,2,0,0,0,0,0,positive,treat_at_home,0,,recovered
CASE-000592,2024-11-22,Nyagatare,Matimba,CHW-NYG-04-03,78,female,38.4,3,0,0,0,0,0,positive,treat_at_home,0,,recovered
CASE-000593,2024-11-22,Nyagatare,Matimba,CHW-NYG-04-03,85,male,38.8,2,0,0,0,0,0,positive,treat_at_home,0,,recovered
CASE-000594,2024-11-23,Bugesera,Gashora,CHW-BUG-06-03,415,female,37.8,2,0,0,0,0,0,positive,treat_at_home,0,,recovered
CASE-000595,2024-11-23,Bugesera,Mareba,CHW-BUG-04-04,30,female,38.4,1,0,0,0,0,0,negative,treat_at_home,0,,recovered
CASE-000596,2024-11-23,Bugesera,Mareba,CHW-BUG-04-04,268,female,38.8,5,0,0,0,0,0,positive,treat_at_home,0,,recovered
CASE-000597,2024-11-23,Bugesera,Ntarama,CHW-BUG-05-01,44,male,36.6,0,0,0,0,0,0,negative,treat_at_home,0,,recovered
CASE-000598,2024-11-23,Bugesera,Ntarama,CHW-BUG-05-03,4,female,38.3,4,0,0,0,0,0,negative,refer,1,6.3,recovered
CASE-000599,2024-11-23,Gasabo,Kimironko,CHW-GAS-01-04,57,male,39.0,2,0,0,0,0,0,positive,treat_at_home,0,,recovered
CASE-000600,2024-11-23,Gisagara,Gisagara,CHW-GIS-01-02,120,male,38.3,1,0,0,0,0,0,positive,treat_at_home,0,,recovered
CASE-000601,2024-11-23,Kirehe,Mahama,CHW-KIR-03-01,321,male,36.4,0,0,0,0,0,0,negative,treat_at_home,0,,recovered
CASE-000602,2024-11-23,Nyagatare,Karangazi,CHW-NYG-02-01,48,female,38.2,4,0,0,0,0,0,negative,refer,0,,complication
CASE-000603,2024-11-23,Nyagatare,Nyagatare,CHW-NYG-01-03,135,female,38.5,1,0,0,0,0,0,positive,treat_at_home,0,,recovered
CASE-000604,2024-11-23,Nyagatare,Nyagatare,CHW-NYG-01-03,38,male,38.2,1,0,0,0,1,1,negative,urgent_refer,0,,complication
CASE-000605,2024-11-23,Nyagatare,Rwimiyaga,CHW-NYG-03-01,177,female,38.2,2,0,0,0,0,0,negative,treat_at_home,0,,recovered
CASE-000606,2024-11-23,Nyagatare,Rwimiyaga,CHW-NYG-03-03,146,female,38.1,1,0,0,0,0,0,positive,treat_at_home,0,,recovered
CASE-000607,2024-11-23,Nyagatare,Rwimiyaga,CHW-NYG-03-04,87,male,36.3,0,0,1,0,0,0,negative,urgent_refer,1,3.8,recovered
CASE-000608,2024-11-23,Rusizi,Bugarama,CHW-RUS-02-04,162,female,38.8,2,0,0,0,0,0,positive,treat_at_home,0,,recovered
CASE-000609,2024-11-23,Rusizi,Gihundwe,CHW-RUS-03-02,44,male,38.4,2,0,0,0,0,0,positive,treat_at_home,0,,recovered
CASE-000610,2024-11-23,Rusizi,Kamembe,CHW-RUS-01-02,62,female,38.8,2,0,0,0,0,0,invalid,refer,0,,recovered
CASE-000611,2024-11-23,Rusizi,Kamembe,CHW-RUS-01-02,56,male,38.5,2,0,0,0,0,0,positive,treat_at_home,0,,recovered
CASE-000612,2024-11-23,Rusizi,Kamembe,CHW-RUS-01-04,25,male,37.7,2,0,0,0,0,0,positive,treat_at_home,0,,unknown
CASE-000613,2024-11-24,Bugesera,Gashora,CHW-BUG-06-02,20,male,38.3,2,0,0,0,0,0,negative,treat_at_home,0,,recovered
CASE-000614,2024-11-24,Bugesera,Gashora,CHW-BUG-06-03,93,male,38.3,5,0,0,0,0,0,positive,treat_at_home,0,,recovered
CASE-000615,2024-11-24,Bugesera,Ntarama,CHW-BUG-05-02,46,female,38.7,2,0,0,0,0,1,positive,urgent_refer,1,2.7,recovered
CASE-000616,2024-11-24,Bugesera,Ntarama,CHW-BUG-05-04,102,female,36.7,0,0,0,0,0,0,positive,treat_at_home,0,,recovered
CASE-000617,2024-11-24,Gasabo,Kacyiru,CHW-GAS-03-04,54,male,37.8,1,0,0,0,0,0,positive,refer,1,4.1,recovered
CASE-000618,2024-11-24,Gasabo,Remera,CHW-GAS-02-01,278,female,38.5,3,0,0,0,0,0,negative,refer,1,8.7,recovered
CASE-000619,2024-11-24,Gisagara,Gisagara,CHW-GIS-01-03,15,female,38.3,5,0,0,0,0,0,negative,refer,0,,recovered
CASE-000620,2024-11-24,Gisagara,Save,CHW-GIS-02-01,53,male,38.9,2,0,0,0,0,0,positive,treat_at_home,0,,unknown
CASE-000621,2024-11-24,Kirehe,Gahara,CHW-KIR-02-03,15,female,38.9,2,0,0,0,0,0,negative,treat_at_home,0,,recovered
CASE-000622,2024-11-24,Kirehe,Mahama,CHW-KIR-03-01,153,female,39.1,3,0,0,0,0,0,positive,treat_at_home,0,,recovered
CASE-000623,2024-11-24,Kirehe,Mahama,CHW-KIR-03-03,28,male,38.7,5,0,0,0,0,0,positive,treat_at_home,0,,recovered
CASE-000624,2024-11-24,Nyagatare,Matimba,CHW-NYG-04-01,161,male,38.5,3,0,0,0,0,0,positive,treat_at_home,0,,recovered
CASE-000625,2024-11-24,Nyagatare,Mimuri,CHW-NYG-05-04,83,male,38.8,3,0,0,0,0,0,positive,treat_at_home,0,,recovered
CASE-000626,2024-11-24,Nyagatare,Rwimiyaga,CHW-NYG-03-01,40,male,37.8,1,0,0,0,0,0,invalid,refer,0,,recovered
CASE-000627,2024-11-24,Nyagatare,Rwimiyaga,CHW-NYG-03-02,342,male,39.1,5,0,0,0,0,0,positive,treat_at_home,0,,recovered
CASE-000628,2024-11-24,Nyagatare,Rwimiyaga,CHW-NYG-03-02,100,female,38.8,1,0,1,1,0,0,positive,urgent_refer,1,12.5,recovered
CASE-000629,2024-11-24,Rusizi,Gihundwe,CHW-RUS-03-02,18,female,37.9,2,0,0,0,0,0,positive,treat_at_home,0,,recovered
CASE-000630,2024-11-24,Rusizi,Gihundwe,CHW-RUS-03-03,176,male,38.4,2,0,0,0,0,0,positive,treat_at_home,0,,recovered
CASE-000631,2024-11-25,Bugesera,Gashora,CHW-BUG-06-02,51,male,36.7,0,0,0,0,0,0,negative,treat_at_home,0,,recovered
CASE-000632,2024-11-25,Bugesera,Mareba,CHW-BUG-04-01,196,male,38.6,7,0,0,0,0,0,negative,refer,0,,recovered
CASE-000633,2024-11-25,Bugesera,Mayange,CHW-BUG-03-02,417,female,38.6,3,0,0,0,0,0,positive,treat_at_home,0,,recovered
CASE-000634,2024-11-25,Bugesera,Ntarama,CHW-BUG-05-01,48,male,38.8,3,0,0,0,0,0,positive,refer,1,7.5,recovered
CASE-000635,2024-11-25,Bugesera,Ntarama,CHW-BUG-05-01,37,male,38.7,3,0,0,0,0,0,negative,refer,1,5.3,recovered
CASE-000636,2024-11-25,Bugesera,Rilima,CHW-BUG-02-01,18,male,38.1,3,0,0,0,0,0,positive,treat_at_home,0,,recovered
CASE-000637,2024-11-25,Gasabo,Remera,CHW-GAS-02-04,119,female,38.5,2,0,0,0,0,0,negative,treat_at_home,0,,recovered
CASE-000638,2024-11-25,Gisagara,Save,CHW-GIS-02-02,44,male,38.1,1,0,0,0,0,0,negative,treat_at_home,0,,recovered
CASE-000639,2024-11-25,Kirehe,Mahama,CHW-KIR-03-04,75,female,38.3,2,0,0,1,0,1,positive,refer,1,6.7,recovered
CASE-000640,2024-11-25,Nyagatare,Nyagatare,CHW-NYG-01-04,52,female,38.1,1,0,0,0,0,0,negative,treat_at_home,0,,recovered
CASE-000641,2024-11-25,Nyagatare,Rwimiyaga,CHW-NYG-03-01,43,female,38.8,4,0,0,0,0,0,negative,refer,1,8.8,recovered
CASE-000642,2024-11-26,Bugesera,Mareba,CHW-BUG-04-04,685,male,38.2,1,0,0,0,1,1,negative,urgent_refer,1,4.5,recovered
CASE-000643,2024-11-26,Bugesera,Mayange,CHW-BUG-03-03,6,female,37.8,2,0,0,0,0,0,positive,treat_at_home,0,,recovered
CASE-000644,2024-11-26,Bugesera,Nyamata,CHW-BUG-01-03,704,male,38.0,2,0,0,1,0,0,positive,urgent_refer,1,3.4,recovered
CASE-000645,2024-11-26,Gisagara,Gisagara,CHW-GIS-01-03,117,male,38.7,2,0,0,0,0,0,positive,refer,1,9.5,recovered
CASE-000646,2024-11-26,Kirehe,Kirehe,CHW-KIR-01-03,86,female,38.4,2,0,0,0,0,0,negative,refer,1,16.9,recovered
CASE-000647,2024-11-26,Kirehe,Mahama,CHW-KIR-03-02,108,female,38.0,3,0,0,0,0,0,negative,refer,1,23.6,recovered
CASE-000648,2024-11-26,Kirehe,Mahama,CHW-KIR-03-02,527,male,38.2,1,0,0,0,0,0,positive,treat_at_home,0,,recovered
CASE-000649,2024-11-26,Nyagatare,Karangazi,CHW-NYG-02-01,10,female,38.9,5,0,0,0,0,0,positive,treat_at_home,0,,recovered
CASE-000650,2024-11-26,Nyagatare,Karangazi,CHW-NYG-02-03,50,male,38.6,1,0,0,0,0,0,positive,treat_at_home,0,,recovered
CASE-000651,2024-11-26,Nyagatare,Katabagemu,CHW-NYG-06-04,31,male,38.6,1,0,0,0,0,0,negative,treat_at_home,0,,recovered
CASE-000652,2024-11-26,Nyagatare,Matimba,CHW-NYG-04-01,45,female,38.3,1,0,1,0,0,0,positive,urgent_refer,1,4.3,recovered
CASE-000653,2024-11-26,Rusizi,Kamembe,CHW-RUS-01-02,29,male,38.3,1,0,0,0,0,0,positive,treat_at_home,0,,recovered
CASE-000654,2024-11-27,Bugesera,Gashora,CHW-BUG-06-02,145,female,36.8,0,0,0,0,0,0,negative,treat_at_home,0,,recovered
CASE-000655,2024-11-27,Bugesera,Mayange,CHW-BUG-03-01,404,female,38.6,1,0,0,0,0,0,negative,treat_at_home,0,,recovered
CASE-000656,2024-11-27,Bugesera,Mayange,CHW-BUG-03-03,8,male,38.0,1,0,0,0,0,0,positive,treat_at_home,0,,recovered
CASE-000657,2024-11-27,Gasabo,Kimironko,CHW-GAS-01-02,152,male,39.1,4,0,0,0,0,0,positive,treat_at_home,0,,recovered
CASE-000658,2024-11-27,Gasabo,Remera,CHW-GAS-02-04,127,male,38.0,5,0,0,0,0,0,negative,refer,1,3.7,complication
CASE-000659,2024-11-27,Gisagara,Gisagara,CHW-GIS-01-01,46,male,39.4,2,0,1,0,0,0,negative,urgent_refer,1,2.1,recovered
CASE-000660,2024-11-27,Gisagara,Gisagara,CHW-GIS-01-03,48,male,38.5,2,0,0,0,0,0,positive,treat_at_home,0,,recovered
CASE-000661,2024-11-27,Gisagara,Save,CHW-GIS-02-04,157,male,37.8,2,0,0,0,0,0,positive,treat_at_home,0,,recovered
CASE-000662,2024-11-27,Kirehe,Gahara,CHW-KIR-02-03,16,male,38.0,1,0,0,0,0,0,positive,treat_at_home,0,,recovered
CASE-000663,2024-11-27,Kirehe,Mahama,CHW-KIR-03-03,4,male,37.8,2,0,0,0,0,0,negative,treat_at_home,0,,recovered
CASE-000664,2024-11-27,Kirehe,Mahama,CHW-KIR-03-04,44,male,38.6,4,0,0,0,0,0,positive,treat_at_home,0,,recovered
CASE-000665,2024-11-27,Nyagatare,Mimuri,CHW-NYG-05-02,29,female,38.2,2,0,0,0,0,0,negative,treat_at_home,0,,recovered
CASE-000666,2024-11-27,Nyagatare,Mimuri,CHW-NYG-05-02,37,female,38.2,3,0,0,0,0,0,positive,treat_at_home,0,,recovered
CASE-000667,2024-11-27,Nyagatare,Nyagatare,CHW-NYG-01-02,156,female,38.8,3,0,0,0,0,0,positive,treat_at_home,0,,recovered
CASE-000668,2024-11-27,Nyagatare,Nyagatare,CHW-NYG-01-03,97,male,39.2,2,0,0,0,0,0,negative,treat_at_home,0,,recovered
CASE-000669,2024-11-28,Bugesera,Gashora,CHW-BUG-06-01,46,female,39.1,1,0,0,0,0,0,positive,treat_at_home,0,,recovered
CASE-000670,2024-11-28,Bugesera,Gashora,CHW-BUG-06-02,83,male,38.8,2,0,0,0,0,0,negative,treat_at_home,0,,recovered
CASE-000671,2024-11-28,Gasabo,Remera,CHW-GAS-02-04,24,male,38.0,3,0,0,0,0,0,negative,refer,1,5.2,recovered
CASE-000672,2024-11-28,Gisagara,Save,CHW-GIS-02-04,50,male,38.2,6,0,0,0,0,0,negative,refer,1,20.5,recovered
CASE-000673,2024-11-28,Kirehe,Kirehe,CHW-KIR-01-02,23,male,38.2,2,0,0,0,0,0,negative,treat_at_home,0,,recovered
CASE-000674,2024-11-28,Kirehe,Kirehe,CHW-KIR-01-03,31,female,38.4,3,0,0,0,0,0,negative,refer,1,13.7,recovered
CASE-000675,2024-11-28,Nyagatare,Nyagatare,CHW-NYG-01-03,323,male,37.9,1,0,0,0,0,0,positive,treat_at_home,0,,recovered
CASE-000676,2024-11-28,Nyagatare,Rwimiyaga,CHW-NYG-03-03,56,male,38.0,2,0,0,0,0,0,negative,treat_at_home,0,,recovered
CASE-000677,2024-11-28,Rusizi,Bugarama,CHW-RUS-02-04,36,female,37.4,1,0,0,0,0,0,negative,refer,0,,recovered
CASE-000678,2024-11-29,Bugesera,Mayange,CHW-BUG-03-02,169,female,38.6,2,0,0,0,0,0,negative,treat_at_home,0,,recovered
CASE-000679,2024-11-29,Bugesera,Nyamata,CHW-BUG-01-01,40,male,38.8,2,0,1,0,0,0,positive,urgent_refer,0,,recovered
CASE-000680,2024-11-29,Gisagara,Kibirizi,CHW-GIS-03-01,31,female,38.5,2,0,0,0,0,0,negative,treat_at_home,0,,recovered
CASE-000681,2024-11-29,Kirehe,Gahara,CHW-KIR-02-04,28,female,38.5,1,0,0,0,0,0,positive,treat_at_home,0,,recovered
CASE-000682,2024-11-29,Kirehe,Mahama,CHW-KIR-03-01,26,male,38.7,3,0,0,0,0,0,negative,refer,0,,recovered
CASE-000683,2024-11-29,Nyagatare,Matimba,CHW-NYG-04-01,60,male,38.2,1,0,0,0,0,0,positive,treat_at_home,0,,recovered
CASE-000684,2024-11-29,Nyagatare,Mimuri,CHW-NYG-05-01,83,male,37.9,2,0,0,0,0,0,invalid,treat_at_home,0,,recovered
CASE-000685,2024-11-29,Nyagatare,Rwimiyaga,CHW-NYG-03-02,122,female,37.8,1,0,0,0,0,0,positive,refer,1,29.0,recovered
CASE-000686,2024-11-30,Bugesera,Gashora,CHW-BUG-06-02,38,female,38.8,1,0,0,0,0,0,positive,treat_at_home,0,,recovered
CASE-000687,2024-11-30,Bugesera,Nyamata,CHW-BUG-01-03,121,male,38.7,1,0,0,0,0,0,positive,treat_at_home,0,,recovered
CASE-000688,2024-11-30,Bugesera,Rilima,CHW-BUG-02-04,11,female,38.7,3,0,0,0,0,1,negative,urgent_refer,1,2.7,recovered
CASE-000689,2024-11-30,Gasabo,Remera,CHW-GAS-02-03,26,female,38.4,1,0,0,0,0,0,positive,treat_at_home,0,,recovered
CASE-000690,2024-11-30,Gisagara,Gisagara,CHW-GIS-01-04,30,female,38.0,1,0,0,0,0,0,positive,treat_at_home,0,,died
CASE-000691,2024-11-30,Gisagara,Save,CHW-GIS-02-02,9,female,38.5,2,0,0,0,0,0,positive,treat_at_home,0,,recovered
CASE-000692,2024-11-30,Kirehe,Gahara,CHW-KIR-02-02,10,male,38.2,1,0,1,0,0,1,negative,urgent_refer,1,3.1,recovered
CASE-000693,2024-11-30,Kirehe,Gahara,CHW-KIR-02-04,493,male,38.4,2,0,0,0,1,0,negative,urgent_refer,0,,recovered
CASE-000694,2024-11-30,Kirehe,Kirehe,CHW-KIR-01-03,17,female,38.2,1,0,0,0,0,0,positive,treat_at_home,0,,recovered
CASE-000695,2024-11-30,Kirehe,Mahama,CHW-KIR-03-01,17,female,38.7,1,0,0,0,0,0,positive,treat_at_home,0,,recovered
CASE-000696,2024-11-30,Kirehe,Mahama,CHW-KIR-03-04,15,male,38.4,5,0,0,0,0,0,negative,refer,1,9.7,recovered
CASE-000697,2024-11-30,Kirehe,Mahama,CHW-KIR-03-04,57,female,38.4,1,0,0,0,0,0,positive,treat_at_home,0,,recovered
CASE-000698,2024-11-30,Nyagatare,Matimba,CHW-NYG-04-02,69,male,39.3,4,0,0,0,0,0,positive,treat_at_home,0,,recovered
CASE-000699,2024-11-30,Nyagatare,Nyagatare,CHW-NYG-01-02,77,female,37.8,2,0,0,0,0,0,positive,treat_at_home,0,,recovered
CASE-000700,2024-11-30,Nyagatare,Rwimiyaga,CHW-NYG-03-04,34,male,38.7,4,0,0,0,0,0,positive,treat_at_home,0,,recovered
CASE-000701,2024-11-30,Rusizi,Kamembe,CHW-RUS-01-01,107,male,36.9,0,0,0,0,0,0,negative,treat_at_home,0,,recovered
CASE-000702,2024-12-01,Bugesera,Rilima,CHW-BUG-02-02,702,male,36.3,0,0,0,0,0,0,negative,treat_at_home,0,,recovered
CASE-000703,2024-12-01,Gasabo,Kimironko,CHW-GAS-01-01,76,female,38.6,1,0,0,0,0,0,negative,treat_at_home,0,,recovered
CASE-000704,2024-12-01,Gasabo,Kimironko,CHW-GAS-01-04,13,male,38.9,1,0,0,0,0,0,positive,treat_at_home,0,,recovered
CASE-000705,2024-12-01,Gasabo,Remera,CHW-GAS-02-01,430,female,38.2,1,0,0,0,0,0,negative,treat_at_home,0,,recovered
CASE-000706,2024-12-01,Gisagara,Save,CHW-GIS-02-02,300,male,37.7,1,0,0,0,0,0,negative,refer,1,8.4,recovered
CASE-000707,2024-12-01,Kirehe,Gahara,CHW-KIR-02-03,279,male,38.1,2,0,0,0,0,0,positive,treat_at_home,0,,recovered
CASE-000708,2024-12-01,Kirehe,Mahama,CHW-KIR-03-04,1,female,37.9,4,0,0,0,0,0,positive,urgent_refer,1,5.4,died
CASE-000709,2024-12-01,Nyagatare,Karangazi,CHW-NYG-02-01,21,male,39.1,1,0,0,0,0,0,negative,treat_at_home,0,,recovered
CASE-000710,2024-12-01,Nyagatare,Matimba,CHW-NYG-04-02,134,female,38.5,1,0,0,0,0,0,negative,treat_at_home,0,,recovered
CASE-000711,2024-12-01,Nyagatare,Matimba,CHW-NYG-04-03,11,male,38.7,1,0,0,0,0,0,positive,treat_at_home,0,,recovered
CASE-000712,2024-12-01,Nyagatare,Mimuri,CHW-NYG-05-02,17,female,38.0,3,0,0,0,0,0,positive,treat_at_home,0,,recovered
CASE-000713,2024-12-01,Rusizi,Kamembe,CHW-RUS-01-01,641,male,37.9,1,0,0,0,1,0,negative,urgent_refer,1,2.6,recovered
CASE-000714,2024-12-01,Rusizi,Kamembe,CHW-RUS-01-02,47,male,38.0,2,0,0,0,0,0,positive,treat_at_home,0,,recovered
CASE-000715,2024-12-02,Bugesera,Mareba,CHW-BUG-04-02,74,male,36.8,0,1,0,0,0,1,negative,urgent_refer,1,2.0,recovered
CASE-000716,2024-12-02,Bugesera,Ntarama,CHW-BUG-05-04,1,male,38.4,3,0,0,0,0,0,positive,urgent_refer,0,,recovered
CASE-000717,2024-12-02,Gasabo,Remera,CHW-GAS-02-04,554,male,38.3,4,0,0,0,0,0,negative,refer,0,,recovered
CASE-000718,2024-12-02,Gisagara,Save,CHW-GIS-02-03,32,female,38.7,5,0,0,0,0,0,negative,refer,1,4.8,recovered
CASE-000719,2024-12-02,Kirehe,Kirehe,CHW-KIR-01-02,27,female,38.5,2,0,0,0,0,0,positive,treat_at_home,0,,recovered
CASE-000720,2024-12-02,Kirehe,Mahama,CHW-KIR-03-01,174,female,38.1,1,0,0,0,0,0,positive,treat_at_home,0,,recovered
CASE-000721,2024-12-02,Nyagatare,Karangazi,CHW-NYG-02-01,36,female,38.4,2,1,1,0,0,0,positive,urgent_refer,1,9.9,recovered
CASE-000722,2024-12-02,Nyagatare,Katabagemu,CHW-NYG-06-03,19,male,38.6,2,0,0,0,0,0,positive,treat_at_home,0,,recovered
CASE-000723,2024-12-02,Nyagatare,Matimba,CHW-NYG-04-03,601,male,38.0,2,0,0,0,0,0,positive,treat_at_home,0,,recovered
CASE-000724,2024-12-02,Nyagatare,Mimuri,CHW-NYG-05-04,652,female,38.2,1,0,0,0,0,0,positive,treat_at_home,0,,recovered
CASE-000725,2024-12-02,Rusizi,Gihundwe,CHW-RUS-03-03,112,male,39.0,3,0,0,0,0,0,positive,treat_at_home,0,,recovered
CASE-000726,2024-12-02,Rusizi,Gihundwe,CHW-RUS-03-04,209,male,36.0,0,0,0,0,0,0,positive,treat_at_home,0,,recovered
CASE-000727,2024-12-03,Bugesera,Mareba,CHW-BUG-04-02,50,male,38.2,3,0,0,0,0,0,negative,refer,0,,recovered
CASE-000728,2024-12-03,Bugesera,Mareba,CHW-BUG-04-02,47,male,38.4,1,0,0,0,0,0,negative,treat_at_home,0,,recovered
CASE-000729,2024-12-03,Bugesera,Mayange,CHW-BUG-03-01,104,female,38.8,2,0,0,0,0,0,negative,treat_at_home,0,,recovered
CASE-000730,2024-12-03,Bugesera,Ntarama,CHW-BUG-05-04,140,male,38.3,4,0,0,0,0,0,negative,refer,1,8.1,complication
CASE-000731,2024-12-03,Bugesera,Nyamata,CHW-BUG-01-04,24,male,39.1,2,0,0,0,0,0,invalid,refer,1,9.4,recovered
CASE-000732,2024-12-03,Gasabo,Kacyiru,CHW-GAS-03-04,315,female,38.1,4,0,0,0,0,0,negative,refer,1,6.8,recovered
CASE-000733,2024-12-03,Gasabo,Kacyiru,CHW-GAS-03-04,7,female,38.7,4,0,0,0,0,1,negative,urgent_refer,1,3.1,recovered
CASE-000734,2024-12-03,Gisagara,Kibirizi,CHW-GIS-03-01,37,female,38.3,4,0,0,0,0,0,positive,treat_at_home,0,,recovered
CASE-000735,2024-12-03,Kirehe,Gahara,CHW-KIR-02-02,14,male,38.4,3,0,1,1,0,0,positive,urgent_refer,1,5.5,recovered
CASE-000736,2024-12-03,Kirehe,Gahara,CHW-KIR-02-02,29,male,38.4,2,0,0,0,0,0,negative,treat_at_home,0,,recovered
CASE-000737,2024-12-03,Kirehe,Mahama,CHW-KIR-03-04,48,female,38.8,4,0,0,0,0,0,positive,treat_at_home,0,,recovered
CASE-000738,2024-12-03,Nyagatare,Katabagemu,CHW-NYG-06-02,47,male,39.4,1,0,0,0,0,0,negative,treat_at_home,0,,recovered
CASE-000739,2024-12-03,Nyagatare,Nyagatare,CHW-NYG-01-01,320,male,38.4,6,0,0,0,0,0,positive,refer,1,13.8,recovered
CASE-000740,2024-12-03,Nyagatare,Rwimiyaga,CHW-NYG-03-01,501,female,37.9,1,0,0,0,0,0,positive,treat_at_home,0,,recovered
CASE-000741,2024-12-04,Bugesera,Gashora,CHW-BUG-06-03,5,male,38.5,2,0,0,0,0,0,invalid,treat_at_home,0,,recovered
CASE-000742,2024-12-04,Bugesera,Mareba,CHW-BUG-04-04,168,female,38.0,2,0,0,0,0,0,negative,refer,0,,recovered
CASE-000743,2024-12-04,Bugesera,Mayange,CHW-BUG-03-03,21,female,38.0,2,0,0,0,0,0,invalid,refer,1,3.4,recovered
CASE-000744,2024-12-04,Bugesera,Nyamata,CHW-BUG-01-04,6,female,38.8,1,0,0,0,0,0,negative,treat_at_home,0,,recovered
CASE-000745,2024-12-04,Bugesera,Rilima,CHW-BUG-02-04,23,female,38.7,1,0,0,0,0,0,positive,treat_at_home,0,,recovered
CASE-000746,2024-12-04,Gisagara,Kibirizi,CHW-GIS-03-03,105,female,38.8,3,0,1,0,0,0,negative,urgent_refer,1,5.5,recovered
CASE-000747,2024-12-04,Kirehe,Gahara,CHW-KIR-02-02,41,female,37.9,1,0,0,0,0,0,negative,treat_at_home,0,,recovered
CASE-000748,2024-12-04,Nyagatare,Katabagemu,CHW-NYG-06-03,51,male,38.6,3,0,0,0,0,0,positive,treat_at_home,0,,recovered
CASE-000749,2024-12-04,Nyagatare,Nyagatare,CHW-NYG-01-01,174,female,38.4,2,0,0,0,0,0,negative,treat_at_home,0,,recovered
CASE-000750,2024-12-04,Nyagatare,Nyagatare,CHW-NYG-01-01,670,male,38.4,1,1,0,0,0,0,positive,urgent_refer,0,,unknown
CASE-000751,2024-12-04,Rusizi,Bugarama,CHW-RUS-02-01,157,male,37.3,1,0,0,0,0,0,negative,treat_at_home,0,,recovered
CASE-000752,2024-12-04,Rusizi,Kamembe,CHW-RUS-01-01,27,female,38.5,4,0,0,0,0,0,positive,treat_at_home,0,,recovered
CASE-000753,2024-12-04,Rusizi,Kamembe,CHW-RUS-01-02,54,male,38.8,3,0,0,0,0,0,negative,refer,1,3.3,recovered
CASE-000754,2024-12-05,Nyagatare,Karangazi,CHW-NYG-02-04,53,male,38.6,2,0,0,0,0,0,positive,treat_at_home,0,,recovered
CASE-000755,2024-12-05,Nyagatare,Matimba,CHW-NYG-04-04,53,male,38.0,2,0,0,0,0,0,invalid,refer,1,8.7,recovered
CASE-000756,2024-12-05,Nyagatare,Mimuri,CHW-NYG-05-03,254,female,39.0,2,0,0,0,0,0,negative,treat_at_home,0,,recovered
CASE-000757,2024-12-06,Bugesera,Gashora,CHW-BUG-06-04,142,male,38.0,3,0,0,0,0,0,positive,treat_at_home,0,,recovered
CASE-000758,2024-12-06,Gisagara,Kibirizi,CHW-GIS-03-02,57,female,38.7,2,0,0,0,0,0,negative,treat_at_home,0,,recovered
CASE-000759,2024-12-06,Gisagara,Save,CHW-GIS-02-01,42,male,37.9,4,0,0,0,0,0,positive,treat_at_home,0,,recovered
CASE-000760,2024-12-06,Kirehe,Gahara,CHW-KIR-02-03,70,female,38.6,2,0,0,0,0,0,positive,treat_at_home,0,,recovered
CASE-000761,2024-12-06,Kirehe,Kirehe,CHW-KIR-01-03,25,female,39.1,3,0,0,0,0,0,negative,refer,1,9.9,recovered
CASE-000762,2024-12-06,Kirehe,Mahama,CHW-KIR-03-01,27,female,38.5,2,0,0,0,0,0,positive,treat_at_home,0,,recovered
CASE-000763,2024-12-06,Nyagatare,Mimuri,CHW-NYG-05-01,112,female,38.2,2,0,0,0,0,0,invalid,refer,1,11.2,recovered
CASE-000764,2024-12-06,Nyagatare,Mimuri,CHW-NYG-05-01,2,male,38.7,1,0,0,0,0,0,invalid,refer,1,3.2,recovered
CASE-000765,2024-12-06,Nyagatare,Mimuri,CHW-NYG-05-04,89,male,38.9,3,0,0,0,0,0,negative,refer,1,12.4,died
CASE-000766,2024-12-06,Nyagatare,Nyagatare,CHW-NYG-01-02,86,female,38.2,3,0,0,0,0,0,positive,treat_at_home,0,,complication
CASE-000767,2024-12-06,Rusizi,Bugarama,CHW-RUS-02-04,652,female,38.3,1,0,0,0,0,0,positive,treat_at_home,0,,recovered
CASE-000768,2024-12-07,Bugesera,Ntarama,CHW-BUG-05-03,132,male,38.4,4,0,1,0,1,0,positive,refer,1,6.1,complication
CASE-000769,2024-12-07,Gasabo,Kimironko,CHW-GAS-01-01,96,female,39.0,1,0,0,0,0,0,negative,treat_at_home,0,,recovered
CASE-000770,2024-12-07,Gasabo,Kimironko,CHW-GAS-01-04,623,male,38.2,4,0,0,0,0,0,negative,refer,1,8.6,recovered
CASE-000771,2024-12-07,Kirehe,Kirehe,CHW-KIR-01-01,11,female,38.3,4,0,0,0,0,0,positive,treat_at_home,0,,recovered
CASE-000772,2024-12-07,Kirehe,Kirehe,CHW-KIR-01-01,43,female,38.0,2,0,1,0,0,0,positive,treat_at_home,0,,complication
CASE-000773,2024-12-07,Kirehe,Mahama,CHW-KIR-03-02,54,female,37.9,1,0,0,0,0,0,positive,treat_at_home,0,,recovered
CASE-000774,2024-12-07,Nyagatare,Matimba,CHW-NYG-04-04,197,female,38.2,2,0,0,0,0,0,negative,treat_at_home,0,,recovered
CASE-000775,2024-12-07,Nyagatare,Mimuri,CHW-NYG-05-04,13,male,37.9,1,0,0,0,0,0,positive,treat_at_home,0,,recovered
CASE-000776,2024-12-08,Bugesera,Gashora,CHW-BUG-06-01,48,male,39.1,3,0,0,0,0,0,positive,treat_at_home,0,,recovered
CASE-000777,2024-12-08,Bugesera,Gashora,CHW-BUG-06-02,11,female,38.3,2,0,0,0,0,0,positive,treat_at_home,0,,recovered
CASE-000778,2024-12-08,Bugesera,Gashora,CHW-BUG-06-04,164,male,37.8,2,0,0,0,0,0,positive,treat_at_home,0,,recovered
CASE-000779,2024-12-08,Bugesera,Gashora,CHW-BUG-06-04,179,female,37.9,3,0,0,0,0,0,positive,treat_at_home,0,,recovered
CASE-000780,2024-12-08,Bugesera,Mareba,CHW-BUG-04-04,138,female,38.7,1,0,0,0,0,0,positive,treat_at_home,0,,recovered
CASE-000781,2024-12-08,Bugesera,Mayange,CHW-BUG-03-04,43,male,38.0,1,0,0,0,0,0,negative,treat_at_home,0,,recovered
CASE-000782,2024-12-08,Kirehe,Kirehe,CHW-KIR-01-03,57,female,37.9,1,0,0,0,0,0,positive,treat_at_home,0,,recovered
CASE-000783,2024-12-08,Kirehe,Mahama,CHW-KIR-03-01,145,male,38.6,4,0,0,0,0,0,positive,treat_at_home,0,,recovered
CASE-000784,2024-12-08,Kirehe,Mahama,CHW-KIR-03-01,378,male,38.6,2,0,0,0,0,0,positive,treat_at_home,0,,recovered
CASE-000785,2024-12-08,Nyagatare,Nyagatare,CHW-NYG-01-02,7,female,39.0,1,1,0,0,0,0,negative,urgent_refer,1,4.9,unknown
CASE-000786,2024-12-08,Nyagatare,Nyagatare,CHW-NYG-01-04,40,male,38.3,5,0,0,0,0,0,positive,treat_at_home,0,,recovered
CASE-000787,2024-12-08,Rusizi,Bugarama,CHW-RUS-02-01,348,female,38.8,1,0,0,0,0,0,positive,treat_at_home,0,,recovered
CASE-000788,2024-12-08,Rusizi,Kamembe,CHW-RUS-01-03,147,female,38.6,2,0,0,0,0,0,positive,treat_at_home,0,,recovered
CASE-000789,2024-12-09,Bugesera,Ntarama,CHW-BUG-05-01,45,male,39.1,3,0,0,0,0,0,negative,refer,0,,unknown
CASE-000790,2024-12-09,Bugesera,Nyamata,CHW-BUG-01-04,23,female,38.4,3,0,0,0,0,0,negative,refer,1,5.4,recovered
CASE-000791,2024-12-09,Bugesera,Rilima,CHW-BUG-02-02,165,female,38.3,1,0,0,0,0,0,positive,treat_at_home,0,,recovered
CASE-000792,2024-12-09,Bugesera,Rilima,CHW-BUG-02-04,30,male,38.6,3,0,0,0,0,0,positive,treat_at_home,0,,complication
CASE-000793,2024-12-09,Gasabo,Kimironko,CHW-GAS-01-04,86,male,37.6,2,0,0,0,0,0,positive,treat_at_home,0,,recovered
CASE-000794,2024-12-09,Kirehe,Gahara,CHW-KIR-02-04,337,male,39.2,3,0,0,0,0,0,negative,refer,1,2.7,unknown
CASE-000795,2024-12-09,Nyagatare,Matimba,CHW-NYG-04-01,28,female,38.2,2,0,0,0,0,0,positive,treat_at_home,0,,recovered
CASE-000796,2024-12-09,Nyagatare,Nyagatare,CHW-NYG-01-02,94,female,37.8,1,0,0,0,0,0,negative,treat_at_home,0,,complication
CASE-000797,2024-12-10,Bugesera,Gashora,CHW-BUG-06-03,57,female,38.1,2,0,0,0,0,0,positive,treat_at_home,0,,recovered
CASE-000798,2024-12-10,Bugesera,Mareba,CHW-BUG-04-02,154,female,38.4,1,0,0,0,0,0,negative,treat_at_home,0,,recovered
CASE-000799,2024-12-10,Kirehe,Gahara,CHW-KIR-02-02,59,female,37.7,1,0,0,0,0,0,negative,treat_at_home,0,,recovered
CASE-000800,2024-12-10,Kirehe,Gahara,CHW-KIR-02-02,16,female,37.0,0,0,0,1,0,0,negative,urgent_refer,0,,complication
CASE-000801,2024-12-10,Nyagatare,Matimba,CHW-NYG-04-02,650,female,37.9,1,0,0,0,0,0,positive,treat_at_home,0,,recovered
CASE-000802,2024-12-10,Nyagatare,Nyagatare,CHW-NYG-01-03,292,male,38.3,2,0,0,0,0,0,negative,treat_at_home,0,,recovered
CASE-000803,2024-12-10,Rusizi,Gihundwe,CHW-RUS-03-03,57,female,38.0,2,0,0,0,0,0,positive,treat_at_home,0,,recovered
CASE-000804,2024-12-11,Bugesera,Gashora,CHW-BUG-06-04,173,female,38.1,2,0,0,0,0,0,positive,treat_at_home,0,,recovered
CASE-000805,2024-12-11,Bugesera,Mareba,CHW-BUG-04-04,43,female,38.6,7,1,0,0,0,0,negative,urgent_refer,1,3.1,recovered
CASE-000806,2024-12-11,Bugesera,Ntarama,CHW-BUG-05-02,140,male,39.0,1,0,0,0,0,0,positive,treat_at_home,0,,recovered
CASE-000807,2024-12-11,Bugesera,Nyamata,CHW-BUG-01-04,2,female,38.6,3,1,0,0,1,0,positive,urgent_refer,1,1.8,recovered
CASE-000808,2024-12-11,Gisagara,Kibirizi,CHW-GIS-03-04,17,male,37.5,1,0,0,0,0,0,positive,treat_at_home,0,,recovered
CASE-000809,2024-12-11,Nyagatare,Katabagemu,CHW-NYG-06-02,140,male,38.5,7,0,0,0,0,0,positive,treat_at_home,0,,recovered
CASE-000810,2024-12-11,Nyagatare,Katabagemu,CHW-NYG-06-02,650,female,38.7,1,0,0,0,0,0,positive,treat_at_home,0,,recovered
CASE-000811,2024-12-11,Nyagatare,Matimba,CHW-NYG-04-01,21,male,38.9,2,0,0,0,0,0,positive,treat_at_home,0,,recovered
CASE-000812,2024-12-11,Nyagatare,Rwimiyaga,CHW-NYG-03-03,41,male,37.8,1,0,0,0,0,0,positive,treat_at_home,0,,recovered
CASE-000813,2024-12-11,Rusizi,Bugarama,CHW-RUS-02-02,165,male,36.3,0,0,0,0,0,0,negative,treat_at_home,0,,recovered
CASE-000814,2024-12-11,Rusizi,Kamembe,CHW-RUS-01-04,14,male,38.2,3,0,0,0,0,0,negative,refer,1,10.3,died
CASE-000815,2024-12-12,Bugesera,Gashora,CHW-BUG-06-02,64,female,38.9,1,0,0,1,0,0,positive,urgent_refer,0,,complication
CASE-000816,2024-12-12,Gisagara,Kibirizi,CHW-GIS-03-02,2,female,38.6,3,0,0,1,0,0,negative,urgent_refer,1,4.5,recovered
CASE-000817,2024-12-12,Gisagara,Save,CHW-GIS-02-03,34,female,39.1,1,0,0,0,1,1,positive,urgent_refer,1,4.4,recovered
CASE-000818,2024-12-12,Kirehe,Gahara,CHW-KIR-02-02,153,male,39.0,1,0,0,0,0,0,invalid,refer,1,9.1,recovered
CASE-000819,2024-12-12,Kirehe,Kirehe,CHW-KIR-01-01,30,male,38.4,2,0,0,0,0,0,positive,treat_at_home,0,,recovered
CASE-000820,2024-12-12,Nyagatare,Katabagemu,CHW-NYG-06-04,38,female,38.8,1,0,0,1,0,0,positive,refer,1,7.0,recovered
CASE-000821,2024-12-12,Nyagatare,Katabagemu,CHW-NYG-06-04,510,male,39.1,4,0,1,0,0,0,invalid,urgent_refer,1,3.0,recovered
CASE-000822,2024-12-12,Rusizi,Bugarama,CHW-RUS-02-01,37,male,38.9,1,0,0,0,0,0,negative,treat_at_home,0,,recovered
CASE-000823,2024-12-13,Bugesera,Ntarama,CHW-BUG-05-01,633,male,38.8,3,0,1,0,0,0,positive,urgent_refer,1,2.3,recovered
CASE-000824,2024-12-13,Gisagara,Kibirizi,CHW-GIS-03-01,60,male,38.0,6,0,0,0,0,0,positive,treat_at_home,0,,recovered
CASE-000825,2024-12-13,Kirehe,Gahara,CHW-KIR-02-02,89,male,38.2,3,0,0,0,0,0,positive,treat_at_home,0,,recovered
CASE-000826,2024-12-13,Kirehe,Kirehe,CHW-KIR-01-02,33,male,38.8,1,0,0,0,1,0,positive,treat_at_home,0,,recovered
CASE-000827,2024-12-13,Kirehe,Kirehe,CHW-KIR-01-03,110,female,38.0,2,0,0,0,0,0,negative,treat_at_home,0,,recovered
CASE-000828,2024-12-13,Kirehe,Mahama,CHW-KIR-03-02,32,male,39.1,4,0,0,0,0,0,positive,treat_at_home,0,,recovered
CASE-000829,2024-12-13,Kirehe,Mahama,CHW-KIR-03-03,84,female,36.9,0,0,0,0,0,0,negative,treat_at_home,0,,recovered
CASE-000830,2024-12-13,Nyagatare,Katabagemu,CHW-NYG-06-02,39,male,38.2,3,0,0,0,0,0,positive,refer,1,8.3,recovered
CASE-000831,2024-12-13,Nyagatare,Katabagemu,CHW-NYG-06-03,98,male,38.2,2,0,0,0,0,0,positive,treat_at_home,0,,recovered
CASE-000832,2024-12-13,Nyagatare,Katabagemu,CHW-NYG-06-04,445,male,37.8,3,0,0,0,0,0,positive,treat_at_home,0,,recovered
CASE-000833,2024-12-14,Gisagara,Kibirizi,CHW-GIS-03-04,6,female,39.0,7,0,0,0,0,0,positive,treat_at_home,0,,recovered
CASE-000834,2024-12-14,Gisagara,Save,CHW-GIS-02-04,8,female,37.3,1,0,0,0,0,0,positive,treat_at_home,0,,recovered
CASE-000835,2024-12-14,Kirehe,Gahara,CHW-KIR-02-04,20,male,38.8,1,0,0,0,0,0,negative,treat_at_home,0,,recovered
CASE-000836,2024-12-14,Kirehe,Kirehe,CHW-KIR-01-04,3,male,36.5,0,0,0,0,0,0,negative,treat_at_home,0,,recovered
CASE-000837,2024-12-14,Nyagatare,Karangazi,CHW-NYG-02-02,177,male,39.3,3,0,0,0,0,0,negative,refer,1,5.2,recovered
CASE-000838,2024-12-14,Nyagatare,Katabagemu,CHW-NYG-06-02,31,female,38.6,5,0,0,0,0,0,invalid,refer,0,,complication
CASE-000839,2024-12-14,Nyagatare,Rwimiyaga,CHW-NYG-03-02,148,female,38.9,6,0,0,0,0,0,positive,treat_at_home,0,,recovered
CASE-000840,2024-12-14,Rusizi,Bugarama,CHW-RUS-02-03,12,female,37.8,1,0,0,0,0,0,negative,treat_at_home,0,,recovered
CASE-000841,2024-12-14,Rusizi,Kamembe,CHW-RUS-01-04,14,female,37.9,3,0,0,0,0,0,positive,treat_at_home,0,,recovered
CASE-000842,2024-12-15,Bugesera,Gashora,CHW-BUG-06-03,80,female,38.2,1,0,0,0,0,0,invalid,refer,1,23.3,recovered
CASE-000843,2024-12-15,Bugesera,Mareba,CHW-BUG-04-02,409,female,38.1,5,0,0,0,0,0,positive,treat_at_home,0,,recovered
CASE-000844,2024-12-15,Bugesera,Rilima,CHW-BUG-02-02,42,male,39.0,4,0,0,0,0,0,positive,treat_at_home,0,,recovered
CASE-000845,2024-12-15,Gisagara,Save,CHW-GIS-02-03,48,male,37.3,2,0,0,0,0,0,negative,refer,1,4.9,unknown
CASE-000846,2024-12-15,Kirehe,Kirehe,CHW-KIR-01-01,32,male,38.4,7,0,0,0,0,0,negative,refer,1,3.7,recovered
CASE-000847,2024-12-15,Kirehe,Mahama,CHW-KIR-03-02,44,male,38.4,1,0,0,0,0,0,positive,treat_at_home,0,,recovered
CASE-000848,2024-12-15,Nyagatare,Matimba,CHW-NYG-04-03,171,male,38.8,2,0,1,0,0,0,positive,urgent_refer,0,,recovered
CASE-000849,2024-12-15,Rusizi,Bugarama,CHW-RUS-02-04,4,female,37.9,1,0,0,0,0,0,positive,treat_at_home,0,,recovered
CASE-000850,2024-12-16,Bugesera,Gashora,CHW-BUG-06-02,297,female,38.8,1,0,0,0,0,0,negative,treat_at_home,0,,recovered
CASE-000851,2024-12-16,Bugesera,Mayange,CHW-BUG-03-02,570,male,39.3,4,0,0,0,0,0,positive,treat_at_home,0,,recovered
CASE-000852,2024-12-16,Bugesera,Nyamata,CHW-BUG-01-04,8,female,38.6,4,0,0,0,0,0,negative,refer,1,6.3,recovered
CASE-000853,2024-12-16,Gasabo,Remera,CHW-GAS-02-03,61,male,38.4,2,0,0,0,0,0,negative,treat_at_home,0,,recovered
CASE-000854,2024-12-16,Gisagara,Gisagara,CHW-GIS-01-01,49,female,38.8,1,0,0,0,0,0,positive,treat_at_home,0,,recovered
CASE-000855,2024-12-16,Gisagara,Gisagara,CHW-GIS-01-02,450,male,39.0,1,0,0,0,0,0,negative,treat_at_home,0,,recovered
CASE-000856,2024-12-16,Kirehe,Kirehe,CHW-KIR-01-02,32,female,38.1,1,0,0,0,0,0,negative,treat_at_home,0,,recovered
CASE-000857,2024-12-16,Nyagatare,Nyagatare,CHW-NYG-01-03,106,female,38.0,3,0,0,0,0,0,invalid,refer,1,9.7,recovered
CASE-000858,2024-12-16,Nyagatare,Rwimiyaga,CHW-NYG-03-01,14,female,38.6,3,0,0,0,0,0,positive,treat_at_home,0,,recovered
CASE-000859,2024-12-16,Nyagatare,Rwimiyaga,CHW-NYG-03-02,206,male,38.5,2,0,0,0,0,0,positive,treat_at_home,0,,recovered
CASE-000860,2024-12-16,Nyagatare,Rwimiyaga,CHW-NYG-03-03,137,female,37.8,4,0,0,0,0,0,positive,treat_at_home,0,,recovered
CASE-000861,2024-12-17,Bugesera,Mareba,CHW-BUG-04-02,40,female,39.1,2,0,1,0,1,0,positive,urgent_refer,1,4.8,recovered
CASE-000862,2024-12-17,Bugesera,Ntarama,CHW-BUG-05-02,9,male,38.4,1,0,0,0,1,0,positive,urgent_refer,1,2.7,recovered
CASE-000863,2024-12-17,Gasabo,Kimironko,CHW-GAS-01-01,714,male,37.9,2,0,0,0,0,0,negative,treat_at_home,0,,recovered
CASE-000864,2024-12-17,Gisagara,Kibirizi,CHW-GIS-03-04,26,male,38.4,1,0,0,0,0,0,positive,treat_at_home,0,,recovered
CASE-000865,2024-12-17,Gisagara,Save,CHW-GIS-02-01,42,female,38.2,1,0,0,0,0,0,positive,treat_at_home,0,,recovered
CASE-000866,2024-12-17,Kirehe,Gahara,CHW-KIR-02-04,39,female,38.5,4,0,0,0,0,0,positive,treat_at_home,0,,recovered
CASE-000867,2024-12-17,Kirehe,Kirehe,CHW-KIR-01-02,606,female,38.1,1,0,0,0,0,0,invalid,refer,1,10.3,recovered
CASE-000868,2024-12-17,Nyagatare,Matimba,CHW-NYG-04-04,0,female,38.6,4,0,1,0,0,0,positive,urgent_refer,1,5.5,recovered
CASE-000869,2024-12-18,Bugesera,Mayange,CHW-BUG-03-03,339,male,38.8,2,0,0,0,0,0,positive,treat_at_home,0,,recovered
CASE-000870,2024-12-18,Bugesera,Nyamata,CHW-BUG-01-02,11,female,38.1,2,0,1,0,0,0,positive,urgent_refer,1,2.4,recovered
CASE-000871,2024-12-18,Gasabo,Kimironko,CHW-GAS-01-01,1,female,38.2,1,0,0,0,0,0,negative,urgent_refer,1,2.5,recovered
CASE-000872,2024-12-18,Gisagara,Kibirizi,CHW-GIS-03-01,2,female,37.8,5,0,0,0,0,0,positive,treat_at_home,0,,recovered
CASE-000873,2024-12-18,Kirehe,Gahara,CHW-KIR-02-04,126,female,38.3,4,0,0,0,0,0,positive,treat_at_home,0,,recovered
CASE-000874,2024-12-18,Kirehe,Gahara,CHW-KIR-02-04,55,male,38.7,2,0,0,0,0,0,positive,treat_at_home,0,,recovered
CASE-000875,2024-12-18,Kirehe,Mahama,CHW-KIR-03-03,157,male,38.0,2,0,0,0,0,0,positive,treat_at_home,0,,recovered
CASE-000876,2024-12-18,Nyagatare,Katabagemu,CHW-NYG-06-04,35,male,37.8,2,0,0,0,0,0,negative,treat_at_home,0,,recovered
CASE-000877,2024-12-18,Nyagatare,Rwimiyaga,CHW-NYG-03-04,236,male,38.8,7,0,0,0,0,0,positive,treat_at_home,0,,recovered
CASE-000878,2024-12-18,Rusizi,Bugarama,CHW-RUS-02-04,18,female,38.3,1,0,0,0,0,0,positive,treat_at_home,0,,recovered
CASE-000879,2024-12-18,Rusizi,Kamembe,CHW-RUS-01-01,488,female,38.4,4,0,0,0,0,0,negative,refer,0,,recovered
CASE-000880,2024-12-18,Rusizi,Kamembe,CHW-RUS-01-02,9,male,38.3,3,0,0,0,0,0,negative,refer,1,6.1,recovered
CASE-000881,2024-12-18,Rusizi,Kamembe,CHW-RUS-01-02,43,female,37.4,2,0,0,0,0,0,positive,treat_at_home,0,,recovered
CASE-000882,2024-12-19,Bugesera,Mareba,CHW-BUG-04-04,11,female,38.1,1,0,0,0,0,0,negative,refer,1,11.6,recovered
CASE-000883,2024-12-19,Bugesera,Ntarama,CHW-BUG-05-01,46,male,38.4,1,0,0,0,0,0,negative,treat_at_home,0,,recovered
CASE-000884,2024-12-19,Bugesera,Nyamata,CHW-BUG-01-02,18,female,38.0,4,0,0,0,0,0,negative,refer,0,,recovered
CASE-000885,2024-12-19,Gisagara,Kibirizi,CHW-GIS-03-01,33,male,38.9,5,0,0,0,0,0,negative,refer,1,8.3,recovered
CASE-000886,2024-12-19,Nyagatare,Nyagatare,CHW-NYG-01-04,641,female,38.1,2,0,0,0,0,0,positive,treat_at_home,0,,recovered
CASE-000887,2024-12-19,Rusizi,Kamembe,CHW-RUS-01-04,36,male,38.4,4,0,0,0,0,0,positive,treat_at_home,0,,recovered
CASE-000888,2024-12-20,Bugesera,Mayange,CHW-BUG-03-04,378,male,38.8,3,0,0,0,0,0,positive,treat_at_home,0,,recovered
CASE-000889,2024-12-20,Gisagara,Save,CHW-GIS-02-01,469,male,38.7,1,0,0,0,0,0,positive,treat_at_home,0,,recovered
CASE-000890,2024-12-20,Gisagara,Save,CHW-GIS-02-01,48,female,38.1,1,0,0,0,0,0,negative,treat_at_home,0,,recovered
CASE-000891,2024-12-20,Gisagara,Save,CHW-GIS-02-04,4,male,39.1,2,0,0,0,0,0,positive,treat_at_home,0,,recovered
CASE-000892,2024-12-20,Gisagara,Save,CHW-GIS-02-04,1,female,38.3,1,0,0,0,1,0,positive,urgent_refer,1,2.7,recovered
CASE-000893,2024-12-20,Kirehe,Gahara,CHW-KIR-02-01,39,female,38.3,5,0,0,0,0,0,positive,treat_at_home,0,,recovered
CASE-000894,2024-12-20,Kirehe,Mahama,CHW-KIR-03-02,43,male,39.1,4,0,0,0,0,0,positive,treat_at_home,0,,recovered
CASE-000895,2024-12-20,Nyagatare,Mimuri,CHW-NYG-05-03,175,male,38.6,1,0,0,0,0,0,positive,treat_at_home,0,,recovered
CASE-000896,2024-12-20,Nyagatare,Nyagatare,CHW-NYG-01-03,324,male,38.7,1,0,0,0,0,0,positive,treat_at_home,0,,recovered
CASE-000897,2024-12-20,Rusizi,Bugarama,CHW-RUS-02-01,42,female,38.4,1,0,0,1,0,0,negative,urgent_refer,0,,complication
CASE-000898,2024-12-20,Rusizi,Bugarama,CHW-RUS-02-04,171,male,38.6,1,0,0,0,0,0,invalid,refer,1,13.1,recovered
CASE-000899,2024-12-21,Bugesera,Mayange,CHW-BUG-03-02,17,female,38.8,4,0,0,0,0,0,negative,refer,1,4.2,recovered
CASE-000900,2024-12-21,Kirehe,Gahara,CHW-KIR-02-04,0,female,38.1,2,1,0,1,0,0,positive,urgent_refer,1,5.4,recovered
CASE-000901,2024-12-21,Kirehe,Kirehe,CHW-KIR-01-03,37,female,38.3,5,0,0,0,0,0,negative,refer,0,,recovered
CASE-000902,2024-12-21,Nyagatare,Nyagatare,CHW-NYG-01-04,22,male,38.7,2,0,0,0,0,0,positive,treat_at_home,0,,recovered
CASE-000903,2024-12-21,Rusizi,Kamembe,CHW-RUS-01-01,73,female,36.8,0,0,0,0,0,0,negative,treat_at_home,0,,recovered
CASE-000904,2024-12-22,Bugesera,Mareba,CHW-BUG-04-02,34,female,38.2,2,0,0,0,0,0,negative,treat_at_home,0,,recovered
CASE-000905,2024-12-22,Bugesera,Mareba,CHW-BUG-04-04,42,female,38.9,4,0,0,0,0,0,positive,treat_at_home,0,,recovered
CASE-000906,2024-12-22,Bugesera,Mayange,CHW-BUG-03-03,18,male,38.0,2,0,0,0,0,0,positive,treat_at_home,0,,recovered
CASE-000907,2024-12-22,Bugesera,Ntarama,CHW-BUG-05-04,25,female,39.6,2,0,0,1,0,0,positive,urgent_refer,1,3.2,recovered
CASE-000908,2024-12-22,Gasabo,Kimironko,CHW-GAS-01-01,76,female,38.2,1,0,0,0,0,0,positive,treat_at_home,0,,recovered
CASE-000909,2024-12-22,Gisagara,Kibirizi,CHW-GIS-03-02,644,female,38.9,1,0,0,0,0,0,positive,treat_at_home,0,,recovered
CASE-000910,2024-12-22,Gisagara,Kibirizi,CHW-GIS-03-03,56,female,38.4,4,0,0,0,0,0,positive,treat_at_home,0,,recovered
CASE-000911,2024-12-22,Nyagatare,Katabagemu,CHW-NYG-06-01,35,female,39.1,1,0,0,0,0,0,invalid,refer,1,8.4,recovered
CASE-000912,2024-12-22,Nyagatare,Mimuri,CHW-NYG-05-04,45,male,38.4,1,0,0,0,0,0,negative,treat_at_home,0,,recovered
CASE-000913,2024-12-22,Nyagatare,Rwimiyaga,CHW-NYG-03-04,20,female,38.8,2,0,0,0,0,0,invalid,refer,1,6.2,recovered
CASE-000914,2024-12-22,Rusizi,Bugarama,CHW-RUS-02-01,211,male,38.1,2,0,0,0,0,0,positive,treat_at_home,0,,recovered
CASE-000915,2024-12-22,Rusizi,Kamembe,CHW-RUS-01-03,179,male,38.3,2,0,0,0,0,0,positive,treat_at_home,0,,recovered
CASE-000916,2024-12-23,Bugesera,Gashora,CHW-BUG-06-04,52,female,37.3,1,0,0,0,0,0,negative,treat_at_home,0,,recovered
CASE-000917,2024-12-23,Bugesera,Gashora,CHW-BUG-06-04,13,male,38.3,3,0,0,0,0,0,positive,treat_at_home,0,,recovered
CASE-000918,2024-12-23,Bugesera,Mayange,CHW-BUG-03-01,240,male,37.7,2,0,0,0,0,0,positive,treat_at_home,0,,recovered
CASE-000919,2024-12-23,Bugesera,Ntarama,CHW-BUG-05-02,14,female,38.2,3,0,0,0,0,0,negative,refer,1,2.4,recovered
CASE-000920,2024-12-23,Bugesera,Rilima,CHW-BUG-02-02,28,female,38.3,1,0,0,0,0,0,positive,treat_at_home,0,,recovered
CASE-000921,2024-12-23,Gasabo,Kimironko,CHW-GAS-01-02,57,male,39.1,6,0,0,0,0,0,positive,treat_at_home,0,,recovered
CASE-000922,2024-12-23,Kirehe,Kirehe,CHW-KIR-01-03,108,female,37.5,2,0,0,0,0,0,negative,treat_at_home,0,,recovered
CASE-000923,2024-12-23,Nyagatare,Karangazi,CHW-NYG-02-03,642,female,39.0,3,0,0,0,0,0,negative,refer,1,13.5,recovered
CASE-000924,2024-12-23,Nyagatare,Karangazi,CHW-NYG-02-04,57,female,38.9,2,0,0,0,0,0,positive,treat_at_home,0,,recovered
CASE-000925,2024-12-23,Nyagatare,Mimuri,CHW-NYG-05-02,43,female,38.3,5,0,0,0,0,0,negative,treat_at_home,0,,recovered
CASE-000926,2024-12-23,Nyagatare,Mimuri,CHW-NYG-05-02,183,male,37.9,1,0,0,0,0,0,positive,treat_at_home,0,,recovered
CASE-000927,2024-12-23,Rusizi,Bugarama,CHW-RUS-02-04,27,male,38.2,1,1,0,0,0,0,negative,urgent_refer,1,9.8,recovered
CASE-000928,2024-12-23,Rusizi,Kamembe,CHW-RUS-01-01,475,female,38.5,3,0,1,0,0,0,positive,urgent_refer,1,7.3,complication
CASE-000929,2024-12-23,Rusizi,Kamembe,CHW-RUS-01-03,57,female,38.3,1,0,0,0,0,0,positive,treat_at_home,0,,recovered
CASE-000930,2024-12-24,Bugesera,Gashora,CHW-BUG-06-03,111,male,38.2,1,0,0,0,0,0,invalid,refer,0,,recovered
CASE-000931,2024-12-24,Bugesera,Gashora,CHW-BUG-06-04,396,female,38.6,1,0,0,0,0,0,positive,treat_at_home,0,,recovered
CASE-000932,2024-12-24,Bugesera,Nyamata,CHW-BUG-01-04,44,male,38.1,3,0,0,0,0,0,positive,treat_at_home,0,,recovered
CASE-000933,2024-12-24,Gisagara,Gisagara,CHW-GIS-01-04,125,male,39.1,5,0,0,0,0,0,positive,treat_at_home,0,,died
CASE-000934,2024-12-24,Kirehe,Gahara,CHW-KIR-02-01,611,female,38.7,1,0,0,0,0,0,positive,treat_at_home,0,,recovered
CASE-000935,2024-12-24,Kirehe,Gahara,CHW-KIR-02-03,161,male,38.8,2,0,0,0,0,0,positive,treat_at_home,0,,recovered
CASE-000936,2024-12-25,Bugesera,Mareba,CHW-BUG-04-03,59,female,39.1,3,0,0,0,0,0,positive,treat_at_home,0,,recovered
CASE-000937,2024-12-25,Bugesera,Ntarama,CHW-BUG-05-01,42,female,38.0,2,0,0,0,0,0,invalid,refer,0,,recovered
CASE-000938,2024-12-25,Bugesera,Ntarama,CHW-BUG-05-02,261,male,38.3,1,0,0,0,0,0,positive,treat_at_home,0,,recovered
CASE-000939,2024-12-25,Bugesera,Nyamata,CHW-BUG-01-04,149,male,38.6,1,0,0,0,0,0,negative,treat_at_home,0,,recovered
CASE-000940,2024-12-25,Bugesera,Rilima,CHW-BUG-02-01,301,male,38.1,2,0,0,0,0,0,positive,treat_at_home,0,,recovered
CASE-000941,2024-12-25,Bugesera,Rilima,CHW-BUG-02-02,55,female,37.9,4,0,0,0,0,0,positive,treat_at_home,0,,recovered
CASE-000942,2024-12-25,Bugesera,Rilima,CHW-BUG-02-04,628,male,36.7,0,0,0,0,0,0,negative,treat_at_home,0,,recovered
CASE-000943,2024-12-25,Gasabo,Kimironko,CHW-GAS-01-01,32,female,38.8,1,0,0,0,0,0,negative,treat_at_home,0,,recovered
CASE-000944,2024-12-25,Gisagara,Kibirizi,CHW-GIS-03-02,10,female,39.2,1,0,0,1,0,0,negative,urgent_refer,1,2.4,recovered
CASE-000945,2024-12-25,Gisagara,Save,CHW-GIS-02-02,43,female,38.1,1,0,0,0,0,0,positive,treat_at_home,0,,recovered
CASE-000946,2024-12-25,Kirehe,Gahara,CHW-KIR-02-03,75,male,38.0,4,0,0,0,0,0,positive,treat_at_home,0,,recovered
CASE-000947,2024-12-25,Kirehe,Kirehe,CHW-KIR-01-04,34,male,38.9,2,0,0,0,0,0,positive,treat_at_home,0,,recovered
CASE-000948,2024-12-25,Kirehe,Mahama,CHW-KIR-03-04,0,female,38.5,3,0,0,0,0,0,positive,urgent_refer,1,4.2,recovered
CASE-000949,2024-12-25,Nyagatare,Matimba,CHW-NYG-04-04,50,male,38.4,2,0,1,0,0,0,positive,urgent_refer,1,2.6,recovered
CASE-000950,2024-12-25,Rusizi,Gihundwe,CHW-RUS-03-04,26,male,36.3,0,0,0,0,0,0,negative,treat_at_home,0,,recovered
CASE-000951,2024-12-25,Rusizi,Gihundwe,CHW-RUS-03-04,131,female,38.6,3,0,0,0,0,0,positive,treat_at_home,0,,recovered
CASE-000952,2024-12-25,Rusizi,Kamembe,CHW-RUS-01-02,156,female,38.8,6,0,0,0,0,0,negative,refer,1,3.5,recovered
CASE-000953,2024-12-26,Bugesera,Nyamata,CHW-BUG-01-01,329,male,38.3,2,0,0,0,0,0,positive,treat_at_home,0,,recovered
CASE-000954,2024-12-26,Bugesera,Rilima,CHW-BUG-02-04,285,female,38.8,4,0,0,0,0,0,positive,treat_at_home,0,,recovered
CASE-000955,2024-12-26,Gasabo,Kimironko,CHW-GAS-01-03,2,female,38.3,3,0,0,0,0,0,positive,refer,1,6.2,recovered
CASE-000956,2024-12-26,Gisagara,Kibirizi,CHW-GIS-03-04,243,male,38.8,3,0,0,0,0,0,negative,refer,1,6.0,recovered
CASE-000957,2024-12-26,Kirehe,Gahara,CHW-KIR-02-01,454,female,38.6,1,0,0,0,0,0,positive,treat_at_home,0,,recovered
CASE-000958,2024-12-26,Kirehe,Kirehe,CHW-KIR-01-01,38,female,38.6,3,0,0,0,0,0,positive,treat_at_home,0,,recovered
CASE-000959,2024-12-26,Kirehe,Kirehe,CHW-KIR-01-03,150,female,38.8,1,0,0,0,0,0,positive,treat_at_home,0,,recovered
CASE-000960,2024-12-26,Kirehe,Mahama,CHW-KIR-03-02,36,male,37.5,4,0,0,0,0,0,negative,refer,1,18.0,recovered
CASE-000961,2024-12-26,Nyagatare,Karangazi,CHW-NYG-02-04,20,male,38.7,1,0,0,0,0,0,positive,treat_at_home,0,,recovered
CASE-000962,2024-12-26,Nyagatare,Rwimiyaga,CHW-NYG-03-02,101,male,39.3,1,0,0,0,0,0,negative,treat_at_home,0,,recovered
CASE-000963,2024-12-26,Rusizi,Kamembe,CHW-RUS-01-04,41,female,38.4,3,0,0,0,0,0,negative,refer,1,8.3,recovered
CASE-000964,2024-12-27,Bugesera,Mayange,CHW-BUG-03-02,42,female,38.6,3,0,0,0,0,0,negative,refer,1,3.0,recovered
CASE-000965,2024-12-27,Bugesera,Ntarama,CHW-BUG-05-03,93,male,38.0,1,0,0,0,0,0,negative,treat_at_home,0,,recovered
CASE-000966,2024-12-27,Bugesera,Nyamata,CHW-BUG-01-01,35,male,38.7,2,0,0,0,0,0,invalid,refer,1,4.8,recovered
CASE-000967,2024-12-27,Bugesera,Rilima,CHW-BUG-02-03,630,female,37.9,2,0,0,0,0,0,negative,treat_at_home,0,,recovered
CASE-000968,2024-12-27,Bugesera,Rilima,CHW-BUG-02-04,25,male,38.5,4,0,0,0,0,0,negative,refer,1,5.7,recovered
CASE-000969,2024-12-27,Bugesera,Rilima,CHW-BUG-02-04,661,male,37.0,0,0,1,0,1,0,negative,urgent_refer,1,1.9,recovered
CASE-000970,2024-12-27,Gisagara,Save,CHW-GIS-02-03,35,male,38.7,1,0,0,0,1,0,positive,urgent_refer,1,2.3,recovered
CASE-000971,2024-12-27,Kirehe,Mahama,CHW-KIR-03-04,71,male,36.6,0,0,0,0,0,0,negative,treat_at_home,0,,recovered
CASE-000972,2024-12-27,Nyagatare,Mimuri,CHW-NYG-05-02,272,female,38.2,1,0,1,0,1,0,positive,urgent_refer,1,1.8,recovered
CASE-000973,2024-12-27,Nyagatare,Rwimiyaga,CHW-NYG-03-04,5,male,39.3,3,0,0,0,0,0,invalid,refer,0,,recovered
CASE-000974,2024-12-27,Rusizi,Gihundwe,CHW-RUS-03-02,59,male,38.5,2,0,0,0,0,0,positive,treat_at_home,0,,recovered
CASE-000975,2024-12-28,Bugesera,Mayange,CHW-BUG-03-01,60,male,39.1,2,0,0,0,0,0,positive,treat_at_home,0,,recovered
CASE-000976,2024-12-28,Gisagara,Gisagara,CHW-GIS-01-02,124,female,38.3,2,0,0,0,0,0,positive,treat_at_home,0,,recovered
CASE-000977,2024-12-28,Gisagara,Kibirizi,CHW-GIS-03-04,46,male,38.8,2,0,0,0,0,0,positive,treat_at_home,0,,recovered
CASE-000978,2024-12-28,Kirehe,Gahara,CHW-KIR-02-01,22,male,38.4,3,0,0,0,0,0,positive,treat_at_home,0,,recovered
CASE-000979,2024-12-28,Kirehe,Gahara,CHW-KIR-02-01,11,female,38.6,3,0,0,0,0,0,negative,refer,1,7.6,recovered
CASE-000980,2024-12-28,Nyagatare,Katabagemu,CHW-NYG-06-04,148,male,38.8,1,0,0,0,0,0,positive,treat_at_home,0,,recovered
CASE-000981,2024-12-28,Nyagatare,Matimba,CHW-NYG-04-01,44,male,38.7,1,0,0,0,0,0,positive,treat_at_home,0,,recovered
CASE-000982,2024-12-28,Nyagatare,Nyagatare,CHW-NYG-01-02,7,male,37.9,2,0,0,0,0,0,negative,treat_at_home,0,,recovered
CASE-000983,2024-12-28,Rusizi,Bugarama,CHW-RUS-02-01,44,male,38.0,1,0,0,0,0,0,negative,treat_at_home,0,,recovered
CASE-000984,2024-12-28,Rusizi,Gihundwe,CHW-RUS-03-01,52,male,37.9,2,0,0,0,0,0,positive,treat_at_home,0,,recovered
CASE-000985,2024-12-28,Rusizi,Kamembe,CHW-RUS-01-03,127,female,38.5,3,0,0,1,0,0,positive,urgent_refer,1,3.3,recovered
CASE-000986,2024-12-29,Bugesera,Gashora,CHW-BUG-06-02,26,male,39.5,4,0,1,0,0,1,positive,urgent_refer,1,3.9,complication
CASE-000987,2024-12-29,Bugesera,Nyamata,CHW-BUG-01-02,684,male,39.3,1,0,1,0,0,0,positive,urgent_refer,1,5.3,recovered
CASE-000988,2024-12-29,Gisagara,Gisagara,CHW-GIS-01-03,107,male,38.7,3,0,0,0,0,0,negative,refer,0,,recovered
CASE-000989,2024-12-29,Gisagara,Save,CHW-GIS-02-02,68,female,38.1,1,0,0,0,0,0,positive,treat_at_home,0,,recovered
CASE-000990,2024-12-29,Kirehe,Gahara,CHW-KIR-02-02,5,male,38.6,1,0,0,0,0,0,negative,treat_at_home,0,,recovered
CASE-000991,2024-12-29,Nyagatare,Karangazi,CHW-NYG-02-03,24,male,38.0,1,0,0,0,0,0,positive,treat_at_home,0,,recovered
CASE-000992,2024-12-30,Gisagara,Save,CHW-GIS-02-01,11,female,39.5,5,0,0,0,0,0,positive,treat_at_home,0,,recovered
CASE-000993,2024-12-30,Kirehe,Gahara,CHW-KIR-02-02,26,male,38.4,2,0,0,1,0,0,negative,urgent_refer,1,6.2,recovered
CASE-000994,2024-12-30,Kirehe,Kirehe,CHW-KIR-01-01,150,male,38.3,2,0,1,0,0,0,negative,urgent_refer,1,3.8,recovered
CASE-000995,2024-12-30,Nyagatare,Katabagemu,CHW-NYG-06-02,108,female,38.7,3,0,0,0,0,0,invalid,refer,1,23.5,recovered
CASE-000996,2024-12-30,Nyagatare,Matimba,CHW-NYG-04-01,170,male,38.6,4,0,0,0,0,0,positive,treat_at_home,0,,recovered
CASE-000997,2024-12-30,Nyagatare,Matimba,CHW-NYG-04-03,47,male,38.3,4,0,0,0,0,0,negative,refer,0,,recovered
CASE-000998,2024-12-30,Nyagatare,Nyagatare,CHW-NYG-01-04,310,male,37.8,1,0,0,0,0,0,positive,refer,1,3.7,recovered
CASE-000999,2024-12-30,Nyagatare,Rwimiyaga,CHW-NYG-03-04,65,male,39.4,2,0,0,0,0,0,negative,treat_at_home,0,,recovered
CASE-001000,2024-12-30,Rusizi,Kamembe,CHW-RUS-01-01,52,female,38.6,6,0,0,0,0,0,positive,treat_at_home,0,,recovered
CASE-001001,2024-12-30,Rusizi,Kamembe,CHW-RUS-01-03,44,female,38.0,2,0,0,0,0,0,negative,treat_at_home,0,,recovered
CASE-001002,2024-12-31,Bugesera,Mareba,CHW-BUG-04-02,41,male,38.5,5,0,0,0,0,0,negative,refer,1,14.8,recovered
CASE-001003,2024-12-31,Bugesera,Mareba,CHW-BUG-04-04,1,male,39.0,4,0,0,0,0,0,positive,urgent_refer,0,,complication
CASE-001004,2024-12-31,Bugesera,Mayange,CHW-BUG-03-03,27,female,38.4,3,0,0,0,0,0,positive,treat_at_home,0,,recovered
CASE-001005,2024-12-31,Gasabo,Remera,CHW-GAS-02-02,41,male,38.4,2,0,0,0,0,0,negative,treat_at_home,0,,recovered
CASE-001006,2024-12-31,Gisagara,Save,CHW-GIS-02-02,90,male,39.0,5,0,0,0,0,0,positive,treat_at_home,0,,recovered
CASE-001007,2024-12-31,Rusizi,Kamembe,CHW-RUS-01-01,49,female,38.5,1,0,0,0,0,0,positive,treat_at_home,0,,recovered
CASE-001008,2024-12-31,Rusizi,Kamembe,CHW-RUS-01-04,364,male,38.4,1,0,0,0,0,0,positive,treat_at_home,0,,unknown
CASE-001009,2025-01-01,Bugesera,Nyamata,CHW-BUG-01-04,21,male,39.2,6,0,0,1,0,0,positive,urgent_refer,1,3.3,recovered
CASE-001010,2025-01-01,Bugesera,Rilima,CHW-BUG-02-03,127,female,38.9,1,0,0,0,0,0,negative,treat_at_home,0,,recovered
CASE-001011,2025-01-01,Gisagara,Save,CHW-GIS-02-01,12,female,37.8,1,1,1,0,0,0,negative,urgent_refer,1,10.0,recovered
CASE-001012,2025-01-01,Nyagatare,Rwimiyaga,CHW-NYG-03-01,54,male,38.4,1,0,0,0,0,0,invalid,refer,0,,recovered
CASE-001013,2025-01-01,Rusizi,Gihundwe,CHW-RUS-03-03,107,female,37.7,1,0,0,0,0,0,positive,refer,0,,recovered
CASE-001014,2025-01-02,Bugesera,Nyamata,CHW-BUG-01-03,14,female,38.5,1,0,0,0,0,0,positive,treat_at_home,0,,recovered
CASE-001015,2025-01-02,Bugesera,Rilima,CHW-BUG-02-01,22,female,37.9,1,0,0,0,0,0,negative,treat_at_home,0,,recovered
CASE-001016,2025-01-02,Bugesera,Rilima,CHW-BUG-02-03,120,male,38.6,1,0,0,1,0,1,negative,urgent_refer,1,3.7,recovered
CASE-001017,2025-01-02,Kirehe,Gahara,CHW-KIR-02-02,113,female,36.5,0,0,0,0,0,0,negative,treat_at_home,0,,recovered
CASE-001018,2025-01-02,Kirehe,Gahara,CHW-KIR-02-02,695,female,39.0,2,0,0,0,0,0,negative,treat_at_home,0,,recovered
CASE-001019,2025-01-02,Kirehe,Mahama,CHW-KIR-03-02,525,female,38.2,1,0,0,0,0,0,negative,treat_at_home,0,,recovered
CASE-001020,2025-01-02,Nyagatare,Karangazi,CHW-NYG-02-01,29,female,36.8,2,0,0,0,0,0,invalid,refer,1,17.8,recovered
CASE-001021,2025-01-02,Nyagatare,Mimuri,CHW-NYG-05-04,34,male,39.4,5,0,0,0,0,0,positive,treat_at_home,0,,recovered
CASE-001022,2025-01-02,Nyagatare,Nyagatare,CHW-NYG-01-02,275,male,38.0,1,0,0,0,0,0,positive,treat_at_home,0,,complication
CASE-001023,2025-01-03,Bugesera,Mareba,CHW-BUG-04-03,719,male,38.1,1,0,0,0,0,0,positive,treat_at_home,0,,recovered
CASE-001024,2025-01-03,Bugesera,Nyamata,CHW-BUG-01-01,42,male,36.9,0,0,0,0,0,0,negative,treat_at_home,0,,recovered
CASE-001025,2025-01-03,Bugesera,Rilima,CHW-BUG-02-03,136,female,38.8,1,0,0,0,0,0,positive,treat_at_home,0,,recovered
CASE-001026,2025-01-03,Gisagara,Gisagara,CHW-GIS-01-02,38,female,38.8,3,0,0,0,0,0,positive,treat_at_home,0,,recovered
CASE-001027,2025-01-03,Gisagara,Gisagara,CHW-GIS-01-02,275,female,38.3,5,0,0,0,0,1,negative,urgent_refer,1,2.4,recovered
CASE-001028,2025-01-03,Gisagara,Gisagara,CHW-GIS-01-03,39,male,37.4,2,0,0,0,0,0,positive,refer,0,,recovered
CASE-001029,2025-01-03,Kirehe,Gahara,CHW-KIR-02-04,28,male,38.4,1,0,0,0,0,0,positive,refer,0,,recovered
CASE-001030,2025-01-03,Kirehe,Mahama,CHW-KIR-03-03,418,male,38.7,6,0,0,0,0,0,positive,refer,1,14.7,recovered
CASE-001031,2025-01-03,Kirehe,Mahama,CHW-KIR-03-04,97,female,37.8,3,0,0,0,0,0,positive,treat_at_home,0,,recovered
CASE-001032,2025-01-03,Nyagatare,Katabagemu,CHW-NYG-06-01,13,male,38.2,2,0,0,0,0,0,positive,treat_at_home,0,,recovered
CASE-001033,2025-01-03,Nyagatare,Rwimiyaga,CHW-NYG-03-04,11,male,38.9,1,0,0,0,0,0,positive,treat_at_home,0,,recovered
CASE-001034,2025-01-03,Rusizi,Kamembe,CHW-RUS-01-02,148,male,36.7,0,0,0,0,0,0,negative,treat_at_home,0,,recovered
CASE-001035,2025-01-04,Bugesera,Nyamata,CHW-BUG-01-01,359,male,38.4,1,0,0,0,0,0,negative,treat_at_home,0,,recovered
CASE-001036,2025-01-04,Gisagara,Gisagara,CHW-GIS-01-02,26,female,38.6,5,0,0,0,0,0,positive,treat_at_home,0,,recovered
CASE-001037,2025-01-04,Gisagara,Save,CHW-GIS-02-02,106,male,38.7,3,0,0,0,0,0,positive,treat_at_home,0,,recovered
CASE-001038,2025-01-04,Kirehe,Gahara,CHW-KIR-02-01,17,male,38.4,3,0,0,0,0,0,positive,treat_at_home,0,,recovered
CASE-001039,2025-01-04,Kirehe,Gahara,CHW-KIR-02-04,3,female,38.7,4,1,1,0,0,0,negative,urgent_refer,0,,complication
CASE-001040,2025-01-04,Kirehe,Kirehe,CHW-KIR-01-01,23,female,39.3,3,0,0,0,0,0,positive,treat_at_home,0,,recovered
CASE-001041,2025-01-04,Kirehe,Kirehe,CHW-KIR-01-02,1,female,39.3,7,0,0,0,0,0,invalid,urgent_refer,1,4.5,recovered
CASE-001042,2025-01-04,Kirehe,Mahama,CHW-KIR-03-02,136,female,38.5,1,0,0,0,0,0,positive,treat_at_home,0,,recovered
CASE-001043,2025-01-04,Nyagatare,Karangazi,CHW-NYG-02-01,308,male,38.6,1,0,0,0,0,0,positive,treat_at_home,0,,recovered
CASE-001044,2025-01-04,Nyagatare,Nyagatare,CHW-NYG-01-01,16,female,38.3,2,0,0,0,0,0,positive,treat_at_home,0,,recovered
CASE-001045,2025-01-04,Rusizi,Bugarama,CHW-RUS-02-01,42,male,38.2,1,0,0,0,0,0,negative,treat_at_home,0,,recovered
CASE-001046,2025-01-04,Rusizi,Gihundwe,CHW-RUS-03-02,37,male,38.0,4,0,0,0,0,0,positive,treat_at_home,0,,recovered
CASE-001047,2025-01-05,Bugesera,Gashora,CHW-BUG-06-03,48,male,38.5,5,0,0,0,0,0,negative,refer,1,8.3,recovered
CASE-001048,2025-01-05,Bugesera,Mareba,CHW-BUG-04-04,2,male,39.0,4,0,0,0,0,0,positive,treat_at_home,0,,recovered
CASE-001049,2025-01-05,Bugesera,Nyamata,CHW-BUG-01-04,20,female,36.4,0,0,0,0,0,0,negative,treat_at_home,0,,recovered
CASE-001050,2025-01-05,Nyagatare,Katabagemu,CHW-NYG-06-03,76,male,38.2,4,0,0,0,0,0,negative,refer,1,13.3,recovered
CASE-001051,2025-01-05,Rusizi,Bugarama,CHW-RUS-02-02,626,male,38.8,3,0,0,0,0,0,positive,treat_at_home,0,,recovered
CASE-001052,2025-01-06,Bugesera,Gashora,CHW-BUG-06-01,56,male,37.8,1,0,0,0,1,0,positive,urgent_refer,1,10.9,recovered
CASE-001053,2025-01-06,Gisagara,Gisagara,CHW-GIS-01-02,1,male,38.2,1,0,0,0,0,0,positive,urgent_refer,1,4.1,complication
CASE-001054,2025-01-06,Gisagara,Gisagara,CHW-GIS-01-03,482,female,39.4,4,0,0,0,0,0,negative,refer,1,5.9,recovered
CASE-001055,2025-01-06,Gisagara,Save,CHW-GIS-02-04,73,male,39.0,3,0,0,0,0,0,positive,treat_at_home,0,,recovered
CASE-001056,2025-01-06,Kirehe,Gahara,CHW-KIR-02-01,34,male,38.4,5,0,0,0,0,0,negative,refer,0,,recovered
CASE-001057,2025-01-06,Kirehe,Kirehe,CHW-KIR-01-03,33,male,38.3,1,0,0,0,0,0,positive,treat_at_home,0,,unknown
CASE-001058,2025-01-06,Nyagatare,Karangazi,CHW-NYG-02-03,16,male,39.5,5,0,0,0,0,0,invalid,refer,0,,recovered
CASE-001059,2025-01-06,Rusizi,Bugarama,CHW-RUS-02-03,4,female,38.4,2,0,0,0,0,0,positive,treat_at_home,0,,recovered
CASE-001060,2025-01-06,Rusizi,Bugarama,CHW-RUS-02-04,119,female,39.2,6,0,0,0,0,0,positive,treat_at_home,0,,recovered
CASE-001061,2025-01-06,Rusizi,Bugarama,CHW-RUS-02-04,160,female,39.0,6,0,0,0,0,0,positive,treat_at_home,0,,recovered
CASE-001062,2025-01-06,Rusizi,Gihundwe,CHW-RUS-03-03,61,female,38.1,3,0,0,0,0,0,positive,treat_at_home,0,,recovered
CASE-001063,2025-01-07,Gasabo,Kimironko,CHW-GAS-01-04,33,male,38.0,3,0,0,0,0,0,negative,refer,1,7.1,recovered
CASE-001064,2025-01-07,Gisagara,Kibirizi,CHW-GIS-03-01,13,female,38.0,3,0,0,0,0,0,negative,refer,0,,recovered
CASE-001065,2025-01-07,Gisagara,Save,CHW-GIS-02-01,16,female,37.9,1,0,1,0,0,0,negative,urgent_refer,1,1.9,recovered
CASE-001066,2025-01-07,Gisagara,Save,CHW-GIS-02-04,8,male,38.3,4,0,0,0,0,0,negative,refer,1,4.9,recovered
CASE-001067,2025-01-07,Nyagatare,Katabagemu,CHW-NYG-06-01,17,female,38.5,2,0,0,0,0,0,positive,treat_at_home,0,,recovered
CASE-001068,2025-01-07,Nyagatare,Katabagemu,CHW-NYG-06-02,307,female,38.7,3,0,0,0,0,0,positive,treat_at_home,0,,recovered
CASE-001069,2025-01-07,Nyagatare,Katabagemu,CHW-NYG-06-03,11,male,38.7,2,0,1,0,0,0,invalid,urgent_refer,1,3.4,recovered
CASE-001070,2025-01-07,Nyagatare,Nyagatare,CHW-NYG-01-01,31,male,38.1,7,0,0,0,0,0,positive,treat_at_home,0,,recovered
CASE-001071,2025-01-08,Bugesera,Mareba,CHW-BUG-04-04,113,male,38.5,7,0,0,0,0,0,invalid,refer,1,12.7,recovered
CASE-001072,2025-01-08,Bugesera,Ntarama,CHW-BUG-05-01,25,male,38.4,4,0,0,0,0,0,positive,treat_at_home,0,,recovered
CASE-001073,2025-01-08,Bugesera,Nyamata,CHW-BUG-01-01,2,male,38.1,2,0,0,0,0,0,negative,treat_at_home,0,,recovered
CASE-001074,2025-01-08,Gasabo,Remera,CHW-GAS-02-02,137,female,39.0,4,0,0,0,0,0,negative,refer,0,,recovered
CASE-001075,2025-01-08,Kirehe,Gahara,CHW-KIR-02-01,20,female,38.7,6,0,0,0,0,0,negative,refer,1,11.5,recovered
CASE-001076,2025-01-08,Kirehe,Kirehe,CHW-KIR-01-02,12,female,38.6,1,0,0,0,0,0,negative,treat_at_home,0,,recovered
CASE-001077,2025-01-08,Kirehe,Mahama,CHW-KIR-03-01,107,male,39.2,1,0,0,0,0,0,positive,treat_at_home,0,,recovered
CASE-001078,2025-01-08,Kirehe,Mahama,CHW-KIR-03-02,154,male,37.5,1,0,0,0,0,0,negative,treat_at_home,0,,recovered
CASE-001079,2025-01-09,Bugesera,Ntarama,CHW-BUG-05-02,50,male,38.2,2,0,0,1,0,0,negative,urgent_refer,1,2.8,unknown
CASE-001080,2025-01-09,Bugesera,Ntarama,CHW-BUG-05-04,38,male,38.4,3,0,0,0,0,0,negative,refer,1,7.0,recovered
CASE-001081,2025-01-09,Gasabo,Remera,CHW-GAS-02-02,46,female,38.6,2,0,0,0,0,0,positive,treat_at_home,0,,recovered
CASE-001082,2025-01-09,Gisagara,Save,CHW-GIS-02-04,178,female,38.5,1,0,0,0,0,0,negative,treat_at_home,0,,recovered
CASE-001083,2025-01-09,Kirehe,Gahara,CHW-KIR-02-01,53,female,38.2,1,0,0,0,0,0,positive,treat_at_home,0,,recovered
CASE-001084,2025-01-09,Nyagatare,Nyagatare,CHW-NYG-01-04,34,female,38.4,1,0,0,0,0,0,positive,treat_at_home,0,,recovered
CASE-001085,2025-01-09,Nyagatare,Rwimiyaga,CHW-NYG-03-02,12,male,38.4,1,0,0,0,0,1,negative,urgent_refer,1,3.9,recovered
CASE-001086,2025-01-09,Rusizi,Bugarama,CHW-RUS-02-02,17,male,38.5,2,0,0,0,0,0,positive,treat_at_home,0,,recovered
CASE-001087,2025-01-09,Rusizi,Gihundwe,CHW-RUS-03-01,7,female,38.1,3,0,0,0,0,0,positive,treat_at_home,0,,recovered
CASE-001088,2025-01-09,Rusizi,Gihundwe,CHW-RUS-03-02,645,male,38.2,2,0,0,0,0,0,negative,treat_at_home,0,,recovered
CASE-001089,2025-01-10,Bugesera,Ntarama,CHW-BUG-05-02,36,male,38.1,1,0,0,0,0,0,negative,treat_at_home,0,,recovered
CASE-001090,2025-01-10,Gasabo,Kacyiru,CHW-GAS-03-03,30,male,37.6,3,0,0,0,0,0,positive,treat_at_home,0,,recovered
CASE-001091,2025-01-10,Gisagara,Save,CHW-GIS-02-02,458,female,38.0,7,0,0,0,0,0,positive,treat_at_home,0,,recovered
CASE-001092,2025-01-10,Gisagara,Save,CHW-GIS-02-03,49,female,38.9,5,0,0,0,0,0,positive,treat_at_home,0,,recovered
CASE-001093,2025-01-10,Nyagatare,Karangazi,CHW-NYG-02-03,78,male,39.0,2,0,0,0,0,0,positive,treat_at_home,0,,recovered
CASE-001094,2025-01-10,Nyagatare,Katabagemu,CHW-NYG-06-04,10,male,39.0,3,0,0,0,0,0,positive,treat_at_home,0,,recovered
CASE-001095,2025-01-10,Rusizi,Bugarama,CHW-RUS-02-01,56,female,36.8,0,0,0,0,0,0,negative,treat_at_home,0,,recovered
CASE-001096,2025-01-10,Rusizi,Bugarama,CHW-RUS-02-04,589,male,39.1,1,0,0,0,0,0,negative,refer,0,,recovered
CASE-001097,2025-01-11,Gisagara,Kibirizi,CHW-GIS-03-02,48,male,38.9,4,0,0,0,0,0,positive,treat_at_home,0,,recovered
CASE-001098,2025-01-11,Nyagatare,Rwimiyaga,CHW-NYG-03-02,635,male,39.0,2,0,0,0,0,0,positive,treat_at_home,0,,recovered
CASE-001099,2025-01-11,Nyagatare,Rwimiyaga,CHW-NYG-03-03,1,male,38.2,2,0,0,0,0,0,positive,urgent_refer,1,7.3,recovered
CASE-001100,2025-01-11,Rusizi,Bugarama,CHW-RUS-02-02,122,female,38.3,3,0,0,1,0,1,positive,urgent_refer,1,3.9,recovered
CASE-001101,2025-01-12,Bugesera,Mayange,CHW-BUG-03-02,4,female,39.0,5,0,0,0,0,0,negative,refer,1,6.8,recovered
CASE-001102,2025-01-12,Gisagara,Gisagara,CHW-GIS-01-01,132,female,38.4,4,0,0,0,0,0,positive,treat_at_home,0,,recovered
CASE-001103,2025-01-12,Gisagara,Kibirizi,CHW-GIS-03-04,52,male,38.5,1,0,0,0,0,0,positive,treat_at_home,0,,recovered
CASE-001104,2025-01-12,Gisagara,Save,CHW-GIS-02-03,47,female,38.4,1,0,0,0,0,0,positive,treat_at_home,0,,recovered
CASE-001105,2025-01-12,Kirehe,Mahama,CHW-KIR-03-04,104,female,37.8,4,0,0,0,0,0,positive,treat_at_home,0,,recovered
CASE-001106,2025-01-12,Nyagatare,Karangazi,CHW-NYG-02-03,119,male,38.0,3,0,0,0,0,0,positive,treat_at_home,0,,recovered
CASE-001107,2025-01-12,Nyagatare,Katabagemu,CHW-NYG-06-01,18,female,37.9,3,0,0,0,0,0,negative,refer,0,,complication
CASE-001108,2025-01-12,Nyagatare,Katabagemu,CHW-NYG-06-04,45,male,38.1,1,0,0,0,0,0,negative,treat_at_home,0,,recovered
CASE-001109,2025-01-12,Nyagatare,Katabagemu,CHW-NYG-06-04,21,male,38.9,3,0,0,0,0,0,negative,refer,1,6.3,recovered
CASE-001110,2025-01-12,Nyagatare,Rwimiyaga,CHW-NYG-03-04,165,male,38.6,1,0,0,0,0,0,positive,treat_at_home,0,,recovered
CASE-001111,2025-01-12,Rusizi,Gihundwe,CHW-RUS-03-04,28,female,38.5,6,0,0,0,0,0,positive,treat_at_home,0,,recovered
CASE-001112,2025-01-13,Bugesera,Gashora,CHW-BUG-06-02,3,male,38.6,1,0,0,0,0,0,positive,treat_at_home,0,,recovered
CASE-001113,2025-01-13,Bugesera,Rilima,CHW-BUG-02-03,14,male,37.8,4,0,0,0,0,0,negative,refer,1,6.6,recovered
CASE-001114,2025-01-13,Gasabo,Kacyiru,CHW-GAS-03-02,22,male,38.7,5,0,0,0,0,0,negative,refer,1,7.5,recovered
CASE-001115,2025-01-13,Gisagara,Gisagara,CHW-GIS-01-01,461,male,38.6,2,0,0,0,0,0,positive,treat_at_home,0,,recovered
CASE-001116,2025-01-13,Gisagara,Save,CHW-GIS-02-04,27,male,38.4,1,0,0,0,0,0,positive,treat_at_home,0,,recovered
CASE-001117,2025-01-13,Kirehe,Gahara,CHW-KIR-02-02,102,female,38.7,2,0,0,0,0,0,negative,treat_at_home,0,,recovered
CASE-001118,2025-01-13,Kirehe,Kirehe,CHW-KIR-01-03,28,female,37.3,1,0,0,0,0,0,negative,treat_at_home,0,,recovered
CASE-001119,2025-01-13,Kirehe,Kirehe,CHW-KIR-01-04,57,male,36.5,0,0,0,0,0,0,positive,treat_at_home,0,,recovered
CASE-001120,2025-01-13,Nyagatare,Karangazi,CHW-NYG-02-03,19,female,39.2,2,0,0,0,0,0,positive,treat_at_home,0,,recovered
CASE-001121,2025-01-13,Nyagatare,Matimba,CHW-NYG-04-02,161,female,38.6,1,0,0,0,0,0,negative,refer,1,3.7,recovered
CASE-001122,2025-01-13,Nyagatare,Matimba,CHW-NYG-04-04,8,female,38.5,2,0,0,0,0,0,positive,treat_at_home,0,,recovered
CASE-001123,2025-01-13,Nyagatare,Matimba,CHW-NYG-04-04,25,female,39.0,2,0,0,0,0,0,positive,treat_at_home,0,,recovered
CASE-001124,2025-01-13,Nyagatare,Mimuri,CHW-NYG-05-04,9,female,38.0,2,0,0,0,0,0,positive,treat_at_home,0,,recovered
CASE-001125,2025-01-13,Nyagatare,Nyagatare,CHW-NYG-01-03,509,female,38.3,1,0,0,0,0,0,negative,treat_at_home,0,,recovered
CASE-001126,2025-01-13,Nyagatare,Rwimiyaga,CHW-NYG-03-02,0,male,38.9,5,0,0,0,0,0,positive,urgent_refer,1,6.3,recovered
CASE-001127,2025-01-13,Rusizi,Bugarama,CHW-RUS-02-01,114,female,37.3,1,0,0,0,0,0,positive,treat_at_home,0,,recovered
CASE-001128,2025-01-13,Rusizi,Kamembe,CHW-RUS-01-01,44,female,38.6,3,0,0,0,0,0,negative,refer,1,3.7,recovered
CASE-001129,2025-01-13,Rusizi,Kamembe,CHW-RUS-01-03,25,male,38.4,1,0,1,0,0,0,invalid,urgent_refer,1,3.2,recovered
CASE-001130,2025-01-14,Bugesera,Mayange,CHW-BUG-03-04,0,female,38.7,1,0,0,0,0,0,positive,urgent_refer,1,6.1,recovered
CASE-001131,2025-01-14,Bugesera,Ntarama,CHW-BUG-05-01,33,female,38.5,1,0,0,0,0,0,positive,treat_at_home,0,,recovered
CASE-001132,2025-01-14,Bugesera,Nyamata,CHW-BUG-01-02,104,female,37.6,2,0,0,0,0,0,negative,refer,1,4.8,recovered
CASE-001133,2025-01-14,Gisagara,Kibirizi,CHW-GIS-03-02,158,female,38.4,3,0,0,0,0,0,negative,refer,0,,died
CASE-001134,2025-01-14,Gisagara,Kibirizi,CHW-GIS-03-02,73,male,38.1,1,0,0,0,0,0,positive,treat_at_home,0,,recovered
CASE-001135,2025-01-14,Kirehe,Gahara,CHW-KIR-02-02,468,female,37.1,0,0,0,0,0,0,positive,treat_at_home,0,,recovered
CASE-001136,2025-01-14,Kirehe,Gahara,CHW-KIR-02-02,19,male,39.3,2,0,0,0,0,0,positive,treat_at_home,0,,unknown
CASE-001137,2025-01-14,Kirehe,Gahara,CHW-KIR-02-04,1,male,38.5,1,0,0,0,0,0,positive,urgent_refer,1,4.1,recovered
CASE-001138,2025-01-14,Kirehe,Mahama,CHW-KIR-03-03,39,male,38.5,2,0,0,0,0,0,positive,treat_at_home,0,,recovered
CASE-001139,2025-01-14,Nyagatare,Katabagemu,CHW-NYG-06-03,6,male,38.2,1,0,0,0,0,0,positive,treat_at_home,0,,recovered
CASE-001140,2025-01-14,Nyagatare,Mimuri,CHW-NYG-05-01,309,female,38.8,5,0,0,0,0,0,positive,treat_at_home,0,,recovered
CASE-001141,2025-01-14,Nyagatare,Nyagatare,CHW-NYG-01-04,56,female,38.2,3,0,0,0,0,0,positive,treat_at_home,0,,recovered
CASE-001142,2025-01-14,Nyagatare,Rwimiyaga,CHW-NYG-03-01,28,female,37.9,1,0,1,0,0,0,positive,urgent_refer,1,5.1,recovered
CASE-001143,2025-01-14,Rusizi,Bugarama,CHW-RUS-02-02,58,male,38.0,1,0,0,0,0,0,negative,treat_at_home,0,,recovered
CASE-001144,2025-01-14,Rusizi,Bugarama,CHW-RUS-02-04,40,female,38.5,2,0,0,0,0,0,positive,treat_at_home,0,,recovered
CASE-001145,2025-01-15,Bugesera,Gashora,CHW-BUG-06-02,12,female,37.9,2,0,0,0,0,0,positive,refer,0,,recovered
CASE-001146,2025-01-15,Gasabo,Kimironko,CHW-GAS-01-04,168,male,38.1,1,0,0,0,0,0,positive,treat_at_home,0,,recovered
CASE-001147,2025-01-15,Nyagatare,Matimba,CHW-NYG-04-03,4,female,38.4,3,0,0,0,0,0,negative,refer,1,5.0,recovered
CASE-001148,2025-01-15,Rusizi,Bugarama,CHW-RUS-02-04,48,female,37.9,4,0,0,0,0,0,positive,treat_at_home,0,,recovered
CASE-001149,2025-01-15,Rusizi,Gihundwe,CHW-RUS-03-04,8,female,38.9,4,0,0,1,0,0,positive,urgent_refer,1,2.7,recovered
CASE-001150,2025-01-15,Rusizi,Kamembe,CHW-RUS-01-01,18,female,38.5,2,0,1,0,0,0,positive,urgent_refer,1,2.6,recovered
CASE-001151,2025-01-16,Bugesera,Mareba,CHW-BUG-04-03,243,female,38.2,4,0,0,0,0,0,negative,refer,0,,recovered
CASE-001152,2025-01-16,Gisagara,Gisagara,CHW-GIS-01-04,175,male,38.4,2,0,0,0,0,0,positive,treat_at_home,0,,recovered
CASE-001153,2025-01-16,Kirehe,Gahara,CHW-KIR-02-01,329,female,38.2,5,0,0,0,0,0,positive,treat_at_home,0,,recovered
CASE-001154,2025-01-16,Kirehe,Kirehe,CHW-KIR-01-04,50,male,36.6,0,0,0,0,0,0,negative,treat_at_home,0,,recovered
CASE-001155,2025-01-16,Nyagatare,Matimba,CHW-NYG-04-01,8,female,38.4,5,0,0,0,0,0,negative,refer,1,3.5,recovered
CASE-001156,2025-01-16,Nyagatare,Rwimiyaga,CHW-NYG-03-01,134,male,37.4,1,0,0,0,0,0,positive,treat_at_home,0,,recovered
CASE-001157,2025-01-16,Nyagatare,Rwimiyaga,CHW-NYG-03-01,156,male,37.9,3,0,0,0,0,0,positive,treat_at_home,0,,recovered
CASE-001158,2025-01-16,Rusizi,Gihundwe,CHW-RUS-03-03,448,male,38.3,1,0,0,0,0,0,positive,treat_at_home,0,,recovered
CASE-001159,2025-01-16,Rusizi,Gihundwe,CHW-RUS-03-04,584,male,37.9,2,0,0,0,0,0,negative,treat_at_home,0,,recovered
CASE-001160,2025-01-17,Bugesera,Ntarama,CHW-BUG-05-02,46,male,38.4,1,0,0,0,0,0,positive,treat_at_home,0,,recovered
CASE-001161,2025-01-17,Gisagara,Gisagara,CHW-GIS-01-02,23,male,37.8,1,0,0,0,0,0,invalid,refer,0,,recovered
CASE-001162,2025-01-17,Gisagara,Save,CHW-GIS-02-01,77,male,38.6,2,0,0,0,0,0,positive,treat_at_home,0,,recovered
CASE-001163,2025-01-17,Kirehe,Gahara,CHW-KIR-02-02,142,male,38.6,7,0,0,0,0,0,positive,treat_at_home,0,,recovered
CASE-001164,2025-01-17,Kirehe,Gahara,CHW-KIR-02-02,84,female,37.7,3,0,0,1,0,0,positive,urgent_refer,1,6.5,recovered
CASE-001165,2025-01-17,Nyagatare,Mimuri,CHW-NYG-05-02,178,female,38.0,3,0,0,0,0,0,positive,treat_at_home,0,,recovered
CASE-001166,2025-01-17,Nyagatare,Rwimiyaga,CHW-NYG-03-01,2,female,39.7,2,0,0,0,1,0,positive,urgent_refer,1,6.8,recovered
CASE-001167,2025-01-18,Bugesera,Rilima,CHW-BUG-02-04,39,female,38.4,2,0,0,0,0,0,negative,treat_at_home,0,,recovered
CASE-001168,2025-01-18,Gisagara,Gisagara,CHW-GIS-01-04,33,female,38.4,6,0,0,0,0,0,positive,treat_at_home,0,,recovered
CASE-001169,2025-01-18,Gisagara,Save,CHW-GIS-02-02,65,female,38.6,1,0,1,0,0,1,positive,urgent_refer,1,3.0,recovered
CASE-001170,2025-01-18,Rusizi,Gihundwe,CHW-RUS-03-04,150,male,38.5,4,0,0,0,0,0,positive,treat_at_home,0,,recovered
CASE-001171,2025-01-19,Bugesera,Gashora,CHW-BUG-06-02,127,male,38.5,1,0,0,0,0,0,positive,treat_at_home,0,,recovered
CASE-001172,2025-01-19,Bugesera,Rilima,CHW-BUG-02-03,513,female,37.7,1,0,0,0,0,0,positive,treat_at_home,0,,recovered
CASE-001173,2025-01-19,Gasabo,Kimironko,CHW-GAS-01-02,43,female,38.9,6,0,0,0,0,0,negative,refer,1,9.5,recovered
CASE-001174,2025-01-19,Gisagara,Kibirizi,CHW-GIS-03-03,34,male,38.4,2,0,0,0,0,0,negative,treat_at_home,0,,recovered
CASE-001175,2025-01-19,Kirehe,Mahama,CHW-KIR-03-01,168,male,38.2,1,0,0,0,0,0,positive,treat_at_home,0,,recovered
CASE-001176,2025-01-19,Nyagatare,Rwimiyaga,CHW-NYG-03-03,45,female,38.5,2,0,0,0,0,0,negative,treat_at_home,0,,recovered
CASE-001177,2025-01-19,Rusizi,Bugarama,CHW-RUS-02-02,166,male,38.2,1,0,0,1,0,0,positive,urgent_refer,1,5.7,recovered
CASE-001178,2025-01-19,Rusizi,Gihundwe,CHW-RUS-03-02,266,male,37.9,2,0,0,0,0,0,positive,treat_at_home,0,,recovered
CASE-001179,2025-01-19,Rusizi,Gihundwe,CHW-RUS-03-04,36,female,37.9,1,0,0,0,0,0,negative,treat_at_home,0,,recovered
CASE-001180,2025-01-20,Bugesera,Gashora,CHW-BUG-06-04,1,male,37.9,2,0,0,0,0,0,negative,urgent_refer,1,2.7,recovered
CASE-001181,2025-01-20,Gasabo,Kacyiru,CHW-GAS-03-02,31,female,38.2,3,0,0,0,0,0,positive,treat_at_home,0,,recovered
CASE-001182,2025-01-20,Gisagara,Gisagara,CHW-GIS-01-01,39,male,38.5,3,0,0,0,0,0,positive,treat_at_home,0,,recovered
CASE-001183,2025-01-20,Gisagara,Save,CHW-GIS-02-01,476,female,38.6,3,0,0,0,0,0,negative,refer,1,5.1,recovered
CASE-001184,2025-01-20,Kirehe,Gahara,CHW-KIR-02-01,7,male,36.9,0,0,0,0,0,0,negative,refer,1,5.5,recovered
CASE-001185,2025-01-20,Kirehe,Mahama,CHW-KIR-03-01,28,female,38.2,1,0,0,0,0,0,negative,treat_at_home,0,,recovered
CASE-001186,2025-01-20,Nyagatare,Katabagemu,CHW-NYG-06-01,15,male,38.7,2,0,0,0,0,0,negative,treat_at_home,0,,recovered
CASE-001187,2025-01-20,Nyagatare,Katabagemu,CHW-NYG-06-02,79,male,38.7,2,0,0,0,0,0,positive,treat_at_home,0,,recovered
CASE-001188,2025-01-20,Nyagatare,Mimuri,CHW-NYG-05-02,141,female,37.9,1,0,0,0,0,0,negative,treat_at_home,0,,recovered
CASE-001189,2025-01-20,Nyagatare,Nyagatare,CHW-NYG-01-02,57,female,38.7,6,0,0,0,0,0,positive,treat_at_home,0,,recovered
CASE-001190,2025-01-20,Nyagatare,Rwimiyaga,CHW-NYG-03-01,42,female,38.2,2,0,0,0,0,0,positive,treat_at_home,0,,recovered
CASE-001191,2025-01-20,Rusizi,Bugarama,CHW-RUS-02-02,50,female,38.4,1,0,0,0,0,0,positive,treat_at_home,0,,recovered
CASE-001192,2025-01-20,Rusizi,Gihundwe,CHW-RUS-03-02,27,male,37.8,4,0,0,0,0,0,negative,refer,1,4.4,recovered
CASE-001193,2025-01-21,Bugesera,Mayange,CHW-BUG-03-02,7,male,38.3,2,0,0,0,0,0,positive,treat_at_home,0,,recovered
CASE-001194,2025-01-21,Bugesera,Nyamata,CHW-BUG-01-02,529,female,37.8,1,0,0,0,0,0,negative,treat_at_home,0,,recovered
CASE-001195,2025-01-21,Bugesera,Nyamata,CHW-BUG-01-03,173,female,38.4,1,0,0,0,0,0,negative,treat_at_home,0,,recovered
CASE-001196,2025-01-21,Bugesera,Rilima,CHW-BUG-02-02,50,male,38.5,2,0,0,0,0,0,negative,treat_at_home,0,,recovered
CASE-001197,2025-01-21,Gasabo,Kimironko,CHW-GAS-01-04,59,male,38.8,3,0,0,0,0,0,negative,refer,1,2.6,recovered
CASE-001198,2025-01-21,Nyagatare,Katabagemu,CHW-NYG-06-01,78,male,38.6,1,0,0,0,0,0,positive,treat_at_home,0,,recovered
CASE-001199,2025-01-21,Nyagatare,Matimba,CHW-NYG-04-02,32,male,38.2,2,0,0,0,0,0,negative,treat_at_home,0,,recovered
CASE-001200,2025-01-21,Nyagatare,Rwimiyaga,CHW-NYG-03-01,56,female,38.5,1,0,0,0,0,0,negative,treat_at_home,0,,recovered
CASE-001201,2025-01-22,Bugesera,Gashora,CHW-BUG-06-01,8,female,38.3,1,0,0,0,0,0,positive,treat_at_home,0,,unknown
CASE-001202,2025-01-22,Bugesera,Gashora,CHW-BUG-06-02,174,female,39.1,1,0,0,0,0,0,positive,treat_at_home,0,,recovered
CASE-001203,2025-01-22,Bugesera,Ntarama,CHW-BUG-05-01,420,male,38.8,1,0,0,0,0,0,positive,treat_at_home,0,,recovered
CASE-001204,2025-01-22,Bugesera,Rilima,CHW-BUG-02-03,8,male,38.8,4,0,0,0,0,0,positive,treat_at_home,0,,recovered
CASE-001205,2025-01-22,Gisagara,Gisagara,CHW-GIS-01-02,563,male,38.9,2,0,0,0,0,0,positive,treat_at_home,0,,recovered
CASE-001206,2025-01-22,Kirehe,Gahara,CHW-KIR-02-04,67,female,39.0,4,0,1,0,0,1,positive,urgent_refer,1,3.2,recovered
CASE-001207,2025-01-22,Nyagatare,Katabagemu,CHW-NYG-06-04,37,male,38.6,2,0,0,0,0,0,positive,treat_at_home,0,,recovered
CASE-001208,2025-01-22,Nyagatare,Nyagatare,CHW-NYG-01-02,11,female,38.6,2,0,0,0,0,0,negative,treat_at_home,0,,recovered
CASE-001209,2025-01-22,Nyagatare,Nyagatare,CHW-NYG-01-04,688,male,38.1,1,0,0,0,0,0,negative,treat_at_home,0,,recovered
CASE-001210,2025-01-22,Rusizi,Bugarama,CHW-RUS-02-03,61,male,38.3,1,0,0,0,0,0,negative,treat_at_home,0,,recovered
CASE-001211,2025-01-23,Bugesera,Mareba,CHW-BUG-04-04,14,female,37.7,1,0,0,0,0,0,negative,treat_at_home,0,,complication
CASE-001212,2025-01-23,Nyagatare,Karangazi,CHW-NYG-02-03,268,female,39.0,2,0,0,0,0,0,positive,treat_at_home,0,,recovered
CASE-001213,2025-01-23,Nyagatare,Katabagemu,CHW-NYG-06-02,192,male,38.3,3,0,0,0,0,0,positive,treat_at_home,0,,recovered
CASE-001214,2025-01-24,Bugesera,Mareba,CHW-BUG-04-02,57,female,37.4,0,0,0,0,0,0,invalid,refer,0,,recovered
CASE-001215,2025-01-24,Bugesera,Ntarama,CHW-BUG-05-04,50,female,36.7,0,0,0,1,0,0,negative,refer,1,8.3,recovered
CASE-001216,2025-01-24,Bugesera,Rilima,CHW-BUG-02-04,12,male,38.6,1,0,0,0,0,0,negative,treat_at_home,0,,recovered
CASE-001217,2025-01-24,Gisagara,Gisagara,CHW-GIS-01-02,648,male,38.7,6,0,0,0,0,0,positive,treat_at_home,0,,recovered
CASE-001218,2025-01-24,Gisagara,Save,CHW-GIS-02-01,144,male,38.1,1,0,0,0,1,0,positive,urgent_refer,1,3.2,recovered
CASE-001219,2025-01-24,Gisagara,Save,CHW-GIS-02-04,127,male,37.9,1,0,0,0,0,0,negative,treat_at_home,0,,recovered
CASE-001220,2025-01-24,Kirehe,Gahara,CHW-KIR-02-01,39,male,38.5,2,0,0,0,0,0,positive,treat_at_home,0,,recovered
CASE-001221,2025-01-24,Kirehe,Kirehe,CHW-KIR-01-02,148,male,37.6,1,0,0,0,0,0,positive,refer,1,5.0,recovered
CASE-001222,2025-01-24,Kirehe,Mahama,CHW-KIR-03-04,52,female,38.9,1,0,0,0,0,0,negative,treat_at_home,0,,recovered
CASE-001223,2025-01-24,Nyagatare,Matimba,CHW-NYG-04-02,180,female,38.5,3,0,0,0,0,0,positive,treat_at_home,0,,recovered
CASE-001224,2025-01-24,Nyagatare,Nyagatare,CHW-NYG-01-01,33,female,38.5,2,0,0,0,0,0,negative,treat_at_home,0,,recovered
CASE-001225,2025-01-24,Nyagatare,Nyagatare,CHW-NYG-01-04,2,female,38.3,3,0,0,0,0,0,positive,treat_at_home,0,,recovered
CASE-001226,2025-01-25,Bugesera,Mareba,CHW-BUG-04-02,0,female,38.7,1,0,0,0,0,0,positive,urgent_refer,1,2.9,recovered
CASE-001227,2025-01-25,Bugesera,Rilima,CHW-BUG-02-02,12,male,39.2,1,0,1,0,0,0,invalid,refer,0,,recovered
CASE-001228,2025-01-25,Kirehe,Gahara,CHW-KIR-02-01,0,male,38.1,1,0,0,0,0,0,positive,refer,1,7.4,recovered
CASE-001229,2025-01-25,Nyagatare,Katabagemu,CHW-NYG-06-02,108,female,38.5,2,0,0,0,0,0,positive,treat_at_home,0,,complication
CASE-001230,2025-01-25,Nyagatare,Mimuri,CHW-NYG-05-02,35,female,38.7,2,0,0,0,0,0,positive,treat_at_home,0,,recovered
CASE-001231,2025-01-25,Rusizi,Bugarama,CHW-RUS-02-04,5,female,38.9,1,1,0,0,1,0,positive,treat_at_home,0,,recovered
CASE-001232,2025-01-26,Bugesera,Gashora,CHW-BUG-06-02,65,male,38.6,4,0,0,0,0,0,positive,treat_at_home,0,,recovered
CASE-001233,2025-01-26,Bugesera,Ntarama,CHW-BUG-05-01,59,male,37.7,2,0,0,0,0,0,positive,treat_at_home,0,,recovered
CASE-001234,2025-01-26,Gasabo,Kimironko,CHW-GAS-01-04,138,female,38.3,2,0,0,0,0,0,positive,treat_at_home,0,,recovered
CASE-001235,2025-01-26,Kirehe,Gahara,CHW-KIR-02-01,8,male,37.5,1,0,0,0,0,0,negative,treat_at_home,0,,recovered
CASE-001236,2025-01-26,Nyagatare,Mimuri,CHW-NYG-05-03,515,male,39.0,2,0,0,0,0,0,positive,treat_at_home,0,,recovered
CASE-001237,2025-01-26,Nyagatare,Nyagatare,CHW-NYG-01-03,38,female,38.7,2,0,0,0,0,0,positive,treat_at_home,0,,recovered
CASE-001238,2025-01-26,Nyagatare,Nyagatare,CHW-NYG-01-04,19,male,38.1,5,0,0,0,0,0,positive,treat_at_home,0,,recovered
CASE-001239,2025-01-26,Rusizi,Gihundwe,CHW-RUS-03-04,3,male,38.7,2,0,0,0,0,0,positive,treat_at_home,0,,recovered
CASE-001240,2025-01-27,Bugesera,Mayange,CHW-BUG-03-01,31,male,38.6,5,0,0,0,0,0,negative,refer,1,4.8,recovered
CASE-001241,2025-01-27,Bugesera,Nyamata,CHW-BUG-01-04,1,male,37.9,3,0,0,0,0,0,positive,urgent_refer,1,2.1,recovered
CASE-001242,2025-01-27,Gasabo,Kimironko,CHW-GAS-01-03,53,male,39.2,7,0,0,0,0,0,positive,treat_at_home,0,,recovered
CASE-001243,2025-01-27,Kirehe,Kirehe,CHW-KIR-01-04,102,female,38.5,3,0,0,1,0,1,positive,urgent_refer,1,5.5,recovered
CASE-001244,2025-01-27,Nyagatare,Karangazi,CHW-NYG-02-01,624,female,39.4,6,0,0,0,0,0,positive,treat_at_home,0,,recovered
CASE-001245,2025-01-27,Nyagatare,Karangazi,CHW-NYG-02-01,13,female,39.3,7,0,0,0,0,0,positive,refer,0,,recovered
CASE-001246,2025-01-27,Nyagatare,Matimba,CHW-NYG-04-04,26,female,36.9,0,0,0,0,0,0,negative,treat_at_home,0,,complication
CASE-001247,2025-01-28,Bugesera,Mayange,CHW-BUG-03-04,24,male,38.7,3,0,0,0,0,0,positive,treat_at_home,0,,recovered
CASE-001248,2025-01-28,Gasabo,Remera,CHW-GAS-02-04,49,male,37.2,1,0,0,0,0,0,negative,treat_at_home,0,,complication
CASE-001249,2025-01-28,Gisagara,Kibirizi,CHW-GIS-03-03,15,male,38.4,1,0,0,0,0,0,negative,treat_at_home,0,,recovered
CASE-001250,2025-01-28,Kirehe,Kirehe,CHW-KIR-01-01,63,male,38.3,1,0,0,0,0,0,positive,refer,0,,recovered
CASE-001251,2025-01-28,Nyagatare,Rwimiyaga,CHW-NYG-03-04,355,female,38.7,1,0,0,0,0,0,positive,treat_at_home,0,,recovered
CASE-001252,2025-01-28,Rusizi,Gihundwe,CHW-RUS-03-01,111,male,38.9,5,0,0,0,0,0,positive,treat_at_home,0,,recovered
CASE-001253,2025-01-29,Gasabo,Kacyiru,CHW-GAS-03-04,173,female,36.4,0,0,0,0,0,0,negative,treat_at_home,0,,recovered
CASE-001254,2025-01-29,Gasabo,Kimironko,CHW-GAS-01-03,43,male,38.4,3,0,0,0,0,0,negative,refer,0,,unknown
CASE-001255,2025-01-29,Nyagatare,Nyagatare,CHW-NYG-01-04,50,female,37.7,3,0,0,0,0,0,positive,treat_at_home,0,,recovered
CASE-001256,2025-01-29,Nyagatare,Rwimiyaga,CHW-NYG-03-02,25,female,38.6,2,0,0,0,0,0,negative,treat_at_home,0,,recovered
CASE-001257,2025-01-30,Gasabo,Kimironko,CHW-GAS-01-03,5,male,38.7,4,0,0,0,0,0,negative,refer,1,11.2,recovered
CASE-001258,2025-01-30,Gisagara,Kibirizi,CHW-GIS-03-03,53,female,38.6,2,0,0,0,0,0,negative,treat_at_home,0,,recovered
CASE-001259,2025-01-30,Kirehe,Mahama,CHW-KIR-03-01,78,female,38.7,4,0,0,0,0,0,positive,treat_at_home,0,,recovered
CASE-001260,2025-01-30,Nyagatare,Matimba,CHW-NYG-04-04,148,male,38.7,6,0,0,0,0,0,negative,refer,0,,recovered
CASE-001261,2025-01-31,Bugesera,Ntarama,CHW-BUG-05-01,49,male,38.4,2,0,0,0,0,0,negative,treat_at_home,0,,recovered
CASE-001262,2025-01-31,Gasabo,Remera,CHW-GAS-02-03,33,female,38.5,3,0,0,0,0,0,positive,treat_at_home,0,,recovered
CASE-001263,2025-01-31,Gisagara,Kibirizi,CHW-GIS-03-04,685,male,38.6,3,0,0,0,0,0,negative,refer,1,8.3,recovered
CASE-001264,2025-01-31,Gisagara,Save,CHW-GIS-02-02,170,female,37.6,2,0,0,0,0,0,positive,treat_at_home,0,,recovered
CASE-001265,2025-01-31,Gisagara,Save,CHW-GIS-02-02,8,male,38.8,5,0,0,0,0,0,positive,treat_at_home,0,,recovered
CASE-001266,2025-01-31,Kirehe,Kirehe,CHW-KIR-01-01,20,female,38.5,2,0,0,0,0,0,positive,treat_at_home,0,,recovered
CASE-001267,2025-01-31,Nyagatare,Karangazi,CHW-NYG-02-01,43,male,38.5,1,0,0,0,0,0,negative,treat_at_home,0,,recovered
CASE-001268,2025-01-31,Nyagatare,Karangazi,CHW-NYG-02-04,330,female,38.2,2,0,0,0,0,0,positive,treat_at_home,0,,recovered
CASE-001269,2025-02-01,Bugesera,Mareba,CHW-BUG-04-04,427,female,36.4,0,0,0,0,0,0,negative,treat_at_home,0,,recovered
CASE-001270,2025-02-01,Bugesera,Rilima,CHW-BUG-02-01,23,male,38.1,6,0,0,0,0,0,invalid,refer,1,3.1,recovered
CASE-001271,2025-02-01,Gisagara,Gisagara,CHW-GIS-01-01,46,female,37.5,1,0,0,0,0,0,negative,treat_at_home,0,,recovered
CASE-001272,2025-02-01,Gisagara,Gisagara,CHW-GIS-01-04,105,male,36.7,0,0,0,0,0,0,negative,treat_at_home,0,,recovered
CASE-001273,2025-02-01,Kirehe,Gahara,CHW-KIR-02-03,628,female,38.4,2,0,0,0,0,0,positive,treat_at_home,0,,recovered
CASE-001274,2025-02-01,Kirehe,Kirehe,CHW-KIR-01-01,52,female,38.7,1,0,0,0,0,0,positive,treat_at_home,0,,recovered
CASE-001275,2025-02-01,Kirehe,Mahama,CHW-KIR-03-02,11,male,38.3,2,0,0,0,0,0,negative,treat_at_home,0,,recovered
CASE-001276,2025-02-01,Nyagatare,Karangazi,CHW-NYG-02-01,7,male,37.9,1,0,0,0,0,0,positive,treat_at_home,0,,recovered
CASE-001277,2025-02-01,Nyagatare,Katabagemu,CHW-NYG-06-03,119,male,38.9,2,0,0,0,0,0,negative,treat_at_home,0,,recovered
CASE-001278,2025-02-01,Nyagatare,Katabagemu,CHW-NYG-06-04,30,male,38.4,1,0,0,0,0,0,positive,treat_at_home,0,,recovered
CASE-001279,2025-02-01,Rusizi,Kamembe,CHW-RUS-01-04,15,female,36.9,0,0,0,0,0,0,negative,treat_at_home,0,,recovered
CASE-001280,2025-02-02,Bugesera,Gashora,CHW-BUG-06-02,87,male,38.8,1,0,0,0,0,0,negative,treat_at_home,0,,recovered
CASE-001281,2025-02-02,Bugesera,Ntarama,CHW-BUG-05-04,48,male,38.3,2,0,0,0,0,0,negative,treat_at_home,0,,recovered
CASE-001282,2025-02-02,Gasabo,Kimironko,CHW-GAS-01-02,44,male,38.5,1,0,0,1,0,1,negative,urgent_refer,1,2.0,recovered
CASE-001283,2025-02-02,Gisagara,Gisagara,CHW-GIS-01-04,56,male,39.1,1,0,0,0,0,0,negative,treat_at_home,0,,recovered
CASE-001284,2025-02-02,Gisagara,Kibirizi,CHW-GIS-03-03,56,male,38.3,1,0,0,0,0,0,positive,treat_at_home,0,,recovered
CASE-001285,2025-02-02,Nyagatare,Karangazi,CHW-NYG-02-03,3,female,38.4,1,0,0,0,0,0,positive,treat_at_home,0,,recovered
CASE-001286,2025-02-02,Nyagatare,Matimba,CHW-NYG-04-04,90,female,38.3,5,0,0,0,0,0,positive,refer,0,,recovered
CASE-001287,2025-02-02,Nyagatare,Nyagatare,CHW-NYG-01-01,22,female,39.5,3,0,0,0,0,0,positive,treat_at_home,0,,recovered
CASE-001288,2025-02-02,Rusizi,Kamembe,CHW-RUS-01-01,2,male,37.5,0,1,0,0,0,0,positive,urgent_refer,0,,recovered
CASE-001289,2025-02-03,Bugesera,Mayange,CHW-BUG-03-03,3,female,38.1,2,0,0,0,0,0,positive,treat_at_home,0,,recovered
CASE-001290,2025-02-03,Bugesera,Nyamata,CHW-BUG-01-02,695,male,38.7,3,0,0,0,0,0,positive,treat_at_home,0,,recovered
CASE-001291,2025-02-03,Gasabo,Remera,CHW-GAS-02-02,259,female,37.7,1,0,0,0,0,0,positive,treat_at_home,0,,recovered
CASE-001292,2025-02-03,Nyagatare,Katabagemu,CHW-NYG-06-04,41,male,38.2,1,0,0,0,0,0,positive,treat_at_home,0,,recovered
CASE-001293,2025-02-03,Rusizi,Bugarama,CHW-RUS-02-03,14,male,38.3,2,0,0,0,0,0,negative,refer,0,,recovered
CASE-001294,2025-02-03,Rusizi,Kamembe,CHW-RUS-01-02,135,female,38.8,4,0,0,0,0,0,positive,treat_at_home,0,,recovered
CASE-001295,2025-02-04,Bugesera,Mareba,CHW-BUG-04-01,15,female,38.7,2,0,0,0,0,0,negative,treat_at_home,0,,recovered
CASE-001296,2025-02-04,Bugesera,Mareba,CHW-BUG-04-04,31,male,38.7,2,0,0,0,0,0,positive,treat_at_home,0,,recovered
CASE-001297,2025-02-04,Gasabo,Kacyiru,CHW-GAS-03-02,118,female,38.7,2,0,0,0,0,0,positive,treat_at_home,0,,recovered
CASE-001298,2025-02-04,Gasabo,Kimironko,CHW-GAS-01-04,63,male,38.8,1,0,0,0,0,0,negative,refer,1,6.7,recovered
CASE-001299,2025-02-04,Gasabo,Remera,CHW-GAS-02-04,27,male,38.9,3,0,0,0,0,0,negative,refer,0,,recovered
CASE-001300,2025-02-04,Gisagara,Kibirizi,CHW-GIS-03-01,0,female,39.4,1,0,0,0,0,0,negative,treat_at_home,0,,complication
CASE-001301,2025-02-04,Gisagara,Kibirizi,CHW-GIS-03-03,52,female,38.6,4,0,0,0,0,0,positive,treat_at_home,0,,recovered
CASE-001302,2025-02-04,Gisagara,Save,CHW-GIS-02-01,163,male,38.2,1,0,0,0,0,0,positive,treat_at_home,0,,recovered
CASE-001303,2025-02-04,Kirehe,Gahara,CHW-KIR-02-04,1,male,38.2,4,0,0,0,0,0,positive,treat_at_home,0,,recovered
CASE-001304,2025-02-04,Kirehe,Kirehe,CHW-KIR-01-04,1,female,39.0,3,0,0,0,0,0,positive,urgent_refer,0,,recovered
CASE-001305,2025-02-04,Kirehe,Mahama,CHW-KIR-03-02,49,female,38.6,6,0,0,0,0,0,positive,treat_at_home,0,,recovered
CASE-001306,2025-02-04,Nyagatare,Karangazi,CHW-NYG-02-03,418,female,38.2,6,0,1,0,0,0,positive,urgent_refer,0,,recovered
CASE-001307,2025-02-05,Bugesera,Gashora,CHW-BUG-06-02,26,male,39.0,1,0,0,0,0,0,positive,treat_at_home,0,,recovered
CASE-001308,2025-02-05,Bugesera,Mayange,CHW-BUG-03-02,49,female,38.2,1,0,0,0,1,0,positive,urgent_refer,1,2.9,recovered
CASE-001309,2025-02-05,Bugesera,Ntarama,CHW-BUG-05-02,2,female,38.7,2,0,0,0,0,0,positive,treat_at_home,0,,recovered
CASE-001310,2025-02-05,Gasabo,Kimironko,CHW-GAS-01-02,37,female,38.8,1,0,0,1,0,1,positive,urgent_refer,1,2.1,recovered
CASE-001311,2025-02-05,Gisagara,Gisagara,CHW-GIS-01-04,6,male,38.5,1,0,0,0,0,0,positive,treat_at_home,0,,recovered
CASE-001312,2025-02-05,Gisagara,Save,CHW-GIS-02-01,32,female,38.0,1,0,0,0,0,0,positive,treat_at_home,0,,recovered
CASE-001313,2025-02-05,Kirehe,Kirehe,CHW-KIR-01-04,0,female,39.5,3,0,0,0,1,0,invalid,urgent_refer,0,,complication
CASE-001314,2025-02-05,Nyagatare,Matimba,CHW-NYG-04-02,525,male,38.2,1,0,0,0,0,0,positive,treat_at_home,0,,recovered
CASE-001315,2025-02-05,Nyagatare,Nyagatare,CHW-NYG-01-01,37,male,38.6,2,0,0,0,0,0,positive,treat_at_home,0,,recovered
CASE-001316,2025-02-05,Nyagatare,Nyagatare,CHW-NYG-01-02,34,male,38.1,3,0,0,0,0,0,negative,refer,1,7.6,recovered
CASE-001317,2025-02-05,Nyagatare,Rwimiyaga,CHW-NYG-03-02,156,male,39.3,3,0,0,0,0,0,positive,treat_at_home,0,,recovered
CASE-001318,2025-02-05,Nyagatare,Rwimiyaga,CHW-NYG-03-03,12,female,38.7,3,0,0,0,0,0,positive,treat_at_home,0,,recovered
CASE-001319,2025-02-05,Nyagatare,Rwimiyaga,CHW-NYG-03-04,54,female,37.9,2,0,0,0,0,0,positive,treat_at_home,0,,recovered
CASE-001320,2025-02-06,Gasabo,Kimironko,CHW-GAS-01-03,59,male,36.9,0,0,0,0,0,0,negative,treat_at_home,0,,recovered
CASE-001321,2025-02-06,Gisagara,Gisagara,CHW-GIS-01-02,109,female,38.4,3,0,0,0,0,0,positive,treat_at_home,0,,recovered
CASE-001322,2025-02-06,Kirehe,Kirehe,CHW-KIR-01-04,51,male,38.0,4,0,0,0,0,0,positive,treat_at_home,0,,complication
CASE-001323,2025-02-06,Kirehe,Mahama,CHW-KIR-03-02,293,female,38.9,1,0,0,0,0,0,positive,treat_at_home,0,,recovered
CASE-001324,2025-02-06,Nyagatare,Mimuri,CHW-NYG-05-01,25,male,38.6,3,0,0,0,0,0,negative,refer,1,3.7,recovered
CASE-001325,2025-02-06,Rusizi,Bugarama,CHW-RUS-02-02,56,female,38.6,3,0,0,0,0,0,positive,treat_at_home,0,,recovered
CASE-001326,2025-02-07,Bugesera,Mareba,CHW-BUG-04-02,45,male,38.0,2,0,1,0,0,0,positive,urgent_refer,0,,complication
CASE-001327,2025-02-07,Bugesera,Mayange,CHW-BUG-03-04,38,male,38.3,1,0,0,0,0,0,negative,treat_at_home,0,,recovered
CASE-001328,2025-02-07,Gasabo,Kacyiru,CHW-GAS-03-01,227,male,38.3,4,0,0,0,0,0,negative,refer,1,25.4,complication
CASE-001329,2025-02-07,Kirehe,Kirehe,CHW-KIR-01-04,55,male,38.1,5,0,0,0,0,0,positive,treat_at_home,0,,recovered
CASE-001330,2025-02-07,Kirehe,Mahama,CHW-KIR-03-02,28,female,38.2,2,0,0,0,0,0,negative,treat_at_home,0,,recovered
CASE-001331,2025-02-07,Rusizi,Gihundwe,CHW-RUS-03-01,158,male,37.6,1,0,0,0,0,0,negative,treat_at_home,0,,recovered
CASE-001332,2025-02-08,Gisagara,Save,CHW-GIS-02-04,108,female,38.6,3,0,0,0,0,0,positive,treat_at_home,0,,recovered
CASE-001333,2025-02-08,Gisagara,Save,CHW-GIS-02-04,19,male,38.4,5,0,0,0,0,0,negative,refer,0,,recovered
CASE-001334,2025-02-08,Kirehe,Gahara,CHW-KIR-02-01,714,female,36.8,0,0,0,0,0,0,negative,treat_at_home,0,,recovered
CASE-001335,2025-02-08,Kirehe,Kirehe,CHW-KIR-01-04,13,male,38.0,1,0,0,0,0,0,invalid,refer,1,7.7,recovered
CASE-001336,2025-02-08,Kirehe,Mahama,CHW-KIR-03-02,74,male,38.8,6,0,0,0,0,0,positive,treat_at_home,0,,recovered
CASE-001337,2025-02-08,Nyagatare,Matimba,CHW-NYG-04-02,11,female,38.1,3,0,0,0,0,0,positive,treat_at_home,0,,recovered
CASE-001338,2025-02-08,Nyagatare,Matimba,CHW-NYG-04-04,9,female,38.2,3,0,0,0,0,0,positive,treat_at_home,0,,recovered
CASE-001339,2025-02-08,Nyagatare,Nyagatare,CHW-NYG-01-03,167,male,38.3,1,0,0,1,0,0,negative,urgent_refer,0,,recovered
CASE-001340,2025-02-08,Nyagatare,Rwimiyaga,CHW-NYG-03-02,76,female,39.0,2,0,0,0,0,0,negative,treat_at_home,0,,unknown
CASE-001341,2025-02-09,Bugesera,Mareba,CHW-BUG-04-01,81,female,38.9,3,0,0,0,0,0,positive,treat_at_home,0,,recovered
CASE-001342,2025-02-09,Bugesera,Mayange,CHW-BUG-03-04,8,female,38.9,6,0,1,0,1,0,positive,urgent_refer,1,8.2,recovered
CASE-001343,2025-02-09,Bugesera,Nyamata,CHW-BUG-01-01,633,female,38.3,3,0,0,0,0,0,positive,treat_at_home,0,,recovered
CASE-001344,2025-02-09,Gasabo,Remera,CHW-GAS-02-01,44,male,37.4,0,0,0,0,1,0,invalid,urgent_refer,1,3.0,recovered
CASE-001345,2025-02-09,Gasabo,Remera,CHW-GAS-02-04,35,male,38.2,3,0,0,0,0,0,negative,refer,0,,recovered
CASE-001346,2025-02-09,Kirehe,Gahara,CHW-KIR-02-01,3,female,39.1,3,0,0,0,0,0,positive,treat_at_home,0,,recovered
CASE-001347,2025-02-09,Kirehe,Mahama,CHW-KIR-03-04,0,female,38.6,1,0,0,0,0,0,negative,urgent_refer,0,,complication
CASE-001348,2025-02-09,Nyagatare,Rwimiyaga,CHW-NYG-03-01,488,male,38.8,2,0,0,0,0,0,positive,treat_at_home,0,,recovered
CASE-001349,2025-02-09,Rusizi,Gihundwe,CHW-RUS-03-01,9,female,38.6,2,0,0,0,0,0,positive,treat_at_home,0,,recovered
CASE-001350,2025-02-09,Rusizi,Gihundwe,CHW-RUS-03-03,88,female,38.1,2,0,0,0,0,1,negative,urgent_refer,1,4.7,recovered
CASE-001351,2025-02-10,Bugesera,Ntarama,CHW-BUG-05-02,475,female,38.2,2,0,0,0,0,0,positive,treat_at_home,0,,recovered
CASE-001352,2025-02-10,Gisagara,Kibirizi,CHW-GIS-03-04,11,male,39.4,2,0,0,1,0,0,positive,urgent_refer,1,1.6,recovered
CASE-001353,2025-02-10,Nyagatare,Matimba,CHW-NYG-04-03,169,male,38.9,2,0,0,0,0,0,positive,treat_at_home,0,,recovered
CASE-001354,2025-02-10,Nyagatare,Nyagatare,CHW-NYG-01-01,46,male,38.2,1,0,0,0,0,0,positive,treat_at_home,0,,recovered
CASE-001355,2025-02-10,Nyagatare,Rwimiyaga,CHW-NYG-03-02,161,female,38.3,3,0,0,0,0,0,negative,refer,1,12.3,recovered
CASE-001356,2025-02-10,Rusizi,Bugarama,CHW-RUS-02-02,267,female,38.7,1,0,1,0,0,1,negative,urgent_refer,1,5.3,recovered
CASE-001357,2025-02-10,Rusizi,Bugarama,CHW-RUS-02-03,45,female,38.6,1,0,0,0,0,0,positive,treat_at_home,0,,recovered
CASE-001358,2025-02-10,Rusizi,Bugarama,CHW-RUS-02-04,148,female,38.2,1,0,0,0,0,0,negative,treat_at_home,0,,recovered
CASE-001359,2025-02-10,Rusizi,Kamembe,CHW-RUS-01-04,10,male,38.3,5,0,0,0,0,0,negative,refer,1,4.9,recovered
CASE-001360,2025-02-11,Bugesera,Gashora,CHW-BUG-06-04,12,female,38.2,2,0,0,0,0,0,negative,treat_at_home,0,,recovered
CASE-001361,2025-02-11,Bugesera,Mayange,CHW-BUG-03-02,162,male,38.4,2,1,1,0,0,0,positive,urgent_refer,1,1.1,recovered
CASE-001362,2025-02-11,Bugesera,Mayange,CHW-BUG-03-04,55,female,37.0,0,0,0,0,0,0,negative,treat_at_home,0,,recovered
CASE-001363,2025-02-11,Bugesera,Ntarama,CHW-BUG-05-02,52,male,38.8,1,0,0,0,0,0,positive,treat_at_home,0,,recovered
CASE-001364,2025-02-11,Bugesera,Ntarama,CHW-BUG-05-02,148,male,38.7,6,0,0,0,0,0,positive,treat_at_home,0,,recovered
CASE-001365,2025-02-11,Bugesera,Ntarama,CHW-BUG-05-03,26,male,38.6,2,0,0,0,0,0,positive,treat_at_home,0,,recovered
CASE-001366,2025-02-11,Bugesera,Rilima,CHW-BUG-02-03,151,male,37.8,3,0,0,0,0,0,positive,treat_at_home,0,,recovered
CASE-001367,2025-02-11,Gasabo,Kacyiru,CHW-GAS-03-01,655,female,38.0,2,0,0,0,0,0,positive,treat_at_home,0,,recovered
CASE-001368,2025-02-11,Gisagara,Gisagara,CHW-GIS-01-04,41,male,38.6,3,0,1,0,0,1,positive,urgent_refer,1,3.7,unknown
CASE-001369,2025-02-11,Kirehe,Gahara,CHW-KIR-02-03,58,female,37.7,1,0,0,0,0,0,positive,treat_at_home,0,,recovered
CASE-001370,2025-02-11,Kirehe,Gahara,CHW-KIR-02-04,17,male,38.4,3,0,0,0,0,0,positive,treat_at_home,0,,recovered
CASE-001371,2025-02-11,Kirehe,Kirehe,CHW-KIR-01-04,155,male,38.3,2,0,0,0,0,0,positive,treat_at_home,0,,recovered
CASE-001372,2025-02-11,Kirehe,Mahama,CHW-KIR-03-02,6,male,39.4,6,0,0,0,0,0,positive,treat_at_home,0,,recovered
CASE-001373,2025-02-11,Nyagatare,Nyagatare,CHW-NYG-01-04,104,female,38.8,2,0,0,0,0,0,positive,treat_at_home,0,,recovered
CASE-001374,2025-02-11,Nyagatare,Rwimiyaga,CHW-NYG-03-04,110,male,39.1,2,0,0,0,0,0,negative,treat_at_home,0,,recovered
CASE-001375,2025-02-11,Rusizi,Gihundwe,CHW-RUS-03-02,65,female,38.2,1,0,0,0,0,0,positive,treat_at_home,0,,recovered
CASE-001376,2025-02-11,Rusizi,Gihundwe,CHW-RUS-03-03,713,male,38.7,5,0,0,0,0,0,positive,treat_at_home,0,,recovered
CASE-001377,2025-02-12,Bugesera,Mareba,CHW-BUG-04-04,146,female,38.6,4,0,0,0,0,0,positive,treat_at_home,0,,recovered
CASE-001378,2025-02-12,Bugesera,Mareba,CHW-BUG-04-04,173,male,37.8,3,0,0,0,0,0,negative,refer,0,,recovered
CASE-001379,2025-02-12,Gasabo,Kacyiru,CHW-GAS-03-01,0,male,38.3,1,0,0,0,0,0,negative,urgent_refer,0,,recovered
CASE-001380,2025-02-12,Gisagara,Save,CHW-GIS-02-04,6,male,36.4,0,0,0,0,0,0,invalid,refer,1,8.0,recovered
CASE-001381,2025-02-12,Kirehe,Gahara,CHW-KIR-02-03,54,female,38.5,1,0,0,0,0,0,negative,treat_at_home,0,,recovered
CASE-001382,2025-02-12,Nyagatare,Mimuri,CHW-NYG-05-01,173,female,38.3,2,0,0,0,0,0,negative,treat_at_home,0,,recovered
CASE-001383,2025-02-12,Nyagatare,Nyagatare,CHW-NYG-01-01,151,male,36.6,0,0,0,0,0,0,invalid,refer,0,,recovered
CASE-001384,2025-02-12,Nyagatare,Rwimiyaga,CHW-NYG-03-03,32,female,38.7,6,0,0,0,0,1,positive,urgent_refer,0,,recovered
CASE-001385,2025-02-13,Bugesera,Ntarama,CHW-BUG-05-04,47,male,39.3,1,0,0,1,0,0,positive,urgent_refer,1,2.2,complication
CASE-001386,2025-02-13,Bugesera,Rilima,CHW-BUG-02-02,300,male,38.2,2,0,0,0,0,0,negative,treat_at_home,0,,recovered
CASE-001387,2025-02-13,Bugesera,Rilima,CHW-BUG-02-04,116,female,37.8,2,0,0,0,0,0,positive,treat_at_home,0,,recovered
CASE-001388,2025-02-13,Gasabo,Kimironko,CHW-GAS-01-03,55,female,38.9,5,0,0,0,0,0,positive,refer,1,2.4,recovered
CASE-001389,2025-02-13,Gasabo,Remera,CHW-GAS-02-03,44,male,38.3,4,0,0,0,0,0,negative,refer,1,10.0,recovered
CASE-001390,2025-02-13,Gisagara,Kibirizi,CHW-GIS-03-01,2,female,39.4,3,0,0,0,0,0,positive,treat_at_home,0,,recovered
CASE-001391,2025-02-13,Kirehe,Kirehe,CHW-KIR-01-02,49,female,39.0,4,0,0,0,0,0,positive,treat_at_home,0,,recovered
CASE-001392,2025-02-13,Nyagatare,Katabagemu,CHW-NYG-06-03,3,female,38.8,4,0,0,0,0,0,invalid,refer,1,6.8,recovered
CASE-001393,2025-02-13,Nyagatare,Mimuri,CHW-NYG-05-02,33,male,36.4,0,0,0,0,0,0,negative,treat_at_home,0,,recovered
CASE-001394,2025-02-13,Nyagatare,Rwimiyaga,CHW-NYG-03-01,440,male,38.6,4,0,0,0,0,0,positive,treat_at_home,0,,recovered
CASE-001395,2025-02-14,Bugesera,Nyamata,CHW-BUG-01-01,111,female,38.4,2,0,0,0,0,0,positive,treat_at_home,0,,recovered
CASE-001396,2025-02-14,Gisagara,Gisagara,CHW-GIS-01-03,135,female,38.2,4,0,0,0,0,0,negative,refer,1,4.3,recovered
CASE-001397,2025-02-14,Gisagara,Save,CHW-GIS-02-03,1,male,38.1,1,0,0,0,0,0,positive,urgent_refer,1,3.1,recovered
CASE-001398,2025-02-14,Kirehe,Gahara,CHW-KIR-02-01,67,female,37.9,3,0,0,0,0,0,positive,treat_at_home,0,,recovered
CASE-001399,2025-02-14,Kirehe,Kirehe,CHW-KIR-01-03,375,female,38.5,2,0,0,0,0,0,negative,treat_at_home,0,,recovered
CASE-001400,2025-02-14,Kirehe,Kirehe,CHW-KIR-01-03,0,male,37.9,1,0,0,0,0,0,negative,urgent_refer,0,,recovered
CASE-001401,2025-02-14,Nyagatare,Katabagemu,CHW-NYG-06-02,19,male,38.5,3,0,0,0,0,0,positive,treat_at_home,0,,recovered
CASE-001402,2025-02-14,Nyagatare,Mimuri,CHW-NYG-05-03,4,female,37.7,2,0,0,0,0,0,positive,treat_at_home,0,,recovered
CASE-001403,2025-02-14,Nyagatare,Rwimiyaga,CHW-NYG-03-01,28,male,38.8,3,0,0,0,0,0,negative,refer,0,,recovered
CASE-001404,2025-02-14,Nyagatare,Rwimiyaga,CHW-NYG-03-02,49,male,38.7,2,0,0,0,0,0,negative,treat_at_home,0,,recovered
CASE-001405,2025-02-14,Nyagatare,Rwimiyaga,CHW-NYG-03-03,651,female,38.6,1,0,0,0,0,0,positive,treat_at_home,0,,recovered
CASE-001406,2025-02-15,Bugesera,Ntarama,CHW-BUG-05-02,129,female,37.9,1,0,1,1,0,0,negative,urgent_refer,1,4.9,recovered
CASE-001407,2025-02-15,Bugesera,Rilima,CHW-BUG-02-03,21,female,38.1,2,0,0,0,0,0,positive,treat_at_home,0,,recovered
CASE-001408,2025-02-15,Gisagara,Gisagara,CHW-GIS-01-01,9,male,38.1,1,0,0,0,0,0,positive,treat_at_home,0,,recovered
CASE-001409,2025-02-15,Gisagara,Gisagara,CHW-GIS-01-03,23,female,38.9,1,0,0,0,0,0,negative,treat_at_home,0,,recovered
CASE-001410,2025-02-15,Gisagara,Kibirizi,CHW-GIS-03-03,23,female,38.2,2,0,0,0,0,0,negative,treat_at_home,0,,recovered
CASE-001411,2025-02-15,Gisagara,Kibirizi,CHW-GIS-03-04,172,female,37.8,3,0,0,0,0,0,negative,refer,1,2.5,recovered
CASE-001412,2025-02-15,Gisagara,Kibirizi,CHW-GIS-03-04,249,male,37.2,0,0,0,0,0,0,negative,treat_at_home,0,,recovered
CASE-001413,2025-02-15,Kirehe,Kirehe,CHW-KIR-01-03,30,male,38.4,2,0,0,0,0,0,positive,treat_at_home,0,,recovered
CASE-001414,2025-02-15,Kirehe,Mahama,CHW-KIR-03-03,1,male,39.0,1,0,0,0,1,0,positive,urgent_refer,0,,recovered
CASE-001415,2025-02-15,Nyagatare,Nyagatare,CHW-NYG-01-02,13,female,38.7,2,0,0,0,0,0,positive,treat_at_home,0,,recovered
CASE-001416,2025-02-16,Bugesera,Gashora,CHW-BUG-06-03,85,female,38.6,2,0,0,0,0,0,positive,treat_at_home,0,,recovered
CASE-001417,2025-02-16,Bugesera,Ntarama,CHW-BUG-05-01,7,male,37.7,1,0,0,0,0,0,positive,refer,0,,recovered
CASE-001418,2025-02-16,Bugesera,Nyamata,CHW-BUG-01-02,75,female,39.0,1,0,0,0,0,0,negative,treat_at_home,0,,recovered
CASE-001419,2025-02-16,Bugesera,Nyamata,CHW-BUG-01-03,8,female,38.0,1,0,0,0,0,0,positive,treat_at_home,0,,recovered
CASE-001420,2025-02-16,Gisagara,Save,CHW-GIS-02-02,39,female,37.9,2,0,0,0,0,0,positive,refer,1,6.7,recovered
CASE-001421,2025-02-16,Nyagatare,Rwimiyaga,CHW-NYG-03-01,21,female,38.3,3,0,0,0,0,0,positive,treat_at_home,0,,recovered
CASE-001422,2025-02-17,Bugesera,Mayange,CHW-BUG-03-04,132,male,38.7,1,0,0,0,0,0,positive,treat_at_home,0,,recovered
CASE-001423,2025-02-17,Gasabo,Remera,CHW-GAS-02-04,52,male,38.3,2,0,0,0,0,0,positive,treat_at_home,0,,recovered
CASE-001424,2025-02-17,Kirehe,Kirehe,CHW-KIR-01-02,344,female,37.7,1,0,0,0,0,0,positive,treat_at_home,0,,recovered
CASE-001425,2025-02-17,Nyagatare,Rwimiyaga,CHW-NYG-03-02,169,female,38.3,3,0,0,0,0,0,negative,refer,1,8.5,recovered
CASE-001426,2025-02-17,Rusizi,Gihundwe,CHW-RUS-03-04,1,female,38.9,4,0,0,0,0,0,positive,urgent_refer,0,,recovered
CASE-001427,2025-02-18,Bugesera,Gashora,CHW-BUG-06-04,57,female,38.8,2,0,0,0,0,0,negative,treat_at_home,0,,recovered
CASE-001428,2025-02-18,Bugesera,Mayange,CHW-BUG-03-03,76,male,38.2,1,0,0,0,0,0,positive,treat_at_home,0,,recovered
CASE-001429,2025-02-18,Bugesera,Ntarama,CHW-BUG-05-04,132,male,38.7,2,0,0,0,0,0,positive,treat_at_home,0,,recovered
CASE-001430,2025-02-18,Gisagara,Save,CHW-GIS-02-02,34,male,38.2,2,0,0,0,0,0,positive,treat_at_home,0,,recovered
CASE-001431,2025-02-18,Kirehe,Mahama,CHW-KIR-03-02,10,female,38.7,3,0,0,0,0,0,negative,refer,1,9.0,unknown
CASE-001432,2025-02-18,Nyagatare,Karangazi,CHW-NYG-02-04,221,male,37.7,4,0,1,1,0,0,positive,urgent_refer,0,,recovered
CASE-001433,2025-02-18,Nyagatare,Karangazi,CHW-NYG-02-04,48,male,38.7,3,0,0,0,0,0,invalid,refer,0,,recovered
CASE-001434,2025-02-18,Nyagatare,Matimba,CHW-NYG-04-03,162,female,38.4,3,0,0,0,0,0,negative,refer,1,6.3,recovered
CASE-001435,2025-02-19,Gisagara,Save,CHW-GIS-02-03,177,female,38.9,2,0,0,0,0,0,positive,treat_at_home,0,,recovered
CASE-001436,2025-02-19,Kirehe,Gahara,CHW-KIR-02-01,52,female,38.5,2,0,0,0,0,0,positive,treat_at_home,0,,recovered
CASE-001437,2025-02-19,Kirehe,Gahara,CHW-KIR-02-03,113,male,37.9,1,0,0,0,0,0,positive,treat_at_home,0,,recovered
CASE-001438,2025-02-19,Nyagatare,Katabagemu,CHW-NYG-06-04,27,male,38.7,7,0,0,0,0,0,negative,refer,0,,recovered
CASE-001439,2025-02-19,Nyagatare,Matimba,CHW-NYG-04-02,1,female,38.3,1,0,0,0,0,0,negative,urgent_refer,0,,complication
CASE-001440,2025-02-20,Bugesera,Ntarama,CHW-BUG-05-04,450,female,38.8,2,0,0,0,0,0,negative,treat_at_home,0,,recovered
CASE-001441,2025-02-20,Gisagara,Gisagara,CHW-GIS-01-01,13,female,36.8,0,0,0,0,0,0,negative,treat_at_home,0,,recovered
CASE-001442,2025-02-20,Gisagara,Gisagara,CHW-GIS-01-02,42,male,38.9,2,0,0,0,0,0,positive,treat_at_home,0,,recovered
CASE-001443,2025-02-20,Kirehe,Mahama,CHW-KIR-03-02,15,female,38.0,2,0,0,0,0,0,positive,treat_at_home,0,,recovered
CASE-001444,2025-02-20,Kirehe,Mahama,CHW-KIR-03-02,53,male,38.2,2,0,0,0,0,0,invalid,refer,0,,recovered
CASE-001445,2025-02-20,Nyagatare,Katabagemu,CHW-NYG-06-02,30,male,38.6,2,0,0,0,0,0,negative,refer,1,5.1,recovered
CASE-001446,2025-02-20,Nyagatare,Katabagemu,CHW-NYG-06-03,158,female,38.2,1,0,0,0,0,0,positive,treat_at_home,0,,recovered
CASE-001447,2025-02-20,Nyagatare,Matimba,CHW-NYG-04-01,25,female,36.5,0,0,0,0,0,0,negative,treat_at_home,0,,recovered
CASE-001448,2025-02-20,Nyagatare,Nyagatare,CHW-NYG-01-03,122,male,38.4,1,0,0,0,0,0,positive,treat_at_home,0,,recovered
CASE-001449,2025-02-20,Nyagatare,Rwimiyaga,CHW-NYG-03-03,35,male,39.2,5,0,1,0,0,0,positive,urgent_refer,1,4.3,recovered
CASE-001450,2025-02-20,Nyagatare,Rwimiyaga,CHW-NYG-03-04,36,female,39.3,1,0,0,0,0,0,positive,treat_at_home,0,,recovered
CASE-001451,2025-02-20,Rusizi,Kamembe,CHW-RUS-01-04,5,male,39.1,3,0,0,0,0,0,positive,treat_at_home,0,,recovered
CASE-001452,2025-02-21,Bugesera,Gashora,CHW-BUG-06-04,335,male,38.0,4,0,0,0,0,0,positive,treat_at_home,0,,recovered
CASE-001453,2025-02-21,Bugesera,Rilima,CHW-BUG-02-01,4,female,39.1,4,0,1,0,0,0,positive,urgent_refer,1,3.4,recovered
CASE-001454,2025-02-21,Gasabo,Remera,CHW-GAS-02-01,45,male,38.6,1,0,0,0,0,0,negative,treat_at_home,0,,recovered
CASE-001455,2025-02-21,Kirehe,Kirehe,CHW-KIR-01-04,41,female,38.9,6,0,0,0,0,0,negative,refer,1,4.9,recovered
CASE-001456,2025-02-21,Nyagatare,Katabagemu,CHW-NYG-06-03,195,female,39.3,2,0,0,0,0,0,positive,treat_at_home,0,,recovered
CASE-001457,2025-02-21,Nyagatare,Mimuri,CHW-NYG-05-01,66,female,38.4,6,0,0,0,0,0,negative,refer,1,5.1,recovered
CASE-001458,2025-02-21,Rusizi,Gihundwe,CHW-RUS-03-04,133,male,37.5,1,0,0,0,0,0,positive,treat_at_home,0,,recovered
CASE-001459,2025-02-22,Bugesera,Mayange,CHW-BUG-03-03,45,male,37.7,2,0,0,0,0,1,positive,refer,1,7.6,recovered
CASE-001460,2025-02-22,Gasabo,Kacyiru,CHW-GAS-03-04,52,male,37.8,1,0,0,0,0,0,positive,treat_at_home,0,,recovered
CASE-001461,2025-02-22,Gisagara,Save,CHW-GIS-02-03,23,female,39.6,2,0,0,0,0,0,negative,treat_at_home,0,,recovered
CASE-001462,2025-02-22,Kirehe,Kirehe,CHW-KIR-01-01,50,female,37.9,1,0,0,0,0,0,negative,treat_at_home,0,,recovered
CASE-001463,2025-02-22,Kirehe,Kirehe,CHW-KIR-01-04,256,female,38.5,2,0,0,0,0,0,positive,treat_at_home,0,,recovered
CASE-001464,2025-02-22,Kirehe,Kirehe,CHW-KIR-01-04,45,female,38.3,2,0,0,0,0,0,positive,treat_at_home,0,,recovered
CASE-001465,2025-02-22,Rusizi,Bugarama,CHW-RUS-02-02,170,male,38.1,3,0,0,0,0,0,positive,treat_at_home,0,,recovered
CASE-001466,2025-02-22,Rusizi,Bugarama,CHW-RUS-02-04,44,female,39.0,3,0,0,0,0,0,negative,refer,0,,recovered
CASE-001467,2025-02-23,Bugesera,Gashora,CHW-BUG-06-03,47,female,38.2,2,0,0,0,0,0,positive,treat_at_home,0,,recovered
CASE-001468,2025-02-23,Bugesera,Ntarama,CHW-BUG-05-02,66,female,38.2,2,0,1,0,0,0,positive,urgent_refer,1,7.3,recovered
CASE-001469,2025-02-23,Gisagara,Save,CHW-GIS-02-03,18,male,36.7,0,0,0,0,0,0,negative,treat_at_home,0,,recovered
CASE-001470,2025-02-23,Kirehe,Gahara,CHW-KIR-02-02,72,female,36.6,0,0,0,0,0,0,negative,treat_at_home,0,,recovered
CASE-001471,2025-02-23,Kirehe,Kirehe,CHW-KIR-01-01,118,male,37.5,1,0,0,0,0,0,positive,refer,1,3.3,recovered
CASE-001472,2025-02-23,Kirehe,Kirehe,CHW-KIR-01-02,605,female,38.5,5,0,0,0,0,0,positive,treat_at_home,0,,recovered
CASE-001473,2025-02-23,Nyagatare,Karangazi,CHW-NYG-02-04,96,female,37.9,3,0,0,0,0,0,invalid,refer,1,10.1,recovered
CASE-001474,2025-02-23,Nyagatare,Karangazi,CHW-NYG-02-04,30,male,36.1,0,0,0,0,0,0,negative,treat_at_home,0,,recovered
CASE-001475,2025-02-23,Nyagatare,Katabagemu,CHW-NYG-06-04,52,male,39.4,1,0,0,0,0,0,positive,treat_at_home,0,,recovered
CASE-001476,2025-02-23,Nyagatare,Mimuri,CHW-NYG-05-01,103,male,38.2,1,0,0,0,0,0,positive,treat_at_home,0,,recovered
CASE-001477,2025-02-23,Nyagatare,Mimuri,CHW-NYG-05-04,11,female,38.2,1,0,0,0,0,0,positive,treat_at_home,0,,recovered
CASE-001478,2025-02-23,Nyagatare,Nyagatare,CHW-NYG-01-02,99,male,38.8,3,0,0,0,0,0,positive,treat_at_home,0,,recovered
CASE-001479,2025-02-23,Rusizi,Gihundwe,CHW-RUS-03-03,109,male,38.6,2,0,0,0,0,0,invalid,refer,1,2.7,recovered
CASE-001480,2025-02-24,Bugesera,Gashora,CHW-BUG-06-02,433,female,39.1,2,0,0,1,0,0,positive,urgent_refer,1,5.3,recovered
CASE-001481,2025-02-24,Bugesera,Rilima,CHW-BUG-02-01,31,male,38.3,2,0,0,0,0,0,negative,treat_at_home,0,,recovered
CASE-001482,2025-02-24,Gasabo,Remera,CHW-GAS-02-02,56,female,38.4,2,0,0,0,0,0,positive,treat_at_home,0,,recovered
CASE-001483,2025-02-24,Gisagara,Gisagara,CHW-GIS-01-04,335,female,38.4,7,0,0,0,0,0,negative,refer,1,6.7,recovered
CASE-001484,2025-02-24,Kirehe,Gahara,CHW-KIR-02-02,15,female,38.1,2,0,0,0,0,0,positive,treat_at_home,0,,recovered
CASE-001485,2025-02-24,Kirehe,Gahara,CHW-KIR-02-02,99,female,36.7,0,0,0,0,0,0,negative,treat_at_home,0,,recovered
CASE-001486,2025-02-24,Kirehe,Gahara,CHW-KIR-02-04,20,female,36.9,0,0,0,0,0,1,negative,urgent_refer,1,3.0,unknown
CASE-001487,2025-02-24,Nyagatare,Katabagemu,CHW-NYG-06-01,123,male,39.1,1,0,0,0,0,0,positive,treat_at_home,0,,recovered
CASE-001488,2025-02-24,Nyagatare,Nyagatare,CHW-NYG-01-03,384,female,38.5,6,0,0,0,0,0,positive,treat_at_home,0,,recovered
CASE-001489,2025-02-24,Rusizi,Kamembe,CHW-RUS-01-02,15,female,38.8,1,0,0,0,0,0,positive,treat_at_home,0,,recovered
CASE-001490,2025-02-24,Rusizi,Kamembe,CHW-RUS-01-04,23,male,36.5,0,0,0,0,0,0,positive,treat_at_home,0,,recovered
CASE-001491,2025-02-25,Bugesera,Ntarama,CHW-BUG-05-04,33,female,38.4,1,0,0,0,0,0,positive,treat_at_home,0,,recovered
CASE-001492,2025-02-25,Bugesera,Nyamata,CHW-BUG-01-02,51,male,38.4,1,0,0,0,0,0,negative,treat_at_home,0,,recovered
CASE-001493,2025-02-25,Bugesera,Rilima,CHW-BUG-02-01,43,male,38.4,1,0,0,0,0,0,positive,treat_at_home,0,,recovered
CASE-001494,2025-02-25,Gasabo,Remera,CHW-GAS-02-03,125,male,38.4,7,0,0,0,0,0,positive,treat_at_home,0,,recovered
CASE-001495,2025-02-25,Gisagara,Kibirizi,CHW-GIS-03-02,36,female,38.3,5,0,0,0,0,0,positive,treat_at_home,0,,recovered
CASE-001496,2025-02-25,Gisagara,Save,CHW-GIS-02-01,20,female,38.3,1,0,0,0,0,0,positive,treat_at_home,0,,recovered
CASE-001497,2025-02-26,Bugesera,Mareba,CHW-BUG-04-04,34,female,38.3,1,0,0,0,0,0,negative,treat_at_home,0,,recovered
CASE-001498,2025-02-26,Bugesera,Ntarama,CHW-BUG-05-01,21,female,38.1,3,0,0,0,0,0,positive,treat_at_home,0,,recovered
CASE-001499,2025-02-26,Bugesera,Ntarama,CHW-BUG-05-02,55,male,37.4,1,0,0,0,0,0,negative,treat_at_home,0,,recovered
CASE-001500,2025-02-26,Bugesera,Rilima,CHW-BUG-02-03,123,male,38.4,1,0,0,0,0,0,negative,treat_at_home,0,,recovered
CASE-001501,2025-02-26,Gasabo,Kimironko,CHW-GAS-01-04,142,female,38.7,4,0,0,0,0,0,negative,refer,1,6.9,recovered
CASE-001502,2025-02-26,Gisagara,Gisagara,CHW-GIS-01-02,6,male,38.1,1,0,0,0,0,0,negative,refer,1,4.4,recovered
CASE-001503,2025-02-26,Gisagara,Gisagara,CHW-GIS-01-02,9,male,39.0,4,1,0,0,0,0,negative,urgent_refer,1,2.8,recovered
CASE-001504,2025-02-26,Kirehe,Mahama,CHW-KIR-03-02,146,female,38.4,1,0,0,0,0,0,negative,treat_at_home,0,,recovered
CASE-001505,2025-02-26,Nyagatare,Mimuri,CHW-NYG-05-01,97,female,38.6,2,0,0,0,0,0,negative,treat_at_home,0,,recovered
CASE-001506,2025-02-26,Nyagatare,Mimuri,CHW-NYG-05-04,192,female,38.6,5,0,0,0,0,0,positive,treat_at_home,0,,recovered
CASE-001507,2025-02-26,Nyagatare,Rwimiyaga,CHW-NYG-03-01,572,male,39.0,1,0,0,0,0,0,negative,treat_at_home,0,,recovered
CASE-001508,2025-02-27,Gisagara,Gisagara,CHW-GIS-01-02,20,male,38.6,2,0,0,0,0,0,positive,treat_at_home,0,,recovered
CASE-001509,2025-02-27,Gisagara,Gisagara,CHW-GIS-01-02,29,male,38.3,1,0,0,0,0,0,negative,treat_at_home,0,,recovered
CASE-001510,2025-02-27,Kirehe,Gahara,CHW-KIR-02-02,187,male,39.3,7,0,1,1,0,0,positive,urgent_refer,1,1.9,died
CASE-001511,2025-02-27,Nyagatare,Mimuri,CHW-NYG-05-03,179,female,39.0,2,0,0,0,0,0,positive,treat_at_home,0,,recovered
CASE-001512,2025-02-27,Nyagatare,Mimuri,CHW-NYG-05-04,98,male,37.1,0,0,0,0,0,0,negative,treat_at_home,0,,recovered
CASE-001513,2025-02-27,Nyagatare,Rwimiyaga,CHW-NYG-03-02,41,female,38.2,4,0,0,0,0,0,negative,refer,1,12.9,recovered
CASE-001514,2025-02-27,Nyagatare,Rwimiyaga,CHW-NYG-03-04,7,male,38.6,1,0,0,0,0,0,positive,treat_at_home,0,,recovered
CASE-001515,2025-02-27,Rusizi,Bugarama,CHW-RUS-02-03,36,female,39.3,1,0,0,0,0,0,positive,treat_at_home,0,,recovered
CASE-001516,2025-02-27,Rusizi,Gihundwe,CHW-RUS-03-02,20,male,38.1,2,0,0,0,0,0,negative,treat_at_home,0,,recovered
CASE-001517,2025-02-28,Bugesera,Mareba,CHW-BUG-04-01,502,male,38.4,4,0,0,0,0,0,negative,refer,1,16.0,recovered
CASE-001518,2025-02-28,Gasabo,Kacyiru,CHW-GAS-03-04,57,female,38.2,1,0,0,0,0,0,positive,treat_at_home,0,,recovered
CASE-001519,2025-02-28,Gisagara,Kibirizi,CHW-GIS-03-04,161,female,38.5,4,0,0,1,0,0,positive,urgent_refer,1,5.9,recovered
CASE-001520,2025-02-28,Gisagara,Save,CHW-GIS-02-04,52,male,38.1,6,0,0,0,0,0,positive,treat_at_home,0,,recovered
CASE-001521,2025-02-28,Nyagatare,Karangazi,CHW-NYG-02-01,62,female,37.7,1,0,0,0,0,0,negative,refer,0,,complication
CASE-001522,2025-02-28,Nyagatare,Matimba,CHW-NYG-04-01,95,male,38.0,6,0,0,0,0,0,positive,treat_at_home,0,,recovered
CASE-001523,2025-02-28,Nyagatare,Matimba,CHW-NYG-04-01,94,male,38.8,3,0,0,0,1,0,positive,urgent_refer,0,,recovered
CASE-001524,2025-02-28,Nyagatare,Matimba,CHW-NYG-04-03,83,male,38.2,2,0,0,0,0,0,positive,treat_at_home,0,,recovered
CASE-001525,2025-02-28,Nyagatare,Nyagatare,CHW-NYG-01-02,8,female,38.3,1,0,0,0,0,0,negative,treat_at_home,0,,recovered
CASE-001526,2025-02-28,Nyagatare,Nyagatare,CHW-NYG-01-03,11,male,38.8,1,0,0,0,0,0,positive,treat_at_home,0,,died
CASE-001527,2025-02-28,Nyagatare,Rwimiyaga,CHW-NYG-03-02,672,female,38.1,2,0,0,0,0,0,positive,treat_at_home,0,,recovered
CASE-001528,2025-03-01,Bugesera,Gashora,CHW-BUG-06-04,33,male,37.9,2,0,0,0,0,0,positive,treat_at_home,0,,recovered
CASE-001529,2025-03-01,Bugesera,Ntarama,CHW-BUG-05-01,45,female,38.2,2,0,0,0,0,0,invalid,refer,1,10.9,recovered
CASE-001530,2025-03-01,Bugesera,Nyamata,CHW-BUG-01-03,59,male,39.2,2,0,0,0,0,0,negative,treat_at_home,0,,recovered
CASE-001531,2025-03-01,Gisagara,Kibirizi,CHW-GIS-03-04,141,female,38.3,2,0,0,0,0,0,positive,refer,1,7.2,recovered
CASE-001532,2025-03-01,Nyagatare,Nyagatare,CHW-NYG-01-03,117,male,38.1,1,1,1,0,0,0,negative,urgent_refer,1,1.8,recovered
CASE-001533,2025-03-01,Nyagatare,Rwimiyaga,CHW-NYG-03-02,26,male,38.2,1,0,0,0,0,0,invalid,refer,0,,recovered
CASE-001534,2025-03-01,Rusizi,Bugarama,CHW-RUS-02-04,174,male,38.4,6,0,0,0,0,0,positive,treat_at_home,0,,recovered
CASE-001535,2025-03-01,Rusizi,Gihundwe,CHW-RUS-03-01,640,male,38.6,2,0,0,0,0,0,positive,treat_at_home,0,,recovered
CASE-001536,2025-03-02,Bugesera,Mayange,CHW-BUG-03-02,125,male,38.8,1,0,0,1,1,0,invalid,urgent_refer,1,5.7,recovered
CASE-001537,2025-03-02,Bugesera,Nyamata,CHW-BUG-01-02,52,female,38.2,1,0,0,0,0,0,positive,treat_at_home,0,,recovered
CASE-001538,2025-03-02,Bugesera,Nyamata,CHW-BUG-01-02,152,male,38.1,1,0,0,0,0,0,positive,treat_at_home,0,,recovered
CASE-001539,2025-03-02,Bugesera,Rilima,CHW-BUG-02-02,288,male,38.8,3,0,0,1,0,0,positive,urgent_refer,1,5.6,recovered
CASE-001540,2025-03-02,Gasabo,Remera,CHW-GAS-02-03,58,female,38.3,3,0,0,0,0,0,negative,refer,1,12.2,recovered
CASE-001541,2025-03-02,Kirehe,Gahara,CHW-KIR-02-02,32,male,36.8,0,0,0,0,0,0,negative,treat_at_home,0,,recovered
CASE-001542,2025-03-02,Kirehe,Kirehe,CHW-KIR-01-01,17,male,36.7,0,0,0,0,0,0,positive,treat_at_home,0,,recovered
CASE-001543,2025-03-02,Kirehe,Mahama,CHW-KIR-03-03,65,female,38.6,3,0,0,0,1,0,invalid,refer,1,16.4,complication
CASE-001544,2025-03-02,Nyagatare,Karangazi,CHW-NYG-02-02,99,female,38.2,1,0,0,0,0,0,positive,treat_at_home,0,,recovered
CASE-001545,2025-03-02,Nyagatare,Karangazi,CHW-NYG-02-04,14,female,38.5,4,0,0,0,0,0,negative,refer,1,10.3,recovered
CASE-001546,2025-03-02,Nyagatare,Rwimiyaga,CHW-NYG-03-04,43,male,37.6,1,0,0,0,0,0,positive,treat_at_home,0,,recovered
CASE-001547,2025-03-02,Rusizi,Bugarama,CHW-RUS-02-03,45,male,38.4,1,0,1,0,0,0,positive,urgent_refer,1,10.7,recovered
CASE-001548,2025-03-03,Bugesera,Nyamata,CHW-BUG-01-01,83,female,38.9,2,0,0,0,0,0,positive,treat_at_home,0,,recovered
CASE-001549,2025-03-03,Gisagara,Gisagara,CHW-GIS-01-04,566,female,37.9,6,0,0,0,0,0,positive,treat_at_home,0,,recovered
CASE-001550,2025-03-03,Gisagara,Save,CHW-GIS-02-02,692,female,38.1,4,0,0,0,0,0,positive,treat_at_home,0,,recovered
CASE-001551,2025-03-03,Gisagara,Save,CHW-GIS-02-02,54,male,38.8,5,0,0,0,0,0,positive,treat_at_home,0,,recovered
CASE-001552,2025-03-03,Nyagatare,Karangazi,CHW-NYG-02-04,13,female,38.7,2,0,0,1,0,1,positive,refer,0,,complication
CASE-001553,2025-03-03,Nyagatare,Mimuri,CHW-NYG-05-01,12,female,38.0,3,0,0,0,0,0,negative,refer,0,,recovered
CASE-001554,2025-03-03,Nyagatare,Rwimiyaga,CHW-NYG-03-01,97,male,38.8,4,0,0,0,0,0,negative,refer,0,,recovered
CASE-001555,2025-03-03,Rusizi,Bugarama,CHW-RUS-02-04,35,female,38.8,1,0,0,0,0,1,negative,urgent_refer,1,7.7,recovered
CASE-001556,2025-03-04,Bugesera,Nyamata,CHW-BUG-01-02,106,female,38.2,5,0,0,0,0,0,negative,refer,1,7.9,recovered
CASE-001557,2025-03-04,Bugesera,Nyamata,CHW-BUG-01-03,42,female,38.5,1,0,0,0,0,0,invalid,refer,1,6.8,recovered
CASE-001558,2025-03-04,Bugesera,Rilima,CHW-BUG-02-01,44,female,38.4,4,0,0,0,0,0,positive,treat_at_home,0,,recovered
CASE-001559,2025-03-04,Gisagara,Gisagara,CHW-GIS-01-02,56,male,38.2,2,0,0,0,0,0,negative,treat_at_home,0,,recovered
CASE-001560,2025-03-04,Gisagara,Kibirizi,CHW-GIS-03-01,191,female,38.5,3,0,0,0,0,0,negative,refer,0,,recovered
CASE-001561,2025-03-04,Kirehe,Gahara,CHW-KIR-02-01,473,female,39.0,2,1,1,0,0,0,positive,urgent_refer,1,3.0,recovered
CASE-001562,2025-03-04,Kirehe,Gahara,CHW-KIR-02-02,27,male,37.3,2,0,0,0,0,0,positive,treat_at_home,0,,recovered
CASE-001563,2025-03-04,Nyagatare,Matimba,CHW-NYG-04-03,22,female,39.3,3,0,0,0,1,0,negative,urgent_refer,1,3.7,recovered
CASE-001564,2025-03-04,Rusizi,Bugarama,CHW-RUS-02-02,1,female,37.8,3,0,0,0,0,0,negative,urgent_refer,0,,unknown
CASE-001565,2025-03-04,Rusizi,Gihundwe,CHW-RUS-03-02,83,male,38.6,2,0,0,0,0,0,positive,treat_at_home,0,,recovered
CASE-001566,2025-03-05,Bugesera,Mareba,CHW-BUG-04-02,32,male,38.6,3,0,1,1,0,0,negative,urgent_refer,0,,complication
CASE-001567,2025-03-05,Bugesera,Mayange,CHW-BUG-03-02,31,male,38.1,2,0,0,0,0,0,positive,treat_at_home,0,,recovered
CASE-001568,2025-03-05,Bugesera,Nyamata,CHW-BUG-01-01,652,male,38.1,1,0,0,0,0,0,negative,treat_at_home,0,,recovered
CASE-001569,2025-03-05,Bugesera,Nyamata,CHW-BUG-01-02,14,male,38.9,1,0,0,0,0,0,invalid,refer,1,8.0,recovered
CASE-001570,2025-03-05,Gisagara,Gisagara,CHW-GIS-01-04,138,male,36.7,0,0,0,0,0,0,positive,treat_at_home,0,,recovered
CASE-001571,2025-03-05,Gisagara,Kibirizi,CHW-GIS-03-04,673,female,38.7,1,0,0,0,0,0,positive,treat_at_home,0,,recovered
CASE-001572,2025-03-05,Nyagatare,Karangazi,CHW-NYG-02-01,150,male,38.9,1,0,0,0,0,0,positive,treat_at_home,0,,recovered
CASE-001573,2025-03-05,Nyagatare,Karangazi,CHW-NYG-02-03,14,female,38.5,2,0,0,0,0,0,positive,treat_at_home,0,,recovered
CASE-001574,2025-03-05,Nyagatare,Karangazi,CHW-NYG-02-04,400,male,38.1,1,0,0,0,0,0,positive,treat_at_home,0,,recovered
CASE-001575,2025-03-05,Nyagatare,Katabagemu,CHW-NYG-06-02,30,female,38.5,1,0,0,0,0,0,negative,treat_at_home,0,,recovered
CASE-001576,2025-03-05,Nyagatare,Katabagemu,CHW-NYG-06-03,11,male,39.1,3,0,0,0,0,0,positive,treat_at_home,0,,recovered
CASE-001577,2025-03-05,Nyagatare,Katabagemu,CHW-NYG-06-03,12,female,37.8,2,0,0,0,0,0,positive,treat_at_home,0,,died
CASE-001578,2025-03-05,Nyagatare,Katabagemu,CHW-NYG-06-04,8,male,36.4,0,0,0,0,0,0,negative,treat_at_home,0,,recovered
CASE-001579,2025-03-05,Nyagatare,Nyagatare,CHW-NYG-01-04,51,female,38.4,1,0,0,0,0,0,negative,treat_at_home,0,,recovered
CASE-001580,2025-03-05,Nyagatare,Rwimiyaga,CHW-NYG-03-04,17,female,37.8,1,0,0,0,0,0,negative,treat_at_home,0,,recovered
CASE-001581,2025-03-05,Rusizi,Bugarama,CHW-RUS-02-03,328,female,39.5,5,0,0,0,0,0,positive,treat_at_home,0,,recovered
CASE-001582,2025-03-05,Rusizi,Gihundwe,CHW-RUS-03-01,75,male,39.1,1,0,0,0,0,0,negative,treat_at_home,0,,recovered
CASE-001583,2025-03-06,Bugesera,Mayange,CHW-BUG-03-04,63,male,38.2,5,0,0,0,0,0,positive,treat_at_home,0,,recovered
CASE-001584,2025-03-06,Bugesera,Nyamata,CHW-BUG-01-01,57,male,37.8,2,0,0,0,0,0,positive,treat_at_home,0,,recovered
CASE-001585,2025-03-06,Bugesera,Rilima,CHW-BUG-02-03,42,male,39.0,3,0,0,0,0,0,positive,treat_at_home,0,,recovered
CASE-001586,2025-03-06,Gisagara,Kibirizi,CHW-GIS-03-02,144,male,38.0,1,0,0,0,0,0,positive,treat_at_home,0,,recovered
CASE-001587,2025-03-06,Gisagara,Save,CHW-GIS-02-01,45,male,39.0,2,0,0,0,0,0,negative,treat_at_home,0,,recovered
CASE-001588,2025-03-06,Kirehe,Gahara,CHW-KIR-02-04,662,female,38.7,4,0,0,0,0,0,positive,treat_at_home,0,,recovered
CASE-001589,2025-03-06,Kirehe,Kirehe,CHW-KIR-01-02,42,male,38.8,6,0,0,0,0,0,negative,refer,0,,recovered
CASE-001590,2025-03-06,Kirehe,Kirehe,CHW-KIR-01-03,8,female,38.7,3,0,0,0,0,0,positive,treat_at_home,0,,recovered
CASE-001591,2025-03-06,Nyagatare,Mimuri,CHW-NYG-05-02,147,male,38.0,2,0,0,0,0,0,positive,treat_at_home,0,,recovered
CASE-001592,2025-03-06,Nyagatare,Nyagatare,CHW-NYG-01-04,6,male,37.2,3,0,0,0,0,0,negative,refer,1,10.5,recovered
CASE-001593,2025-03-06,Nyagatare,Nyagatare,CHW-NYG-01-04,28,female,38.2,2,0,0,0,0,0,positive,treat_at_home,0,,recovered
CASE-001594,2025-03-06,Rusizi,Kamembe,CHW-RUS-01-01,20,male,37.6,2,0,0,0,0,0,negative,treat_at_home,0,,recovered
CASE-001595,2025-03-07,Bugesera,Gashora,CHW-BUG-06-02,15,male,36.7,0,0,0,0,0,0,negative,treat_at_home,0,,recovered
CASE-001596,2025-03-07,Bugesera,Rilima,CHW-BUG-02-03,613,male,38.6,1,0,1,1,0,0,positive,urgent_refer,1,2.0,recovered
CASE-001597,2025-03-07,Kirehe,Kirehe,CHW-KIR-01-02,50,female,37.9,3,0,0,0,0,0,negative,refer,0,,recovered
CASE-001598,2025-03-07,Kirehe,Kirehe,CHW-KIR-01-04,17,female,38.3,1,0,0,0,0,0,positive,treat_at_home,0,,recovered
CASE-001599,2025-03-07,Nyagatare,Karangazi,CHW-NYG-02-04,20,male,37.9,1,0,0,0,0,0,negative,treat_at_home,0,,recovered
CASE-001600,2025-03-07,Nyagatare,Katabagemu,CHW-NYG-06-03,13,female,38.2,3,0,0,0,0,0,positive,treat_at_home,0,,recovered
CASE-001601,2025-03-07,Nyagatare,Matimba,CHW-NYG-04-02,40,male,37.8,2,0,0,0,0,0,negative,treat_at_home,0,,recovered
CASE-001602,2025-03-07,Nyagatare,Matimba,CHW-NYG-04-03,152,female,38.5,1,0,0,0,0,0,positive,treat_at_home,0,,recovered
CASE-001603,2025-03-07,Nyagatare,Mimuri,CHW-NYG-05-04,542,female,38.4,2,0,0,0,0,0,negative,treat_at_home,0,,recovered
CASE-001604,2025-03-07,Nyagatare,Nyagatare,CHW-NYG-01-03,108,male,38.8,4,0,0,0,0,0,negative,refer,1,6.0,recovered
CASE-001605,2025-03-07,Rusizi,Gihundwe,CHW-RUS-03-02,29,male,37.0,0,0,0,0,0,0,invalid,refer,1,7.6,recovered
CASE-001606,2025-03-08,Bugesera,Gashora,CHW-BUG-06-01,443,female,39.1,4,0,0,0,0,0,positive,treat_at_home,0,,recovered
CASE-001607,2025-03-08,Bugesera,Mareba,CHW-BUG-04-03,16,female,38.8,2,0,0,0,0,0,invalid,refer,1,16.3,unknown
CASE-001608,2025-03-08,Bugesera,Mareba,CHW-BUG-04-03,33,female,38.6,1,0,0,0,0,0,positive,treat_at_home,0,,recovered
CASE-001609,2025-03-08,Bugesera,Ntarama,CHW-BUG-05-03,45,male,38.4,5,0,0,0,0,0,positive,treat_at_home,0,,recovered
CASE-001610,2025-03-08,Gisagara,Gisagara,CHW-GIS-01-04,364,female,38.2,4,0,0,0,0,0,negative,refer,1,6.9,recovered
CASE-001611,2025-03-08,Gisagara,Kibirizi,CHW-GIS-03-03,16,female,38.0,1,0,0,0,0,0,positive,treat_at_home,0,,recovered
CASE-001612,2025-03-08,Kirehe,Kirehe,CHW-KIR-01-02,45,male,37.8,2,0,0,0,0,0,positive,treat_at_home,0,,recovered
CASE-001613,2025-03-08,Nyagatare,Karangazi,CHW-NYG-02-03,12,male,39.6,5,0,1,0,0,0,negative,urgent_refer,0,,recovered
CASE-001614,2025-03-08,Nyagatare,Katabagemu,CHW-NYG-06-03,86,female,38.8,1,1,0,0,0,1,positive,refer,1,6.3,recovered
CASE-001615,2025-03-08,Rusizi,Bugarama,CHW-RUS-02-03,427,female,38.8,2,0,0,0,0,0,positive,treat_at_home,0,,recovered
CASE-001616,2025-03-08,Rusizi,Bugarama,CHW-RUS-02-04,34,male,38.2,4,0,0,0,0,0,positive,treat_at_home,0,,recovered
CASE-001617,2025-03-09,Bugesera,Gashora,CHW-BUG-06-04,121,male,38.8,3,0,0,0,0,0,positive,treat_at_home,0,,recovered
CASE-001618,2025-03-09,Bugesera,Ntarama,CHW-BUG-05-02,28,male,39.0,4,0,0,0,0,0,positive,treat_at_home,0,,recovered
CASE-001619,2025-03-09,Bugesera,Nyamata,CHW-BUG-01-04,40,male,38.3,2,0,0,0,0,0,positive,treat_at_home,0,,recovered
CASE-001620,2025-03-09,Bugesera,Rilima,CHW-BUG-02-01,28,female,38.7,2,0,0,0,0,0,invalid,refer,1,5.6,recovered
CASE-001621,2025-03-09,Gisagara,Kibirizi,CHW-GIS-03-02,66,male,38.4,4,0,0,0,0,0,positive,treat_at_home,0,,recovered
CASE-001622,2025-03-09,Kirehe,Kirehe,CHW-KIR-01-02,167,male,39.0,2,0,0,0,0,0,negative,treat_at_home,0,,recovered
CASE-001623,2025-03-09,Kirehe,Mahama,CHW-KIR-03-01,13,male,38.1,1,0,0,0,0,0,positive,treat_at_home,0,,recovered
CASE-001624,2025-03-09,Kirehe,Mahama,CHW-KIR-03-02,56,male,38.2,3,0,0,0,0,0,negative,refer,1,10.4,recovered
CASE-001625,2025-03-09,Rusizi,Gihundwe,CHW-RUS-03-02,15,female,38.0,4,0,0,0,0,0,invalid,refer,1,5.6,recovered
CASE-001626,2025-03-10,Bugesera,Mayange,CHW-BUG-03-03,25,male,38.5,1,0,0,0,1,1,negative,urgent_refer,1,3.5,recovered
CASE-001627,2025-03-10,Bugesera,Ntarama,CHW-BUG-05-03,22,male,37.9,6,0,0,0,0,0,negative,refer,1,13.3,recovered
CASE-001628,2025-03-10,Bugesera,Nyamata,CHW-BUG-01-01,57,female,38.7,2,0,0,0,0,0,positive,treat_at_home,0,,recovered
CASE-001629,2025-03-10,Bugesera,Nyamata,CHW-BUG-01-03,298,male,36.6,0,0,0,0,0,0,negative,treat_at_home,0,,recovered
CASE-001630,2025-03-10,Gisagara,Save,CHW-GIS-02-01,95,male,36.7,0,0,1,0,0,0,negative,urgent_refer,1,7.8,recovered
CASE-001631,2025-03-10,Kirehe,Kirehe,CHW-KIR-01-02,110,male,38.8,2,0,0,0,0,0,negative,treat_at_home,0,,recovered
CASE-001632,2025-03-10,Kirehe,Kirehe,CHW-KIR-01-04,267,female,38.1,2,0,0,0,0,0,positive,treat_at_home,0,,recovered
CASE-001633,2025-03-10,Nyagatare,Karangazi,CHW-NYG-02-03,22,male,38.7,1,0,0,0,0,0,positive,treat_at_home,0,,recovered
CASE-001634,2025-03-10,Nyagatare,Katabagemu,CHW-NYG-06-03,375,female,38.8,2,1,0,0,1,0,positive,urgent_refer,1,6.9,complication
CASE-001635,2025-03-10,Nyagatare,Mimuri,CHW-NYG-05-03,11,male,38.6,2,0,0,0,0,0,negative,treat_at_home,0,,recovered
CASE-001636,2025-03-10,Rusizi,Kamembe,CHW-RUS-01-02,36,female,38.7,1,0,0,0,0,0,negative,treat_at_home,0,,recovered
CASE-001637,2025-03-11,Bugesera,Gashora,CHW-BUG-06-03,120,male,37.4,1,0,0,0,0,0,positive,refer,0,,recovered
CASE-001638,2025-03-11,Bugesera,Mareba,CHW-BUG-04-02,22,male,38.5,4,0,1,0,1,0,positive,urgent_refer,0,,complication
CASE-001639,2025-03-11,Gasabo,Kacyiru,CHW-GAS-03-03,1,female,38.8,1,0,0,0,0,0,positive,urgent_refer,1,4.8,complication
CASE-001640,2025-03-11,Gisagara,Kibirizi,CHW-GIS-03-01,121,female,39.3,4,0,0,0,0,0,positive,treat_at_home,0,,recovered
CASE-001641,2025-03-11,Kirehe,Gahara,CHW-KIR-02-02,38,male,38.2,2,0,1,0,0,0,negative,urgent_refer,1,6.7,recovered
CASE-001642,2025-03-11,Kirehe,Kirehe,CHW-KIR-01-02,19,female,37.9,1,0,0,0,0,0,positive,refer,0,,recovered
CASE-001643,2025-03-11,Kirehe,Mahama,CHW-KIR-03-01,156,female,37.7,2,0,0,0,0,0,positive,treat_at_home,0,,recovered
CASE-001644,2025-03-11,Kirehe,Mahama,CHW-KIR-03-02,12,male,38.5,1,0,0,0,0,0,negative,treat_at_home,0,,recovered
CASE-001645,2025-03-11,Nyagatare,Katabagemu,CHW-NYG-06-02,94,male,38.2,3,0,0,0,0,0,positive,treat_at_home,0,,recovered
CASE-001646,2025-03-11,Nyagatare,Matimba,CHW-NYG-04-03,3,male,39.1,4,0,0,0,0,0,positive,treat_at_home,0,,recovered
CASE-001647,2025-03-12,Bugesera,Mareba,CHW-BUG-04-02,7,male,38.6,4,0,0,0,0,0,positive,treat_at_home,0,,recovered
CASE-001648,2025-03-12,Bugesera,Ntarama,CHW-BUG-05-01,17,male,37.9,1,0,0,0,0,0,negative,treat_at_home,0,,recovered
CASE-001649,2025-03-12,Bugesera,Ntarama,CHW-BUG-05-02,41,female,37.7,2,0,0,0,0,0,invalid,refer,0,,recovered
CASE-001650,2025-03-12,Nyagatare,Katabagemu,CHW-NYG-06-01,141,male,39.3,3,0,0,0,0,0,positive,treat_at_home,0,,recovered
CASE-001651,2025-03-12,Nyagatare,Mimuri,CHW-NYG-05-04,287,female,38.6,3,0,0,0,0,0,negative,refer,1,3.2,recovered
CASE-001652,2025-03-13,Bugesera,Gashora,CHW-BUG-06-02,457,female,37.8,1,0,0,0,0,0,positive,treat_at_home,0,,recovered
CASE-001653,2025-03-13,Bugesera,Gashora,CHW-BUG-06-03,446,female,39.0,4,0,0,0,0,0,positive,treat_at_home,0,,recovered
CASE-001654,2025-03-13,Bugesera,Ntarama,CHW-BUG-05-01,49,male,38.2,2,0,0,0,0,0,negative,treat_at_home,0,,recovered
CASE-001655,2025-03-13,Bugesera,Ntarama,CHW-BUG-05-01,29,female,37.9,2,0,0,0,0,0,negative,treat_at_home,0,,recovered
CASE-001656,2025-03-13,Bugesera,Nyamata,CHW-BUG-01-01,159,male,38.3,1,0,0,0,1,0,positive,urgent_refer,1,3.5,recovered
CASE-001657,2025-03-13,Bugesera,Rilima,CHW-BUG-02-02,24,male,38.5,7,0,0,0,0,0,positive,treat_at_home,0,,recovered
CASE-001658,2025-03-13,Gisagara,Save,CHW-GIS-02-03,15,female,38.4,1,0,0,0,0,0,positive,refer,1,4.9,recovered
CASE-001659,2025-03-13,Kirehe,Kirehe,CHW-KIR-01-01,13,male,38.4,6,0,0,0,0,0,negative,refer,0,,recovered
CASE-001660,2025-03-13,Kirehe,Kirehe,CHW-KIR-01-04,159,male,38.3,3,0,1,0,0,0,positive,urgent_refer,1,7.5,recovered
CASE-001661,2025-03-13,Nyagatare,Mimuri,CHW-NYG-05-04,685,female,37.7,1,0,0,0,0,0,positive,treat_at_home,0,,recovered
CASE-001662,2025-03-13,Nyagatare,Nyagatare,CHW-NYG-01-01,17,male,38.6,2,0,0,0,0,0,positive,treat_at_home,0,,recovered
CASE-001663,2025-03-13,Nyagatare,Nyagatare,CHW-NYG-01-04,59,female,38.6,4,0,0,0,0,0,positive,treat_at_home,0,,recovered
CASE-001664,2025-03-13,Nyagatare,Nyagatare,CHW-NYG-01-04,13,male,38.5,5,0,0,0,0,0,positive,treat_at_home,0,,complication
CASE-001665,2025-03-13,Rusizi,Bugarama,CHW-RUS-02-01,52,female,39.1,3,0,0,0,0,0,positive,treat_at_home,0,,recovered
CASE-001666,2025-03-14,Kirehe,Kirehe,CHW-KIR-01-03,128,female,38.7,5,0,0,0,0,0,invalid,refer,0,,recovered
CASE-001667,2025-03-14,Nyagatare,Katabagemu,CHW-NYG-06-01,38,female,38.5,3,0,0,0,0,0,positive,treat_at_home,0,,recovered
CASE-001668,2025-03-14,Rusizi,Kamembe,CHW-RUS-01-01,152,female,36.7,0,0,0,0,0,0,negative,treat_at_home,0,,recovered
CASE-001669,2025-03-15,Bugesera,Mareba,CHW-BUG-04-01,686,male,37.7,1,0,0,0,0,0,positive,treat_at_home,0,,recovered
CASE-001670,2025-03-15,Bugesera,Ntarama,CHW-BUG-05-03,48,female,38.0,3,0,0,0,0,0,positive,refer,0,,recovered
CASE-001671,2025-03-15,Bugesera,Rilima,CHW-BUG-02-03,24,male,38.5,4,0,0,0,0,0,negative,refer,0,,recovered
CASE-001672,2025-03-15,Bugesera,Rilima,CHW-BUG-02-04,55,male,38.7,1,0,0,0,0,0,positive,treat_at_home,0,,recovered
CASE-001673,2025-03-15,Gasabo,Remera,CHW-GAS-02-01,42,male,38.8,6,0,0,0,0,0,negative,refer,1,3.6,recovered
CASE-001674,2025-03-15,Gisagara,Gisagara,CHW-GIS-01-01,39,female,39.3,2,0,0,0,0,0,negative,treat_at_home,0,,recovered
CASE-001675,2025-03-15,Gisagara,Kibirizi,CHW-GIS-03-03,33,male,38.4,1,0,0,0,0,0,negative,treat_at_home,0,,recovered
CASE-001676,2025-03-15,Kirehe,Kirehe,CHW-KIR-01-01,11,female,38.6,1,0,0,0,0,0,negative,treat_at_home,0,,recovered
CASE-001677,2025-03-15,Kirehe,Kirehe,CHW-KIR-01-01,10,female,38.7,1,0,0,0,0,0,positive,treat_at_home,0,,recovered
CASE-001678,2025-03-15,Kirehe,Kirehe,CHW-KIR-01-04,289,female,38.7,3,0,0,0,0,0,positive,treat_at_home,0,,recovered
CASE-001679,2025-03-15,Kirehe,Kirehe,CHW-KIR-01-04,132,female,38.9,3,0,0,0,0,0,positive,treat_at_home,0,,recovered
CASE-001680,2025-03-15,Kirehe,Kirehe,CHW-KIR-01-04,26,male,38.7,2,0,0,0,0,1,negative,refer,0,,recovered
CASE-001681,2025-03-15,Kirehe,Mahama,CHW-KIR-03-04,86,female,38.1,2,0,0,0,0,0,negative,treat_at_home,0,,recovered
CASE-001682,2025-03-15,Nyagatare,Karangazi,CHW-NYG-02-03,70,male,38.7,6,0,0,0,0,0,invalid,refer,1,12.2,recovered
CASE-001683,2025-03-15,Nyagatare,Katabagemu,CHW-NYG-06-03,6,male,36.7,0,0,0,0,0,0,negative,treat_at_home,0,,recovered
CASE-001684,2025-03-15,Nyagatare,Nyagatare,CHW-NYG-01-01,10,male,38.4,3,0,0,0,0,0,positive,treat_at_home,0,,recovered
CASE-001685,2025-03-15,Nyagatare,Nyagatare,CHW-NYG-01-02,2,male,38.3,2,0,0,0,0,0,positive,treat_at_home,0,,recovered
CASE-001686,2025-03-15,Rusizi,Gihundwe,CHW-RUS-03-03,161,female,38.9,4,0,1,0,0,0,positive,urgent_refer,1,4.9,recovered
CASE-001687,2025-03-16,Bugesera,Ntarama,CHW-BUG-05-03,343,female,38.2,1,0,0,0,0,0,positive,treat_at_home,0,,recovered
CASE-001688,2025-03-16,Bugesera,Rilima,CHW-BUG-02-02,53,female,38.3,6,0,0,0,0,0,negative,refer,1,23.2,recovered
CASE-001689,2025-03-16,Bugesera,Rilima,CHW-BUG-02-04,148,female,38.7,2,0,0,0,0,0,positive,treat_at_home,0,,recovered
CASE-001690,2025-03-16,Gasabo,Remera,CHW-GAS-02-02,39,male,38.0,1,0,0,0,0,0,negative,refer,1,4.9,recovered
CASE-001691,2025-03-16,Gisagara,Gisagara,CHW-GIS-01-02,20,male,38.1,1,0,0,0,0,0,positive,treat_at_home,0,,recovered
CASE-001692,2025-03-16,Gisagara,Kibirizi,CHW-GIS-03-03,41,male,38.1,1,0,0,0,0,0,negative,treat_at_home,0,,recovered
CASE-001693,2025-03-16,Gisagara,Kibirizi,CHW-GIS-03-04,52,female,38.2,3,0,0,0,0,0,negative,refer,0,,recovered
CASE-001694,2025-03-16,Gisagara,Save,CHW-GIS-02-04,113,female,39.4,7,0,0,0,0,0,negative,refer,0,,recovered
CASE-001695,2025-03-16,Nyagatare,Katabagemu,CHW-NYG-06-02,54,male,38.3,2,0,0,0,0,0,positive,treat_at_home,0,,recovered
CASE-001696,2025-03-16,Nyagatare,Matimba,CHW-NYG-04-02,115,female,37.8,1,0,0,0,0,0,positive,treat_at_home,0,,recovered
CASE-001697,2025-03-16,Nyagatare,Nyagatare,CHW-NYG-01-02,617,male,38.6,3,0,0,0,0,0,positive,treat_at_home,0,,recovered
CASE-001698,2025-03-16,Nyagatare,Rwimiyaga,CHW-NYG-03-02,150,female,38.0,4,0,0,0,0,0,positive,treat_at_home,0,,recovered
CASE-001699,2025-03-16,Rusizi,Bugarama,CHW-RUS-02-04,51,male,38.1,6,0,0,0,0,0,positive,treat_at_home,0,,recovered
CASE-001700,2025-03-17,Bugesera,Mareba,CHW-BUG-04-04,43,male,36.5,0,0,0,0,0,0,negative,treat_at_home,0,,recovered
CASE-001701,2025-03-17,Bugesera,Mareba,CHW-BUG-04-04,1,male,36.4,0,0,0,0,0,0,negative,urgent_refer,1,4.2,unknown
CASE-001702,2025-03-17,Bugesera,Nyamata,CHW-BUG-01-01,26,female,38.3,4,0,0,0,0,0,negative,refer,1,7.3,complication
CASE-001703,2025-03-17,Bugesera,Nyamata,CHW-BUG-01-01,164,female,38.8,3,0,0,0,0,0,positive,treat_at_home,0,,recovered
CASE-001704,2025-03-17,Bugesera,Nyamata,CHW-BUG-01-03,149,male,38.4,2,0,0,0,0,0,negative,treat_at_home,0,,recovered
CASE-001705,2025-03-17,Bugesera,Rilima,CHW-BUG-02-01,22,female,36.6,0,0,0,0,0,0,negative,refer,1,7.3,recovered
CASE-001706,2025-03-17,Gisagara,Gisagara,CHW-GIS-01-01,492,female,38.8,2,0,0,0,0,0,positive,treat_at_home,0,,recovered
CASE-001707,2025-03-17,Nyagatare,Mimuri,CHW-NYG-05-01,231,male,36.3,0,0,0,0,0,0,negative,treat_at_home,0,,recovered
CASE-001708,2025-03-17,Nyagatare,Nyagatare,CHW-NYG-01-02,13,female,38.0,4,0,0,0,0,0,negative,refer,1,14.7,recovered
CASE-001709,2025-03-18,Gisagara,Gisagara,CHW-GIS-01-02,695,male,38.6,4,0,0,0,0,0,positive,treat_at_home,0,,recovered
CASE-001710,2025-03-18,Gisagara,Gisagara,CHW-GIS-01-03,22,female,38.1,2,0,0,0,0,0,positive,treat_at_home,0,,recovered
CASE-001711,2025-03-18,Gisagara,Kibirizi,CHW-GIS-03-01,8,female,38.9,4,0,0,0,0,0,invalid,refer,1,12.0,recovered
CASE-001712,2025-03-18,Gisagara,Kibirizi,CHW-GIS-03-04,123,male,37.3,3,0,0,0,0,0,invalid,refer,1,4.4,unknown
CASE-001713,2025-03-18,Kirehe,Gahara,CHW-KIR-02-01,42,male,39.3,3,0,0,0,0,0,positive,treat_at_home,0,,complication
CASE-001714,2025-03-18,Kirehe,Kirehe,CHW-KIR-01-02,33,female,39.0,2,0,0,0,0,0,positive,treat_at_home,0,,recovered
CASE-001715,2025-03-18,Kirehe,Mahama,CHW-KIR-03-03,55,male,38.3,1,0,0,0,0,0,positive,treat_at_home,0,,recovered
CASE-001716,2025-03-18,Nyagatare,Karangazi,CHW-NYG-02-04,46,female,38.6,1,0,0,0,1,1,negative,urgent_refer,1,11.6,recovered
CASE-001717,2025-03-18,Nyagatare,Mimuri,CHW-NYG-05-02,42,female,38.2,2,0,0,0,0,0,positive,treat_at_home,0,,recovered
CASE-001718,2025-03-18,Nyagatare,Nyagatare,CHW-NYG-01-03,45,female,38.2,2,0,0,0,0,0,positive,treat_at_home,0,,recovered
CASE-001719,2025-03-19,Bugesera,Mareba,CHW-BUG-04-02,679,male,39.2,2,0,0,0,0,0,positive,treat_at_home,0,,recovered
CASE-001720,2025-03-19,Bugesera,Mayange,CHW-BUG-03-02,56,female,37.1,0,0,0,0,0,0,positive,treat_at_home,0,,recovered
CASE-001721,2025-03-19,Bugesera,Mayange,CHW-BUG-03-02,51,male,38.3,1,0,0,0,0,0,negative,treat_at_home,0,,recovered
CASE-001722,2025-03-19,Bugesera,Ntarama,CHW-BUG-05-04,566,female,39.2,4,0,0,0,0,0,negative,refer,0,,recovered
CASE-001723,2025-03-19,Bugesera,Nyamata,CHW-BUG-01-04,160,female,38.1,1,0,0,0,0,0,positive,treat_at_home,0,,recovered
CASE-001724,2025-03-19,Gasabo,Remera,CHW-GAS-02-03,106,male,38.7,4,0,0,0,1,0,negative,urgent_refer,1,4.5,unknown
CASE-001725,2025-03-19,Gisagara,Gisagara,CHW-GIS-01-02,132,female,38.5,2,0,0,0,0,0,positive,treat_at_home,0,,recovered
CASE-001726,2025-03-19,Gisagara,Gisagara,CHW-GIS-01-02,14,female,38.5,2,0,0,0,0,0,negative,treat_at_home,0,,recovered
CASE-001727,2025-03-19,Gisagara,Kibirizi,CHW-GIS-03-04,15,female,38.2,3,0,0,0,0,0,positive,treat_at_home,0,,recovered
CASE-001728,2025-03-19,Kirehe,Gahara,CHW-KIR-02-02,14,female,38.8,1,0,0,0,0,0,negative,treat_at_home,0,,recovered
CASE-001729,2025-03-19,Nyagatare,Katabagemu,CHW-NYG-06-01,27,female,38.2,1,0,0,0,0,0,positive,treat_at_home,0,,recovered
CASE-001730,2025-03-19,Nyagatare,Rwimiyaga,CHW-NYG-03-02,56,female,38.1,2,0,0,0,0,0,negative,treat_at_home,0,,recovered
CASE-001731,2025-03-20,Bugesera,Mareba,CHW-BUG-04-01,11,male,38.2,3,0,0,0,0,0,positive,treat_at_home,0,,recovered
CASE-001732,2025-03-20,Bugesera,Ntarama,CHW-BUG-05-02,58,female,38.8,4,0,0,0,0,0,positive,treat_at_home,0,,recovered
CASE-001733,2025-03-20,Bugesera,Nyamata,CHW-BUG-01-01,103,female,38.4,1,0,0,0,0,0,positive,treat_at_home,0,,recovered
CASE-001734,2025-03-20,Bugesera,Nyamata,CHW-BUG-01-03,187,male,38.8,1,0,0,0,0,0,negative,treat_at_home,0,,recovered
CASE-001735,2025-03-20,Gisagara,Kibirizi,CHW-GIS-03-03,45,female,37.7,1,0,0,0,0,0,negative,treat_at_home,0,,recovered
CASE-001736,2025-03-20,Gisagara,Kibirizi,CHW-GIS-03-03,422,female,39.5,2,0,0,0,0,0,negative,treat_at_home,0,,recovered
CASE-001737,2025-03-20,Kirehe,Kirehe,CHW-KIR-01-01,345,female,38.4,1,0,0,0,0,0,negative,treat_at_home,0,,recovered
CASE-001738,2025-03-20,Kirehe,Mahama,CHW-KIR-03-04,48,female,37.7,1,0,0,0,0,0,negative,refer,1,15.2,recovered
CASE-001739,2025-03-20,Kirehe,Mahama,CHW-KIR-03-04,20,female,38.9,5,0,0,0,0,0,negative,refer,1,20.8,recovered
CASE-001740,2025-03-20,Nyagatare,Katabagemu,CHW-NYG-06-02,18,male,38.5,2,0,0,0,0,0,positive,treat_at_home,0,,recovered
CASE-001741,2025-03-20,Rusizi,Gihundwe,CHW-RUS-03-03,37,female,39.1,1,0,0,0,0,0,positive,treat_at_home,0,,recovered
CASE-001742,2025-03-21,Bugesera,Mareba,CHW-BUG-04-02,46,female,39.0,2,1,0,0,0,1,positive,urgent_refer,0,,recovered
CASE-001743,2025-03-21,Bugesera,Nyamata,CHW-BUG-01-02,7,male,38.9,4,0,1,0,0,0,positive,urgent_refer,1,5.0,died
CASE-001744,2025-03-21,Nyagatare,Mimuri,CHW-NYG-05-02,7,female,38.5,6,0,0,0,0,0,positive,treat_at_home,0,,recovered
CASE-001745,2025-03-21,Rusizi,Bugarama,CHW-RUS-02-01,28,male,38.4,1,0,0,0,0,0,positive,treat_at_home,0,,recovered
CASE-001746,2025-03-22,Bugesera,Mareba,CHW-BUG-04-01,69,male,38.2,1,0,0,0,0,0,negative,treat_at_home,0,,recovered
CASE-001747,2025-03-22,Bugesera,Ntarama,CHW-BUG-05-02,293,female,38.0,2,0,0,0,0,0,positive,treat_at_home,0,,recovered
CASE-001748,2025-03-22,Gasabo,Kimironko,CHW-GAS-01-01,17,female,36.2,0,0,0,0,0,0,negative,refer,0,,recovered
CASE-001749,2025-03-22,Gisagara,Kibirizi,CHW-GIS-03-03,48,female,38.1,1,0,0,0,0,0,positive,treat_at_home,0,,recovered
CASE-001750,2025-03-22,Kirehe,Gahara,CHW-KIR-02-03,46,male,38.4,3,0,0,0,0,0,positive,treat_at_home,0,,recovered
CASE-001751,2025-03-22,Nyagatare,Karangazi,CHW-NYG-02-01,8,female,38.2,2,0,0,0,0,0,negative,treat_at_home,0,,recovered
CASE-001752,2025-03-22,Nyagatare,Katabagemu,CHW-NYG-06-01,523,female,38.6,1,0,0,0,0,0,positive,treat_at_home,0,,recovered
CASE-001753,2025-03-22,Nyagatare,Nyagatare,CHW-NYG-01-01,4,female,36.4,0,0,0,0,0,0,negative,treat_at_home,0,,recovered
CASE-001754,2025-03-22,Rusizi,Gihundwe,CHW-RUS-03-02,6,male,37.7,1,0,0,0,0,0,positive,treat_at_home,0,,recovered
CASE-001755,2025-03-23,Bugesera,Mayange,CHW-BUG-03-03,55,female,38.5,3,1,1,0,0,0,positive,urgent_refer,1,7.0,recovered
CASE-001756,2025-03-23,Bugesera,Ntarama,CHW-BUG-05-01,41,female,38.4,2,0,0,0,1,0,positive,urgent_refer,1,2.9,recovered
CASE-001757,2025-03-23,Gisagara,Gisagara,CHW-GIS-01-02,16,female,38.2,1,0,0,0,1,0,invalid,urgent_refer,1,2.7,recovered
CASE-001758,2025-03-23,Gisagara,Kibirizi,CHW-GIS-03-03,141,female,38.5,1,0,0,0,0,0,negative,treat_at_home,0,,recovered
CASE-001759,2025-03-23,Kirehe,Gahara,CHW-KIR-02-02,179,female,38.0,2,0,0,0,0,0,negative,treat_at_home,0,,unknown
CASE-001760,2025-03-23,Kirehe,Mahama,CHW-KIR-03-01,102,male,38.6,2,0,1,1,0,0,positive,urgent_refer,0,,recovered
CASE-001761,2025-03-23,Nyagatare,Matimba,CHW-NYG-04-01,18,female,38.2,2,0,0,0,0,0,negative,treat_at_home,0,,recovered
CASE-001762,2025-03-23,Nyagatare,Nyagatare,CHW-NYG-01-03,11,female,38.8,3,0,0,0,0,0,positive,treat_at_home,0,,recovered
CASE-001763,2025-03-23,Nyagatare,Rwimiyaga,CHW-NYG-03-01,52,male,38.1,3,0,0,0,0,0,positive,treat_at_home,0,,recovered
CASE-001764,2025-03-23,Rusizi,Bugarama,CHW-RUS-02-04,127,male,38.3,3,0,0,0,0,0,positive,treat_at_home,0,,recovered
CASE-001765,2025-03-24,Bugesera,Mareba,CHW-BUG-04-03,38,male,38.1,3,0,0,0,0,0,positive,treat_at_home,0,,recovered
CASE-001766,2025-03-24,Bugesera,Nyamata,CHW-BUG-01-01,35,female,36.6,0,0,0,0,0,0,negative,treat_at_home,0,,recovered
CASE-001767,2025-03-24,Gisagara,Save,CHW-GIS-02-01,90,male,38.4,4,0,0,0,0,0,positive,treat_at_home,0,,recovered
CASE-001768,2025-03-24,Kirehe,Mahama,CHW-KIR-03-01,107,male,39.1,3,0,0,0,0,0,positive,treat_at_home,0,,recovered
CASE-001769,2025-03-24,Nyagatare,Matimba,CHW-NYG-04-03,473,male,36.8,0,0,0,0,0,1,invalid,urgent_refer,0,,recovered
CASE-001770,2025-03-24,Nyagatare,Nyagatare,CHW-NYG-01-01,52,male,38.2,2,0,0,0,0,0,negative,treat_at_home,0,,recovered
CASE-001771,2025-03-24,Nyagatare,Rwimiyaga,CHW-NYG-03-03,41,male,38.2,3,0,0,0,0,0,positive,treat_at_home,0,,recovered
CASE-001772,2025-03-25,Bugesera,Ntarama,CHW-BUG-05-01,19,male,38.8,3,0,0,0,0,0,positive,treat_at_home,0,,recovered
CASE-001773,2025-03-25,Gasabo,Kacyiru,CHW-GAS-03-02,61,male,38.3,4,0,0,1,0,1,negative,treat_at_home,0,,recovered
CASE-001774,2025-03-25,Kirehe,Kirehe,CHW-KIR-01-02,148,female,38.5,2,0,0,0,0,0,positive,treat_at_home,0,,recovered
CASE-001775,2025-03-25,Kirehe,Kirehe,CHW-KIR-01-04,169,female,38.5,6,0,0,0,0,0,positive,treat_at_home,0,,recovered
CASE-001776,2025-03-25,Kirehe,Mahama,CHW-KIR-03-01,155,female,38.5,1,0,0,0,0,0,positive,treat_at_home,0,,recovered
CASE-001777,2025-03-25,Nyagatare,Karangazi,CHW-NYG-02-04,48,male,36.9,0,0,0,0,0,0,negative,refer,0,,recovered
CASE-001778,2025-03-25,Nyagatare,Mimuri,CHW-NYG-05-02,8,male,38.1,1,0,0,0,0,0,invalid,refer,1,12.6,recovered
CASE-001779,2025-03-25,Rusizi,Bugarama,CHW-RUS-02-01,21,female,38.3,2,0,0,0,0,0,invalid,refer,0,,recovered
CASE-001780,2025-03-25,Rusizi,Kamembe,CHW-RUS-01-01,256,male,38.5,4,0,0,0,0,0,negative,refer,1,7.2,recovered
CASE-001781,2025-03-26,Bugesera,Gashora,CHW-BUG-06-01,11,female,38.3,2,0,0,0,0,0,negative,treat_at_home,0,,recovered
CASE-001782,2025-03-26,Bugesera,Nyamata,CHW-BUG-01-02,38,male,38.3,2,0,0,0,0,0,negative,treat_at_home,0,,recovered
CASE-001783,2025-03-26,Gasabo,Kimironko,CHW-GAS-01-01,10,male,38.2,1,0,1,0,1,0,negative,urgent_refer,1,5.2,complication
CASE-001784,2025-03-26,Gasabo,Kimironko,CHW-GAS-01-04,7,male,38.2,4,0,0,0,0,1,positive,urgent_refer,0,,complication
CASE-001785,2025-03-26,Gisagara,Gisagara,CHW-GIS-01-03,385,female,38.4,2,0,0,0,0,0,positive,treat_at_home,0,,recovered
CASE-001786,2025-03-26,Kirehe,Kirehe,CHW-KIR-01-02,0,male,38.0,4,0,0,0,0,0,positive,urgent_refer,1,6.6,recovered
CASE-001787,2025-03-26,Kirehe,Kirehe,CHW-KIR-01-04,22,female,39.0,2,0,0,0,0,0,negative,treat_at_home,0,,recovered
CASE-001788,2025-03-26,Nyagatare,Matimba,CHW-NYG-04-04,14,female,38.9,5,0,0,0,0,0,positive,refer,1,11.6,recovered
CASE-001789,2025-03-26,Rusizi,Bugarama,CHW-RUS-02-04,116,male,38.5,4,0,1,0,0,1,negative,urgent_refer,1,4.8,recovered
CASE-001790,2025-03-27,Bugesera,Gashora,CHW-BUG-06-02,58,female,38.4,2,0,0,0,0,0,positive,treat_at_home,0,,recovered
CASE-001791,2025-03-27,Bugesera,Ntarama,CHW-BUG-05-01,26,male,38.6,2,0,0,0,0,0,positive,treat_at_home,0,,recovered
CASE-001792,2025-03-27,Bugesera,Nyamata,CHW-BUG-01-01,665,female,39.2,2,0,0,0,0,0,positive,treat_at_home,0,,recovered
CASE-001793,2025-03-27,Gasabo,Remera,CHW-GAS-02-03,55,male,37.9,3,0,0,0,0,0,positive,treat_at_home,0,,recovered
CASE-001794,2025-03-27,Gisagara,Kibirizi,CHW-GIS-03-02,64,male,38.2,1,0,0,0,0,0,negative,treat_at_home,0,,recovered
CASE-001795,2025-03-27,Gisagara,Kibirizi,CHW-GIS-03-04,15,female,37.1,0,0,0,0,0,0,negative,treat_at_home,0,,recovered
CASE-001796,2025-03-27,Nyagatare,Karangazi,CHW-NYG-02-02,115,female,38.7,1,0,0,0,0,0,negative,refer,1,18.6,recovered
CASE-001797,2025-03-27,Nyagatare,Karangazi,CHW-NYG-02-04,41,female,38.8,1,0,0,0,0,0,positive,treat_at_home,0,,recovered
CASE-001798,2025-03-27,Nyagatare,Nyagatare,CHW-NYG-01-03,52,male,37.9,6,0,0,0,0,0,negative,refer,0,,recovered
CASE-001799,2025-03-27,Nyagatare,Nyagatare,CHW-NYG-01-04,47,female,37.8,7,0,0,0,0,0,positive,treat_at_home,0,,recovered
CASE-001800,2025-03-27,Nyagatare,Rwimiyaga,CHW-NYG-03-04,70,female,36.7,0,0,0,0,0,0,negative,treat_at_home,0,,recovered
CASE-001801,2025-03-27,Rusizi,Bugarama,CHW-RUS-02-04,107,male,38.3,2,0,0,0,0,0,negative,treat_at_home,0,,recovered
CASE-001802,2025-03-27,Rusizi,Kamembe,CHW-RUS-01-03,21,female,38.0,1,0,0,0,0,0,positive,treat_at_home,0,,recovered
CASE-001803,2025-03-28,Bugesera,Mayange,CHW-BUG-03-04,303,male,38.0,6,0,0,0,0,0,negative,refer,1,9.7,recovered
CASE-001804,2025-03-28,Gasabo,Kacyiru,CHW-GAS-03-01,163,male,36.9,0,0,0,0,0,0,negative,treat_at_home,0,,recovered
CASE-001805,2025-03-28,Gasabo,Kacyiru,CHW-GAS-03-02,12,male,39.1,1,0,0,1,0,0,positive,urgent_refer,0,,recovered
CASE-001806,2025-03-28,Gisagara,Save,CHW-GIS-02-04,398,female,38.5,1,0,0,0,0,0,positive,treat_at_home,0,,recovered
CASE-001807,2025-03-28,Kirehe,Kirehe,CHW-KIR-01-04,22,male,38.9,2,0,0,0,0,0,positive,treat_at_home,0,,recovered
CASE-001808,2025-03-28,Kirehe,Mahama,CHW-KIR-03-02,77,male,37.9,2,0,0,0,0,0,negative,treat_at_home,0,,recovered
CASE-001809,2025-03-28,Nyagatare,Karangazi,CHW-NYG-02-03,249,female,38.6,2,0,0,0,0,0,positive,treat_at_home,0,,recovered
CASE-001810,2025-03-28,Nyagatare,Matimba,CHW-NYG-04-03,644,male,39.0,3,0,0,0,0,0,negative,refer,1,7.9,recovered
CASE-001811,2025-03-28,Nyagatare,Matimba,CHW-NYG-04-04,49,female,38.7,3,0,0,0,0,0,negative,refer,1,22.1,unknown
CASE-001812,2025-03-28,Nyagatare,Mimuri,CHW-NYG-05-04,8,male,37.2,1,0,0,0,0,0,positive,treat_at_home,0,,recovered
CASE-001813,2025-03-29,Bugesera,Nyamata,CHW-BUG-01-03,52,male,37.2,0,0,1,1,0,0,negative,urgent_refer,1,2.3,recovered
CASE-001814,2025-03-29,Gisagara,Save,CHW-GIS-02-01,32,male,37.2,1,0,0,0,0,0,negative,treat_at_home,0,,recovered
CASE-001815,2025-03-29,Kirehe,Gahara,CHW-KIR-02-03,393,male,37.6,2,0,0,0,0,0,positive,treat_at_home,0,,recovered
CASE-001816,2025-03-29,Kirehe,Kirehe,CHW-KIR-01-01,57,male,38.2,1,0,0,0,0,0,positive,treat_at_home,0,,recovered
CASE-001817,2025-03-29,Kirehe,Kirehe,CHW-KIR-01-02,55,female,38.6,1,0,0,0,0,0,positive,treat_at_home,0,,recovered
CASE-001818,2025-03-29,Kirehe,Kirehe,CHW-KIR-01-04,23,male,38.2,2,0,0,0,0,0,positive,treat_at_home,0,,recovered
CASE-001819,2025-03-29,Kirehe,Mahama,CHW-KIR-03-03,2,female,36.6,0,0,0,0,0,0,positive,treat_at_home,0,,recovered
CASE-001820,2025-03-29,Nyagatare,Mimuri,CHW-NYG-05-03,571,male,36.7,0,0,0,0,0,0,negative,treat_at_home,0,,recovered
CASE-001821,2025-03-29,Nyagatare,Rwimiyaga,CHW-NYG-03-03,50,female,38.3,1,0,0,0,0,0,positive,treat_at_home,0,,recovered
CASE-001822,2025-03-29,Rusizi,Kamembe,CHW-RUS-01-02,23,female,38.6,1,0,0,0,0,0,positive,treat_at_home,0,,recovered
CASE-001823,2025-03-30,Bugesera,Ntarama,CHW-BUG-05-04,41,male,38.6,2,0,0,0,0,0,positive,treat_at_home,0,,recovered
CASE-001824,2025-03-30,Bugesera,Rilima,CHW-BUG-02-02,47,male,39.7,6,0,0,0,0,0,positive,treat_at_home,0,,complication
CASE-001825,2025-03-30,Bugesera,Rilima,CHW-BUG-02-02,9,male,38.3,3,0,0,0,0,0,positive,treat_at_home,0,,recovered
CASE-001826,2025-03-30,Bugesera,Rilima,CHW-BUG-02-03,54,male,38.2,1,0,0,0,0,0,positive,treat_at_home,0,,recovered
CASE-001827,2025-03-30,Gasabo,Remera,CHW-GAS-02-04,83,female,36.2,0,0,0,0,0,0,negative,treat_at_home,0,,recovered
CASE-001828,2025-03-30,Gisagara,Gisagara,CHW-GIS-01-01,232,male,38.7,1,0,0,0,0,0,negative,treat_at_home,0,,recovered
CASE-001829,2025-03-30,Gisagara,Save,CHW-GIS-02-04,9,male,38.8,1,0,0,0,0,0,negative,treat_at_home,0,,recovered
CASE-001830,2025-03-30,Nyagatare,Karangazi,CHW-NYG-02-02,519,female,38.9,4,0,0,0,0,0,negative,refer,0,,recovered
CASE-001831,2025-03-30,Nyagatare,Matimba,CHW-NYG-04-03,1,female,38.1,4,0,0,0,0,1,positive,refer,0,,complication
CASE-001832,2025-03-30,Nyagatare,Mimuri,CHW-NYG-05-02,61,male,39.4,3,0,1,0,0,0,positive,urgent_refer,0,,recovered
CASE-001833,2025-03-30,Nyagatare,Rwimiyaga,CHW-NYG-03-02,21,male,38.9,5,0,0,0,0,0,positive,treat_at_home,0,,recovered
CASE-001834,2025-03-30,Rusizi,Kamembe,CHW-RUS-01-02,13,female,37.9,1,0,0,0,0,0,positive,treat_at_home,0,,recovered
CASE-001835,2025-03-30,Rusizi,Kamembe,CHW-RUS-01-04,14,female,37.6,1,0,0,0,0,0,positive,treat_at_home,0,,recovered
CASE-001836,2025-03-31,Bugesera,Gashora,CHW-BUG-06-04,46,male,38.8,3,0,0,0,0,0,positive,treat_at_home,0,,recovered
CASE-001837,2025-03-31,Bugesera,Mayange,CHW-BUG-03-01,182,female,38.0,2,0,0,0,0,0,positive,treat_at_home,0,,recovered
CASE-001838,2025-03-31,Gisagara,Gisagara,CHW-GIS-01-01,49,male,38.0,1,0,0,0,0,0,positive,treat_at_home,0,,recovered
CASE-001839,2025-03-31,Gisagara,Gisagara,CHW-GIS-01-04,139,male,38.6,2,0,0,0,0,0,positive,treat_at_home,0,,recovered
CASE-001840,2025-03-31,Nyagatare,Matimba,CHW-NYG-04-04,33,male,39.0,4,0,0,0,0,0,positive,treat_at_home,0,,recovered
CASE-001841,2025-04-01,Bugesera,Mareba,CHW-BUG-04-01,31,male,37.9,1,0,0,0,0,0,positive,treat_at_home,0,,recovered
CASE-001842,2025-04-01,Bugesera,Mareba,CHW-BUG-04-04,399,male,39.0,5,0,0,0,0,0,positive,treat_at_home,0,,recovered
CASE-001843,2025-04-01,Bugesera,Mareba,CHW-BUG-04-04,26,male,38.3,5,0,0,0,0,0,negative,refer,0,,recovered
CASE-001844,2025-04-01,Bugesera,Mayange,CHW-BUG-03-02,39,male,37.4,3,0,0,0,0,0,positive,treat_at_home,0,,recovered
CASE-001845,2025-04-01,Bugesera,Nyamata,CHW-BUG-01-02,73,male,38.8,4,0,0,0,0,0,positive,treat_at_home,0,,recovered
CASE-001846,2025-04-01,Bugesera,Nyamata,CHW-BUG-01-03,46,male,37.9,2,0,0,0,0,0,positive,treat_at_home,0,,recovered
CASE-001847,2025-04-01,Bugesera,Nyamata,CHW-BUG-01-04,30,male,38.1,2,0,0,0,0,0,positive,treat_at_home,0,,recovered
CASE-001848,2025-04-01,Gasabo,Remera,CHW-GAS-02-02,26,female,38.7,1,0,0,0,0,0,positive,treat_at_home,0,,recovered
CASE-001849,2025-04-01,Gisagara,Gisagara,CHW-GIS-01-03,491,male,38.0,3,0,0,0,0,0,negative,refer,1,9.6,recovered
CASE-001850,2025-04-01,Gisagara,Gisagara,CHW-GIS-01-04,127,male,38.8,1,0,0,0,1,1,negative,urgent_refer,1,6.8,recovered
CASE-001851,2025-04-01,Kirehe,Kirehe,CHW-KIR-01-03,169,female,38.3,7,0,0,0,0,0,positive,treat_at_home,0,,recovered
CASE-001852,2025-04-01,Kirehe,Mahama,CHW-KIR-03-04,179,female,38.6,3,0,0,0,0,0,negative,refer,1,19.1,recovered
CASE-001853,2025-04-01,Nyagatare,Karangazi,CHW-NYG-02-03,4,female,38.7,2,0,0,0,0,0,positive,treat_at_home,0,,recovered
CASE-001854,2025-04-01,Nyagatare,Katabagemu,CHW-NYG-06-04,168,male,38.6,1,0,0,0,0,0,negative,treat_at_home,0,,recovered
CASE-001855,2025-04-02,Bugesera,Mareba,CHW-BUG-04-01,22,male,37.9,3,0,0,0,0,0,positive,treat_at_home,0,,recovered
CASE-001856,2025-04-02,Bugesera,Mayange,CHW-BUG-03-01,163,male,38.4,2,0,0,0,0,0,positive,treat_at_home,0,,recovered
CASE-001857,2025-04-02,Bugesera,Mayange,CHW-BUG-03-03,10,female,38.5,1,0,0,0,0,0,positive,treat_at_home,0,,recovered
CASE-001858,2025-04-02,Bugesera,Ntarama,CHW-BUG-05-02,6,male,38.4,7,0,0,0,0,0,positive,treat_at_home,0,,recovered
CASE-001859,2025-04-02,Bugesera,Rilima,CHW-BUG-02-01,81,male,38.4,4,0,0,0,0,0,negative,refer,1,4.8,recovered
CASE-001860,2025-04-02,Gasabo,Kacyiru,CHW-GAS-03-03,120,female,38.7,1,0,0,0,0,0,positive,treat_at_home,0,,recovered
CASE-001861,2025-04-02,Gisagara,Kibirizi,CHW-GIS-03-02,54,male,38.4,5,0,0,0,0,0,negative,refer,1,4.3,recovered
CASE-001862,2025-04-02,Nyagatare,Karangazi,CHW-NYG-02-04,0,female,37.4,1,0,0,0,0,0,positive,urgent_refer,0,,died
CASE-001863,2025-04-02,Nyagatare,Matimba,CHW-NYG-04-01,9,male,39.8,2,0,0,0,0,0,positive,treat_at_home,0,,recovered
CASE-001864,2025-04-02,Nyagatare,Mimuri,CHW-NYG-05-02,23,female,37.1,0,0,0,0,0,0,negative,treat_at_home,0,,recovered
CASE-001865,2025-04-02,Nyagatare,Mimuri,CHW-NYG-05-03,39,female,37.9,1,0,0,0,0,0,positive,treat_at_home,0,,recovered
CASE-001866,2025-04-02,Nyagatare,Rwimiyaga,CHW-NYG-03-04,38,male,39.0,1,0,0,0,0,0,negative,treat_at_home,0,,recovered
CASE-001867,2025-04-02,Rusizi,Bugarama,CHW-RUS-02-04,21,male,38.1,1,0,0,0,0,0,positive,treat_at_home,0,,recovered
CASE-001868,2025-04-03,Bugesera,Nyamata,CHW-BUG-01-03,170,male,38.7,2,0,0,0,0,0,positive,treat_at_home,0,,recovered
CASE-001869,2025-04-03,Bugesera,Nyamata,CHW-BUG-01-04,140,female,36.7,0,0,0,0,0,0,negative,treat_at_home,0,,recovered
CASE-001870,2025-04-03,Kirehe,Gahara,CHW-KIR-02-04,46,female,37.8,3,0,0,0,0,0,positive,treat_at_home,0,,recovered
CASE-001871,2025-04-03,Nyagatare,Karangazi,CHW-NYG-02-04,4,male,37.9,3,0,0,0,0,0,positive,treat_at_home,0,,recovered
CASE-001872,2025-04-03,Nyagatare,Mimuri,CHW-NYG-05-01,0,male,37.1,0,0,0,0,0,0,negative,urgent_refer,1,3.8,recovered
CASE-001873,2025-04-03,Nyagatare,Mimuri,CHW-NYG-05-02,345,female,37.8,2,0,0,0,0,0,invalid,refer,0,,recovered
CASE-001874,2025-04-03,Nyagatare,Mimuri,CHW-NYG-05-03,48,female,38.8,2,0,0,0,0,0,negative,treat_at_home,0,,recovered
CASE-001875,2025-04-03,Nyagatare,Rwimiyaga,CHW-NYG-03-02,8,male,38.8,6,0,0,0,0,0,invalid,refer,1,11.2,recovered
CASE-001876,2025-04-03,Nyagatare,Rwimiyaga,CHW-NYG-03-03,12,female,36.6,0,0,0,0,0,0,negative,treat_at_home,0,,recovered
CASE-001877,2025-04-03,Rusizi,Bugarama,CHW-RUS-02-02,0,male,38.4,2,0,0,0,0,0,negative,urgent_refer,1,8.1,recovered
CASE-001878,2025-04-03,Rusizi,Bugarama,CHW-RUS-02-02,504,male,38.9,5,0,0,0,0,0,positive,treat_at_home,0,,recovered
CASE-001879,2025-04-04,Bugesera,Ntarama,CHW-BUG-05-02,41,male,39.0,3,0,0,0,0,0,positive,treat_at_home,0,,recovered
CASE-001880,2025-04-04,Bugesera,Rilima,CHW-BUG-02-02,78,male,39.0,2,0,0,0,0,0,positive,treat_at_home,0,,recovered
CASE-001881,2025-04-04,Gasabo,Kacyiru,CHW-GAS-03-02,3,male,37.7,1,0,0,0,0,0,invalid,refer,0,,recovered
CASE-001882,2025-04-04,Gasabo,Kacyiru,CHW-GAS-03-02,14,female,38.3,1,0,0,0,0,0,negative,treat_at_home,0,,recovered
CASE-001883,2025-04-04,Gasabo,Kimironko,CHW-GAS-01-04,3,male,38.7,5,0,0,0,0,0,positive,treat_at_home,0,,recovered
CASE-001884,2025-04-04,Gisagara,Kibirizi,CHW-GIS-03-04,51,female,37.7,1,0,0,0,0,0,positive,treat_at_home,0,,recovered
CASE-001885,2025-04-04,Gisagara,Save,CHW-GIS-02-01,56,male,38.4,5,0,0,0,0,0,negative,refer,1,8.0,recovered
CASE-001886,2025-04-04,Kirehe,Gahara,CHW-KIR-02-01,117,female,38.2,2,0,0,0,0,0,positive,treat_at_home,0,,recovered
CASE-001887,2025-04-04,Kirehe,Gahara,CHW-KIR-02-02,47,male,39.0,1,0,0,0,0,0,positive,treat_at_home,0,,recovered
CASE-001888,2025-04-04,Nyagatare,Katabagemu,CHW-NYG-06-03,50,male,39.5,6,0,0,0,0,0,positive,treat_at_home,0,,recovered
CASE-001889,2025-04-04,Nyagatare,Katabagemu,CHW-NYG-06-03,125,male,38.5,4,0,0,0,0,0,positive,refer,1,28.7,recovered
CASE-001890,2025-04-04,Nyagatare,Mimuri,CHW-NYG-05-01,28,female,38.4,1,0,0,0,0,0,negative,treat_at_home,0,,recovered
CASE-001891,2025-04-04,Nyagatare,Mimuri,CHW-NYG-05-02,75,female,38.3,2,0,0,0,0,0,negative,treat_at_home,0,,recovered
CASE-001892,2025-04-04,Nyagatare,Rwimiyaga,CHW-NYG-03-02,36,male,37.0,0,0,0,0,0,0,negative,treat_at_home,0,,recovered
CASE-001893,2025-04-04,Rusizi,Bugarama,CHW-RUS-02-02,31,female,39.6,4,0,0,0,0,1,negative,urgent_refer,0,,recovered
CASE-001894,2025-04-04,Rusizi,Gihundwe,CHW-RUS-03-03,53,female,38.4,3,0,0,0,0,0,positive,treat_at_home,0,,recovered
CASE-001895,2025-04-05,Bugesera,Mareba,CHW-BUG-04-03,522,female,38.6,1,0,0,0,0,0,positive,treat_at_home,0,,recovered
CASE-001896,2025-04-05,Bugesera,Mareba,CHW-BUG-04-04,26,female,38.5,2,0,0,0,0,0,positive,treat_at_home,0,,recovered
CASE-001897,2025-04-05,Bugesera,Mayange,CHW-BUG-03-01,57,female,38.0,2,0,0,0,0,0,negative,treat_at_home,0,,recovered
CASE-001898,2025-04-05,Bugesera,Nyamata,CHW-BUG-01-04,142,male,38.6,1,0,0,0,0,0,positive,treat_at_home,0,,recovered
CASE-001899,2025-04-05,Bugesera,Rilima,CHW-BUG-02-01,660,female,38.4,2,0,0,0,0,0,positive,treat_at_home,0,,recovered
CASE-001900,2025-04-05,Kirehe,Kirehe,CHW-KIR-01-03,51,male,38.5,5,0,0,0,0,0,positive,treat_at_home,0,,recovered
CASE-001901,2025-04-05,Kirehe,Mahama,CHW-KIR-03-01,29,male,38.3,1,0,0,0,0,0,positive,treat_at_home,0,,recovered
CASE-001902,2025-04-05,Nyagatare,Katabagemu,CHW-NYG-06-03,112,female,38.2,5,0,0,0,0,0,negative,refer,1,10.5,unknown
CASE-001903,2025-04-05,Nyagatare,Mimuri,CHW-NYG-05-02,33,female,37.8,1,0,0,0,0,0,positive,treat_at_home,0,,recovered
CASE-001904,2025-04-05,Nyagatare,Nyagatare,CHW-NYG-01-02,6,male,38.1,1,0,0,0,0,0,positive,treat_at_home,0,,recovered
CASE-001905,2025-04-05,Nyagatare,Nyagatare,CHW-NYG-01-02,6,male,38.6,1,0,0,0,0,0,negative,treat_at_home,0,,recovered
CASE-001906,2025-04-05,Rusizi,Bugarama,CHW-RUS-02-02,24,male,38.9,2,0,0,0,0,0,negative,treat_at_home,0,,recovered
CASE-001907,2025-04-06,Bugesera,Mareba,CHW-BUG-04-02,0,male,39.1,3,0,0,0,0,0,positive,urgent_refer,1,8.7,recovered
CASE-001908,2025-04-06,Bugesera,Ntarama,CHW-BUG-05-02,595,male,39.1,3,0,0,0,0,0,positive,treat_at_home,0,,recovered
CASE-001909,2025-04-06,Bugesera,Nyamata,CHW-BUG-01-04,0,male,38.8,2,0,0,0,0,0,negative,urgent_refer,1,4.9,recovered
CASE-001910,2025-04-06,Gisagara,Gisagara,CHW-GIS-01-03,271,male,37.9,2,0,0,0,0,0,positive,treat_at_home,0,,recovered
CASE-001911,2025-04-06,Gisagara,Gisagara,CHW-GIS-01-03,36,male,38.4,1,0,0,0,0,0,negative,treat_at_home,0,,recovered
CASE-001912,2025-04-06,Gisagara,Gisagara,CHW-GIS-01-04,10,female,38.5,2,0,0,0,0,0,negative,treat_at_home,0,,recovered
CASE-001913,2025-04-06,Kirehe,Gahara,CHW-KIR-02-03,66,male,38.3,1,0,0,0,0,0,positive,refer,1,9.3,recovered
CASE-001914,2025-04-06,Kirehe,Kirehe,CHW-KIR-01-02,3,female,38.7,1,0,0,0,0,0,positive,treat_at_home,0,,recovered
CASE-001915,2025-04-06,Kirehe,Kirehe,CHW-KIR-01-03,117,male,38.8,3,0,0,0,0,0,negative,refer,1,14.5,recovered
CASE-001916,2025-04-06,Kirehe,Kirehe,CHW-KIR-01-03,24,male,39.4,3,0,0,0,0,1,positive,urgent_refer,0,,recovered
CASE-001917,2025-04-06,Nyagatare,Mimuri,CHW-NYG-05-02,179,female,38.6,5,0,0,0,0,0,positive,treat_at_home,0,,recovered
CASE-001918,2025-04-06,Nyagatare,Mimuri,CHW-NYG-05-02,33,female,38.8,3,0,0,0,0,0,positive,treat_at_home,0,,recovered
CASE-001919,2025-04-06,Rusizi,Bugarama,CHW-RUS-02-04,158,female,38.7,2,0,0,0,0,0,positive,treat_at_home,0,,recovered
CASE-001920,2025-04-06,Rusizi,Kamembe,CHW-RUS-01-03,32,female,37.9,1,0,0,0,1,0,positive,urgent_refer,1,5.5,recovered
CASE-001921,2025-04-06,Rusizi,Kamembe,CHW-RUS-01-04,55,female,38.5,2,0,0,0,0,0,positive,treat_at_home,0,,recovered
CASE-001922,2025-04-07,Bugesera,Mareba,CHW-BUG-04-01,50,female,39.5,5,0,0,0,0,0,positive,treat_at_home,0,,recovered
CASE-001923,2025-04-07,Bugesera,Mareba,CHW-BUG-04-03,121,male,39.0,3,0,0,0,0,0,positive,treat_at_home,0,,recovered
CASE-001924,2025-04-07,Bugesera,Ntarama,CHW-BUG-05-01,13,female,38.2,3,0,0,0,0,0,positive,treat_at_home,0,,recovered
CASE-001925,2025-04-07,Bugesera,Nyamata,CHW-BUG-01-01,42,female,38.0,7,0,0,0,0,0,negative,refer,1,10.1,recovered
CASE-001926,2025-04-07,Bugesera,Nyamata,CHW-BUG-01-02,52,male,38.0,1,0,0,0,0,0,negative,treat_at_home,0,,recovered
CASE-001927,2025-04-07,Bugesera,Rilima,CHW-BUG-02-02,53,female,38.8,2,0,0,0,0,0,positive,treat_at_home,0,,recovered
CASE-001928,2025-04-07,Bugesera,Rilima,CHW-BUG-02-03,7,male,38.4,4,0,0,0,0,0,positive,treat_at_home,0,,recovered
CASE-001929,2025-04-07,Gisagara,Gisagara,CHW-GIS-01-03,131,male,37.7,1,0,0,0,0,0,negative,treat_at_home,0,,recovered
CASE-001930,2025-04-07,Gisagara,Kibirizi,CHW-GIS-03-01,565,female,38.3,1,0,0,0,0,0,negative,treat_at_home,0,,recovered
CASE-001931,2025-04-07,Kirehe,Gahara,CHW-KIR-02-01,17,male,38.9,4,0,1,0,0,1,negative,urgent_refer,1,2.8,recovered
CASE-001932,2025-04-07,Kirehe,Kirehe,CHW-KIR-01-03,1,male,38.6,4,0,0,0,0,0,positive,urgent_refer,1,6.3,recovered
CASE-001933,2025-04-07,Nyagatare,Katabagemu,CHW-NYG-06-02,48,female,38.3,2,0,0,0,0,0,negative,treat_at_home,0,,recovered
CASE-001934,2025-04-07,Nyagatare,Katabagemu,CHW-NYG-06-03,106,male,37.8,1,0,0,0,0,0,positive,treat_at_home,0,,recovered
CASE-001935,2025-04-08,Gasabo,Kimironko,CHW-GAS-01-04,51,female,38.2,4,0,0,0,0,0,negative,treat_at_home,0,,recovered
CASE-001936,2025-04-08,Gisagara,Kibirizi,CHW-GIS-03-01,96,male,38.3,2,0,0,0,0,0,positive,treat_at_home,0,,recovered
CASE-001937,2025-04-08,Nyagatare,Katabagemu,CHW-NYG-06-04,19,male,38.5,2,0,0,0,0,0,invalid,refer,1,8.6,recovered
CASE-001938,2025-04-08,Nyagatare,Matimba,CHW-NYG-04-02,533,female,38.6,2,0,0,0,0,0,positive,treat_at_home,0,,recovered
CASE-001939,2025-04-08,Nyagatare,Nyagatare,CHW-NYG-01-03,39,male,39.0,2,0,0,0,1,0,positive,urgent_refer,0,,complication
CASE-001940,2025-04-08,Nyagatare,Nyagatare,CHW-NYG-01-03,56,male,38.5,1,0,0,0,0,0,negative,refer,1,4.7,recovered
CASE-001941,2025-04-08,Rusizi,Gihundwe,CHW-RUS-03-04,48,female,38.3,1,0,0,0,0,0,negative,treat_at_home,0,,recovered
CASE-001942,2025-04-09,Bugesera,Ntarama,CHW-BUG-05-03,90,male,39.0,4,0,0,0,0,0,positive,treat_at_home,0,,recovered
CASE-001943,2025-04-09,Bugesera,Ntarama,CHW-BUG-05-04,47,female,38.4,6,0,0,0,0,0,invalid,refer,1,8.7,recovered
CASE-001944,2025-04-09,Bugesera,Nyamata,CHW-BUG-01-02,34,female,38.7,1,0,0,0,0,0,positive,treat_at_home,0,,recovered
CASE-001945,2025-04-09,Gasabo,Remera,CHW-GAS-02-04,55,male,38.7,3,0,0,0,0,0,negative,refer,1,6.3,recovered
CASE-001946,2025-04-09,Gisagara,Save,CHW-GIS-02-02,39,male,37.8,2,0,0,0,0,0,positive,treat_at_home,0,,recovered
CASE-001947,2025-04-09,Kirehe,Kirehe,CHW-KIR-01-02,52,male,38.5,1,0,0,0,0,0,negative,treat_at_home,0,,recovered
CASE-001948,2025-04-09,Nyagatare,Karangazi,CHW-NYG-02-01,12,male,37.2,6,0,0,0,0,0,positive,treat_at_home,0,,recovered
CASE-001949,2025-04-09,Nyagatare,Katabagemu,CHW-NYG-06-02,5,male,38.9,1,0,0,0,0,0,negative,treat_at_home,0,,recovered
CASE-001950,2025-04-09,Nyagatare,Rwimiyaga,CHW-NYG-03-03,20,male,38.4,3,0,1,0,1,0,positive,urgent_refer,1,8.7,recovered
CASE-001951,2025-04-09,Rusizi,Bugarama,CHW-RUS-02-01,424,female,37.6,2,0,0,0,0,0,negative,treat_at_home,0,,recovered
CASE-001952,2025-04-09,Rusizi,Kamembe,CHW-RUS-01-01,53,male,38.7,4,0,0,0,0,0,positive,treat_at_home,0,,recovered
CASE-001953,2025-04-10,Bugesera,Gashora,CHW-BUG-06-03,29,female,38.9,2,0,0,0,0,0,negative,treat_at_home,0,,recovered
CASE-001954,2025-04-10,Bugesera,Mareba,CHW-BUG-04-02,5,male,36.7,0,0,0,0,0,0,negative,treat_at_home,0,,recovered
CASE-001955,2025-04-10,Bugesera,Mayange,CHW-BUG-03-03,170,male,37.8,1,0,1,0,0,0,invalid,urgent_refer,0,,recovered
CASE-001956,2025-04-10,Bugesera,Ntarama,CHW-BUG-05-04,249,female,38.1,1,0,0,0,0,0,positive,treat_at_home,0,,recovered
CASE-001957,2025-04-10,Bugesera,Ntarama,CHW-BUG-05-04,99,female,37.8,2,0,0,0,0,0,positive,treat_at_home,0,,recovered
CASE-001958,2025-04-10,Bugesera,Nyamata,CHW-BUG-01-04,35,female,38.4,1,0,0,0,0,0,negative,treat_at_home,0,,recovered
CASE-001959,2025-04-10,Bugesera,Rilima,CHW-BUG-02-02,58,male,37.7,1,0,0,0,0,0,negative,treat_at_home,0,,recovered
CASE-001960,2025-04-10,Gasabo,Kacyiru,CHW-GAS-03-02,63,male,38.6,1,0,0,1,0,0,positive,refer,0,,recovered
CASE-001961,2025-04-10,Gasabo,Kimironko,CHW-GAS-01-03,6,male,36.9,0,0,1,1,0,0,negative,urgent_refer,1,3.9,recovered
CASE-001962,2025-04-10,Gasabo,Remera,CHW-GAS-02-04,166,female,37.7,2,0,0,0,0,1,negative,urgent_refer,1,5.2,recovered
CASE-001963,2025-04-10,Gisagara,Gisagara,CHW-GIS-01-02,37,male,38.5,1,0,0,0,1,0,positive,urgent_refer,1,7.5,recovered
CASE-001964,2025-04-10,Gisagara,Gisagara,CHW-GIS-01-04,13,female,38.6,2,0,0,0,0,0,positive,treat_at_home,0,,recovered
CASE-001965,2025-04-10,Gisagara,Kibirizi,CHW-GIS-03-02,7,female,35.9,0,0,0,0,0,0,positive,treat_at_home,0,,recovered
CASE-001966,2025-04-10,Gisagara,Save,CHW-GIS-02-02,164,female,37.2,1,0,0,0,0,0,negative,treat_at_home,0,,recovered
CASE-001967,2025-04-10,Kirehe,Kirehe,CHW-KIR-01-01,51,male,38.4,5,0,0,0,0,0,positive,treat_at_home,0,,recovered
CASE-001968,2025-04-10,Kirehe,Kirehe,CHW-KIR-01-02,43,female,38.6,7,0,0,0,0,0,positive,treat_at_home,0,,recovered
CASE-001969,2025-04-10,Kirehe,Mahama,CHW-KIR-03-02,51,male,38.4,1,0,0,0,1,0,negative,urgent_refer,0,,recovered
CASE-001970,2025-04-10,Kirehe,Mahama,CHW-KIR-03-04,42,female,38.3,2,0,0,0,0,0,negative,treat_at_home,0,,recovered
CASE-001971,2025-04-10,Nyagatare,Karangazi,CHW-NYG-02-01,33,female,36.3,0,0,0,0,0,0,negative,treat_at_home,0,,recovered
CASE-001972,2025-04-10,Nyagatare,Katabagemu,CHW-NYG-06-02,3,female,38.1,1,0,0,0,0,0,negative,treat_at_home,0,,recovered
CASE-001973,2025-04-10,Nyagatare,Katabagemu,CHW-NYG-06-02,77,female,38.4,1,0,0,0,0,0,negative,treat_at_home,0,,recovered
CASE-001974,2025-04-10,Nyagatare,Matimba,CHW-NYG-04-01,29,male,38.3,1,0,0,0,0,0,negative,treat_at_home,0,,recovered
CASE-001975,2025-04-10,Rusizi,Gihundwe,CHW-RUS-03-01,32,female,38.7,4,0,0,0,0,0,positive,treat_at_home,0,,recovered
CASE-001976,2025-04-10,Rusizi,Gihundwe,CHW-RUS-03-02,8,female,38.6,1,0,0,0,0,0,positive,treat_at_home,0,,recovered
CASE-001977,2025-04-11,Bugesera,Mayange,CHW-BUG-03-04,51,male,38.8,1,0,0,0,0,0,positive,treat_at_home,0,,recovered
CASE-001978,2025-04-11,Bugesera,Mayange,CHW-BUG-03-04,646,female,38.5,1,0,0,0,0,0,negative,treat_at_home,0,,recovered
CASE-001979,2025-04-11,Bugesera,Nyamata,CHW-BUG-01-04,658,female,39.0,2,0,0,0,0,0,positive,treat_at_home,0,,recovered
CASE-001980,2025-04-11,Gasabo,Kimironko,CHW-GAS-01-03,33,female,38.4,4,0,0,0,0,0,positive,treat_at_home,0,,recovered
CASE-001981,2025-04-11,Gisagara,Gisagara,CHW-GIS-01-02,157,male,38.1,6,0,0,0,0,0,positive,treat_at_home,0,,recovered
CASE-001982,2025-04-11,Gisagara,Kibirizi,CHW-GIS-03-04,593,female,38.5,1,0,0,0,0,0,positive,treat_at_home,0,,recovered
CASE-001983,2025-04-11,Kirehe,Kirehe,CHW-KIR-01-01,102,female,38.5,2,0,0,0,0,0,positive,treat_at_home,0,,recovered
CASE-001984,2025-04-11,Kirehe,Kirehe,CHW-KIR-01-04,86,female,39.3,2,0,0,0,0,0,negative,treat_at_home,0,,recovered
CASE-001985,2025-04-11,Kirehe,Mahama,CHW-KIR-03-03,52,female,38.3,1,0,0,0,0,0,negative,refer,0,,recovered
CASE-001986,2025-04-11,Nyagatare,Karangazi,CHW-NYG-02-01,30,female,39.0,4,0,0,0,0,0,negative,refer,1,18.4,recovered
CASE-001987,2025-04-11,Nyagatare,Matimba,CHW-NYG-04-02,59,female,39.1,4,0,0,0,0,1,positive,urgent_refer,1,4.3,recovered
CASE-001988,2025-04-11,Nyagatare,Mimuri,CHW-NYG-05-02,45,male,37.7,2,0,0,0,0,0,positive,treat_at_home,0,,recovered
CASE-001989,2025-04-11,Nyagatare,Nyagatare,CHW-NYG-01-04,595,female,38.5,1,0,0,0,0,0,positive,treat_at_home,0,,recovered
CASE-001990,2025-04-11,Nyagatare,Rwimiyaga,CHW-NYG-03-04,5,male,38.1,2,0,0,0,1,0,positive,urgent_refer,1,5.5,recovered
CASE-001991,2025-04-11,Rusizi,Gihundwe,CHW-RUS-03-01,6,female,38.8,1,1,0,1,0,0,positive,urgent_refer,1,5.4,recovered
CASE-001992,2025-04-11,Rusizi,Gihundwe,CHW-RUS-03-04,507,male,38.2,2,0,0,1,0,0,positive,treat_at_home,0,,recovered
CASE-001993,2025-04-12,Bugesera,Gashora,CHW-BUG-06-03,602,male,39.3,2,0,0,0,0,0,positive,treat_at_home,0,,recovered
CASE-001994,2025-04-12,Bugesera,Gashora,CHW-BUG-06-04,105,female,38.1,1,0,0,0,0,0,positive,treat_at_home,0,,recovered
CASE-001995,2025-04-12,Bugesera,Mayange,CHW-BUG-03-03,667,female,38.2,1,0,0,0,0,0,negative,treat_at_home,0,,recovered
CASE-001996,2025-04-12,Bugesera,Rilima,CHW-BUG-02-02,14,male,39.1,7,0,0,0,0,0,positive,treat_at_home,0,,recovered
CASE-001997,2025-04-12,Bugesera,Rilima,CHW-BUG-02-03,73,male,38.2,7,0,0,0,0,0,positive,treat_at_home,0,,recovered
CASE-001998,2025-04-12,Gasabo,Remera,CHW-GAS-02-02,32,male,38.1,1,0,0,0,0,0,positive,treat_at_home,0,,recovered
CASE-001999,2025-04-12,Gasabo,Remera,CHW-GAS-02-02,52,male,38.1,3,0,0,0,0,0,negative,refer,1,10.7,recovered
CASE-002000,2025-04-12,Gisagara,Gisagara,CHW-GIS-01-01,156,female,38.1,1,0,0,0,0,0,positive,treat_at_home,0,,recovered
CASE-002001,2025-04-12,Gisagara,Gisagara,CHW-GIS-01-01,3,male,37.9,2,0,0,0,0,0,positive,treat_at_home,0,,recovered
CASE-002002,2025-04-12,Kirehe,Gahara,CHW-KIR-02-03,17,female,38.6,2,0,0,0,0,0,positive,treat_at_home,0,,recovered
CASE-002003,2025-04-12,Kirehe,Kirehe,CHW-KIR-01-01,2,male,38.5,2,0,0,0,0,0,positive,treat_at_home,0,,recovered
CASE-002004,2025-04-12,Kirehe,Kirehe,CHW-KIR-01-03,2,female,37.8,2,0,0,0,0,0,positive,treat_at_home,0,,recovered
CASE-002005,2025-04-12,Kirehe,Kirehe,CHW-KIR-01-04,220,male,38.8,5,0,0,0,0,0,negative,refer,0,,recovered
CASE-002006,2025-04-12,Kirehe,Mahama,CHW-KIR-03-04,56,male,38.9,1,0,0,0,0,0,positive,treat_at_home,0,,recovered
CASE-002007,2025-04-12,Nyagatare,Karangazi,CHW-NYG-02-01,1,female,37.7,1,0,0,0,0,0,invalid,urgent_refer,0,,recovered
CASE-002008,2025-04-12,Nyagatare,Mimuri,CHW-NYG-05-03,250,male,38.6,5,0,0,1,0,0,negative,urgent_refer,1,2.7,recovered
CASE-002009,2025-04-12,Nyagatare,Nyagatare,CHW-NYG-01-02,9,female,38.4,1,0,0,0,1,0,positive,refer,0,,recovered
CASE-002010,2025-04-12,Nyagatare,Nyagatare,CHW-NYG-01-03,6,female,38.4,2,0,0,0,0,0,positive,treat_at_home,0,,recovered
CASE-002011,2025-04-12,Nyagatare,Rwimiyaga,CHW-NYG-03-01,84,female,38.2,1,0,1,0,0,0,negative,urgent_refer,0,,recovered
CASE-002012,2025-04-12,Rusizi,Gihundwe,CHW-RUS-03-02,162,female,38.0,6,0,0,0,0,0,positive,treat_at_home,0,,recovered
CASE-002013,2025-04-13,Bugesera,Mareba,CHW-BUG-04-01,90,male,38.5,2,0,0,0,0,0,invalid,refer,0,,recovered
CASE-002014,2025-04-13,Bugesera,Mareba,CHW-BUG-04-04,25,male,38.1,4,0,0,0,0,0,positive,refer,0,,recovered
CASE-002015,2025-04-13,Bugesera,Ntarama,CHW-BUG-05-03,532,male,38.6,1,0,0,0,0,0,positive,treat_at_home,0,,recovered
CASE-002016,2025-04-13,Bugesera,Nyamata,CHW-BUG-01-02,547,female,38.6,1,0,0,0,0,0,positive,treat_at_home,0,,recovered
CASE-002017,2025-04-13,Gasabo,Kimironko,CHW-GAS-01-02,530,male,39.3,3,0,0,0,0,0,negative,refer,1,9.0,recovered
CASE-002018,2025-04-13,Gisagara,Save,CHW-GIS-02-03,114,male,39.6,2,0,0,0,0,0,positive,treat_at_home,0,,recovered
CASE-002019,2025-04-13,Kirehe,Mahama,CHW-KIR-03-03,59,male,37.8,3,0,0,0,0,0,negative,refer,0,,recovered
CASE-002020,2025-04-13,Nyagatare,Karangazi,CHW-NYG-02-03,44,female,38.7,3,0,0,0,0,0,positive,treat_at_home,0,,recovered
CASE-002021,2025-04-13,Nyagatare,Matimba,CHW-NYG-04-03,37,female,37.5,5,0,0,0,0,0,negative,refer,1,8.4,recovered
CASE-002022,2025-04-13,Nyagatare,Mimuri,CHW-NYG-05-01,130,female,38.1,1,0,0,0,0,0,negative,treat_at_home,0,,recovered
CASE-002023,2025-04-14,Bugesera,Gashora,CHW-BUG-06-04,52,male,38.5,1,0,0,0,0,0,positive,treat_at_home,0,,unknown
CASE-002024,2025-04-14,Bugesera,Gashora,CHW-BUG-06-04,40,female,37.9,2,0,0,0,0,0,invalid,refer,0,,recovered
CASE-002025,2025-04-14,Bugesera,Mareba,CHW-BUG-04-03,3,male,38.4,1,0,0,0,0,0,positive,treat_at_home,0,,recovered
CASE-002026,2025-04-14,Gasabo,Kacyiru,CHW-GAS-03-02,48,male,38.2,2,0,0,0,0,0,negative,treat_at_home,0,,recovered
CASE-002027,2025-04-14,Gisagara,Gisagara,CHW-GIS-01-01,354,male,38.7,2,0,0,0,0,0,positive,treat_at_home,0,,recovered
CASE-002028,2025-04-14,Gisagara,Gisagara,CHW-GIS-01-04,376,male,38.1,2,0,0,0,0,0,positive,treat_at_home,0,,recovered
CASE-002029,2025-04-14,Gisagara,Kibirizi,CHW-GIS-03-01,4,male,37.5,1,0,1,0,0,0,positive,urgent_refer,1,2.4,recovered
CASE-002030,2025-04-14,Gisagara,Save,CHW-GIS-02-01,0,male,39.3,2,0,0,0,0,0,positive,urgent_refer,0,,recovered
CASE-002031,2025-04-14,Gisagara,Save,CHW-GIS-02-02,17,female,39.0,4,0,0,0,0,0,negative,refer,1,11.2,recovered
CASE-002032,2025-04-14,Kirehe,Gahara,CHW-KIR-02-02,55,female,37.6,1,0,0,0,0,0,negative,treat_at_home,0,,recovered
CASE-002033,2025-04-14,Kirehe,Gahara,CHW-KIR-02-04,190,female,38.8,1,0,0,0,0,0,positive,treat_at_home,0,,recovered
CASE-002034,2025-04-14,Nyagatare,Karangazi,CHW-NYG-02-02,0,female,39.0,3,0,0,0,0,0,positive,urgent_refer,1,5.0,recovered
CASE-002035,2025-04-14,Nyagatare,Karangazi,CHW-NYG-02-04,123,male,38.2,2,0,0,0,0,0,positive,treat_at_home,0,,recovered
CASE-002036,2025-04-14,Nyagatare,Mimuri,CHW-NYG-05-04,9,male,37.7,3,0,0,0,0,0,positive,treat_at_home,0,,recovered
CASE-002037,2025-04-14,Nyagatare,Rwimiyaga,CHW-NYG-03-01,561,male,38.6,1,0,0,0,0,0,negative,treat_at_home,0,,recovered
CASE-002038,2025-04-14,Nyagatare,Rwimiyaga,CHW-NYG-03-02,16,male,38.4,4,0,0,0,0,0,positive,treat_at_home,0,,recovered
CASE-002039,2025-04-15,Bugesera,Gashora,CHW-BUG-06-04,29,male,38.1,1,0,0,0,0,0,positive,treat_at_home,0,,recovered
CASE-002040,2025-04-15,Bugesera,Mareba,CHW-BUG-04-02,20,male,38.7,1,0,0,0,0,0,invalid,refer,0,,recovered
CASE-002041,2025-04-15,Bugesera,Mayange,CHW-BUG-03-01,458,female,37.8,1,0,0,0,0,0,negative,treat_at_home,0,,recovered
CASE-002042,2025-04-15,Bugesera,Mayange,CHW-BUG-03-02,53,male,38.7,6,0,0,0,0,0,positive,treat_at_home,0,,recovered
CASE-002043,2025-04-15,Bugesera,Ntarama,CHW-BUG-05-03,44,female,39.0,2,0,0,0,0,0,positive,treat_at_home,0,,recovered
CASE-002044,2025-04-15,Gisagara,Gisagara,CHW-GIS-01-01,25,female,38.7,2,0,0,0,0,0,negative,treat_at_home,0,,recovered
CASE-002045,2025-04-15,Gisagara,Gisagara,CHW-GIS-01-01,101,male,38.1,1,0,0,0,0,0,positive,treat_at_home,0,,recovered
CASE-002046,2025-04-15,Gisagara,Gisagara,CHW-GIS-01-04,6,male,38.9,4,0,0,1,0,1,positive,urgent_refer,1,3.8,recovered
CASE-002047,2025-04-15,Gisagara,Kibirizi,CHW-GIS-03-04,36,male,39.0,5,0,0,0,0,0,positive,treat_at_home,0,,recovered
CASE-002048,2025-04-15,Gisagara,Save,CHW-GIS-02-03,59,male,38.0,1,0,0,1,1,0,positive,urgent_refer,1,4.1,recovered
CASE-002049,2025-04-15,Kirehe,Gahara,CHW-KIR-02-03,529,female,38.2,2,0,0,0,0,0,positive,treat_at_home,0,,recovered
CASE-002050,2025-04-15,Kirehe,Kirehe,CHW-KIR-01-01,57,female,38.4,1,0,0,0,0,0,negative,treat_at_home,0,,recovered
CASE-002051,2025-04-15,Kirehe,Mahama,CHW-KIR-03-04,37,male,38.6,4,0,0,0,0,0,negative,refer,1,10.4,recovered
CASE-002052,2025-04-15,Nyagatare,Karangazi,CHW-NYG-02-04,142,male,38.3,1,1,0,0,0,0,negative,urgent_refer,1,5.6,recovered
CASE-002053,2025-04-15,Nyagatare,Mimuri,CHW-NYG-05-03,7,male,37.8,3,0,0,0,0,0,negative,refer,0,,recovered
CASE-002054,2025-04-15,Nyagatare,Rwimiyaga,CHW-NYG-03-03,3,female,38.9,3,0,0,0,0,0,positive,treat_at_home,0,,recovered
CASE-002055,2025-04-16,Bugesera,Gashora,CHW-BUG-06-01,116,female,38.3,1,0,0,0,0,0,positive,treat_at_home,0,,recovered
CASE-002056,2025-04-16,Bugesera,Mareba,CHW-BUG-04-02,13,female,38.6,3,0,0,0,0,0,negative,refer,0,,recovered
CASE-002057,2025-04-16,Bugesera,Mareba,CHW-BUG-04-04,544,female,38.3,4,0,0,0,0,0,positive,treat_at_home,0,,recovered
CASE-002058,2025-04-16,Bugesera,Nyamata,CHW-BUG-01-04,44,male,38.7,3,0,0,0,0,0,positive,treat_at_home,0,,recovered
CASE-002059,2025-04-16,Kirehe,Gahara,CHW-KIR-02-01,50,female,38.8,5,0,0,0,0,0,negative,refer,1,12.5,recovered
CASE-002060,2025-04-16,Kirehe,Mahama,CHW-KIR-03-03,522,male,37.9,2,0,0,0,0,0,negative,treat_at_home,0,,recovered
CASE-002061,2025-04-16,Nyagatare,Katabagemu,CHW-NYG-06-02,43,male,38.3,2,0,0,0,0,0,negative,treat_at_home,0,,recovered
CASE-002062,2025-04-16,Nyagatare,Nyagatare,CHW-NYG-01-02,6,male,37.3,3,0,0,0,0,0,positive,treat_at_home,0,,recovered
CASE-002063,2025-04-17,Bugesera,Gashora,CHW-BUG-06-01,47,male,39.0,2,0,0,0,0,0,positive,treat_at_home,0,,recovered
CASE-002064,2025-04-17,Bugesera,Ntarama,CHW-BUG-05-01,26,male,38.1,1,0,0,0,0,0,positive,treat_at_home,0,,recovered
CASE-002065,2025-04-17,Bugesera,Ntarama,CHW-BUG-05-03,574,female,38.7,3,0,0,0,0,0,positive,treat_at_home,0,,recovered
CASE-002066,2025-04-17,Bugesera,Ntarama,CHW-BUG-05-04,33,female,38.7,2,0,0,0,1,0,positive,urgent_refer,1,3.1,recovered
CASE-002067,2025-04-17,Gasabo,Kimironko,CHW-GAS-01-04,187,female,38.7,2,0,0,0,0,0,positive,treat_at_home,0,,recovered
CASE-002068,2025-04-17,Gisagara,Gisagara,CHW-GIS-01-01,25,female,37.8,1,0,0,0,0,0,negative,treat_at_home,0,,recovered
CASE-002069,2025-04-17,Gisagara,Gisagara,CHW-GIS-01-03,28,male,38.1,1,0,0,0,0,0,negative,treat_at_home,0,,recovered
CASE-002070,2025-04-17,Gisagara,Gisagara,CHW-GIS-01-04,526,male,38.8,4,0,0,0,0,0,negative,refer,1,10.1,recovered
CASE-002071,2025-04-17,Gisagara,Gisagara,CHW-GIS-01-04,478,male,37.0,0,0,0,0,0,0,negative,treat_at_home,0,,recovered
CASE-002072,2025-04-17,Gisagara,Kibirizi,CHW-GIS-03-02,41,female,38.3,3,0,0,0,0,0,negative,refer,1,7.1,recovered
CASE-002073,2025-04-17,Gisagara,Kibirizi,CHW-GIS-03-04,45,male,38.7,5,0,0,0,0,0,positive,treat_at_home,0,,recovered
CASE-002074,2025-04-17,Kirehe,Kirehe,CHW-KIR-01-01,44,female,38.9,2,0,0,0,0,0,negative,treat_at_home,0,,recovered
CASE-002075,2025-04-17,Kirehe,Kirehe,CHW-KIR-01-04,38,female,38.2,3,0,0,0,0,0,positive,treat_at_home,0,,recovered
CASE-002076,2025-04-17,Kirehe,Mahama,CHW-KIR-03-02,396,male,38.7,2,0,0,0,0,0,positive,treat_at_home,0,,recovered
CASE-002077,2025-04-17,Nyagatare,Karangazi,CHW-NYG-02-02,16,female,37.6,1,0,0,0,0,0,positive,treat_at_home,0,,recovered
CASE-002078,2025-04-17,Nyagatare,Karangazi,CHW-NYG-02-04,31,female,38.9,2,0,0,0,0,0,negative,treat_at_home,0,,recovered
CASE-002079,2025-04-17,Nyagatare,Katabagemu,CHW-NYG-06-02,15,female,39.2,2,0,0,0,0,0,positive,treat_at_home,0,,recovered
CASE-002080,2025-04-17,Nyagatare,Katabagemu,CHW-NYG-06-04,20,female,38.0,2,0,0,0,0,0,positive,treat_at_home,0,,recovered
CASE-002081,2025-04-17,Nyagatare,Rwimiyaga,CHW-NYG-03-02,29,male,38.5,5,0,0,0,0,0,positive,treat_at_home,0,,recovered
CASE-002082,2025-04-18,Gisagara,Gisagara,CHW-GIS-01-01,29,male,38.6,3,0,0,0,0,0,negative,refer,1,25.3,recovered
CASE-002083,2025-04-18,Gisagara,Gisagara,CHW-GIS-01-04,18,female,38.7,3,0,0,0,0,0,positive,treat_at_home,0,,recovered
CASE-002084,2025-04-18,Gisagara,Save,CHW-GIS-02-01,39,male,38.2,1,0,0,0,0,0,negative,treat_at_home,0,,recovered
CASE-002085,2025-04-18,Kirehe,Kirehe,CHW-KIR-01-02,51,female,39.2,1,0,0,0,0,0,negative,treat_at_home,0,,recovered
CASE-002086,2025-04-18,Kirehe,Kirehe,CHW-KIR-01-03,21,male,38.1,1,0,1,0,0,0,positive,urgent_refer,1,2.9,recovered
CASE-002087,2025-04-18,Kirehe,Kirehe,CHW-KIR-01-04,85,male,38.0,1,0,0,0,0,0,negative,treat_at_home,0,,complication
CASE-002088,2025-04-18,Nyagatare,Katabagemu,CHW-NYG-06-04,36,male,38.9,3,0,0,0,0,0,positive,treat_at_home,0,,recovered
CASE-002089,2025-04-18,Nyagatare,Nyagatare,CHW-NYG-01-03,26,female,38.1,2,0,0,0,0,0,invalid,treat_at_home,0,,recovered
CASE-002090,2025-04-18,Rusizi,Gihundwe,CHW-RUS-03-01,73,male,39.2,3,0,0,0,0,0,positive,treat_at_home,0,,recovered
CASE-002091,2025-04-18,Rusizi,Gihundwe,CHW-RUS-03-03,55,male,38.5,4,0,0,0,0,0,positive,treat_at_home,0,,recovered
CASE-002092,2025-04-19,Bugesera,Gashora,CHW-BUG-06-02,43,male,37.8,2,0,0,0,0,0,positive,treat_at_home,0,,recovered
CASE-002093,2025-04-19,Bugesera,Mareba,CHW-BUG-04-01,89,female,36.9,0,0,0,0,0,0,negative,treat_at_home,0,,recovered
CASE-002094,2025-04-19,Bugesera,Ntarama,CHW-BUG-05-01,58,female,38.2,2,0,0,0,0,0,positive,treat_at_home,0,,recovered
CASE-002095,2025-04-19,Bugesera,Nyamata,CHW-BUG-01-03,18,female,38.2,6,0,0,0,0,0,positive,treat_at_home,0,,recovered
CASE-002096,2025-04-19,Gisagara,Kibirizi,CHW-GIS-03-01,406,male,38.4,1,0,0,0,0,0,positive,treat_at_home,0,,recovered
CASE-002097,2025-04-19,Gisagara,Kibirizi,CHW-GIS-03-02,52,female,39.1,4,0,1,1,0,0,positive,urgent_refer,1,6.9,recovered
CASE-002098,2025-04-19,Gisagara,Kibirizi,CHW-GIS-03-03,135,male,36.7,0,0,0,0,0,0,positive,treat_at_home,0,,recovered
CASE-002099,2025-04-19,Gisagara,Save,CHW-GIS-02-01,42,male,38.4,1,0,0,0,0,0,positive,treat_at_home,0,,recovered
CASE-002100,2025-04-19,Kirehe,Gahara,CHW-KIR-02-04,54,female,38.3,1,0,0,0,0,0,positive,treat_at_home,0,,recovered
CASE-002101,2025-04-19,Kirehe,Kirehe,CHW-KIR-01-02,90,female,38.7,1,0,0,0,0,0,negative,treat_at_home,0,,recovered
CASE-002102,2025-04-19,Kirehe,Mahama,CHW-KIR-03-02,15,male,38.1,3,0,0,0,0,0,negative,refer,1,13.0,recovered
CASE-002103,2025-04-19,Nyagatare,Karangazi,CHW-NYG-02-04,26,female,38.5,5,0,0,0,0,0,positive,treat_at_home,0,,recovered
CASE-002104,2025-04-19,Nyagatare,Katabagemu,CHW-NYG-06-04,141,male,38.3,4,0,0,0,0,0,negative,refer,0,,unknown
CASE-002105,2025-04-19,Nyagatare,Matimba,CHW-NYG-04-04,188,male,37.8,2,0,1,0,0,0,positive,urgent_refer,0,,recovered
CASE-002106,2025-04-20,Bugesera,Mayange,CHW-BUG-03-04,651,female,36.3,0,0,0,0,0,0,negative,treat_at_home,0,,recovered
CASE-002107,2025-04-20,Bugesera,Ntarama,CHW-BUG-05-01,58,female,38.9,2,0,0,0,0,0,negative,treat_at_home,0,,recovered
CASE-002108,2025-04-20,Bugesera,Ntarama,CHW-BUG-05-04,56,female,38.4,2,0,0,0,0,0,positive,treat_at_home,0,,recovered
CASE-002109,2025-04-20,Bugesera,Nyamata,CHW-BUG-01-03,116,female,37.8,2,0,0,0,0,0,negative,treat_at_home,0,,recovered
CASE-002110,2025-04-20,Gasabo,Kimironko,CHW-GAS-01-01,168,male,38.8,3,0,0,0,0,0,positive,treat_at_home,0,,recovered
CASE-002111,2025-04-20,Gisagara,Kibirizi,CHW-GIS-03-01,73,male,38.5,1,0,0,0,0,0,negative,treat_at_home,0,,recovered
CASE-002112,2025-04-20,Gisagara,Save,CHW-GIS-02-04,1,female,38.5,2,0,0,0,0,0,positive,urgent_refer,1,5.2,recovered
CASE-002113,2025-04-20,Kirehe,Gahara,CHW-KIR-02-04,37,male,38.9,1,0,0,0,0,0,positive,treat_at_home,0,,recovered
CASE-002114,2025-04-20,Kirehe,Kirehe,CHW-KIR-01-04,201,female,36.4,0,0,0,0,0,0,negative,treat_at_home,0,,recovered
CASE-002115,2025-04-20,Nyagatare,Karangazi,CHW-NYG-02-04,170,male,38.3,2,0,0,0,0,0,positive,treat_at_home,0,,recovered
CASE-002116,2025-04-20,Nyagatare,Katabagemu,CHW-NYG-06-03,35,female,38.0,1,0,1,0,0,0,positive,urgent_refer,0,,complication
CASE-002117,2025-04-20,Nyagatare,Katabagemu,CHW-NYG-06-03,672,male,38.4,1,0,0,0,0,0,positive,treat_at_home,0,,recovered
CASE-002118,2025-04-20,Nyagatare,Katabagemu,CHW-NYG-06-04,44,female,37.7,3,0,0,0,0,0,positive,treat_at_home,0,,unknown
CASE-002119,2025-04-20,Nyagatare,Nyagatare,CHW-NYG-01-03,103,male,37.8,1,0,0,0,0,0,negative,treat_at_home,0,,recovered
CASE-002120,2025-04-20,Nyagatare,Rwimiyaga,CHW-NYG-03-03,13,female,36.4,0,0,0,0,0,0,positive,refer,1,6.3,recovered
CASE-002121,2025-04-20,Rusizi,Kamembe,CHW-RUS-01-02,173,male,38.9,2,0,0,0,0,0,positive,treat_at_home,0,,recovered
CASE-002122,2025-04-21,Bugesera,Mayange,CHW-BUG-03-01,53,female,38.0,4,0,0,0,0,0,positive,treat_at_home,0,,recovered
CASE-002123,2025-04-21,Bugesera,Mayange,CHW-BUG-03-04,35,female,38.6,1,0,0,0,0,0,positive,treat_at_home,0,,recovered
CASE-002124,2025-04-21,Gisagara,Gisagara,CHW-GIS-01-03,1,female,36.9,0,0,0,0,0,0,negative,refer,0,,recovered
CASE-002125,2025-04-21,Gisagara,Kibirizi,CHW-GIS-03-04,44,female,38.1,1,0,0,1,0,0,positive,urgent_refer,0,,recovered
CASE-002126,2025-04-21,Gisagara,Save,CHW-GIS-02-02,9,female,39.0,2,0,0,0,0,0,negative,treat_at_home,0,,recovered
CASE-002127,2025-04-21,Kirehe,Gahara,CHW-KIR-02-03,128,female,38.1,4,0,0,0,0,0,negative,refer,1,7.6,recovered
CASE-002128,2025-04-21,Kirehe,Gahara,CHW-KIR-02-04,15,male,38.2,3,0,0,0,0,0,positive,treat_at_home,0,,recovered
CASE-002129,2025-04-21,Kirehe,Mahama,CHW-KIR-03-01,19,male,38.6,2,0,0,0,0,0,negative,treat_at_home,0,,recovered
CASE-002130,2025-04-21,Nyagatare,Matimba,CHW-NYG-04-01,153,female,36.5,0,0,0,0,0,0,negative,treat_at_home,0,,recovered
CASE-002131,2025-04-21,Nyagatare,Mimuri,CHW-NYG-05-01,10,male,38.3,7,0,0,0,0,0,negative,refer,1,4.8,recovered
CASE-002132,2025-04-21,Rusizi,Bugarama,CHW-RUS-02-01,50,female,38.9,1,0,0,0,0,0,positive,treat_at_home,0,,recovered
CASE-002133,2025-04-21,Rusizi,Gihundwe,CHW-RUS-03-01,2,female,37.0,0,0,1,0,1,0,negative,urgent_refer,1,2.3,recovered
CASE-002134,2025-04-22,Bugesera,Gashora,CHW-BUG-06-03,32,male,38.3,2,0,0,0,0,0,positive,treat_at_home,0,,recovered
CASE-002135,2025-04-22,Bugesera,Mareba,CHW-BUG-04-04,29,male,38.7,3,0,0,0,0,0,negative,refer,0,,recovered
CASE-002136,2025-04-22,Bugesera,Mayange,CHW-BUG-03-04,44,male,36.7,0,0,0,0,0,0,positive,treat_at_home,0,,recovered
CASE-002137,2025-04-22,Gisagara,Gisagara,CHW-GIS-01-04,34,female,37.3,2,0,0,0,0,0,positive,treat_at_home,0,,recovered
CASE-002138,2025-04-22,Gisagara,Save,CHW-GIS-02-01,143,female,39.0,2,0,0,0,0,0,negative,treat_at_home,0,,recovered
CASE-002139,2025-04-22,Gisagara,Save,CHW-GIS-02-02,44,female,38.6,2,0,0,0,0,0,negative,treat_at_home,0,,recovered
CASE-002140,2025-04-22,Kirehe,Gahara,CHW-KIR-02-01,5,female,39.2,1,0,0,0,0,0,negative,treat_at_home,0,,recovered
CASE-002141,2025-04-22,Kirehe,Gahara,CHW-KIR-02-03,22,female,37.9,1,0,0,0,0,0,positive,treat_at_home,0,,recovered
CASE-002142,2025-04-22,Kirehe,Mahama,CHW-KIR-03-01,156,male,39.1,6,0,0,0,0,0,negative,refer,0,,recovered
CASE-002143,2025-04-22,Kirehe,Mahama,CHW-KIR-03-01,51,male,38.5,3,0,0,0,0,0,positive,refer,1,10.0,recovered
CASE-002144,2025-04-22,Nyagatare,Katabagemu,CHW-NYG-06-01,180,female,39.0,3,0,0,1,0,1,positive,urgent_refer,1,7.3,recovered
CASE-002145,2025-04-22,Nyagatare,Matimba,CHW-NYG-04-04,128,male,38.7,6,0,0,0,0,0,positive,treat_at_home,0,,recovered
CASE-002146,2025-04-22,Nyagatare,Mimuri,CHW-NYG-05-01,31,female,38.2,2,0,0,0,0,0,positive,treat_at_home,0,,recovered
CASE-002147,2025-04-22,Nyagatare,Nyagatare,CHW-NYG-01-03,161,male,38.9,5,0,0,0,0,0,positive,treat_at_home,0,,recovered
CASE-002148,2025-04-22,Nyagatare,Nyagatare,CHW-NYG-01-04,169,female,37.7,1,0,0,0,0,0,negative,treat_at_home,0,,recovered
CASE-002149,2025-04-22,Nyagatare,Rwimiyaga,CHW-NYG-03-04,273,male,38.2,4,0,0,0,0,0,positive,treat_at_home,0,,recovered
CASE-002150,2025-04-23,Bugesera,Nyamata,CHW-BUG-01-02,713,male,38.8,3,0,0,0,0,0,invalid,refer,0,,recovered
CASE-002151,2025-04-23,Gisagara,Kibirizi,CHW-GIS-03-02,18,male,38.3,4,0,0,0,0,0,positive,treat_at_home,0,,recovered
CASE-002152,2025-04-23,Gisagara,Kibirizi,CHW-GIS-03-03,37,male,39.0,4,0,0,0,0,0,positive,treat_at_home,0,,recovered
CASE-002153,2025-04-23,Gisagara,Save,CHW-GIS-02-01,40,male,38.0,2,0,0,0,0,0,positive,treat_at_home,0,,recovered
CASE-002154,2025-04-23,Kirehe,Gahara,CHW-KIR-02-02,55,male,39.1,3,1,0,0,1,0,negative,urgent_refer,1,4.6,recovered
CASE-002155,2025-04-23,Kirehe,Kirehe,CHW-KIR-01-01,42,male,38.8,2,0,0,0,0,0,positive,treat_at_home,0,,recovered
CASE-002156,2025-04-23,Kirehe,Kirehe,CHW-KIR-01-03,11,female,38.5,2,0,0,0,0,0,negative,treat_at_home,0,,recovered
CASE-002157,2025-04-23,Kirehe,Kirehe,CHW-KIR-01-03,40,male,38.9,4,0,0,0,0,0,positive,treat_at_home,0,,recovered
CASE-002158,2025-04-23,Kirehe,Mahama,CHW-KIR-03-02,25,female,37.7,1,0,0,0,0,0,negative,refer,0,,recovered
CASE-002159,2025-04-23,Nyagatare,Karangazi,CHW-NYG-02-04,55,male,39.1,3,0,0,0,0,0,positive,treat_at_home,0,,recovered
CASE-002160,2025-04-23,Nyagatare,Matimba,CHW-NYG-04-01,13,male,38.5,1,0,0,0,0,0,negative,treat_at_home,0,,recovered
CASE-002161,2025-04-23,Nyagatare,Matimba,CHW-NYG-04-02,16,female,39.3,3,0,0,0,0,0,positive,treat_at_home,0,,recovered
CASE-002162,2025-04-23,Nyagatare,Mimuri,CHW-NYG-05-01,218,male,38.3,1,0,0,0,0,0,positive,treat_at_home,0,,recovered
CASE-002163,2025-04-24,Bugesera,Gashora,CHW-BUG-06-02,1,female,38.3,2,0,0,0,0,0,negative,urgent_refer,1,7.2,recovered
CASE-002164,2025-04-24,Bugesera,Mareba,CHW-BUG-04-03,9,female,39.1,1,0,0,0,0,0,positive,treat_at_home,0,,recovered
CASE-002165,2025-04-24,Bugesera,Ntarama,CHW-BUG-05-01,142,male,38.0,1,0,0,0,0,0,positive,treat_at_home,0,,recovered
CASE-002166,2025-04-24,Gisagara,Gisagara,CHW-GIS-01-01,41,male,38.4,2,0,0,0,0,0,positive,treat_at_home,0,,recovered
CASE-002167,2025-04-24,Gisagara,Gisagara,CHW-GIS-01-02,159,male,38.1,4,0,0,0,0,0,positive,treat_at_home,0,,recovered
CASE-002168,2025-04-24,Kirehe,Gahara,CHW-KIR-02-02,37,male,39.0,6,0,0,0,0,0,positive,treat_at_home,0,,recovered
CASE-002169,2025-04-24,Nyagatare,Karangazi,CHW-NYG-02-03,121,female,38.6,4,0,0,0,0,0,positive,refer,0,,complication
CASE-002170,2025-04-24,Nyagatare,Matimba,CHW-NYG-04-04,17,male,38.6,3,0,0,0,0,0,positive,treat_at_home,0,,recovered
CASE-002171,2025-04-24,Nyagatare,Mimuri,CHW-NYG-05-01,37,male,38.1,1,0,0,0,0,0,positive,treat_at_home,0,,recovered
CASE-002172,2025-04-24,Nyagatare,Nyagatare,CHW-NYG-01-03,38,male,38.5,2,0,0,0,0,0,negative,treat_at_home,0,,recovered
CASE-002173,2025-04-24,Rusizi,Gihundwe,CHW-RUS-03-04,10,female,38.8,3,0,0,0,1,0,negative,urgent_refer,0,,unknown
CASE-002174,2025-04-25,Bugesera,Gashora,CHW-BUG-06-04,45,female,37.7,2,0,0,0,0,0,positive,treat_at_home,0,,recovered
CASE-002175,2025-04-25,Bugesera,Mareba,CHW-BUG-04-01,26,male,38.2,1,0,0,0,0,0,positive,treat_at_home,0,,recovered
CASE-002176,2025-04-25,Bugesera,Mayange,CHW-BUG-03-03,33,female,38.8,3,0,0,0,0,0,invalid,refer,1,7.0,recovered
CASE-002177,2025-04-25,Bugesera,Ntarama,CHW-BUG-05-01,32,male,38.7,1,0,0,0,0,0,negative,refer,0,,recovered
CASE-002178,2025-04-25,Bugesera,Rilima,CHW-BUG-02-04,12,female,38.7,3,0,0,0,0,0,negative,refer,1,4.5,recovered
CASE-002179,2025-04-25,Gisagara,Save,CHW-GIS-02-04,5,male,38.7,2,0,0,0,0,0,positive,treat_at_home,0,,recovered
CASE-002180,2025-04-25,Kirehe,Mahama,CHW-KIR-03-02,4,male,37.6,1,0,0,0,0,0,positive,treat_at_home,0,,recovered
CASE-002181,2025-04-25,Kirehe,Mahama,CHW-KIR-03-04,13,female,37.9,1,0,0,0,0,0,positive,refer,1,11.8,recovered
CASE-002182,2025-04-25,Nyagatare,Matimba,CHW-NYG-04-01,680,male,38.4,1,0,0,0,0,0,negative,treat_at_home,0,,recovered
CASE-002183,2025-04-25,Nyagatare,Matimba,CHW-NYG-04-02,81,female,38.8,2,0,0,0,0,0,positive,treat_at_home,0,,recovered
CASE-002184,2025-04-25,Nyagatare,Mimuri,CHW-NYG-05-04,75,male,38.3,2,0,0,0,0,0,positive,treat_at_home,0,,recovered
CASE-002185,2025-04-25,Nyagatare,Nyagatare,CHW-NYG-01-01,140,male,38.9,1,0,0,0,0,0,positive,treat_at_home,0,,recovered
CASE-002186,2025-04-25,Nyagatare,Rwimiyaga,CHW-NYG-03-01,44,male,37.9,2,0,0,0,0,0,negative,treat_at_home,0,,recovered
CASE-002187,2025-04-25,Rusizi,Gihundwe,CHW-RUS-03-03,3,male,38.0,6,0,0,0,0,0,negative,refer,1,8.1,recovered
CASE-002188,2025-04-25,Rusizi,Kamembe,CHW-RUS-01-01,38,male,36.5,0,0,0,0,0,0,negative,treat_at_home,0,,recovered
CASE-002189,2025-04-26,Bugesera,Gashora,CHW-BUG-06-02,28,male,38.5,2,0,0,0,0,0,positive,treat_at_home,0,,recovered
CASE-002190,2025-04-26,Bugesera,Mareba,CHW-BUG-04-02,27,male,37.5,1,0,0,0,0,0,positive,treat_at_home,0,,recovered
CASE-002191,2025-04-26,Bugesera,Mayange,CHW-BUG-03-02,14,female,36.8,0,0,0,0,0,0,negative,treat_at_home,0,,recovered
CASE-002192,2025-04-26,Bugesera,Mayange,CHW-BUG-03-03,497,male,38.7,3,0,0,0,0,0,positive,treat_at_home,0,,recovered
CASE-002193,2025-04-26,Bugesera,Ntarama,CHW-BUG-05-01,7,male,38.4,1,0,0,0,0,0,negative,treat_at_home,0,,recovered
CASE-002194,2025-04-26,Bugesera,Nyamata,CHW-BUG-01-04,52,male,38.5,1,0,0,0,0,0,positive,refer,0,,recovered
CASE-002195,2025-04-26,Bugesera,Rilima,CHW-BUG-02-01,669,female,37.9,2,0,0,0,0,0,negative,treat_at_home,0,,recovered
CASE-002196,2025-04-26,Bugesera,Rilima,CHW-BUG-02-01,23,male,38.3,3,0,0,0,0,0,positive,treat_at_home,0,,recovered
CASE-002197,2025-04-26,Gasabo,Kacyiru,CHW-GAS-03-03,33,male,38.4,6,0,0,0,0,0,negative,refer,0,,recovered
CASE-002198,2025-04-26,Gisagara,Kibirizi,CHW-GIS-03-02,181,male,38.0,2,0,0,0,0,0,positive,treat_at_home,0,,recovered
CASE-002199,2025-04-26,Gisagara,Save,CHW-GIS-02-02,665,male,38.7,2,0,0,0,0,0,positive,treat_at_home,0,,recovered
CASE-002200,2025-04-26,Gisagara,Save,CHW-GIS-02-04,120,male,36.7,0,0,0,0,0,0,negative,refer,1,10.2,recovered
CASE-002201,2025-04-26,Kirehe,Gahara,CHW-KIR-02-01,8,male,37.8,3,0,0,0,0,0,positive,treat_at_home,0,,recovered
CASE-002202,2025-04-26,Kirehe,Gahara,CHW-KIR-02-01,401,female,38.8,2,0,0,0,0,0,positive,treat_at_home,0,,recovered
CASE-002203,2025-04-26,Kirehe,Kirehe,CHW-KIR-01-04,31,female,36.5,0,0,0,0,0,0,negative,treat_at_home,0,,recovered
CASE-002204,2025-04-26,Kirehe,Mahama,CHW-KIR-03-03,119,female,38.9,2,0,0,0,0,0,invalid,refer,0,,recovered
CASE-002205,2025-04-26,Nyagatare,Karangazi,CHW-NYG-02-01,15,female,37.6,6,0,0,0,0,0,positive,treat_at_home,0,,recovered
CASE-002206,2025-04-26,Nyagatare,Katabagemu,CHW-NYG-06-01,9,male,36.2,0,0,0,0,0,1,negative,urgent_refer,1,4.6,recovered
CASE-002207,2025-04-26,Nyagatare,Katabagemu,CHW-NYG-06-04,139,female,36.5,0,0,0,0,0,0,negative,treat_at_home,0,,recovered
CASE-002208,2025-04-26,Nyagatare,Matimba,CHW-NYG-04-02,152,female,38.1,2,0,0,0,0,0,negative,treat_at_home,0,,recovered
CASE-002209,2025-04-26,Nyagatare,Mimuri,CHW-NYG-05-01,159,female,36.0,0,0,0,0,0,0,positive,treat_at_home,0,,recovered
CASE-002210,2025-04-26,Nyagatare,Mimuri,CHW-NYG-05-04,155,female,38.9,2,0,0,0,0,0,negative,treat_at_home,0,,recovered
CASE-002211,2025-04-27,Bugesera,Gashora,CHW-BUG-06-02,18,female,38.8,1,0,0,0,0,0,positive,treat_at_home,0,,recovered
CASE-002212,2025-04-27,Bugesera,Gashora,CHW-BUG-06-04,28,female,36.4,0,0,0,0,0,0,negative,treat_at_home,0,,recovered
CASE-002213,2025-04-27,Bugesera,Rilima,CHW-BUG-02-03,40,male,38.2,7,0,0,0,0,0,positive,treat_at_home,0,,recovered
CASE-002214,2025-04-27,Gasabo,Kacyiru,CHW-GAS-03-02,150,male,38.6,2,0,0,0,0,0,positive,treat_at_home,0,,recovered
CASE-002215,2025-04-27,Gasabo,Remera,CHW-GAS-02-01,41,male,38.3,1,0,0,0,0,0,positive,treat_at_home,0,,recovered
CASE-002216,2025-04-27,Gisagara,Kibirizi,CHW-GIS-03-01,96,female,38.4,2,0,0,0,0,0,negative,treat_at_home,0,,recovered
CASE-002217,2025-04-27,Gisagara,Save,CHW-GIS-02-02,54,female,38.6,3,0,0,0,0,0,negative,refer,1,5.9,recovered
CASE-002218,2025-04-27,Gisagara,Save,CHW-GIS-02-04,39,female,38.6,1,0,0,0,0,0,positive,treat_at_home,0,,recovered
CASE-002219,2025-04-27,Kirehe,Gahara,CHW-KIR-02-01,13,female,37.6,4,0,0,0,0,0,invalid,refer,1,9.2,recovered
CASE-002220,2025-04-27,Kirehe,Kirehe,CHW-KIR-01-01,188,female,38.2,3,0,0,0,0,0,positive,treat_at_home,0,,recovered
CASE-002221,2025-04-27,Kirehe,Kirehe,CHW-KIR-01-03,48,female,37.7,1,0,0,0,0,0,negative,treat_at_home,0,,recovered
CASE-002222,2025-04-27,Kirehe,Mahama,CHW-KIR-03-02,128,female,38.7,3,0,0,0,0,0,positive,treat_at_home,0,,recovered
CASE-002223,2025-04-27,Nyagatare,Karangazi,CHW-NYG-02-03,36,female,39.0,5,0,0,0,0,0,positive,treat_at_home,0,,recovered
CASE-002224,2025-04-27,Nyagatare,Matimba,CHW-NYG-04-02,5,male,38.1,7,0,0,0,0,0,negative,refer,1,2.7,recovered
CASE-002225,2025-04-27,Nyagatare,Matimba,CHW-NYG-04-03,174,female,38.3,1,0,0,0,0,0,positive,treat_at_home,0,,recovered
CASE-002226,2025-04-27,Nyagatare,Mimuri,CHW-NYG-05-04,9,female,38.5,5,0,0,0,0,0,positive,treat_at_home,0,,recovered
CASE-002227,2025-04-28,Bugesera,Gashora,CHW-BUG-06-01,72,female,38.3,1,0,0,0,0,0,negative,treat_at_home,0,,complication
CASE-002228,2025-04-28,Bugesera,Gashora,CHW-BUG-06-03,114,female,38.8,5,0,0,0,0,0,negative,refer,0,,recovered
CASE-002229,2025-04-28,Bugesera,Mareba,CHW-BUG-04-01,378,female,38.2,1,0,0,0,0,0,positive,treat_at_home,0,,recovered
CASE-002230,2025-04-28,Bugesera,Mayange,CHW-BUG-03-04,9,male,38.8,2,0,0,0,0,0,positive,treat_at_home,0,,recovered
CASE-002231,2025-04-28,Bugesera,Ntarama,CHW-BUG-05-03,1,male,37.2,0,0,0,0,0,0,negative,urgent_refer,1,6.5,recovered
CASE-002232,2025-04-28,Gasabo,Kimironko,CHW-GAS-01-01,45,male,37.4,2,0,0,0,0,1,negative,urgent_refer,1,3.7,recovered
CASE-002233,2025-04-28,Gisagara,Save,CHW-GIS-02-03,11,male,38.7,1,0,0,0,0,0,positive,treat_at_home,0,,recovered
CASE-002234,2025-04-28,Kirehe,Mahama,CHW-KIR-03-03,51,male,37.4,0,0,0,0,0,0,negative,treat_at_home,0,,recovered
CASE-002235,2025-04-28,Nyagatare,Mimuri,CHW-NYG-05-04,22,male,38.4,2,0,0,0,0,0,positive,treat_at_home,0,,recovered
CASE-002236,2025-04-28,Nyagatare,Nyagatare,CHW-NYG-01-02,46,female,38.7,2,0,0,0,0,0,positive,treat_at_home,0,,recovered
CASE-002237,2025-04-28,Nyagatare,Rwimiyaga,CHW-NYG-03-01,528,male,37.8,1,0,0,0,0,0,positive,treat_at_home,0,,recovered
CASE-002238,2025-04-28,Nyagatare,Rwimiyaga,CHW-NYG-03-04,58,female,38.9,3,0,0,0,0,0,positive,treat_at_home,0,,recovered
CASE-002239,2025-04-28,Rusizi,Bugarama,CHW-RUS-02-04,600,female,37.9,2,0,0,0,0,0,positive,treat_at_home,0,,recovered
CASE-002240,2025-04-28,Rusizi,Bugarama,CHW-RUS-02-04,5,female,37.9,1,0,0,0,0,0,positive,treat_at_home,0,,recovered
CASE-002241,2025-04-28,Rusizi,Kamembe,CHW-RUS-01-01,356,male,38.6,2,0,1,0,0,1,negative,urgent_refer,1,7.0,recovered
CASE-002242,2025-04-29,Bugesera,Ntarama,CHW-BUG-05-03,3,female,38.9,2,0,0,0,0,0,negative,treat_at_home,0,,recovered
CASE-002243,2025-04-29,Bugesera,Rilima,CHW-BUG-02-01,54,female,38.2,4,0,0,0,0,0,positive,treat_at_home,0,,recovered
CASE-002244,2025-04-29,Bugesera,Rilima,CHW-BUG-02-01,70,male,36.6,0,0,0,0,0,0,negative,treat_at_home,0,,recovered
CASE-002245,2025-04-29,Bugesera,Rilima,CHW-BUG-02-03,58,male,38.4,2,0,0,0,0,0,positive,treat_at_home,0,,recovered
CASE-002246,2025-04-29,Gasabo,Kacyiru,CHW-GAS-03-02,48,male,38.2,1,0,0,0,0,0,positive,treat_at_home,0,,recovered
CASE-002247,2025-04-29,Gasabo,Kacyiru,CHW-GAS-03-03,39,female,38.9,1,0,0,0,0,0,positive,treat_at_home,0,,recovered
CASE-002248,2025-04-29,Gasabo,Kacyiru,CHW-GAS-03-03,43,female,38.0,2,0,0,0,0,0,negative,treat_at_home,0,,recovered
CASE-002249,2025-04-29,Gasabo,Kimironko,CHW-GAS-01-02,44,female,39.0,7,0,0,0,0,0,negative,refer,1,16.9,recovered
CASE-002250,2025-04-29,Gisagara,Kibirizi,CHW-GIS-03-02,119,female,38.2,7,0,0,0,0,0,invalid,refer,1,5.1,recovered
CASE-002251,2025-04-29,Gisagara,Kibirizi,CHW-GIS-03-04,546,female,38.3,1,0,0,0,0,0,invalid,refer,1,6.1,recovered
CASE-002252,2025-04-29,Gisagara,Save,CHW-GIS-02-02,114,male,38.5,1,0,0,0,0,0,negative,treat_at_home,0,,recovered
CASE-002253,2025-04-29,Gisagara,Save,CHW-GIS-02-03,716,female,38.4,2,1,0,0,1,0,invalid,urgent_refer,1,2.9,recovered
CASE-002254,2025-04-29,Kirehe,Gahara,CHW-KIR-02-01,41,female,39.4,2,0,0,0,0,0,positive,treat_at_home,0,,recovered
CASE-002255,2025-04-29,Kirehe,Mahama,CHW-KIR-03-01,19,male,38.7,4,0,0,0,0,0,positive,treat_at_home,0,,recovered
CASE-002256,2025-04-29,Nyagatare,Katabagemu,CHW-NYG-06-01,0,male,39.0,1,0,0,0,0,0,positive,urgent_refer,0,,recovered
CASE-002257,2025-04-29,Nyagatare,Katabagemu,CHW-NYG-06-02,44,male,38.2,3,0,0,0,0,0,positive,treat_at_home,0,,unknown
CASE-002258,2025-04-29,Nyagatare,Katabagemu,CHW-NYG-06-02,135,female,38.5,3,0,0,0,0,0,negative,refer,0,,recovered
CASE-002259,2025-04-29,Nyagatare,Katabagemu,CHW-NYG-06-04,235,male,38.4,1,0,0,0,0,0,positive,treat_at_home,0,,recovered
CASE-002260,2025-04-29,Nyagatare,Mimuri,CHW-NYG-05-04,24,female,38.5,2,0,0,0,0,0,positive,treat_at_home,0,,recovered
CASE-002261,2025-04-29,Nyagatare,Rwimiyaga,CHW-NYG-03-02,2,female,38.3,2,0,0,0,0,0,positive,treat_at_home,0,,recovered
CASE-002262,2025-04-29,Nyagatare,Rwimiyaga,CHW-NYG-03-04,11,female,37.9,2,0,0,0,0,0,negative,refer,1,9.1,recovered
CASE-002263,2025-04-29,Rusizi,Gihundwe,CHW-RUS-03-02,105,male,38.5,5,0,0,0,0,0,positive,treat_at_home,0,,recovered
CASE-002264,2025-04-29,Rusizi,Kamembe,CHW-RUS-01-02,629,male,36.6,0,1,0,0,1,0,negative,treat_at_home,0,,complication
CASE-002265,2025-04-30,Bugesera,Mareba,CHW-BUG-04-02,166,male,38.8,3,0,0,0,0,0,positive,treat_at_home,0,,recovered
CASE-002266,2025-04-30,Bugesera,Rilima,CHW-BUG-02-03,5,female,37.6,1,0,0,0,0,0,positive,treat_at_home,0,,recovered
CASE-002267,2025-04-30,Gisagara,Gisagara,CHW-GIS-01-03,264,female,38.6,3,0,0,0,0,0,positive,treat_at_home,0,,recovered
CASE-002268,2025-04-30,Gisagara,Kibirizi,CHW-GIS-03-04,58,male,38.8,4,0,0,0,0,0,negative,refer,1,12.6,recovered
CASE-002269,2025-04-30,Gisagara,Save,CHW-GIS-02-02,43,female,37.3,0,0,0,0,0,0,negative,treat_at_home,0,,recovered
CASE-002270,2025-04-30,Kirehe,Gahara,CHW-KIR-02-01,684,female,38.6,2,0,0,0,0,0,positive,treat_at_home,0,,recovered
CASE-002271,2025-04-30,Nyagatare,Mimuri,CHW-NYG-05-01,16,female,38.5,1,0,0,0,0,0,negative,treat_at_home,0,,recovered
CASE-002272,2025-04-30,Nyagatare,Mimuri,CHW-NYG-05-01,646,female,38.6,5,0,0,0,0,0,positive,treat_at_home,0,,recovered
CASE-002273,2025-04-30,Rusizi,Bugarama,CHW-RUS-02-04,0,female,38.9,4,0,0,0,0,0,positive,urgent_refer,0,,recovered
CASE-002274,2025-05-01,Bugesera,Mareba,CHW-BUG-04-02,45,male,38.1,5,0,0,0,0,0,positive,treat_at_home,0,,recovered
CASE-002275,2025-05-01,Bugesera,Mayange,CHW-BUG-03-04,46,male,38.5,4,0,0,0,0,0,negative,refer,1,4.6,recovered
CASE-002276,2025-05-01,Bugesera,Nyamata,CHW-BUG-01-01,211,female,37.9,2,0,0,0,0,0,positive,treat_at_home,0,,recovered
CASE-002277,2025-05-01,Bugesera,Nyamata,CHW-BUG-01-01,48,female,39.3,1,0,0,0,0,0,positive,treat_at_home,0,,recovered
CASE-002278,2025-05-01,Gasabo,Kacyiru,CHW-GAS-03-04,272,male,38.4,2,0,0,0,0,0,invalid,refer,1,6.5,recovered
CASE-002279,2025-05-01,Gisagara,Gisagara,CHW-GIS-01-04,47,female,38.2,1,0,0,0,0,0,negative,treat_at_home,0,,recovered
CASE-002280,2025-05-01,Gisagara,Kibirizi,CHW-GIS-03-01,155,male,36.8,0,0,0,0,0,0,negative,treat_at_home,0,,recovered
CASE-002281,2025-05-01,Kirehe,Kirehe,CHW-KIR-01-02,165,female,38.4,1,0,0,0,0,0,negative,treat_at_home,0,,recovered
CASE-002282,2025-05-01,Kirehe,Mahama,CHW-KIR-03-02,53,male,38.4,1,0,0,0,0,0,positive,treat_at_home,0,,recovered
CASE-002283,2025-05-01,Kirehe,Mahama,CHW-KIR-03-04,337,female,38.2,2,0,0,0,0,0,positive,treat_at_home,0,,recovered
CASE-002284,2025-05-01,Nyagatare,Katabagemu,CHW-NYG-06-01,25,female,38.4,1,0,0,0,0,0,positive,treat_at_home,0,,recovered
CASE-002285,2025-05-01,Nyagatare,Rwimiyaga,CHW-NYG-03-01,42,female,39.0,7,0,0,0,0,0,positive,treat_at_home,0,,recovered
CASE-002286,2025-05-01,Rusizi,Bugarama,CHW-RUS-02-04,62,female,38.2,2,0,0,0,0,0,positive,treat_at_home,0,,recovered
CASE-002287,2025-05-01,Rusizi,Gihundwe,CHW-RUS-03-04,53,female,38.4,2,0,0,0,0,0,negative,treat_at_home,0,,recovered
CASE-002288,2025-05-02,Bugesera,Nyamata,CHW-BUG-01-01,58,female,38.9,3,0,0,0,0,0,positive,treat_at_home,0,,recovered
CASE-002289,2025-05-02,Bugesera,Rilima,CHW-BUG-02-01,11,male,37.7,4,0,0,0,0,0,negative,refer,1,7.1,recovered
CASE-002290,2025-05-02,Bugesera,Rilima,CHW-BUG-02-02,8,male,38.3,6,0,0,0,0,0,positive,refer,1,6.5,recovered
CASE-002291,2025-05-02,Gisagara,Gisagara,CHW-GIS-01-01,10,female,38.9,5,0,0,0,0,0,positive,treat_at_home,0,,recovered
CASE-002292,2025-05-02,Kirehe,Gahara,CHW-KIR-02-02,16,male,38.4,5,0,0,0,0,0,positive,treat_at_home,0,,recovered
CASE-002293,2025-05-02,Kirehe,Kirehe,CHW-KIR-01-03,32,female,38.0,1,0,0,0,0,0,invalid,refer,1,6.7,recovered
CASE-002294,2025-05-02,Kirehe,Mahama,CHW-KIR-03-02,646,female,38.7,1,1,0,0,1,0,positive,urgent_refer,1,4.2,recovered
CASE-002295,2025-05-02,Nyagatare,Karangazi,CHW-NYG-02-04,35,female,39.3,4,0,0,0,0,0,negative,refer,1,14.8,recovered
CASE-002296,2025-05-02,Nyagatare,Karangazi,CHW-NYG-02-04,167,female,38.4,1,0,0,0,0,0,positive,treat_at_home,0,,recovered
CASE-002297,2025-05-02,Nyagatare,Matimba,CHW-NYG-04-03,58,male,38.5,5,0,0,0,0,0,negative,treat_at_home,0,,recovered
CASE-002298,2025-05-02,Nyagatare,Mimuri,CHW-NYG-05-01,22,male,38.8,5,0,0,0,0,0,negative,refer,1,9.3,recovered
CASE-002299,2025-05-02,Nyagatare,Rwimiyaga,CHW-NYG-03-02,48,female,38.1,2,0,0,0,0,0,negative,treat_at_home,0,,recovered
CASE-002300,2025-05-02,Rusizi,Bugarama,CHW-RUS-02-02,58,female,38.2,2,0,0,0,0,0,negative,treat_at_home,0,,recovered
CASE-002301,2025-05-02,Rusizi,Bugarama,CHW-RUS-02-04,69,female,39.2,5,0,0,0,0,0,positive,treat_at_home,0,,recovered
CASE-002302,2025-05-03,Bugesera,Mareba,CHW-BUG-04-02,14,male,38.8,1,0,0,0,0,0,positive,treat_at_home,0,,recovered
CASE-002303,2025-05-03,Bugesera,Mayange,CHW-BUG-03-02,131,female,39.0,1,0,0,0,0,0,positive,treat_at_home,0,,recovered
CASE-002304,2025-05-03,Bugesera,Mayange,CHW-BUG-03-04,34,male,38.1,1,0,0,0,0,0,positive,treat_at_home,0,,recovered
CASE-002305,2025-05-03,Bugesera,Nyamata,CHW-BUG-01-04,13,female,37.9,3,0,0,0,0,0,positive,treat_at_home,0,,recovered
CASE-002306,2025-05-03,Gisagara,Gisagara,CHW-GIS-01-02,19,male,38.3,5,0,0,0,0,0,positive,treat_at_home,0,,recovered
CASE-002307,2025-05-03,Gisagara,Kibirizi,CHW-GIS-03-04,235,female,38.4,3,0,0,0,0,0,positive,treat_at_home,0,,recovered
CASE-002308,2025-05-03,Gisagara,Save,CHW-GIS-02-01,8,male,38.0,1,0,0,1,0,0,positive,urgent_refer,1,2.9,recovered
CASE-002309,2025-05-03,Kirehe,Gahara,CHW-KIR-02-02,58,male,38.4,1,0,0,0,0,0,invalid,refer,1,7.7,unknown
CASE-002310,2025-05-03,Kirehe,Kirehe,CHW-KIR-01-03,3,male,38.0,1,0,0,0,0,0,invalid,refer,1,9.8,recovered
CASE-002311,2025-05-03,Nyagatare,Karangazi,CHW-NYG-02-04,155,male,38.6,2,0,0,0,0,0,positive,treat_at_home,0,,recovered
CASE-002312,2025-05-03,Nyagatare,Nyagatare,CHW-NYG-01-02,0,female,38.4,2,0,0,0,0,0,negative,treat_at_home,0,,recovered
CASE-002313,2025-05-03,Nyagatare,Nyagatare,CHW-NYG-01-03,563,female,38.5,6,0,0,0,0,0,positive,treat_at_home,0,,recovered
CASE-002314,2025-05-04,Bugesera,Gashora,CHW-BUG-06-02,24,female,38.0,3,0,0,0,0,0,invalid,refer,1,12.8,recovered
CASE-002315,2025-05-04,Bugesera,Mareba,CHW-BUG-04-01,0,female,38.4,4,0,0,0,0,0,positive,urgent_refer,1,6.0,complication
CASE-002316,2025-05-04,Bugesera,Mareba,CHW-BUG-04-02,260,female,37.7,2,0,0,0,0,0,positive,treat_at_home,0,,recovered
CASE-002317,2025-05-04,Bugesera,Rilima,CHW-BUG-02-04,163,female,38.7,4,0,0,0,0,0,invalid,refer,1,7.5,recovered
CASE-002318,2025-05-04,Gasabo,Remera,CHW-GAS-02-04,38,female,38.3,1,1,0,0,0,0,negative,urgent_refer,1,3.2,recovered
CASE-002319,2025-05-04,Kirehe,Gahara,CHW-KIR-02-03,37,female,38.2,1,0,0,0,0,0,negative,treat_at_home,0,,recovered
CASE-002320,2025-05-04,Kirehe,Kirehe,CHW-KIR-01-01,23,female,37.8,1,0,0,0,0,0,negative,treat_at_home,0,,recovered
CASE-002321,2025-05-04,Kirehe,Kirehe,CHW-KIR-01-01,49,female,36.4,0,0,0,0,0,0,negative,treat_at_home,0,,recovered
CASE-002322,2025-05-04,Kirehe,Mahama,CHW-KIR-03-03,8,male,38.2,4,0,0,0,0,0,negative,refer,1,14.4,complication
CASE-002323,2025-05-04,Nyagatare,Mimuri,CHW-NYG-05-04,131,female,37.2,2,0,0,0,0,0,positive,treat_at_home,0,,recovered
CASE-002324,2025-05-04,Nyagatare,Nyagatare,CHW-NYG-01-01,47,male,37.9,3,0,0,0,0,0,positive,treat_at_home,0,,recovered
CASE-002325,2025-05-04,Nyagatare,Nyagatare,CHW-NYG-01-01,31,female,38.1,3,0,0,0,0,0,negative,refer,0,,unknown
CASE-002326,2025-05-04,Rusizi,Gihundwe,CHW-RUS-03-04,151,male,38.6,2,0,0,0,0,0,positive,treat_at_home,0,,recovered
CASE-002327,2025-05-05,Bugesera,Ntarama,CHW-BUG-05-02,49,female,38.4,2,0,0,0,0,0,negative,treat_at_home,0,,recovered
CASE-002328,2025-05-05,Bugesera,Nyamata,CHW-BUG-01-01,41,female,39.2,3,0,0,0,0,0,positive,treat_at_home,0,,recovered
CASE-002329,2025-05-05,Bugesera,Rilima,CHW-BUG-02-04,20,male,38.3,1,0,0,0,0,0,positive,treat_at_home,0,,recovered
CASE-002330,2025-05-05,Gisagara,Gisagara,CHW-GIS-01-01,460,male,38.3,2,0,0,0,0,0,negative,treat_at_home,0,,recovered
CASE-002331,2025-05-05,Kirehe,Gahara,CHW-KIR-02-03,355,female,38.7,1,0,0,0,0,0,positive,treat_at_home,0,,recovered
CASE-002332,2025-05-05,Kirehe,Kirehe,CHW-KIR-01-03,27,male,38.2,1,0,0,0,0,0,negative,treat_at_home,0,,unknown
CASE-002333,2025-05-05,Kirehe,Mahama,CHW-KIR-03-03,404,male,37.7,1,0,0,0,0,0,positive,treat_at_home,0,,recovered
CASE-002334,2025-05-05,Kirehe,Mahama,CHW-KIR-03-04,398,male,36.2,0,0,0,0,0,0,invalid,refer,1,15.1,recovered
CASE-002335,2025-05-05,Nyagatare,Karangazi,CHW-NYG-02-04,52,female,38.5,2,0,0,0,0,0,positive,treat_at_home,0,,recovered
CASE-002336,2025-05-05,Nyagatare,Katabagemu,CHW-NYG-06-03,45,female,39.2,2,0,0,0,0,0,positive,treat_at_home,0,,recovered
CASE-002337,2025-05-05,Nyagatare,Mimuri,CHW-NYG-05-02,637,male,38.8,5,0,0,0,0,0,positive,treat_at_home,0,,recovered
CASE-002338,2025-05-05,Nyagatare,Mimuri,CHW-NYG-05-03,77,male,39.5,3,0,0,0,0,0,positive,treat_at_home,0,,recovered
CASE-002339,2025-05-05,Nyagatare,Rwimiyaga,CHW-NYG-03-02,44,male,38.8,4,0,0,1,0,0,negative,urgent_refer,1,6.0,recovered
CASE-002340,2025-05-05,Rusizi,Bugarama,CHW-RUS-02-04,56,male,38.3,4,0,0,0,0,0,negative,refer,1,11.3,recovered
CASE-002341,2025-05-06,Bugesera,Mareba,CHW-BUG-04-02,2,female,39.3,7,0,0,0,0,0,positive,treat_at_home,0,,recovered
CASE-002342,2025-05-06,Bugesera,Mareba,CHW-BUG-04-04,1,female,39.0,3,0,1,0,1,0,positive,urgent_refer,1,8.1,recovered
CASE-002343,2025-05-06,Bugesera,Mayange,CHW-BUG-03-01,54,female,38.3,1,0,0,0,0,0,positive,treat_at_home,0,,recovered
CASE-002344,2025-05-06,Bugesera,Mayange,CHW-BUG-03-04,11,male,38.6,3,0,0,0,0,0,negative,refer,1,5.8,recovered
CASE-002345,2025-05-06,Bugesera,Rilima,CHW-BUG-02-01,15,female,38.6,1,0,0,0,0,0,positive,treat_at_home,0,,recovered
CASE-002346,2025-05-06,Gasabo,Kimironko,CHW-GAS-01-04,632,male,38.7,2,0,0,0,0,0,invalid,refer,1,8.6,recovered
CASE-002347,2025-05-06,Gisagara,Gisagara,CHW-GIS-01-02,58,male,38.8,2,0,0,0,0,0,positive,treat_at_home,0,,recovered
CASE-002348,2025-05-06,Kirehe,Kirehe,CHW-KIR-01-01,46,male,38.5,1,0,0,0,0,0,negative,treat_at_home,0,,recovered
CASE-002349,2025-05-06,Kirehe,Kirehe,CHW-KIR-01-02,9,male,38.0,3,0,0,0,0,0,positive,treat_at_home,0,,recovered
CASE-002350,2025-05-06,Kirehe,Mahama,CHW-KIR-03-03,19,male,38.1,2,0,0,0,0,0,positive,treat_at_home,0,,recovered
CASE-002351,2025-05-06,Kirehe,Mahama,CHW-KIR-03-03,2,male,38.2,4,0,0,0,0,0,positive,treat_at_home,0,,recovered
CASE-002352,2025-05-06,Nyagatare,Karangazi,CHW-NYG-02-01,139,female,38.2,1,0,0,0,0,0,negative,treat_at_home,0,,recovered
CASE-002353,2025-05-06,Nyagatare,Katabagemu,CHW-NYG-06-02,58,female,37.8,2,0,1,1,0,0,invalid,urgent_refer,0,,recovered
CASE-002354,2025-05-06,Nyagatare,Mimuri,CHW-NYG-05-02,41,female,38.3,2,0,0,0,0,0,positive,treat_at_home,0,,recovered
CASE-002355,2025-05-06,Nyagatare,Rwimiyaga,CHW-NYG-03-02,173,male,38.1,1,0,0,0,0,0,negative,treat_at_home,0,,recovered
CASE-002356,2025-05-06,Rusizi,Kamembe,CHW-RUS-01-01,37,female,38.7,4,0,0,0,0,0,invalid,refer,1,6.0,recovered
CASE-002357,2025-05-06,Rusizi,Kamembe,CHW-RUS-01-04,64,male,38.2,2,0,0,0,0,0,positive,treat_at_home,0,,recovered
CASE-002358,2025-05-07,Bugesera,Mayange,CHW-BUG-03-03,95,female,39.0,1,0,0,0,0,0,negative,treat_at_home,0,,recovered
CASE-002359,2025-05-07,Bugesera,Mayange,CHW-BUG-03-04,25,female,38.3,2,0,0,0,0,0,positive,treat_at_home,0,,recovered
CASE-002360,2025-05-07,Gasabo,Remera,CHW-GAS-02-04,110,male,38.5,1,0,0,0,0,0,negative,treat_at_home,0,,recovered
CASE-002361,2025-05-07,Gisagara,Gisagara,CHW-GIS-01-04,58,female,38.4,2,0,0,0,0,0,positive,treat_at_home,0,,recovered
CASE-002362,2025-05-07,Kirehe,Gahara,CHW-KIR-02-02,56,male,38.2,1,0,0,0,0,0,positive,treat_at_home,0,,recovered
CASE-002363,2025-05-07,Kirehe,Kirehe,CHW-KIR-01-03,12,female,37.2,1,0,0,0,0,0,negative,treat_at_home,0,,recovered
CASE-002364,2025-05-07,Nyagatare,Karangazi,CHW-NYG-02-02,48,female,38.0,2,0,0,0,0,0,negative,treat_at_home,0,,recovered
CASE-002365,2025-05-07,Nyagatare,Karangazi,CHW-NYG-02-04,154,male,38.4,3,0,0,0,0,0,positive,treat_at_home,0,,recovered
CASE-002366,2025-05-07,Nyagatare,Karangazi,CHW-NYG-02-04,11,female,38.1,1,0,0,0,0,0,negative,treat_at_home,0,,recovered
CASE-002367,2025-05-07,Nyagatare,Nyagatare,CHW-NYG-01-02,0,female,38.7,1,0,0,0,0,0,positive,urgent_refer,1,5.5,recovered
CASE-002368,2025-05-07,Nyagatare,Rwimiyaga,CHW-NYG-03-02,90,male,38.9,3,0,0,0,0,0,negative,refer,0,,complication
CASE-002369,2025-05-08,Bugesera,Gashora,CHW-BUG-06-01,38,female,38.3,1,0,0,0,0,0,positive,treat_at_home,0,,recovered
CASE-002370,2025-05-08,Bugesera,Gashora,CHW-BUG-06-03,55,male,38.7,6,0,0,0,0,0,positive,treat_at_home,0,,recovered
CASE-002371,2025-05-08,Bugesera,Mayange,CHW-BUG-03-02,387,male,38.6,3,0,0,0,0,0,positive,treat_at_home,0,,recovered
CASE-002372,2025-05-08,Gisagara,Gisagara,CHW-GIS-01-01,28,female,37.6,3,0,0,0,0,0,positive,treat_at_home,0,,recovered
CASE-002373,2025-05-08,Gisagara,Gisagara,CHW-GIS-01-04,88,male,37.3,0,0,0,0,0,0,negative,treat_at_home,0,,recovered
CASE-002374,2025-05-08,Kirehe,Gahara,CHW-KIR-02-02,106,female,38.5,6,0,0,0,0,0,positive,treat_at_home,0,,recovered
CASE-002375,2025-05-08,Kirehe,Kirehe,CHW-KIR-01-04,91,male,38.9,4,0,0,0,0,0,negative,refer,0,,recovered
CASE-002376,2025-05-08,Kirehe,Kirehe,CHW-KIR-01-04,127,male,38.5,1,0,1,1,0,0,positive,urgent_refer,0,,unknown
CASE-002377,2025-05-08,Kirehe,Mahama,CHW-KIR-03-02,172,female,38.6,2,0,0,0,0,0,negative,treat_at_home,0,,recovered
CASE-002378,2025-05-08,Nyagatare,Mimuri,CHW-NYG-05-03,248,male,37.4,0,0,0,0,0,0,negative,treat_at_home,0,,recovered
CASE-002379,2025-05-08,Nyagatare,Mimuri,CHW-NYG-05-03,95,male,37.7,2,0,0,0,0,0,negative,treat_at_home,0,,recovered
CASE-002380,2025-05-08,Nyagatare,Nyagatare,CHW-NYG-01-03,13,female,38.0,1,0,0,0,0,0,positive,treat_at_home,0,,recovered
CASE-002381,2025-05-08,Nyagatare,Rwimiyaga,CHW-NYG-03-03,16,male,38.0,1,0,0,0,0,0,negative,treat_at_home,0,,recovered
CASE-002382,2025-05-08,Rusizi,Gihundwe,CHW-RUS-03-02,46,male,38.3,3,0,0,0,0,0,negative,refer,0,,recovered
CASE-002383,2025-05-08,Rusizi,Kamembe,CHW-RUS-01-01,218,male,38.5,1,0,0,0,0,0,positive,treat_at_home,0,,recovered
CASE-002384,2025-05-09,Bugesera,Gashora,CHW-BUG-06-02,717,male,38.8,3,0,0,0,0,0,negative,refer,0,,unknown
CASE-002385,2025-05-09,Bugesera,Gashora,CHW-BUG-06-03,99,male,38.5,2,0,0,0,0,0,positive,treat_at_home,0,,recovered
CASE-002386,2025-05-09,Bugesera,Mayange,CHW-BUG-03-01,26,female,38.3,3,0,0,0,0,0,negative,refer,1,4.6,recovered
CASE-002387,2025-05-09,Bugesera,Rilima,CHW-BUG-02-02,30,male,38.4,2,0,0,0,0,0,negative,treat_at_home,0,,recovered
CASE-002388,2025-05-09,Gasabo,Kimironko,CHW-GAS-01-02,33,female,37.2,0,0,0,0,0,0,negative,treat_at_home,0,,recovered
CASE-002389,2025-05-09,Gasabo,Kimironko,CHW-GAS-01-03,157,female,39.0,2,0,0,0,0,0,negative,treat_at_home,0,,recovered
CASE-002390,2025-05-09,Gisagara,Gisagara,CHW-GIS-01-01,55,female,38.6,1,0,0,0,0,0,positive,treat_at_home,0,,recovered
CASE-002391,2025-05-09,Gisagara,Kibirizi,CHW-GIS-03-03,147,female,38.3,4,0,0,0,0,0,positive,treat_at_home,0,,recovered
CASE-002392,2025-05-09,Gisagara,Save,CHW-GIS-02-03,69,male,38.8,6,0,0,0,0,0,negative,refer,1,12.9,recovered
CASE-002393,2025-05-09,Gisagara,Save,CHW-GIS-02-04,36,female,39.2,1,0,0,0,0,1,negative,treat_at_home,0,,recovered
CASE-002394,2025-05-09,Kirehe,Gahara,CHW-KIR-02-01,45,male,38.4,2,0,0,0,0,0,negative,treat_at_home,0,,recovered
CASE-002395,2025-05-09,Kirehe,Gahara,CHW-KIR-02-04,31,male,39.0,2,0,0,0,0,0,positive,treat_at_home,0,,recovered
CASE-002396,2025-05-09,Kirehe,Gahara,CHW-KIR-02-04,176,female,38.4,4,0,0,0,0,0,positive,treat_at_home,0,,recovered
CASE-002397,2025-05-09,Nyagatare,Katabagemu,CHW-NYG-06-03,317,female,38.9,5,0,0,0,0,0,negative,refer,1,6.5,recovered
CASE-002398,2025-05-09,Nyagatare,Katabagemu,CHW-NYG-06-03,15,female,38.5,3,0,0,0,0,0,positive,treat_at_home,0,,recovered
CASE-002399,2025-05-09,Nyagatare,Matimba,CHW-NYG-04-02,12,male,38.4,1,0,0,0,0,0,positive,treat_at_home,0,,recovered
CASE-002400,2025-05-09,Rusizi,Bugarama,CHW-RUS-02-02,14,female,38.8,2,0,0,0,0,0,positive,treat_at_home,0,,recovered
CASE-002401,2025-05-09,Rusizi,Kamembe,CHW-RUS-01-03,123,female,38.6,2,0,0,0,0,0,negative,treat_at_home,0,,recovered
CASE-002402,2025-05-10,Bugesera,Mareba,CHW-BUG-04-03,1,male,37.9,4,0,0,0,0,0,negative,urgent_refer,1,5.4,recovered
CASE-002403,2025-05-10,Bugesera,Nyamata,CHW-BUG-01-02,46,female,38.2,3,0,0,0,0,0,positive,treat_at_home,0,,recovered
CASE-002404,2025-05-10,Bugesera,Rilima,CHW-BUG-02-02,696,male,38.8,2,0,0,0,0,0,positive,treat_at_home,0,,recovered
CASE-002405,2025-05-10,Gisagara,Kibirizi,CHW-GIS-03-04,25,male,38.7,1,0,0,0,1,1,negative,urgent_refer,1,3.3,recovered
CASE-002406,2025-05-10,Gisagara,Save,CHW-GIS-02-01,192,female,38.4,4,0,0,0,0,0,invalid,refer,1,9.7,recovered
CASE-002407,2025-05-10,Gisagara,Save,CHW-GIS-02-04,109,female,38.8,2,0,0,0,0,0,positive,treat_at_home,0,,recovered
CASE-002408,2025-05-10,Nyagatare,Rwimiyaga,CHW-NYG-03-01,49,female,39.0,2,0,0,0,0,0,positive,treat_at_home,0,,recovered
CASE-002409,2025-05-10,Nyagatare,Rwimiyaga,CHW-NYG-03-01,26,male,38.4,1,0,0,0,0,0,positive,treat_at_home,0,,recovered
CASE-002410,2025-05-10,Rusizi,Bugarama,CHW-RUS-02-01,11,male,38.8,2,0,0,1,0,0,invalid,urgent_refer,0,,recovered
CASE-002411,2025-05-10,Rusizi,Bugarama,CHW-RUS-02-04,94,female,39.1,4,0,0,0,0,0,positive,treat_at_home,0,,recovered
CASE-002412,2025-05-11,Bugesera,Ntarama,CHW-BUG-05-02,55,male,38.3,2,0,0,0,0,0,positive,treat_at_home,0,,recovered
CASE-002413,2025-05-11,Bugesera,Rilima,CHW-BUG-02-01,59,male,38.5,3,0,0,0,0,0,positive,treat_at_home,0,,recovered
CASE-002414,2025-05-11,Gasabo,Kacyiru,CHW-GAS-03-02,105,female,37.8,3,0,0,0,0,0,negative,refer,1,9.2,recovered
CASE-002415,2025-05-11,Gisagara,Kibirizi,CHW-GIS-03-02,119,female,38.4,1,0,0,0,0,0,positive,treat_at_home,0,,recovered
CASE-002416,2025-05-11,Gisagara,Kibirizi,CHW-GIS-03-02,354,female,39.0,1,0,0,0,0,0,negative,refer,1,13.9,recovered
CASE-002417,2025-05-11,Gisagara,Kibirizi,CHW-GIS-03-03,150,male,38.7,2,0,0,0,0,0,positive,treat_at_home,0,,recovered
CASE-002418,2025-05-11,Gisagara,Save,CHW-GIS-02-02,410,male,38.6,3,0,0,0,0,0,positive,treat_at_home,0,,recovered
CASE-002419,2025-05-11,Kirehe,Gahara,CHW-KIR-02-03,79,male,37.8,1,0,1,0,0,0,positive,urgent_refer,1,5.6,recovered
CASE-002420,2025-05-11,Nyagatare,Mimuri,CHW-NYG-05-03,9,male,39.0,1,0,0,0,0,0,negative,treat_at_home,0,,recovered
CASE-002421,2025-05-11,Rusizi,Bugarama,CHW-RUS-02-02,41,female,38.3,3,0,0,0,0,0,positive,treat_at_home,0,,recovered
CASE-002422,2025-05-12,Bugesera,Gashora,CHW-BUG-06-04,54,female,37.9,1,0,0,0,0,0,positive,treat_at_home,0,,recovered
CASE-002423,2025-05-12,Gasabo,Kacyiru,CHW-GAS-03-04,5,male,36.5,0,0,0,0,0,0,positive,treat_at_home,0,,recovered
CASE-002424,2025-05-12,Gasabo,Kimironko,CHW-GAS-01-04,23,male,36.3,0,0,0,0,0,0,negative,treat_at_home,0,,recovered
CASE-002425,2025-05-12,Gisagara,Save,CHW-GIS-02-03,549,female,38.3,3,1,0,1,0,0,positive,urgent_refer,1,2.8,recovered
CASE-002426,2025-05-12,Gisagara,Save,CHW-GIS-02-03,87,male,37.8,3,0,0,0,0,0,positive,treat_at_home,0,,recovered
CASE-002427,2025-05-12,Nyagatare,Katabagemu,CHW-NYG-06-02,51,female,38.6,1,0,0,0,0,0,positive,treat_at_home,0,,recovered
CASE-002428,2025-05-12,Nyagatare,Katabagemu,CHW-NYG-06-02,26,male,37.9,2,0,0,0,0,0,positive,treat_at_home,0,,recovered
CASE-002429,2025-05-12,Nyagatare,Nyagatare,CHW-NYG-01-01,53,male,37.9,4,0,0,0,0,0,positive,treat_at_home,0,,recovered
CASE-002430,2025-05-12,Nyagatare,Rwimiyaga,CHW-NYG-03-03,9,female,38.7,2,0,0,0,0,0,negative,treat_at_home,0,,recovered
CASE-002431,2025-05-12,Rusizi,Bugarama,CHW-RUS-02-02,169,male,38.8,4,0,0,0,0,0,positive,refer,1,5.4,recovered
CASE-002432,2025-05-12,Rusizi,Kamembe,CHW-RUS-01-03,253,female,38.0,1,0,0,0,0,0,positive,treat_at_home,0,,recovered
CASE-002433,2025-05-13,Bugesera,Gashora,CHW-BUG-06-02,630,female,37.9,1,0,0,0,0,0,positive,treat_at_home,0,,recovered
CASE-002434,2025-05-13,Bugesera,Mareba,CHW-BUG-04-02,74,male,38.4,2,0,0,0,0,0,negative,treat_at_home,0,,recovered
CASE-002435,2025-05-13,Gasabo,Kimironko,CHW-GAS-01-04,82,female,37.5,2,0,0,0,0,0,negative,treat_at_home,0,,recovered
CASE-002436,2025-05-13,Gasabo,Remera,CHW-GAS-02-04,56,female,39.2,7,0,0,0,0,0,positive,treat_at_home,0,,recovered
CASE-002437,2025-05-13,Gisagara,Gisagara,CHW-GIS-01-03,54,male,39.0,6,0,0,0,0,0,positive,treat_at_home,0,,recovered
CASE-002438,2025-05-13,Kirehe,Kirehe,CHW-KIR-01-04,16,female,38.5,1,0,0,0,0,0,positive,treat_at_home,0,,recovered
CASE-002439,2025-05-13,Kirehe,Mahama,CHW-KIR-03-01,58,female,38.6,3,0,0,0,0,0,positive,treat_at_home,0,,recovered
CASE-002440,2025-05-13,Nyagatare,Katabagemu,CHW-NYG-06-03,28,male,39.3,3,0,0,0,0,0,positive,treat_at_home,0,,recovered
CASE-002441,2025-05-13,Nyagatare,Katabagemu,CHW-NYG-06-03,36,female,38.1,1,0,0,0,0,0,positive,treat_at_home,0,,recovered
CASE-002442,2025-05-13,Nyagatare,Nyagatare,CHW-NYG-01-01,50,female,38.8,3,0,0,0,0,0,negative,refer,1,7.0,recovered
CASE-002443,2025-05-13,Nyagatare,Nyagatare,CHW-NYG-01-02,161,female,38.9,3,0,0,0,0,0,positive,treat_at_home,0,,recovered
CASE-002444,2025-05-14,Bugesera,Mareba,CHW-BUG-04-02,40,female,38.1,1,1,0,0,0,1,negative,urgent_refer,1,11.0,recovered
CASE-002445,2025-05-14,Bugesera,Mareba,CHW-BUG-04-03,37,male,37.9,5,0,0,0,0,0,positive,treat_at_home,0,,recovered
CASE-002446,2025-05-14,Bugesera,Mayange,CHW-BUG-03-01,1,female,39.0,5,0,0,0,0,0,positive,urgent_refer,1,2.5,recovered
CASE-002447,2025-05-14,Bugesera,Ntarama,CHW-BUG-05-01,115,female,37.7,2,0,0,0,0,0,positive,treat_at_home,0,,recovered
CASE-002448,2025-05-14,Bugesera,Ntarama,CHW-BUG-05-04,157,male,39.4,4,0,0,0,0,0,positive,treat_at_home,0,,recovered
CASE-002449,2025-05-14,Bugesera,Rilima,CHW-BUG-02-01,58,male,37.5,1,0,0,0,0,0,positive,treat_at_home,0,,recovered
CASE-002450,2025-05-14,Bugesera,Rilima,CHW-BUG-02-02,3,female,38.4,3,0,0,0,0,0,positive,treat_at_home,0,,recovered
CASE-002451,2025-05-14,Gasabo,Remera,CHW-GAS-02-01,20,male,36.6,0,0,0,0,0,0,negative,treat_at_home,0,,recovered
CASE-002452,2025-05-14,Kirehe,Kirehe,CHW-KIR-01-02,14,female,36.7,0,0,0,0,0,0,negative,treat_at_home,0,,recovered
CASE-002453,2025-05-14,Nyagatare,Mimuri,CHW-NYG-05-02,45,female,39.0,4,0,0,0,0,0,positive,treat_at_home,0,,recovered
CASE-002454,2025-05-14,Nyagatare,Nyagatare,CHW-NYG-01-02,638,male,39.0,2,0,0,0,0,0,positive,treat_at_home,0,,recovered
CASE-002455,2025-05-14,Nyagatare,Nyagatare,CHW-NYG-01-03,33,female,37.4,2,0,0,0,0,0,positive,treat_at_home,0,,recovered
CASE-002456,2025-05-14,Nyagatare,Nyagatare,CHW-NYG-01-03,3,female,38.5,1,0,0,1,0,0,negative,urgent_refer,1,4.8,recovered
CASE-002457,2025-05-14,Nyagatare,Rwimiyaga,CHW-NYG-03-04,17,female,38.3,5,0,0,0,0,0,positive,treat_at_home,0,,recovered
CASE-002458,2025-05-14,Rusizi,Bugarama,CHW-RUS-02-02,459,male,38.8,1,0,0,0,0,0,negative,treat_at_home,0,,recovered
CASE-002459,2025-05-15,Bugesera,Mareba,CHW-BUG-04-03,33,male,38.6,5,0,0,0,0,0,positive,treat_at_home,0,,recovered
CASE-002460,2025-05-15,Bugesera,Mayange,CHW-BUG-03-04,12,male,38.4,2,0,0,0,0,0,positive,treat_at_home,0,,recovered
CASE-002461,2025-05-15,Bugesera,Nyamata,CHW-BUG-01-01,149,male,39.0,1,0,0,0,0,0,positive,treat_at_home,0,,recovered
CASE-002462,2025-05-15,Bugesera,Nyamata,CHW-BUG-01-03,25,male,39.1,3,0,1,0,1,0,positive,refer,1,5.0,recovered
CASE-002463,2025-05-15,Kirehe,Gahara,CHW-KIR-02-04,59,female,36.4,0,0,0,0,0,0,positive,treat_at_home,0,,recovered
CASE-002464,2025-05-15,Kirehe,Kirehe,CHW-KIR-01-03,45,male,38.0,2,0,0,0,0,0,positive,treat_at_home,0,,complication
CASE-002465,2025-05-15,Nyagatare,Katabagemu,CHW-NYG-06-03,394,male,38.4,2,0,0,0,0,0,positive,treat_at_home,0,,recovered
CASE-002466,2025-05-15,Nyagatare,Matimba,CHW-NYG-04-02,53,female,38.2,1,0,0,0,0,0,positive,treat_at_home,0,,recovered
CASE-002467,2025-05-15,Nyagatare,Matimba,CHW-NYG-04-03,13,female,38.3,3,0,0,0,0,0,positive,treat_at_home,0,,recovered
CASE-002468,2025-05-15,Nyagatare,Mimuri,CHW-NYG-05-03,39,male,38.3,2,0,0,0,0,0,positive,treat_at_home,0,,recovered
CASE-002469,2025-05-16,Bugesera,Mareba,CHW-BUG-04-03,3,male,38.1,1,0,0,0,0,0,negative,treat_at_home,0,,recovered
CASE-002470,2025-05-16,Bugesera,Nyamata,CHW-BUG-01-02,155,female,38.1,2,0,0,0,0,0,positive,treat_at_home,0,,recovered
CASE-002471,2025-05-16,Gasabo,Remera,CHW-GAS-02-04,531,male,38.2,2,0,0,0,0,0,invalid,refer,1,5.2,recovered
CASE-002472,2025-05-16,Gisagara,Kibirizi,CHW-GIS-03-01,6,female,38.5,5,0,0,1,0,0,positive,urgent_refer,1,3.5,recovered
CASE-002473,2025-05-16,Kirehe,Gahara,CHW-KIR-02-01,7,male,38.0,3,0,0,0,0,0,positive,treat_at_home,0,,recovered
CASE-002474,2025-05-16,Kirehe,Gahara,CHW-KIR-02-02,8,female,38.3,5,0,0,0,0,0,positive,treat_at_home,0,,recovered
CASE-002475,2025-05-16,Kirehe,Gahara,CHW-KIR-02-04,19,female,39.2,1,0,0,0,0,0,invalid,refer,1,11.3,recovered
CASE-002476,2025-05-16,Kirehe,Kirehe,CHW-KIR-01-02,53,female,38.3,4,0,0,0,0,0,negative,refer,1,8.0,recovered
CASE-002477,2025-05-16,Kirehe,Kirehe,CHW-KIR-01-02,162,female,39.2,2,0,0,0,0,0,positive,treat_at_home,0,,recovered
CASE-002478,2025-05-16,Kirehe,Mahama,CHW-KIR-03-04,34,female,38.3,2,0,0,0,0,0,positive,treat_at_home,0,,recovered
CASE-002479,2025-05-16,Nyagatare,Karangazi,CHW-NYG-02-04,43,female,38.8,3,0,0,0,0,0,negative,refer,1,12.3,recovered
CASE-002480,2025-05-16,Nyagatare,Katabagemu,CHW-NYG-06-02,33,female,38.7,1,0,0,0,0,0,positive,treat_at_home,0,,recovered
CASE-002481,2025-05-16,Nyagatare,Matimba,CHW-NYG-04-01,176,male,38.0,5,0,0,0,0,0,positive,refer,1,16.7,recovered
CASE-002482,2025-05-16,Nyagatare,Nyagatare,CHW-NYG-01-01,1,female,38.6,2,0,0,0,0,0,positive,urgent_refer,0,,recovered
CASE-002483,2025-05-16,Nyagatare,Rwimiyaga,CHW-NYG-03-03,30,female,38.8,2,0,0,0,0,0,positive,treat_at_home,0,,recovered
CASE-002484,2025-05-16,Rusizi,Bugarama,CHW-RUS-02-02,50,male,38.3,2,0,0,0,0,0,positive,treat_at_home,0,,recovered
CASE-002485,2025-05-16,Rusizi,Bugarama,CHW-RUS-02-04,3,female,39.5,7,0,0,0,0,0,positive,treat_at_home,0,,recovered
CASE-002486,2025-05-16,Rusizi,Gihundwe,CHW-RUS-03-02,102,female,39.4,2,0,1,0,0,0,negative,urgent_refer,0,,recovered
CASE-002487,2025-05-17,Bugesera,Mayange,CHW-BUG-03-01,44,male,38.5,2,0,0,0,0,0,positive,treat_at_home,0,,recovered
CASE-002488,2025-05-17,Bugesera,Ntarama,CHW-BUG-05-02,39,male,38.4,5,0,0,0,0,0,positive,treat_at_home,0,,recovered
CASE-002489,2025-05-17,Bugesera,Nyamata,CHW-BUG-01-01,55,male,38.1,3,0,0,0,0,0,negative,refer,0,,recovered
CASE-002490,2025-05-17,Bugesera,Nyamata,CHW-BUG-01-03,163,male,38.3,4,0,0,0,0,0,positive,treat_at_home,0,,recovered
CASE-002491,2025-05-17,Bugesera,Rilima,CHW-BUG-02-04,29,male,37.7,3,0,0,0,0,0,positive,treat_at_home,0,,recovered
CASE-002492,2025-05-17,Bugesera,Rilima,CHW-BUG-02-04,59,male,38.8,1,0,0,0,0,0,positive,treat_at_home,0,,recovered
CASE-002493,2025-05-17,Bugesera,Rilima,CHW-BUG-02-04,1,female,38.2,1,0,0,0,0,0,positive,urgent_refer,0,,complication
CASE-002494,2025-05-17,Gasabo,Remera,CHW-GAS-02-01,12,female,38.1,3,0,0,0,0,0,positive,treat_at_home,0,,recovered
CASE-002495,2025-05-17,Gasabo,Remera,CHW-GAS-02-04,14,male,37.9,2,0,0,0,0,0,negative,treat_at_home,0,,recovered
CASE-002496,2025-05-17,Gisagara,Save,CHW-GIS-02-03,267,male,38.0,1,0,0,0,0,0,positive,treat_at_home,0,,recovered
CASE-002497,2025-05-17,Kirehe,Gahara,CHW-KIR-02-01,55,female,36.7,0,0,0,0,0,0,negative,treat_at_home,0,,recovered
CASE-002498,2025-05-17,Kirehe,Kirehe,CHW-KIR-01-04,314,female,38.4,6,0,0,0,1,0,positive,urgent_refer,0,,recovered
CASE-002499,2025-05-17,Nyagatare,Karangazi,CHW-NYG-02-01,280,male,37.9,1,0,0,0,0,0,positive,treat_at_home,0,,recovered
CASE-002500,2025-05-17,Nyagatare,Katabagemu,CHW-NYG-06-04,308,male,38.5,2,0,0,0,0,0,positive,treat_at_home,0,,recovered
CASE-002501,2025-05-17,Nyagatare,Mimuri,CHW-NYG-05-01,649,female,38.9,2,0,0,0,0,0,positive,treat_at_home,0,,recovered
CASE-002502,2025-05-17,Nyagatare,Mimuri,CHW-NYG-05-01,45,female,38.1,2,0,0,0,0,0,invalid,refer,1,7.8,recovered
CASE-002503,2025-05-17,Nyagatare,Rwimiyaga,CHW-NYG-03-04,37,female,38.2,1,0,0,0,0,0,positive,treat_at_home,0,,recovered
CASE-002504,2025-05-17,Rusizi,Bugarama,CHW-RUS-02-01,116,male,38.8,1,0,0,0,0,0,positive,treat_at_home,0,,recovered
CASE-002505,2025-05-17,Rusizi,Bugarama,CHW-RUS-02-03,119,female,38.5,2,0,0,0,0,0,positive,treat_at_home,0,,recovered
CASE-002506,2025-05-17,Rusizi,Kamembe,CHW-RUS-01-03,52,female,38.4,1,0,0,0,0,0,positive,treat_at_home,0,,recovered
CASE-002507,2025-05-18,Bugesera,Rilima,CHW-BUG-02-04,119,male,38.6,2,0,0,0,0,0,positive,treat_at_home,0,,recovered
CASE-002508,2025-05-18,Gasabo,Remera,CHW-GAS-02-02,316,female,38.2,6,0,0,0,0,0,negative,refer,0,,recovered
CASE-002509,2025-05-18,Gisagara,Kibirizi,CHW-GIS-03-04,59,female,37.7,4,0,0,0,0,0,negative,refer,1,12.8,recovered
CASE-002510,2025-05-18,Gisagara,Save,CHW-GIS-02-02,13,male,37.5,4,0,0,0,0,0,negative,refer,1,8.7,recovered
CASE-002511,2025-05-18,Kirehe,Gahara,CHW-KIR-02-03,52,female,38.1,2,0,0,0,0,0,negative,treat_at_home,0,,recovered
CASE-002512,2025-05-18,Nyagatare,Karangazi,CHW-NYG-02-03,46,male,38.0,2,0,0,0,0,0,positive,treat_at_home,0,,recovered
CASE-002513,2025-05-18,Nyagatare,Katabagemu,CHW-NYG-06-04,6,female,38.4,1,0,0,0,0,0,negative,treat_at_home,0,,recovered
CASE-002514,2025-05-18,Nyagatare,Matimba,CHW-NYG-04-02,112,male,38.4,1,0,0,0,0,0,positive,treat_at_home,0,,recovered
CASE-002515,2025-05-18,Nyagatare,Matimba,CHW-NYG-04-02,35,male,38.1,1,0,0,0,0,0,positive,treat_at_home,0,,recovered
CASE-002516,2025-05-19,Bugesera,Mayange,CHW-BUG-03-02,35,female,38.4,3,0,0,0,0,0,negative,refer,0,,unknown
CASE-002517,2025-05-19,Bugesera,Nyamata,CHW-BUG-01-03,14,male,38.8,2,0,0,0,0,0,positive,treat_at_home,0,,recovered
CASE-002518,2025-05-19,Bugesera,Rilima,CHW-BUG-02-02,80,male,37.8,2,0,0,0,0,0,positive,treat_at_home,0,,recovered
CASE-002519,2025-05-19,Gisagara,Gisagara,CHW-GIS-01-03,25,female,38.0,1,0,0,0,0,0,positive,treat_at_home,0,,recovered
CASE-002520,2025-05-19,Nyagatare,Karangazi,CHW-NYG-02-02,39,female,38.6,1,0,0,0,0,0,positive,treat_at_home,0,,recovered
CASE-002521,2025-05-19,Nyagatare,Matimba,CHW-NYG-04-04,12,male,38.4,4,0,0,0,0,0,negative,refer,1,3.7,recovered
CASE-002522,2025-05-19,Rusizi,Kamembe,CHW-RUS-01-03,40,male,37.6,1,0,0,0,0,0,negative,treat_at_home,0,,recovered
CASE-002523,2025-05-19,Rusizi,Kamembe,CHW-RUS-01-04,471,male,38.9,4,1,0,0,0,0,negative,urgent_refer,1,11.2,recovered
CASE-002524,2025-05-19,Rusizi,Kamembe,CHW-RUS-01-04,44,male,37.4,5,0,0,0,0,0,positive,treat_at_home,0,,recovered
CASE-002525,2025-05-20,Gisagara,Gisagara,CHW-GIS-01-02,162,female,38.7,1,0,0,0,0,0,positive,treat_at_home,0,,recovered
CASE-002526,2025-05-20,Gisagara,Kibirizi,CHW-GIS-03-03,35,male,37.4,1,0,0,0,1,1,negative,urgent_refer,0,,recovered
CASE-002527,2025-05-20,Kirehe,Kirehe,CHW-KIR-01-02,79,female,38.3,3,0,0,0,0,0,negative,refer,1,5.3,recovered
CASE-002528,2025-05-20,Kirehe,Mahama,CHW-KIR-03-01,1,female,37.8,2,0,0,0,0,0,positive,urgent_refer,1,10.8,recovered
CASE-002529,2025-05-20,Kirehe,Mahama,CHW-KIR-03-01,88,male,38.0,4,0,0,0,0,0,negative,refer,1,13.1,recovered
CASE-002530,2025-05-20,Kirehe,Mahama,CHW-KIR-03-04,116,female,38.1,5,0,0,0,0,0,positive,treat_at_home,0,,recovered
CASE-002531,2025-05-20,Nyagatare,Karangazi,CHW-NYG-02-04,156,male,37.6,1,0,0,0,0,0,positive,treat_at_home,0,,recovered
CASE-002532,2025-05-20,Nyagatare,Nyagatare,CHW-NYG-01-03,4,female,38.0,2,0,0,0,0,0,positive,treat_at_home,0,,recovered
CASE-002533,2025-05-20,Nyagatare,Nyagatare,CHW-NYG-01-03,36,female,39.4,1,0,0,0,0,0,positive,treat_at_home,0,,recovered
CASE-002534,2025-05-20,Nyagatare,Rwimiyaga,CHW-NYG-03-01,52,female,38.4,2,0,0,1,1,0,positive,urgent_refer,1,8.4,recovered
CASE-002535,2025-05-20,Rusizi,Kamembe,CHW-RUS-01-02,118,male,38.3,2,0,0,0,0,0,positive,treat_at_home,0,,recovered
CASE-002536,2025-05-21,Bugesera,Mareba,CHW-BUG-04-01,143,male,39.2,4,0,0,0,0,0,negative,refer,0,,recovered
CASE-002537,2025-05-21,Bugesera,Mareba,CHW-BUG-04-03,3,female,38.2,1,0,0,0,0,0,positive,treat_at_home,0,,recovered
CASE-002538,2025-05-21,Bugesera,Rilima,CHW-BUG-02-03,688,female,38.3,3,0,0,0,0,0,positive,treat_at_home,0,,recovered
CASE-002539,2025-05-21,Gasabo,Kimironko,CHW-GAS-01-01,53,female,38.3,1,0,1,1,0,0,positive,urgent_refer,1,6.5,recovered
CASE-002540,2025-05-21,Gisagara,Kibirizi,CHW-GIS-03-01,27,male,37.6,6,0,0,0,0,0,negative,refer,1,11.1,complication
CASE-002541,2025-05-21,Kirehe,Gahara,CHW-KIR-02-04,33,female,39.3,4,0,0,1,0,0,invalid,urgent_refer,0,,recovered
CASE-002542,2025-05-21,Kirehe,Kirehe,CHW-KIR-01-03,114,male,37.8,1,0,0,0,0,0,negative,treat_at_home,0,,recovered
CASE-002543,2025-05-21,Kirehe,Mahama,CHW-KIR-03-04,97,male,39.2,5,0,0,0,0,0,negative,refer,1,10.3,recovered
CASE-002544,2025-05-21,Nyagatare,Nyagatare,CHW-NYG-01-01,30,male,38.2,4,0,0,0,0,0,positive,treat_at_home,0,,recovered
CASE-002545,2025-05-21,Rusizi,Bugarama,CHW-RUS-02-01,10,female,36.6,0,0,0,0,0,0,negative,treat_at_home,0,,recovered
CASE-002546,2025-05-22,Bugesera,Mareba,CHW-BUG-04-01,83,female,38.0,5,0,0,0,0,0,positive,treat_at_home,0,,recovered
CASE-002547,2025-05-22,Bugesera,Ntarama,CHW-BUG-05-03,87,female,38.7,5,0,0,0,0,0,negative,refer,1,5.9,recovered
CASE-002548,2025-05-22,Gasabo,Kacyiru,CHW-GAS-03-04,38,male,38.7,5,0,0,0,0,0,negative,refer,1,7.1,recovered
CASE-002549,2025-05-22,Gisagara,Save,CHW-GIS-02-01,486,male,36.6,0,0,0,0,0,0,negative,treat_at_home,0,,recovered
CASE-002550,2025-05-22,Kirehe,Kirehe,CHW-KIR-01-04,422,male,38.2,1,0,0,0,0,0,positive,treat_at_home,0,,recovered
CASE-002551,2025-05-22,Nyagatare,Katabagemu,CHW-NYG-06-02,116,male,38.6,1,0,0,0,0,0,positive,treat_at_home,0,,recovered
CASE-002552,2025-05-23,Bugesera,Mayange,CHW-BUG-03-01,9,female,38.7,1,0,0,0,0,0,positive,treat_at_home,0,,recovered
CASE-002553,2025-05-23,Bugesera,Mayange,CHW-BUG-03-02,28,female,38.0,2,0,0,0,0,0,positive,treat_at_home,0,,recovered
CASE-002554,2025-05-23,Gasabo,Kacyiru,CHW-GAS-03-01,51,female,39.1,3,0,0,0,0,0,negative,refer,0,,recovered
CASE-002555,2025-05-23,Gasabo,Remera,CHW-GAS-02-02,16,male,38.4,1,0,0,0,0,0,negative,treat_at_home,0,,recovered
CASE-002556,2025-05-23,Gisagara,Gisagara,CHW-GIS-01-01,22,male,38.1,2,0,0,0,0,0,positive,treat_at_home,0,,recovered
CASE-002557,2025-05-23,Gisagara,Kibirizi,CHW-GIS-03-04,623,male,39.3,4,0,0,0,0,0,positive,treat_at_home,0,,recovered
CASE-002558,2025-05-23,Kirehe,Kirehe,CHW-KIR-01-03,44,female,38.1,3,0,0,0,0,0,positive,treat_at_home,0,,recovered
CASE-002559,2025-05-23,Nyagatare,Karangazi,CHW-NYG-02-03,51,male,38.9,5,0,0,0,0,0,positive,treat_at_home,0,,recovered
CASE-002560,2025-05-23,Nyagatare,Katabagemu,CHW-NYG-06-01,21,female,37.7,1,0,0,0,0,0,positive,treat_at_home,0,,recovered
CASE-002561,2025-05-23,Nyagatare,Katabagemu,CHW-NYG-06-01,18,female,39.0,2,0,0,0,0,0,positive,treat_at_home,0,,recovered
CASE-002562,2025-05-23,Nyagatare,Katabagemu,CHW-NYG-06-01,464,female,39.4,2,0,0,0,1,0,positive,refer,0,,recovered
CASE-002563,2025-05-23,Nyagatare,Rwimiyaga,CHW-NYG-03-01,34,male,36.4,0,0,0,0,0,0,negative,treat_at_home,0,,recovered
CASE-002564,2025-05-23,Nyagatare,Rwimiyaga,CHW-NYG-03-03,43,male,38.4,5,0,0,0,0,0,positive,treat_at_home,0,,recovered
CASE-002565,2025-05-23,Rusizi,Bugarama,CHW-RUS-02-02,142,female,38.7,2,0,0,0,0,0,positive,treat_at_home,0,,recovered
CASE-002566,2025-05-24,Bugesera,Gashora,CHW-BUG-06-01,32,male,38.1,1,0,0,0,0,0,positive,treat_at_home,0,,recovered
CASE-002567,2025-05-24,Bugesera,Gashora,CHW-BUG-06-01,6,female,38.6,7,0,0,0,0,0,negative,refer,0,,recovered
CASE-002568,2025-05-24,Bugesera,Mareba,CHW-BUG-04-04,101,male,38.2,1,0,0,0,0,0,negative,treat_at_home,0,,recovered
CASE-002569,2025-05-24,Bugesera,Ntarama,CHW-BUG-05-03,66,male,38.2,1,0,0,0,0,0,positive,refer,1,5.9,recovered
CASE-002570,2025-05-24,Gasabo,Kacyiru,CHW-GAS-03-04,29,female,38.5,1,0,0,0,0,0,positive,treat_at_home,0,,recovered
CASE-002571,2025-05-24,Gisagara,Save,CHW-GIS-02-03,55,male,38.3,5,0,0,0,0,0,positive,treat_at_home,0,,recovered
CASE-002572,2025-05-24,Kirehe,Gahara,CHW-KIR-02-04,13,female,38.0,2,0,0,0,0,0,negative,treat_at_home,0,,recovered
CASE-002573,2025-05-24,Nyagatare,Katabagemu,CHW-NYG-06-04,3,female,36.1,0,0,0,0,0,0,negative,treat_at_home,0,,recovered
CASE-002574,2025-05-24,Nyagatare,Katabagemu,CHW-NYG-06-04,276,female,38.9,3,0,0,0,0,0,positive,treat_at_home,0,,recovered
CASE-002575,2025-05-24,Nyagatare,Matimba,CHW-NYG-04-04,122,male,38.2,3,0,0,0,0,0,negative,treat_at_home,0,,recovered
CASE-002576,2025-05-24,Nyagatare,Nyagatare,CHW-NYG-01-01,24,male,38.3,2,0,0,0,0,0,positive,treat_at_home,0,,recovered
CASE-002577,2025-05-24,Nyagatare,Nyagatare,CHW-NYG-01-03,641,male,36.7,0,0,0,0,0,0,negative,treat_at_home,0,,recovered
CASE-002578,2025-05-24,Rusizi,Gihundwe,CHW-RUS-03-01,172,male,39.1,7,0,0,0,1,0,positive,treat_at_home,0,,complication
CASE-002579,2025-05-25,Bugesera,Mareba,CHW-BUG-04-02,43,female,39.2,3,0,0,0,0,0,positive,treat_at_home,0,,recovered
CASE-002580,2025-05-25,Bugesera,Ntarama,CHW-BUG-05-02,622,male,38.4,3,0,0,0,0,0,positive,treat_at_home,0,,recovered
CASE-002581,2025-05-25,Bugesera,Ntarama,CHW-BUG-05-03,8,female,38.6,5,0,0,0,0,0,positive,treat_at_home,0,,recovered
CASE-002582,2025-05-25,Bugesera,Ntarama,CHW-BUG-05-04,0,male,38.2,2,0,0,0,0,0,positive,urgent_refer,1,4.3,unknown
CASE-002583,2025-05-25,Bugesera,Nyamata,CHW-BUG-01-03,686,male,37.8,1,0,0,0,0,0,positive,treat_at_home,0,,died
CASE-002584,2025-05-25,Gasabo,Kacyiru,CHW-GAS-03-01,338,male,38.3,1,0,0,0,0,0,negative,treat_at_home,0,,recovered
CASE-002585,2025-05-25,Gasabo,Remera,CHW-GAS-02-04,27,male,38.7,1,0,1,0,0,0,positive,urgent_refer,0,,recovered
CASE-002586,2025-05-25,Gisagara,Gisagara,CHW-GIS-01-01,35,male,38.0,1,0,0,0,0,0,negative,treat_at_home,0,,recovered
CASE-002587,2025-05-25,Gisagara,Gisagara,CHW-GIS-01-02,21,female,38.9,5,0,0,0,0,0,negative,refer,0,,recovered
CASE-002588,2025-05-25,Gisagara,Gisagara,CHW-GIS-01-03,22,male,38.1,2,0,0,0,0,0,negative,treat_at_home,0,,recovered
CASE-002589,2025-05-25,Gisagara,Gisagara,CHW-GIS-01-04,78,female,38.5,1,0,0,0,0,0,negative,treat_at_home,0,,recovered
CASE-002590,2025-05-25,Gisagara,Gisagara,CHW-GIS-01-04,7,female,38.5,2,0,0,0,0,0,positive,treat_at_home,0,,recovered
CASE-002591,2025-05-25,Kirehe,Kirehe,CHW-KIR-01-04,13,female,37.7,3,0,0,0,0,0,negative,refer,0,,recovered
CASE-002592,2025-05-25,Kirehe,Mahama,CHW-KIR-03-01,648,male,37.6,1,0,0,0,0,0,positive,treat_at_home,0,,recovered
CASE-002593,2025-05-25,Nyagatare,Karangazi,CHW-NYG-02-04,19,female,38.2,2,1,0,0,0,1,negative,urgent_refer,0,,recovered
CASE-002594,2025-05-25,Nyagatare,Katabagemu,CHW-NYG-06-02,221,female,38.3,6,0,0,0,0,0,positive,treat_at_home,0,,recovered
CASE-002595,2025-05-25,Nyagatare,Mimuri,CHW-NYG-05-01,33,female,38.0,2,0,0,0,0,0,positive,treat_at_home,0,,recovered
CASE-002596,2025-05-25,Nyagatare,Nyagatare,CHW-NYG-01-01,533,female,38.3,3,0,0,0,0,0,positive,treat_at_home,0,,recovered
CASE-002597,2025-05-25,Nyagatare,Rwimiyaga,CHW-NYG-03-02,36,female,38.6,1,0,0,0,0,0,positive,treat_at_home,0,,recovered
CASE-002598,2025-05-25,Rusizi,Gihundwe,CHW-RUS-03-02,34,male,38.3,4,0,0,0,0,0,negative,refer,1,4.5,recovered
CASE-002599,2025-05-25,Rusizi,Kamembe,CHW-RUS-01-04,123,male,38.6,1,0,0,0,0,0,positive,treat_at_home,0,,recovered
CASE-002600,2025-05-26,Bugesera,Gashora,CHW-BUG-06-04,149,male,39.2,4,0,0,0,0,0,positive,treat_at_home,0,,recovered
CASE-002601,2025-05-26,Bugesera,Mareba,CHW-BUG-04-03,104,female,37.6,1,0,0,0,0,0,invalid,refer,1,29.2,recovered
CASE-002602,2025-05-26,Bugesera,Rilima,CHW-BUG-02-01,14,female,37.9,2,0,0,0,0,0,negative,treat_at_home,0,,recovered
CASE-002603,2025-05-26,Bugesera,Rilima,CHW-BUG-02-02,53,female,38.6,1,0,0,0,0,0,negative,treat_at_home,0,,recovered
CASE-002604,2025-05-26,Gisagara,Kibirizi,CHW-GIS-03-02,156,male,39.6,3,0,0,0,0,0,negative,refer,1,4.7,recovered
CASE-002605,2025-05-26,Gisagara,Kibirizi,CHW-GIS-03-04,327,male,38.0,2,0,0,0,0,0,negative,treat_at_home,0,,recovered
CASE-002606,2025-05-26,Gisagara,Save,CHW-GIS-02-02,39,male,38.2,3,0,0,0,0,0,positive,treat_at_home,0,,recovered
CASE-002607,2025-05-26,Gisagara,Save,CHW-GIS-02-03,161,female,36.5,0,0,0,0,0,0,negative,treat_at_home,0,,recovered
CASE-002608,2025-05-26,Kirehe,Kirehe,CHW-KIR-01-01,19,female,38.8,1,0,0,0,1,0,negative,urgent_refer,1,5.8,complication
CASE-002609,2025-05-26,Kirehe,Mahama,CHW-KIR-03-03,121,male,38.6,1,0,0,0,0,0,negative,treat_at_home,0,,recovered
CASE-002610,2025-05-26,Nyagatare,Karangazi,CHW-NYG-02-04,29,male,38.3,7,0,0,0,0,0,positive,treat_at_home,0,,recovered
CASE-002611,2025-05-26,Rusizi,Gihundwe,CHW-RUS-03-03,4,female,38.6,3,0,0,0,0,0,positive,refer,1,5.0,recovered
CASE-002612,2025-05-26,Rusizi,Gihundwe,CHW-RUS-03-04,10,female,37.9,2,0,1,1,0,0,positive,urgent_refer,1,4.0,complication
CASE-002613,2025-05-26,Rusizi,Gihundwe,CHW-RUS-03-04,2,female,38.5,2,0,0,0,0,0,positive,treat_at_home,0,,recovered
CASE-002614,2025-05-27,Bugesera,Ntarama,CHW-BUG-05-01,35,male,39.0,1,0,0,0,0,0,positive,treat_at_home,0,,recovered
CASE-002615,2025-05-27,Bugesera,Ntarama,CHW-BUG-05-02,37,female,38.6,3,0,0,0,0,0,positive,treat_at_home,0,,recovered
CASE-002616,2025-05-27,Bugesera,Nyamata,CHW-BUG-01-03,59,female,38.4,2,0,0,0,0,0,positive,treat_at_home,0,,recovered
CASE-002617,2025-05-27,Bugesera,Nyamata,CHW-BUG-01-04,12,male,38.2,2,0,0,0,0,0,positive,treat_at_home,0,,recovered
CASE-002618,2025-05-27,Bugesera,Nyamata,CHW-BUG-01-04,170,male,38.7,2,0,0,0,0,0,negative,treat_at_home,0,,recovered
CASE-002619,2025-05-27,Bugesera,Rilima,CHW-BUG-02-01,44,male,38.8,3,0,0,0,0,0,positive,treat_at_home,0,,recovered
CASE-002620,2025-05-27,Gasabo,Remera,CHW-GAS-02-04,14,female,38.2,5,0,0,0,0,0,positive,treat_at_home,0,,recovered
CASE-002621,2025-05-27,Gisagara,Kibirizi,CHW-GIS-03-02,120,female,38.3,2,0,0,0,0,0,positive,treat_at_home,0,,recovered
CASE-002622,2025-05-27,Gisagara,Kibirizi,CHW-GIS-03-04,12,female,38.9,1,0,0,0,0,1,negative,urgent_refer,1,3.0,recovered
CASE-002623,2025-05-27,Kirehe,Gahara,CHW-KIR-02-01,37,female,36.4,0,0,0,0,0,0,negative,treat_at_home,0,,recovered
CASE-002624,2025-05-27,Nyagatare,Katabagemu,CHW-NYG-06-04,158,female,38.2,1,0,0,0,0,0,negative,treat_at_home,0,,recovered
CASE-002625,2025-05-27,Nyagatare,Mimuri,CHW-NYG-05-03,58,female,38.6,2,0,0,0,0,0,positive,treat_at_home,0,,recovered
CASE-002626,2025-05-27,Nyagatare,Nyagatare,CHW-NYG-01-01,79,male,37.7,1,0,0,0,0,0,negative,treat_at_home,0,,recovered
CASE-002627,2025-05-27,Nyagatare,Nyagatare,CHW-NYG-01-03,45,female,38.7,1,0,0,0,0,0,positive,treat_at_home,0,,recovered
CASE-002628,2025-05-27,Nyagatare,Rwimiyaga,CHW-NYG-03-02,49,female,39.0,1,0,0,0,0,0,positive,treat_at_home,0,,recovered
CASE-002629,2025-05-28,Bugesera,Mayange,CHW-BUG-03-01,2,male,38.1,2,0,0,0,0,0,negative,treat_at_home,0,,recovered
CASE-002630,2025-05-28,Gasabo,Kimironko,CHW-GAS-01-02,39,female,38.0,1,0,0,0,0,0,negative,refer,1,12.3,recovered
CASE-002631,2025-05-28,Gasabo,Kimironko,CHW-GAS-01-04,349,male,38.0,1,0,0,0,0,0,positive,treat_at_home,0,,recovered
CASE-002632,2025-05-28,Gisagara,Gisagara,CHW-GIS-01-03,370,female,38.7,3,0,0,0,0,0,positive,treat_at_home,0,,recovered
CASE-002633,2025-05-28,Nyagatare,Katabagemu,CHW-NYG-06-04,272,male,37.8,1,0,0,0,0,0,positive,treat_at_home,0,,recovered
CASE-002634,2025-05-28,Nyagatare,Mimuri,CHW-NYG-05-01,23,male,38.1,7,0,0,0,0,0,positive,treat_at_home,0,,recovered
CASE-002635,2025-05-28,Nyagatare,Mimuri,CHW-NYG-05-04,13,male,38.9,2,0,0,0,0,0,positive,treat_at_home,0,,recovered
CASE-002636,2025-05-28,Nyagatare,Rwimiyaga,CHW-NYG-03-01,117,female,38.5,2,0,0,0,0,0,positive,treat_at_home,0,,recovered
CASE-002637,2025-05-28,Nyagatare,Rwimiyaga,CHW-NYG-03-04,46,female,38.7,4,0,0,0,0,0,negative,refer,1,20.6,recovered
CASE-002638,2025-05-28,Nyagatare,Rwimiyaga,CHW-NYG-03-04,162,female,37.9,1,0,0,0,0,0,positive,treat_at_home,0,,recovered
CASE-002639,2025-05-29,Bugesera,Gashora,CHW-BUG-06-04,153,female,38.7,3,0,0,0,0,0,positive,treat_at_home,0,,recovered
CASE-002640,2025-05-29,Bugesera,Mayange,CHW-BUG-03-04,48,female,38.1,2,0,0,0,0,0,negative,treat_at_home,0,,recovered
CASE-002641,2025-05-29,Gisagara,Kibirizi,CHW-GIS-03-02,27,female,39.0,4,0,0,0,0,0,negative,refer,1,16.0,recovered
CASE-002642,2025-05-29,Gisagara,Save,CHW-GIS-02-04,376,male,39.0,6,0,0,0,0,0,negative,refer,1,12.9,recovered
CASE-002643,2025-05-29,Kirehe,Gahara,CHW-KIR-02-03,555,female,36.1,0,0,0,0,0,0,negative,treat_at_home,0,,recovered
CASE-002644,2025-05-29,Kirehe,Gahara,CHW-KIR-02-04,40,male,37.9,6,0,0,0,0,0,negative,refer,1,7.4,recovered
CASE-002645,2025-05-29,Kirehe,Kirehe,CHW-KIR-01-03,26,female,38.0,5,0,0,0,0,0,positive,treat_at_home,0,,recovered
CASE-002646,2025-05-29,Kirehe,Kirehe,CHW-KIR-01-04,116,female,38.6,2,0,0,0,0,0,positive,treat_at_home,0,,recovered
CASE-002647,2025-05-29,Kirehe,Kirehe,CHW-KIR-01-04,150,male,38.6,1,0,0,0,0,0,invalid,refer,0,,recovered
CASE-002648,2025-05-29,Kirehe,Mahama,CHW-KIR-03-02,54,female,38.6,3,0,0,0,0,0,positive,treat_at_home,0,,recovered
CASE-002649,2025-05-29,Nyagatare,Karangazi,CHW-NYG-02-01,37,female,38.3,1,0,0,0,0,0,positive,treat_at_home,0,,recovered
CASE-002650,2025-05-29,Nyagatare,Katabagemu,CHW-NYG-06-03,5,male,36.8,0,0,0,0,0,0,positive,treat_at_home,0,,recovered
CASE-002651,2025-05-29,Nyagatare,Matimba,CHW-NYG-04-01,149,female,38.6,1,0,0,0,0,0,negative,treat_at_home,0,,recovered
CASE-002652,2025-05-29,Nyagatare,Rwimiyaga,CHW-NYG-03-03,598,female,37.6,3,0,0,0,0,0,negative,refer,1,17.6,recovered
CASE-002653,2025-05-29,Nyagatare,Rwimiyaga,CHW-NYG-03-04,38,male,39.2,3,0,0,0,0,0,positive,refer,0,,recovered
CASE-002654,2025-05-29,Rusizi,Bugarama,CHW-RUS-02-01,54,male,38.4,4,0,0,0,0,0,positive,refer,0,,recovered
CASE-002655,2025-05-29,Rusizi,Kamembe,CHW-RUS-01-01,6,male,38.9,4,0,0,0,0,0,positive,treat_at_home,0,,recovered
CASE-002656,2025-05-30,Bugesera,Mayange,CHW-BUG-03-01,21,female,38.6,3,0,0,1,0,0,positive,urgent_refer,1,4.0,complication
CASE-002657,2025-05-30,Bugesera,Mayange,CHW-BUG-03-04,628,male,38.9,2,0,0,0,0,0,positive,treat_at_home,0,,recovered
CASE-002658,2025-05-30,Bugesera,Rilima,CHW-BUG-02-02,28,male,38.5,2,0,0,0,0,0,negative,treat_at_home,0,,recovered
CASE-002659,2025-05-30,Bugesera,Rilima,CHW-BUG-02-02,88,male,38.4,2,0,0,0,0,0,positive,treat_at_home,0,,recovered
CASE-002660,2025-05-30,Gisagara,Gisagara,CHW-GIS-01-01,37,male,38.8,1,0,0,0,0,0,positive,treat_at_home,0,,recovered
CASE-002661,2025-05-30,Kirehe,Gahara,CHW-KIR-02-01,135,male,38.4,1,0,0,0,0,0,positive,treat_at_home,0,,recovered
CASE-002662,2025-05-30,Nyagatare,Karangazi,CHW-NYG-02-01,57,female,37.9,1,0,0,0,0,0,positive,treat_at_home,0,,recovered
CASE-002663,2025-05-30,Rusizi,Gihundwe,CHW-RUS-03-02,625,male,38.4,3,0,0,0,0,0,positive,treat_at_home,0,,recovered
CASE-002664,2025-05-30,Rusizi,Kamembe,CHW-RUS-01-04,19,male,36.4,0,0,0,0,0,0,negative,treat_at_home,0,,recovered
CASE-002665,2025-05-31,Bugesera,Mayange,CHW-BUG-03-02,25,female,38.5,7,0,0,0,0,0,positive,treat_at_home,0,,recovered
CASE-002666,2025-05-31,Bugesera,Rilima,CHW-BUG-02-02,51,male,37.7,1,0,0,0,0,0,positive,treat_at_home,0,,recovered
CASE-002667,2025-05-31,Bugesera,Rilima,CHW-BUG-02-04,37,male,38.7,1,0,0,0,0,0,negative,treat_at_home,0,,recovered
CASE-002668,2025-05-31,Gasabo,Kimironko,CHW-GAS-01-01,22,male,38.0,3,0,0,0,0,0,negative,refer,1,3.6,recovered
CASE-002669,2025-05-31,Gasabo,Remera,CHW-GAS-02-03,49,male,38.1,2,0,0,0,0,0,negative,treat_at_home,0,,recovered
CASE-002670,2025-05-31,Kirehe,Gahara,CHW-KIR-02-03,337,female,38.6,1,0,0,0,0,0,positive,treat_at_home,0,,recovered
CASE-002671,2025-05-31,Kirehe,Kirehe,CHW-KIR-01-03,648,female,37.8,4,0,0,0,0,0,negative,refer,0,,recovered
CASE-002672,2025-05-31,Kirehe,Mahama,CHW-KIR-03-01,96,male,38.2,1,0,0,0,0,0,positive,treat_at_home,0,,unknown
CASE-002673,2025-05-31,Kirehe,Mahama,CHW-KIR-03-03,37,female,38.7,3,0,0,0,0,0,positive,treat_at_home,0,,recovered
CASE-002674,2025-05-31,Kirehe,Mahama,CHW-KIR-03-04,26,male,37.9,2,0,0,0,0,0,positive,treat_at_home,0,,recovered
CASE-002675,2025-05-31,Nyagatare,Katabagemu,CHW-NYG-06-04,58,female,39.1,1,0,0,0,0,0,negative,treat_at_home,0,,recovered
CASE-002676,2025-05-31,Nyagatare,Matimba,CHW-NYG-04-01,28,male,38.3,1,0,0,0,0,0,negative,treat_at_home,0,,recovered
CASE-002677,2025-05-31,Nyagatare,Rwimiyaga,CHW-NYG-03-01,113,male,38.7,1,0,0,0,0,0,positive,treat_at_home,0,,recovered
CASE-002678,2025-05-31,Rusizi,Bugarama,CHW-RUS-02-03,7,female,38.2,1,0,0,0,0,0,invalid,refer,0,,recovered
CASE-002679,2025-06-01,Bugesera,Gashora,CHW-BUG-06-02,30,male,38.1,3,0,0,0,0,0,negative,refer,1,5.4,recovered
CASE-002680,2025-06-01,Bugesera,Mayange,CHW-BUG-03-01,139,female,38.0,2,0,0,0,0,0,positive,treat_at_home,0,,recovered
CASE-002681,2025-06-01,Bugesera,Mayange,CHW-BUG-03-02,27,female,38.8,5,0,0,0,0,0,negative,refer,1,4.8,recovered
CASE-002682,2025-06-01,Bugesera,Rilima,CHW-BUG-02-03,249,male,38.1,2,0,0,0,0,0,positive,treat_at_home,0,,recovered
CASE-002683,2025-06-01,Nyagatare,Karangazi,CHW-NYG-02-03,117,female,38.8,1,0,0,0,0,0,positive,treat_at_home,0,,recovered
CASE-002684,2025-06-01,Nyagatare,Karangazi,CHW-NYG-02-04,131,male,38.8,1,0,0,0,0,0,positive,treat_at_home,0,,recovered
CASE-002685,2025-06-01,Nyagatare,Matimba,CHW-NYG-04-03,12,female,38.7,1,0,0,0,0,0,negative,treat_at_home,0,,recovered
CASE-002686,2025-06-02,Bugesera,Gashora,CHW-BUG-06-03,35,male,38.4,1,0,0,0,0,0,positive,treat_at_home,0,,recovered
CASE-002687,2025-06-02,Gasabo,Kimironko,CHW-GAS-01-04,163,female,38.4,5,0,0,0,0,0,positive,treat_at_home,0,,recovered
CASE-002688,2025-06-02,Nyagatare,Katabagemu,CHW-NYG-06-03,27,female,38.1,2,0,0,0,0,0,positive,treat_at_home,0,,recovered
CASE-002689,2025-06-02,Nyagatare,Matimba,CHW-NYG-04-02,169,female,37.7,2,0,0,0,0,0,positive,treat_at_home,0,,recovered
CASE-002690,2025-06-02,Nyagatare,Mimuri,CHW-NYG-05-01,153,female,38.0,1,0,0,0,0,0,negative,treat_at_home,0,,recovered
CASE-002691,2025-06-02,Nyagatare,Mimuri,CHW-NYG-05-03,56,female,38.4,2,0,0,0,0,0,negative,treat_at_home,0,,recovered
CASE-002692,2025-06-02,Rusizi,Bugarama,CHW-RUS-02-03,87,female,38.5,1,0,0,0,0,0,positive,treat_at_home,0,,recovered
CASE-002693,2025-06-03,Bugesera,Ntarama,CHW-BUG-05-02,10,female,38.5,3,0,0,0,0,0,positive,treat_at_home,0,,recovered
CASE-002694,2025-06-03,Bugesera,Nyamata,CHW-BUG-01-04,1,male,38.3,4,0,0,0,0,0,negative,urgent_refer,1,5.3,complication
CASE-002695,2025-06-03,Gisagara,Gisagara,CHW-GIS-01-04,12,male,38.3,2,0,0,0,0,0,negative,treat_at_home,0,,recovered
CASE-002696,2025-06-03,Kirehe,Gahara,CHW-KIR-02-04,56,female,38.5,2,0,0,0,0,0,negative,treat_at_home,0,,recovered
CASE-002697,2025-06-03,Kirehe,Kirehe,CHW-KIR-01-01,48,female,38.0,1,0,0,0,0,0,negative,treat_at_home,0,,recovered
CASE-002698,2025-06-03,Nyagatare,Karangazi,CHW-NYG-02-01,153,male,38.6,1,0,0,0,0,0,positive,treat_at_home,0,,recovered
CASE-002699,2025-06-03,Nyagatare,Mimuri,CHW-NYG-05-04,7,male,38.3,1,0,0,0,0,0,positive,treat_at_home,0,,recovered
CASE-002700,2025-06-03,Nyagatare,Nyagatare,CHW-NYG-01-01,30,male,37.1,0,1,0,0,0,0,negative,urgent_refer,1,15.1,recovered
CASE-002701,2025-06-03,Nyagatare,Rwimiyaga,CHW-NYG-03-03,495,male,37.3,1,0,0,0,0,0,positive,treat_at_home,0,,recovered
CASE-002702,2025-06-04,Kirehe,Kirehe,CHW-KIR-01-02,6,male,38.4,3,0,0,0,0,0,negative,refer,1,7.0,recovered
CASE-002703,2025-06-04,Nyagatare,Katabagemu,CHW-NYG-06-02,70,male,37.7,1,0,0,0,0,0,positive,treat_at_home,0,,recovered
CASE-002704,2025-06-04,Nyagatare,Nyagatare,CHW-NYG-01-04,3,male,38.1,1,0,0,0,0,0,negative,treat_at_home,0,,recovered
CASE-002705,2025-06-04,Nyagatare,Nyagatare,CHW-NYG-01-04,280,female,36.5,0,0,0,0,0,0,negative,treat_at_home,0,,recovered
CASE-002706,2025-06-04,Rusizi,Kamembe,CHW-RUS-01-02,34,male,38.4,3,0,0,0,0,0,negative,refer,0,,unknown
CASE-002707,2025-06-05,Bugesera,Mayange,CHW-BUG-03-02,56,male,38.7,2,0,0,0,0,0,positive,treat_at_home,0,,recovered
CASE-002708,2025-06-05,Gasabo,Kimironko,CHW-GAS-01-03,75,male,38.1,3,0,0,0,0,0,negative,refer,1,8.8,recovered
CASE-002709,2025-06-05,Gisagara,Save,CHW-GIS-02-02,155,female,38.6,4,0,0,0,1,1,negative,urgent_refer,1,2.5,recovered
CASE-002710,2025-06-05,Nyagatare,Matimba,CHW-NYG-04-01,24,male,38.9,5,0,0,0,0,0,negative,refer,1,7.2,recovered
CASE-002711,2025-06-05,Nyagatare,Mimuri,CHW-NYG-05-02,472,male,38.2,1,0,0,0,0,0,negative,treat_at_home,0,,recovered
CASE-002712,2025-06-05,Rusizi,Kamembe,CHW-RUS-01-01,51,male,39.0,2,0,0,0,0,0,positive,treat_at_home,0,,recovered
CASE-002713,2025-06-06,Kirehe,Gahara,CHW-KIR-02-02,26,female,37.8,2,0,0,0,0,0,positive,treat_at_home,0,,complication
CASE-002714,2025-06-06,Nyagatare,Katabagemu,CHW-NYG-06-03,111,female,39.2,7,0,0,0,0,0,negative,refer,1,7.9,recovered
CASE-002715,2025-06-06,Nyagatare,Katabagemu,CHW-NYG-06-03,238,male,38.2,1,0,0,0,0,0,positive,treat_at_home,0,,recovered
CASE-002716,2025-06-06,Nyagatare,Nyagatare,CHW-NYG-01-04,168,male,37.9,1,0,0,0,0,0,positive,treat_at_home,0,,recovered
CASE-002717,2025-06-06,Rusizi,Kamembe,CHW-RUS-01-03,56,male,38.4,1,0,0,0,0,0,negative,treat_at_home,0,,recovered
CASE-002718,2025-06-06,Rusizi,Kamembe,CHW-RUS-01-04,33,male,38.8,3,0,0,0,0,0,negative,refer,1,5.0,recovered
CASE-002719,2025-06-07,Bugesera,Gashora,CHW-BUG-06-01,44,female,38.7,4,0,0,0,0,0,positive,treat_at_home,0,,recovered
CASE-002720,2025-06-07,Bugesera,Rilima,CHW-BUG-02-02,126,female,39.0,2,0,0,0,0,0,positive,treat_at_home,0,,recovered
CASE-002721,2025-06-07,Gasabo,Kacyiru,CHW-GAS-03-03,59,male,37.8,1,0,0,0,0,0,negative,treat_at_home,0,,recovered
CASE-002722,2025-06-07,Gisagara,Gisagara,CHW-GIS-01-04,120,female,37.8,1,0,0,0,0,0,negative,treat_at_home,0,,recovered
CASE-002723,2025-06-07,Kirehe,Gahara,CHW-KIR-02-02,11,female,38.1,3,0,0,0,0,0,positive,treat_at_home,0,,recovered
CASE-002724,2025-06-07,Kirehe,Kirehe,CHW-KIR-01-02,23,male,37.1,0,0,0,0,0,0,negative,treat_at_home,0,,recovered
CASE-002725,2025-06-07,Nyagatare,Katabagemu,CHW-NYG-06-02,513,female,38.8,1,1,1,0,0,0,negative,urgent_refer,0,,recovered
CASE-002726,2025-06-07,Nyagatare,Katabagemu,CHW-NYG-06-03,40,female,38.8,2,0,0,0,0,0,invalid,refer,1,6.3,recovered
CASE-002727,2025-06-07,Nyagatare,Nyagatare,CHW-NYG-01-04,143,female,39.2,1,0,0,0,0,0,positive,treat_at_home,0,,recovered
CASE-002728,2025-06-08,Bugesera,Gashora,CHW-BUG-06-03,1,male,36.4,0,0,0,0,0,0,negative,urgent_refer,1,2.6,recovered
CASE-002729,2025-06-08,Bugesera,Mayange,CHW-BUG-03-04,34,male,38.3,1,0,0,0,0,0,positive,treat_at_home,0,,recovered
CASE-002730,2025-06-08,Bugesera,Ntarama,CHW-BUG-05-02,1,male,39.0,1,0,0,0,0,1,negative,urgent_refer,1,4.4,recovered
CASE-002731,2025-06-08,Bugesera,Nyamata,CHW-BUG-01-03,47,female,38.1,2,0,0,0,0,0,positive,treat_at_home,0,,recovered
CASE-002732,2025-06-08,Gisagara,Kibirizi,CHW-GIS-03-03,167,male,37.6,1,0,0,0,0,0,negative,treat_at_home,0,,recovered
CASE-002733,2025-06-08,Nyagatare,Katabagemu,CHW-NYG-06-01,124,male,38.2,3,0,0,0,1,0,negative,urgent_refer,0,,recovered
CASE-002734,2025-06-08,Nyagatare,Mimuri,CHW-NYG-05-02,6,female,38.5,7,0,0,1,0,1,positive,urgent_refer,1,2.5,recovered
CASE-002735,2025-06-09,Bugesera,Mayange,CHW-BUG-03-04,87,male,39.0,5,0,0,0,0,0,positive,treat_at_home,0,,recovered
CASE-002736,2025-06-09,Bugesera,Mayange,CHW-BUG-03-04,632,female,38.9,1,0,0,0,0,0,positive,treat_at_home,0,,recovered
CASE-002737,2025-06-09,Gisagara,Gisagara,CHW-GIS-01-01,36,female,38.7,1,0,0,0,0,0,positive,treat_at_home,0,,recovered
CASE-002738,2025-06-09,Gisagara,Kibirizi,CHW-GIS-03-01,32,male,37.8,3,0,0,0,0,0,positive,treat_at_home,0,,recovered
CASE-002739,2025-06-09,Kirehe,Mahama,CHW-KIR-03-02,11,male,38.6,2,0,0,1,0,1,positive,urgent_refer,1,3.3,recovered
CASE-002740,2025-06-10,Bugesera,Mareba,CHW-BUG-04-04,136,female,36.6,0,0,0,0,0,0,negative,treat_at_home,0,,recovered
CASE-002741,2025-06-10,Bugesera,Mayange,CHW-BUG-03-02,17,male,38.3,1,0,0,0,0,0,invalid,refer,1,3.4,recovered
CASE-002742,2025-06-10,Nyagatare,Nyagatare,CHW-NYG-01-04,49,female,38.4,3,0,0,0,0,0,positive,treat_at_home,0,,recovered
CASE-002743,2025-06-11,Bugesera,Mayange,CHW-BUG-03-04,142,male,38.7,5,0,0,0,0,0,positive,treat_at_home,0,,recovered
CASE-002744,2025-06-11,Gasabo,Remera,CHW-GAS-02-04,36,female,38.9,4,1,0,0,0,0,negative,urgent_refer,1,2.8,recovered
CASE-002745,2025-06-11,Gisagara,Save,CHW-GIS-02-03,158,female,38.2,1,0,0,0,0,0,positive,treat_at_home,0,,recovered
CASE-002746,2025-06-11,Nyagatare,Karangazi,CHW-NYG-02-04,56,female,38.9,2,0,0,0,0,0,positive,treat_at_home,0,,recovered
CASE-002747,2025-06-11,Nyagatare,Mimuri,CHW-NYG-05-04,24,female,38.1,1,0,0,0,0,0,positive,refer,1,3.2,complication
CASE-002748,2025-06-11,Nyagatare,Rwimiyaga,CHW-NYG-03-03,92,male,38.4,3,0,0,0,0,0,positive,treat_at_home,0,,recovered
CASE-002749,2025-06-11,Rusizi,Bugarama,CHW-RUS-02-01,51,male,38.5,7,0,0,0,0,0,positive,treat_at_home,0,,recovered
CASE-002750,2025-06-12,Bugesera,Mayange,CHW-BUG-03-01,505,female,39.0,1,0,0,0,0,0,negative,treat_at_home,0,,recovered
CASE-002751,2025-06-12,Gisagara,Save,CHW-GIS-02-02,38,female,38.8,1,0,0,0,0,0,positive,refer,1,2.8,recovered
CASE-002752,2025-06-12,Kirehe,Kirehe,CHW-KIR-01-01,37,female,38.4,1,0,0,0,0,0,positive,treat_at_home,0,,recovered
CASE-002753,2025-06-12,Nyagatare,Matimba,CHW-NYG-04-04,110,male,39.5,6,0,0,0,0,0,positive,treat_at_home,0,,recovered
CASE-002754,2025-06-12,Nyagatare,Mimuri,CHW-NYG-05-03,173,male,38.1,3,0,0,0,0,0,negative,refer,1,11.9,recovered
CASE-002755,2025-06-12,Rusizi,Kamembe,CHW-RUS-01-03,52,female,38.7,2,0,0,0,0,0,negative,treat_at_home,0,,recovered
CASE-002756,2025-06-13,Nyagatare,Karangazi,CHW-NYG-02-02,16,male,38.9,1,0,0,0,0,0,positive,treat_at_home,0,,recovered
CASE-002757,2025-06-13,Nyagatare,Karangazi,CHW-NYG-02-03,108,female,38.3,2,0,0,0,1,1,positive,treat_at_home,0,,recovered
CASE-002758,2025-06-13,Nyagatare,Katabagemu,CHW-NYG-06-03,103,female,38.9,2,0,1,0,1,0,positive,urgent_refer,0,,recovered
CASE-002759,2025-06-13,Nyagatare,Nyagatare,CHW-NYG-01-01,53,male,38.9,1,0,1,0,0,0,negative,urgent_refer,0,,complication
CASE-002760,2025-06-13,Nyagatare,Rwimiyaga,CHW-NYG-03-02,175,female,37.9,3,0,0,0,0,0,positive,treat_at_home,0,,recovered
CASE-002761,2025-06-14,Bugesera,Rilima,CHW-BUG-02-02,112,male,38.5,1,0,1,0,0,1,positive,urgent_refer,1,6.0,recovered
CASE-002762,2025-06-14,Gisagara,Kibirizi,CHW-GIS-03-02,52,male,38.4,1,0,1,0,0,0,positive,urgent_refer,1,7.4,complication
CASE-002763,2025-06-14,Kirehe,Kirehe,CHW-KIR-01-03,16,male,38.2,2,0,0,0,0,0,negative,treat_at_home,0,,recovered
CASE-002764,2025-06-14,Nyagatare,Karangazi,CHW-NYG-02-01,147,male,38.1,3,0,0,0,0,0,positive,treat_at_home,0,,recovered
CASE-002765,2025-06-14,Rusizi,Kamembe,CHW-RUS-01-02,25,female,38.8,2,0,0,0,0,0,positive,treat_at_home,0,,recovered
CASE-002766,2025-06-15,Bugesera,Mareba,CHW-BUG-04-04,1,male,38.3,5,0,0,0,0,0,positive,urgent_refer,1,3.8,recovered
CASE-002767,2025-06-15,Bugesera,Mayange,CHW-BUG-03-03,477,female,37.8,1,0,0,0,0,0,negative,treat_at_home,0,,recovered
CASE-002768,2025-06-15,Bugesera,Rilima,CHW-BUG-02-04,135,male,38.2,2,0,0,0,0,0,negative,treat_at_home,0,,recovered
CASE-002769,2025-06-15,Gisagara,Kibirizi,CHW-GIS-03-03,6,female,38.7,2,0,0,0,0,0,negative,treat_at_home,0,,recovered
CASE-002770,2025-06-15,Nyagatare,Mimuri,CHW-NYG-05-04,541,male,36.7,0,0,0,0,0,0,negative,treat_at_home,0,,recovered
CASE-002771,2025-06-15,Rusizi,Bugarama,CHW-RUS-02-02,57,female,38.8,2,0,0,0,0,0,positive,treat_at_home,0,,recovered
CASE-002772,2025-06-16,Bugesera,Gashora,CHW-BUG-06-01,27,female,37.9,4,0,0,0,0,0,positive,treat_at_home,0,,recovered
CASE-002773,2025-06-16,Bugesera,Nyamata,CHW-BUG-01-04,54,female,39.0,2,0,0,0,0,0,positive,treat_at_home,0,,recovered
CASE-002774,2025-06-16,Bugesera,Nyamata,CHW-BUG-01-04,468,female,38.2,1,0,0,0,0,0,negative,treat_at_home,0,,recovered
CASE-002775,2025-06-16,Gasabo,Remera,CHW-GAS-02-03,123,male,38.2,2,0,0,0,0,0,positive,treat_at_home,0,,recovered
CASE-002776,2025-06-16,Kirehe,Gahara,CHW-KIR-02-03,656,female,38.6,2,0,0,0,0,0,positive,treat_at_home,0,,recovered
CASE-002777,2025-06-16,Kirehe,Kirehe,CHW-KIR-01-01,39,male,38.3,5,0,0,0,0,0,invalid,refer,1,5.9,recovered
CASE-002778,2025-06-16,Nyagatare,Katabagemu,CHW-NYG-06-01,297,female,38.2,1,0,0,0,0,0,negative,treat_at_home,0,,recovered
CASE-002779,2025-06-17,Bugesera,Gashora,CHW-BUG-06-03,616,female,38.2,2,0,0,0,0,0,positive,treat_at_home,0,,recovered
CASE-002780,2025-06-17,Bugesera,Nyamata,CHW-BUG-01-01,0,male,39.6,6,0,1,0,0,0,positive,urgent_refer,1,2.0,recovered
CASE-002781,2025-06-17,Bugesera,Rilima,CHW-BUG-02-02,169,male,37.7,2,0,0,0,0,0,negative,treat_at_home,0,,recovered
CASE-002782,2025-06-17,Bugesera,Rilima,CHW-BUG-02-04,120,male,36.5,0,0,0,0,0,0,negative,treat_at_home,0,,recovered
CASE-002783,2025-06-17,Gasabo,Kimironko,CHW-GAS-01-03,36,female,38.4,4,0,0,0,0,0,positive,treat_at_home,0,,recovered
CASE-002784,2025-06-17,Gisagara,Kibirizi,CHW-GIS-03-02,179,male,39.1,1,0,0,0,0,0,positive,treat_at_home,0,,recovered
CASE-002785,2025-06-17,Gisagara,Kibirizi,CHW-GIS-03-04,45,female,38.7,2,0,0,0,0,1,positive,urgent_refer,0,,recovered
CASE-002786,2025-06-17,Kirehe,Gahara,CHW-KIR-02-04,121,male,37.9,2,0,0,0,0,0,negative,treat_at_home,0,,recovered
CASE-002787,2025-06-18,Bugesera,Mayange,CHW-BUG-03-01,174,female,38.6,2,0,0,0,0,0,positive,treat_at_home,0,,recovered
CASE-002788,2025-06-18,Bugesera,Mayange,CHW-BUG-03-03,54,female,39.1,3,0,0,0,0,0,positive,treat_at_home,0,,recovered
CASE-002789,2025-06-18,Bugesera,Nyamata,CHW-BUG-01-02,509,female,37.1,0,0,0,0,0,0,negative,refer,1,7.7,recovered
CASE-002790,2025-06-18,Bugesera,Rilima,CHW-BUG-02-02,512,female,38.5,2,0,0,0,0,0,positive,treat_at_home,0,,recovered
CASE-002791,2025-06-18,Nyagatare,Karangazi,CHW-NYG-02-02,64,male,37.6,3,0,0,0,0,0,positive,refer,1,29.7,recovered
CASE-002792,2025-06-18,Nyagatare,Nyagatare,CHW-NYG-01-01,59,female,38.2,1,0,0,0,0,0,positive,treat_at_home,0,,recovered
CASE-002793,2025-06-19,Bugesera,Ntarama,CHW-BUG-05-02,49,male,38.2,3,1,0,0,1,0,positive,refer,1,7.3,recovered
CASE-002794,2025-06-19,Gisagara,Kibirizi,CHW-GIS-03-02,49,female,38.6,6,0,0,0,0,0,negative,refer,0,,recovered
CASE-002795,2025-06-19,Kirehe,Kirehe,CHW-KIR-01-02,33,female,38.9,2,0,1,1,0,0,positive,urgent_refer,1,4.4,recovered
CASE-002796,2025-06-19,Nyagatare,Mimuri,CHW-NYG-05-01,145,female,38.0,1,0,0,0,0,0,positive,treat_at_home,0,,recovered
CASE-002797,2025-06-19,Nyagatare,Nyagatare,CHW-NYG-01-03,0,female,38.1,1,0,0,0,0,0,positive,urgent_refer,1,5.4,recovered
CASE-002798,2025-06-20,Bugesera,Mayange,CHW-BUG-03-01,38,male,39.3,3,0,0,0,0,0,positive,treat_at_home,0,,recovered
CASE-002799,2025-06-20,Gisagara,Kibirizi,CHW-GIS-03-03,483,female,38.1,3,0,0,0,0,0,invalid,treat_at_home,0,,recovered
CASE-002800,2025-06-20,Nyagatare,Nyagatare,CHW-NYG-01-04,58,female,36.9,0,0,0,0,0,0,negative,treat_at_home,0,,recovered
CASE-002801,2025-06-20,Rusizi,Bugarama,CHW-RUS-02-04,33,male,39.1,3,1,0,0,0,1,negative,urgent_refer,1,5.1,recovered
CASE-002802,2025-06-21,Bugesera,Rilima,CHW-BUG-02-02,15,male,38.4,5,0,0,0,0,0,negative,refer,1,5.5,recovered
CASE-002803,2025-06-21,Gasabo,Kimironko,CHW-GAS-01-04,3,male,38.3,1,0,0,0,0,0,positive,treat_at_home,0,,recovered
CASE-002804,2025-06-21,Gisagara,Save,CHW-GIS-02-03,95,female,38.2,3,0,0,0,0,0,positive,treat_at_home,0,,complication
CASE-002805,2025-06-21,Kirehe,Kirehe,CHW-KIR-01-01,15,female,37.8,1,0,0,0,0,0,negative,treat_at_home,0,,recovered
CASE-002806,2025-06-21,Nyagatare,Karangazi,CHW-NYG-02-02,157,female,38.4,2,0,1,0,0,0,positive,urgent_refer,1,6.0,recovered
CASE-002807,2025-06-21,Nyagatare,Karangazi,CHW-NYG-02-03,677,male,38.4,4,0,0,0,0,0,positive,treat_at_home,0,,recovered
CASE-002808,2025-06-21,Nyagatare,Karangazi,CHW-NYG-02-04,18,female,38.1,1,0,0,0,0,0,negative,treat_at_home,0,,recovered
CASE-002809,2025-06-21,Nyagatare,Nyagatare,CHW-NYG-01-01,162,male,38.0,2,0,0,0,0,0,negative,treat_at_home,0,,recovered
CASE-002810,2025-06-21,Nyagatare,Nyagatare,CHW-NYG-01-04,8,female,38.4,1,0,0,0,0,0,positive,treat_at_home,0,,recovered
CASE-002811,2025-06-22,Gisagara,Gisagara,CHW-GIS-01-04,676,female,38.1,2,0,0,0,0,0,negative,treat_at_home,0,,recovered
CASE-002812,2025-06-22,Gisagara,Gisagara,CHW-GIS-01-04,120,female,38.0,1,0,0,0,0,0,negative,treat_at_home,0,,recovered
CASE-002813,2025-06-22,Gisagara,Kibirizi,CHW-GIS-03-03,301,male,38.2,2,0,0,0,0,0,positive,treat_at_home,0,,recovered
CASE-002814,2025-06-22,Gisagara,Kibirizi,CHW-GIS-03-04,107,male,38.1,4,0,0,0,0,0,positive,treat_at_home,0,,recovered
CASE-002815,2025-06-22,Kirehe,Mahama,CHW-KIR-03-03,172,female,38.8,4,1,0,0,1,0,positive,urgent_refer,1,8.2,recovered
CASE-002816,2025-06-22,Nyagatare,Katabagemu,CHW-NYG-06-02,19,female,38.8,4,0,0,0,0,0,invalid,refer,1,5.9,recovered
CASE-002817,2025-06-22,Nyagatare,Rwimiyaga,CHW-NYG-03-04,32,female,39.0,4,0,0,0,0,0,positive,treat_at_home,0,,recovered
CASE-002818,2025-06-22,Rusizi,Gihundwe,CHW-RUS-03-01,173,male,38.6,4,0,0,0,0,0,positive,treat_at_home,0,,recovered
CASE-002819,2025-06-23,Bugesera,Mareba,CHW-BUG-04-04,59,male,38.3,2,0,0,0,0,0,negative,treat_at_home,0,,recovered
CASE-002820,2025-06-23,Bugesera,Mayange,CHW-BUG-03-01,73,male,38.0,5,0,0,0,0,0,positive,treat_at_home,0,,complication
CASE-002821,2025-06-23,Bugesera,Ntarama,CHW-BUG-05-02,23,female,36.4,0,0,0,0,0,0,negative,treat_at_home,0,,recovered
CASE-002822,2025-06-23,Kirehe,Kirehe,CHW-KIR-01-04,56,female,39.1,5,0,0,0,0,0,invalid,refer,0,,complication
CASE-002823,2025-06-23,Nyagatare,Matimba,CHW-NYG-04-04,19,male,38.2,2,0,0,0,0,0,negative,treat_at_home,0,,recovered
CASE-002824,2025-06-23,Nyagatare,Mimuri,CHW-NYG-05-02,51,female,37.9,1,0,0,0,0,0,negative,treat_at_home,0,,recovered
CASE-002825,2025-06-24,Bugesera,Nyamata,CHW-BUG-01-02,17,female,38.7,2,0,0,0,0,0,negative,treat_at_home,0,,recovered
CASE-002826,2025-06-24,Nyagatare,Katabagemu,CHW-NYG-06-03,41,female,38.7,4,0,0,0,0,0,positive,treat_at_home,0,,recovered
CASE-002827,2025-06-24,Nyagatare,Nyagatare,CHW-NYG-01-02,648,male,38.2,1,0,0,0,0,0,negative,treat_at_home,0,,recovered
CASE-002828,2025-06-24,Rusizi,Kamembe,CHW-RUS-01-04,205,male,37.5,4,0,0,0,0,0,negative,refer,1,2.8,recovered
CASE-002829,2025-06-25,Bugesera,Mayange,CHW-BUG-03-01,11,female,39.2,2,0,0,0,0,0,positive,treat_at_home,0,,recovered
CASE-002830,2025-06-25,Bugesera,Mayange,CHW-BUG-03-01,59,male,37.7,1,0,0,0,0,0,positive,treat_at_home,0,,recovered
CASE-002831,2025-06-25,Bugesera,Mayange,CHW-BUG-03-03,80,male,36.4,0,0,0,0,0,0,negative,treat_at_home,0,,recovered
CASE-002832,2025-06-25,Bugesera,Mayange,CHW-BUG-03-04,21,male,38.7,1,0,0,0,0,0,negative,treat_at_home,0,,recovered
CASE-002833,2025-06-25,Bugesera,Ntarama,CHW-BUG-05-03,35,female,38.2,1,0,0,0,0,0,negative,treat_at_home,0,,recovered
CASE-002834,2025-06-25,Bugesera,Rilima,CHW-BUG-02-04,31,female,38.4,2,0,0,0,0,0,positive,treat_at_home,0,,recovered
CASE-002835,2025-06-25,Gisagara,Gisagara,CHW-GIS-01-04,31,female,38.4,2,0,0,0,0,0,negative,treat_at_home,0,,recovered
CASE-002836,2025-06-25,Gisagara,Save,CHW-GIS-02-03,131,female,38.3,3,0,0,0,0,0,invalid,refer,1,11.7,recovered
CASE-002837,2025-06-25,Nyagatare,Katabagemu,CHW-NYG-06-02,12,male,37.9,3,0,0,0,0,0,positive,treat_at_home,0,,recovered
CASE-002838,2025-06-25,Rusizi,Bugarama,CHW-RUS-02-01,14,male,36.4,0,0,0,0,1,0,negative,urgent_refer,1,8.0,recovered
CASE-002839,2025-06-25,Rusizi,Bugarama,CHW-RUS-02-03,35,female,38.2,3,0,0,0,0,0,positive,treat_at_home,0,,recovered
CASE-002840,2025-06-26,Bugesera,Mareba,CHW-BUG-04-03,9,male,38.0,1,0,0,0,0,0,positive,treat_at_home,0,,recovered
CASE-002841,2025-06-26,Bugesera,Nyamata,CHW-BUG-01-02,16,male,38.7,3,0,0,0,0,0,positive,treat_at_home,0,,recovered
CASE-002842,2025-06-26,Gasabo,Kacyiru,CHW-GAS-03-01,156,female,39.3,6,0,0,0,1,0,positive,urgent_refer,1,6.1,recovered
CASE-002843,2025-06-26,Gasabo,Kimironko,CHW-GAS-01-04,324,male,38.7,1,0,0,0,0,0,invalid,refer,1,8.0,recovered
CASE-002844,2025-06-26,Gasabo,Remera,CHW-GAS-02-03,3,male,37.7,1,0,0,0,0,0,positive,treat_at_home,0,,recovered
CASE-002845,2025-06-26,Gisagara,Gisagara,CHW-GIS-01-01,153,female,39.1,1,0,0,0,0,0,positive,treat_at_home,0,,recovered
CASE-002846,2025-06-26,Gisagara,Save,CHW-GIS-02-02,3,male,37.8,2,0,1,0,0,0,positive,urgent_refer,1,3.1,recovered
CASE-002847,2025-06-26,Kirehe,Kirehe,CHW-KIR-01-03,610,male,37.9,2,0,0,0,0,0,positive,treat_at_home,0,,recovered
CASE-002848,2025-06-26,Nyagatare,Katabagemu,CHW-NYG-06-03,12,male,38.0,2,0,0,0,0,0,negative,treat_at_home,0,,recovered
CASE-002849,2025-06-26,Nyagatare,Katabagemu,CHW-NYG-06-03,255,female,38.3,3,0,0,0,0,0,negative,refer,1,13.8,recovered
CASE-002850,2025-06-26,Nyagatare,Matimba,CHW-NYG-04-01,589,female,38.3,2,0,0,0,0,1,positive,urgent_refer,1,6.0,recovered
CASE-002851,2025-06-26,Nyagatare,Nyagatare,CHW-NYG-01-04,0,male,38.0,2,0,0,0,0,0,negative,urgent_refer,1,6.0,recovered
CASE-002852,2025-06-26,Nyagatare,Rwimiyaga,CHW-NYG-03-01,52,male,38.7,1,1,0,0,0,1,positive,urgent_refer,1,8.7,recovered
CASE-002853,2025-06-27,Bugesera,Mayange,CHW-BUG-03-04,167,male,38.5,3,0,0,0,0,0,invalid,refer,0,,recovered
CASE-002854,2025-06-27,Bugesera,Ntarama,CHW-BUG-05-04,81,male,38.4,3,0,0,1,0,0,positive,urgent_refer,1,4.9,recovered
CASE-002855,2025-06-27,Bugesera,Rilima,CHW-BUG-02-03,168,female,38.9,3,0,1,0,0,1,negative,urgent_refer,1,2.7,recovered
CASE-002856,2025-06-27,Gasabo,Kimironko,CHW-GAS-01-03,122,male,38.3,2,0,0,0,0,0,positive,treat_at_home,0,,recovered
CASE-002857,2025-06-27,Nyagatare,Karangazi,CHW-NYG-02-04,28,male,38.2,3,0,0,0,0,0,positive,treat_at_home,0,,recovered
CASE-002858,2025-06-27,Nyagatare,Matimba,CHW-NYG-04-03,150,male,37.6,4,0,0,0,0,0,positive,treat_at_home,0,,recovered
CASE-002859,2025-06-27,Nyagatare,Mimuri,CHW-NYG-05-03,21,female,38.0,1,0,0,0,0,0,invalid,refer,1,7.7,recovered
CASE-002860,2025-06-27,Rusizi,Gihundwe,CHW-RUS-03-03,36,male,38.7,3,0,0,0,0,0,negative,refer,1,7.1,recovered
CASE-002861,2025-06-27,Rusizi,Gihundwe,CHW-RUS-03-04,26,male,39.2,3,0,0,0,0,0,positive,treat_at_home,0,,recovered
CASE-002862,2025-06-28,Bugesera,Gashora,CHW-BUG-06-03,7,female,38.4,4,0,0,0,0,0,negative,refer,0,,recovered
CASE-002863,2025-06-28,Bugesera,Mayange,CHW-BUG-03-01,87,male,39.2,4,0,0,0,0,0,invalid,refer,1,4.3,recovered
CASE-002864,2025-06-28,Bugesera,Nyamata,CHW-BUG-01-02,15,female,37.8,3,0,0,0,0,0,negative,refer,0,,recovered
CASE-002865,2025-06-28,Bugesera,Rilima,CHW-BUG-02-01,57,female,38.2,1,0,0,0,0,0,negative,treat_at_home,0,,recovered
CASE-002866,2025-06-28,Gisagara,Kibirizi,CHW-GIS-03-04,499,female,38.6,2,0,0,0,0,0,invalid,refer,1,8.8,recovered
CASE-002867,2025-06-28,Gisagara,Save,CHW-GIS-02-03,8,male,38.3,2,0,0,0,0,0,negative,treat_at_home,0,,recovered
CASE-002868,2025-06-28,Nyagatare,Matimba,CHW-NYG-04-01,3,male,37.8,1,0,0,0,0,0,negative,treat_at_home,0,,recovered
CASE-002869,2025-06-28,Nyagatare,Nyagatare,CHW-NYG-01-04,664,female,38.5,2,0,0,0,0,0,positive,treat_at_home,0,,recovered
CASE-002870,2025-06-28,Nyagatare,Nyagatare,CHW-NYG-01-04,34,male,37.2,0,0,0,0,0,0,negative,treat_at_home,0,,recovered
CASE-002871,2025-06-29,Bugesera,Mayange,CHW-BUG-03-02,48,female,38.4,2,0,0,0,0,0,positive,treat_at_home,0,,recovered
CASE-002872,2025-06-29,Gasabo,Remera,CHW-GAS-02-03,134,female,38.5,1,0,0,0,0,0,negative,treat_at_home,0,,recovered
CASE-002873,2025-06-29,Gisagara,Kibirizi,CHW-GIS-03-01,154,female,38.3,1,0,0,0,0,0,negative,treat_at_home,0,,recovered
CASE-002874,2025-06-29,Kirehe,Gahara,CHW-KIR-02-03,195,female,38.2,1,0,0,0,0,0,negative,treat_at_home,0,,recovered
CASE-002875,2025-06-29,Kirehe,Kirehe,CHW-KIR-01-03,51,female,38.5,1,0,0,0,0,0,negative,treat_at_home,0,,recovered
CASE-002876,2025-06-29,Nyagatare,Katabagemu,CHW-NYG-06-01,14,male,38.5,5,0,0,0,0,0,positive,treat_at_home,0,,recovered
CASE-002877,2025-06-29,Nyagatare,Katabagemu,CHW-NYG-06-03,38,female,38.7,5,0,0,0,0,0,positive,treat_at_home,0,,recovered
CASE-002878,2025-06-30,Bugesera,Mareba,CHW-BUG-04-01,41,female,36.3,0,0,0,0,0,0,negative,treat_at_home,0,,recovered
CASE-002879,2025-06-30,Bugesera,Mayange,CHW-BUG-03-04,45,male,36.5,0,0,0,0,0,0,positive,refer,1,18.0,recovered
CASE-002880,2025-06-30,Nyagatare,Katabagemu,CHW-NYG-06-03,122,male,37.8,1,0,0,0,0,0,positive,treat_at_home,0,,recovered
CASE-002881,2025-07-01,Bugesera,Mareba,CHW-BUG-04-04,33,female,37.6,1,0,0,0,0,0,positive,treat_at_home,0,,recovered
CASE-002882,2025-07-01,Bugesera,Ntarama,CHW-BUG-05-03,569,male,37.1,0,0,0,0,0,0,negative,treat_at_home,0,,recovered
CASE-002883,2025-07-01,Gasabo,Kimironko,CHW-GAS-01-01,99,male,38.6,4,0,0,0,0,0,negative,refer,1,2.9,recovered
CASE-002884,2025-07-01,Nyagatare,Katabagemu,CHW-NYG-06-01,165,female,37.9,5,0,0,0,0,0,positive,treat_at_home,0,,recovered
CASE-002885,2025-07-01,Nyagatare,Katabagemu,CHW-NYG-06-01,69,female,38.7,5,0,0,0,0,0,positive,treat_at_home,0,,recovered
CASE-002886,2025-07-01,Nyagatare,Katabagemu,CHW-NYG-06-03,39,male,37.7,1,0,0,0,0,0,negative,treat_at_home,0,,recovered
CASE-002887,2025-07-01,Nyagatare,Matimba,CHW-NYG-04-03,473,male,39.6,2,0,0,1,0,0,positive,urgent_refer,1,1.4,recovered
CASE-002888,2025-07-02,Bugesera,Mayange,CHW-BUG-03-02,7,male,37.8,1,0,0,0,0,0,positive,treat_at_home,0,,recovered
CASE-002889,2025-07-02,Bugesera,Nyamata,CHW-BUG-01-01,52,male,38.7,3,0,0,0,0,0,positive,treat_at_home,0,,recovered
CASE-002890,2025-07-02,Gasabo,Kimironko,CHW-GAS-01-03,157,male,38.3,1,0,0,0,0,0,positive,treat_at_home,0,,recovered
CASE-002891,2025-07-02,Gasabo,Kimironko,CHW-GAS-01-04,461,male,38.1,2,0,0,0,0,0,positive,treat_at_home,0,,recovered
CASE-002892,2025-07-02,Gisagara,Gisagara,CHW-GIS-01-01,49,male,38.7,2,0,0,0,0,0,negative,treat_at_home,0,,recovered
CASE-002893,2025-07-02,Gisagara,Save,CHW-GIS-02-04,5,female,38.0,1,0,0,0,0,0,positive,treat_at_home,0,,recovered
CASE-002894,2025-07-02,Gisagara,Save,CHW-GIS-02-04,1,male,38.7,3,0,1,0,0,0,positive,refer,1,2.7,recovered
CASE-002895,2025-07-02,Kirehe,Mahama,CHW-KIR-03-01,161,female,38.3,1,0,0,0,0,1,negative,urgent_refer,1,5.0,recovered
CASE-002896,2025-07-02,Kirehe,Mahama,CHW-KIR-03-03,20,male,38.9,1,0,0,0,0,0,positive,treat_at_home,0,,recovered
CASE-002897,2025-07-03,Bugesera,Gashora,CHW-BUG-06-04,1,female,38.7,3,0,0,0,0,0,positive,urgent_refer,1,5.8,recovered
CASE-002898,2025-07-03,Bugesera,Ntarama,CHW-BUG-05-03,123,female,38.6,2,0,0,0,0,0,negative,treat_at_home,0,,recovered
CASE-002899,2025-07-03,Gisagara,Save,CHW-GIS-02-04,42,male,38.4,6,0,0,0,0,0,positive,treat_at_home,0,,recovered
CASE-002900,2025-07-03,Kirehe,Mahama,CHW-KIR-03-03,605,female,37.6,1,0,0,0,0,0,invalid,refer,0,,recovered
CASE-002901,2025-07-03,Nyagatare,Matimba,CHW-NYG-04-01,178,male,38.5,2,0,0,0,0,0,positive,treat_at_home,0,,recovered
CASE-002902,2025-07-03,Rusizi,Gihundwe,CHW-RUS-03-04,47,female,38.7,2,0,0,0,0,0,positive,treat_at_home,0,,recovered
CASE-002903,2025-07-03,Rusizi,Kamembe,CHW-RUS-01-02,25,female,38.1,1,0,0,0,0,0,negative,treat_at_home,0,,recovered
CASE-002904,2025-07-04,Bugesera,Nyamata,CHW-BUG-01-01,1,male,38.5,3,0,0,0,0,0,positive,urgent_refer,1,2.7,recovered
CASE-002905,2025-07-04,Gasabo,Kacyiru,CHW-GAS-03-03,40,female,38.7,4,0,0,0,0,0,positive,treat_at_home,0,,recovered
CASE-002906,2025-07-04,Kirehe,Kirehe,CHW-KIR-01-02,19,female,38.0,1,0,0,0,0,0,positive,treat_at_home,0,,recovered
CASE-002907,2025-07-04,Nyagatare,Karangazi,CHW-NYG-02-03,12,male,38.7,2,0,0,0,0,0,positive,treat_at_home,0,,recovered
CASE-002908,2025-07-04,Nyagatare,Katabagemu,CHW-NYG-06-03,8,male,38.7,3,0,0,0,0,0,positive,treat_at_home,0,,recovered
CASE-002909,2025-07-05,Bugesera,Rilima,CHW-BUG-02-03,80,female,38.2,1,0,0,0,0,0,positive,treat_at_home,0,,recovered
CASE-002910,2025-07-05,Bugesera,Rilima,CHW-BUG-02-04,50,male,38.8,1,0,0,0,0,0,negative,treat_at_home,0,,recovered
CASE-002911,2025-07-05,Kirehe,Kirehe,CHW-KIR-01-02,53,female,38.3,4,0,1,0,0,1,positive,urgent_refer,1,5.1,unknown
CASE-002912,2025-07-05,Kirehe,Kirehe,CHW-KIR-01-03,1,female,38.2,3,0,0,0,0,0,negative,refer,0,,recovered
CASE-002913,2025-07-05,Kirehe,Mahama,CHW-KIR-03-04,105,female,38.8,1,0,0,0,0,0,positive,treat_at_home,0,,recovered
CASE-002914,2025-07-05,Nyagatare,Karangazi,CHW-NYG-02-01,100,female,38.2,3,0,0,0,0,0,positive,treat_at_home,0,,recovered
CASE-002915,2025-07-05,Nyagatare,Karangazi,CHW-NYG-02-01,17,male,38.7,1,0,0,0,0,0,positive,treat_at_home,0,,recovered
CASE-002916,2025-07-05,Nyagatare,Karangazi,CHW-NYG-02-03,95,female,37.9,2,0,0,0,0,0,positive,treat_at_home,0,,recovered
CASE-002917,2025-07-06,Bugesera,Mareba,CHW-BUG-04-02,18,male,38.5,1,0,0,0,0,0,positive,treat_at_home,0,,recovered
CASE-002918,2025-07-06,Bugesera,Mayange,CHW-BUG-03-01,63,female,38.4,1,0,0,0,0,0,positive,treat_at_home,0,,recovered
CASE-002919,2025-07-06,Gisagara,Save,CHW-GIS-02-01,46,male,36.8,0,0,0,0,0,0,negative,treat_at_home,0,,recovered
CASE-002920,2025-07-06,Kirehe,Mahama,CHW-KIR-03-04,14,female,37.9,3,0,0,0,0,0,positive,treat_at_home,0,,recovered
CASE-002921,2025-07-06,Nyagatare,Karangazi,CHW-NYG-02-02,49,female,38.5,6,0,1,0,0,0,positive,urgent_refer,1,5.2,recovered
CASE-002922,2025-07-06,Nyagatare,Mimuri,CHW-NYG-05-03,4,male,38.3,1,0,0,0,0,0,positive,treat_at_home,0,,recovered
CASE-002923,2025-07-06,Nyagatare,Mimuri,CHW-NYG-05-04,0,female,38.2,3,0,0,0,0,0,positive,urgent_refer,1,6.7,recovered
CASE-002924,2025-07-06,Nyagatare,Nyagatare,CHW-NYG-01-03,39,female,38.7,3,0,0,0,0,0,negative,refer,1,7.8,recovered
CASE-002925,2025-07-06,Rusizi,Bugarama,CHW-RUS-02-02,50,female,38.7,1,0,0,0,0,0,negative,treat_at_home,0,,recovered
CASE-002926,2025-07-07,Bugesera,Gashora,CHW-BUG-06-04,105,male,38.9,1,0,1,0,0,0,positive,urgent_refer,1,8.3,recovered
CASE-002927,2025-07-07,Gisagara,Kibirizi,CHW-GIS-03-03,335,female,37.6,1,0,0,0,0,0,negative,treat_at_home,0,,recovered
CASE-002928,2025-07-07,Gisagara,Save,CHW-GIS-02-02,50,male,38.4,3,0,0,0,0,0,positive,treat_at_home,0,,recovered
CASE-002929,2025-07-07,Kirehe,Kirehe,CHW-KIR-01-01,103,female,38.7,2,0,0,0,0,0,positive,treat_at_home,0,,recovered
CASE-002930,2025-07-07,Kirehe,Mahama,CHW-KIR-03-01,1,female,37.5,3,0,0,0,0,0,negative,urgent_refer,1,15.1,recovered
CASE-002931,2025-07-07,Nyagatare,Katabagemu,CHW-NYG-06-02,509,female,38.6,1,0,0,0,0,0,negative,treat_at_home,0,,recovered
CASE-002932,2025-07-07,Nyagatare,Katabagemu,CHW-NYG-06-04,53,male,39.3,5,0,0,1,1,0,positive,urgent_refer,0,,recovered
CASE-002933,2025-07-07,Nyagatare,Mimuri,CHW-NYG-05-03,264,male,38.7,7,0,0,0,0,0,negative,refer,0,,recovered
CASE-002934,2025-07-07,Nyagatare,Nyagatare,CHW-NYG-01-01,102,female,36.3,0,0,0,0,0,0,negative,treat_at_home,0,,recovered
CASE-002935,2025-07-07,Nyagatare,Nyagatare,CHW-NYG-01-02,44,female,38.9,5,0,0,0,0,0,negative,refer,1,3.7,recovered
CASE-002936,2025-07-07,Nyagatare,Nyagatare,CHW-NYG-01-02,126,male,38.9,3,0,0,0,0,0,positive,treat_at_home,0,,recovered
CASE-002937,2025-07-07,Nyagatare,Nyagatare,CHW-NYG-01-04,33,female,39.0,7,0,0,0,0,0,negative,refer,1,11.4,recovered
CASE-002938,2025-07-07,Nyagatare,Rwimiyaga,CHW-NYG-03-02,208,male,39.2,3,0,0,0,0,0,invalid,refer,1,16.8,recovered
CASE-002939,2025-07-07,Nyagatare,Rwimiyaga,CHW-NYG-03-02,20,female,36.2,0,0,0,0,0,0,negative,treat_at_home,0,,recovered
CASE-002940,2025-07-07,Rusizi,Kamembe,CHW-RUS-01-02,16,male,38.1,2,0,0,0,0,0,negative,treat_at_home,0,,recovered
CASE-002941,2025-07-08,Gasabo,Remera,CHW-GAS-02-03,281,female,38.7,5,0,0,0,0,0,positive,refer,1,8.3,recovered
CASE-002942,2025-07-08,Gisagara,Kibirizi,CHW-GIS-03-02,41,female,38.5,5,0,0,0,0,0,negative,refer,1,8.3,recovered
CASE-002943,2025-07-08,Kirehe,Mahama,CHW-KIR-03-01,59,female,38.3,1,0,0,0,0,0,positive,treat_at_home,0,,unknown
CASE-002944,2025-07-08,Nyagatare,Katabagemu,CHW-NYG-06-01,42,female,38.5,2,0,0,0,0,0,negative,treat_at_home,0,,recovered
CASE-002945,2025-07-08,Nyagatare,Katabagemu,CHW-NYG-06-02,265,female,38.7,1,0,0,0,0,0,positive,treat_at_home,0,,recovered
CASE-002946,2025-07-08,Nyagatare,Matimba,CHW-NYG-04-02,24,female,36.9,0,0,0,0,0,0,negative,treat_at_home,0,,recovered
CASE-002947,2025-07-08,Nyagatare,Mimuri,CHW-NYG-05-01,15,female,38.6,2,0,0,0,0,0,positive,refer,1,7.4,recovered
CASE-002948,2025-07-09,Bugesera,Gashora,CHW-BUG-06-04,38,female,38.0,1,0,0,0,0,0,positive,treat_at_home,0,,recovered
CASE-002949,2025-07-09,Bugesera,Mayange,CHW-BUG-03-02,94,male,37.9,3,0,0,0,0,0,positive,treat_at_home,0,,recovered
CASE-002950,2025-07-09,Bugesera,Rilima,CHW-BUG-02-02,83,male,38.6,2,0,0,0,0,0,positive,treat_at_home,0,,recovered
CASE-002951,2025-07-09,Bugesera,Rilima,CHW-BUG-02-03,31,female,38.2,2,0,0,0,0,0,negative,treat_at_home,0,,recovered
CASE-002952,2025-07-09,Bugesera,Rilima,CHW-BUG-02-03,32,female,38.7,2,0,0,0,0,0,positive,treat_at_home,0,,recovered
CASE-002953,2025-07-09,Gisagara,Gisagara,CHW-GIS-01-02,58,female,38.2,2,0,0,0,0,0,negative,refer,1,4.1,recovered
CASE-002954,2025-07-09,Kirehe,Mahama,CHW-KIR-03-02,48,male,38.1,1,0,0,0,0,0,negative,treat_at_home,0,,recovered
CASE-002955,2025-07-09,Nyagatare,Katabagemu,CHW-NYG-06-02,92,female,37.7,1,0,0,0,0,0,positive,treat_at_home,0,,recovered
CASE-002956,2025-07-09,Nyagatare,Mimuri,CHW-NYG-05-04,22,female,38.4,3,0,0,0,0,0,negative,refer,1,6.5,recovered
CASE-002957,2025-07-09,Rusizi,Bugarama,CHW-RUS-02-02,17,female,38.8,3,0,0,0,0,0,positive,treat_at_home,0,,recovered
CASE-002958,2025-07-10,Bugesera,Gashora,CHW-BUG-06-03,269,male,38.6,1,0,0,0,0,0,positive,treat_at_home,0,,recovered
CASE-002959,2025-07-10,Gisagara,Gisagara,CHW-GIS-01-02,53,female,38.5,6,0,0,0,0,0,positive,treat_at_home,0,,recovered
CASE-002960,2025-07-10,Gisagara,Save,CHW-GIS-02-04,127,male,38.9,4,0,0,0,0,0,positive,treat_at_home,0,,recovered
CASE-002961,2025-07-10,Kirehe,Kirehe,CHW-KIR-01-03,79,female,38.3,2,0,0,0,0,0,negative,treat_at_home,0,,recovered
CASE-002962,2025-07-10,Kirehe,Mahama,CHW-KIR-03-03,89,female,38.0,1,0,0,0,0,0,negative,treat_at_home,0,,recovered
CASE-002963,2025-07-10,Nyagatare,Mimuri,CHW-NYG-05-03,357,female,38.4,1,0,0,0,0,0,negative,treat_at_home,0,,recovered
CASE-002964,2025-07-11,Kirehe,Gahara,CHW-KIR-02-03,58,female,38.1,1,0,0,0,0,0,negative,treat_at_home,0,,recovered
CASE-002965,2025-07-12,Bugesera,Mareba,CHW-BUG-04-02,26,female,38.3,2,0,0,0,0,0,positive,treat_at_home,0,,recovered
CASE-002966,2025-07-12,Bugesera,Nyamata,CHW-BUG-01-04,89,female,38.6,1,0,0,0,0,0,positive,treat_at_home,0,,recovered
CASE-002967,2025-07-12,Bugesera,Rilima,CHW-BUG-02-01,24,male,38.0,6,0,0,0,0,0,positive,treat_at_home,0,,recovered
CASE-002968,2025-07-12,Gasabo,Kacyiru,CHW-GAS-03-01,376,female,38.4,1,0,0,0,0,0,positive,treat_at_home,0,,recovered
CASE-002969,2025-07-12,Gasabo,Kacyiru,CHW-GAS-03-03,60,female,39.0,2,0,0,0,0,0,positive,treat_at_home,0,,recovered
CASE-002970,2025-07-12,Gisagara,Kibirizi,CHW-GIS-03-03,16,male,38.4,2,0,0,0,0,0,positive,treat_at_home,0,,recovered
CASE-002971,2025-07-12,Nyagatare,Mimuri,CHW-NYG-05-04,216,male,38.6,4,0,0,0,0,0,negative,refer,1,3.0,recovered
CASE-002972,2025-07-12,Rusizi,Gihundwe,CHW-RUS-03-01,52,female,38.0,3,0,0,0,0,0,positive,treat_at_home,0,,recovered
CASE-002973,2025-07-12,Rusizi,Kamembe,CHW-RUS-01-01,59,female,38.3,3,0,0,0,0,0,invalid,refer,0,,complication
CASE-002974,2025-07-13,Bugesera,Mayange,CHW-BUG-03-03,107,male,37.7,2,0,0,0,0,0,positive,treat_at_home,0,,recovered
CASE-002975,2025-07-13,Kirehe,Mahama,CHW-KIR-03-01,10,male,38.5,1,0,0,0,0,0,positive,treat_at_home,0,,recovered
CASE-002976,2025-07-13,Nyagatare,Mimuri,CHW-NYG-05-03,50,female,38.7,3,0,0,0,0,0,positive,treat_at_home,0,,recovered
CASE-002977,2025-07-14,Bugesera,Mayange,CHW-BUG-03-02,22,male,38.2,2,0,0,0,0,0,positive,treat_at_home,0,,recovered
CASE-002978,2025-07-14,Gisagara,Gisagara,CHW-GIS-01-04,15,female,37.9,1,0,0,0,0,0,negative,treat_at_home,0,,recovered
CASE-002979,2025-07-14,Gisagara,Kibirizi,CHW-GIS-03-01,10,female,39.5,2,0,0,0,0,0,negative,treat_at_home,0,,recovered
CASE-002980,2025-07-14,Kirehe,Kirehe,CHW-KIR-01-03,18,female,37.7,0,0,0,0,0,0,negative,treat_at_home,0,,recovered
CASE-002981,2025-07-14,Kirehe,Mahama,CHW-KIR-03-03,16,male,37.8,1,0,0,0,0,0,positive,treat_at_home,0,,recovered
CASE-002982,2025-07-14,Nyagatare,Karangazi,CHW-NYG-02-02,385,male,38.5,2,0,0,0,0,0,invalid,refer,0,,recovered
CASE-002983,2025-07-14,Nyagatare,Matimba,CHW-NYG-04-01,79,female,37.9,1,0,0,0,0,0,invalid,treat_at_home,0,,recovered
CASE-002984,2025-07-14,Nyagatare,Matimba,CHW-NYG-04-04,118,female,38.0,1,0,0,0,0,0,positive,treat_at_home,0,,recovered
CASE-002985,2025-07-15,Bugesera,Mayange,CHW-BUG-03-01,39,female,39.5,2,0,0,0,0,0,negative,treat_at_home,0,,recovered
CASE-002986,2025-07-15,Bugesera,Ntarama,CHW-BUG-05-02,29,male,39.2,5,0,0,0,0,0,positive,treat_at_home,0,,recovered
CASE-002987,2025-07-15,Bugesera,Ntarama,CHW-BUG-05-04,121,male,38.2,1,0,0,0,0,0,positive,treat_at_home,0,,recovered
CASE-002988,2025-07-15,Gasabo,Kimironko,CHW-GAS-01-01,50,female,39.1,3,0,0,0,0,0,positive,treat_at_home,0,,recovered
CASE-002989,2025-07-15,Gasabo,Kimironko,CHW-GAS-01-02,46,male,38.9,7,0,0,0,0,0,positive,treat_at_home,0,,recovered
CASE-002990,2025-07-15,Gisagara,Gisagara,CHW-GIS-01-01,23,female,38.9,3,0,0,0,0,0,negative,refer,1,8.1,recovered
CASE-002991,2025-07-15,Gisagara,Kibirizi,CHW-GIS-03-03,14,female,38.3,3,0,0,0,0,0,positive,treat_at_home,0,,recovered
CASE-002992,2025-07-15,Kirehe,Gahara,CHW-KIR-02-03,88,female,38.9,1,0,0,0,0,0,positive,treat_at_home,0,,recovered
CASE-002993,2025-07-15,Kirehe,Gahara,CHW-KIR-02-03,176,female,39.1,6,0,0,0,0,0,negative,refer,1,5.6,recovered
CASE-002994,2025-07-15,Nyagatare,Matimba,CHW-NYG-04-02,96,male,39.7,1,0,0,0,0,0,positive,treat_at_home,0,,recovered
CASE-002995,2025-07-16,Bugesera,Mayange,CHW-BUG-03-03,43,male,38.6,3,0,0,0,0,0,positive,treat_at_home,0,,recovered
CASE-002996,2025-07-16,Gasabo,Remera,CHW-GAS-02-04,70,male,36.8,0,0,0,1,0,0,negative,urgent_refer,1,1.3,complication
CASE-002997,2025-07-16,Gisagara,Kibirizi,CHW-GIS-03-02,548,female,37.7,3,0,0,0,0,0,negative,refer,1,3.6,recovered
CASE-002998,2025-07-16,Kirehe,Kirehe,CHW-KIR-01-03,44,male,38.5,2,0,0,0,0,0,negative,treat_at_home,0,,recovered
CASE-002999,2025-07-16,Nyagatare,Karangazi,CHW-NYG-02-03,28,male,38.7,3,0,0,0,0,0,positive,treat_at_home,0,,recovered
CASE-003000,2025-07-16,Nyagatare,Katabagemu,CHW-NYG-06-04,47,female,38.5,3,0,0,0,0,0,positive,treat_at_home,0,,recovered
CASE-003001,2025-07-16,Nyagatare,Nyagatare,CHW-NYG-01-02,3,male,38.2,2,0,0,0,0,0,positive,treat_at_home,0,,recovered
CASE-003002,2025-07-17,Bugesera,Gashora,CHW-BUG-06-01,6,female,38.6,1,0,0,0,0,0,positive,treat_at_home,0,,recovered
CASE-003003,2025-07-17,Bugesera,Mayange,CHW-BUG-03-04,164,male,38.3,1,0,0,0,0,0,negative,treat_at_home,0,,recovered
CASE-003004,2025-07-17,Bugesera,Rilima,CHW-BUG-02-04,55,male,38.2,1,0,0,0,0,1,negative,urgent_refer,0,,complication
CASE-003005,2025-07-17,Gisagara,Kibirizi,CHW-GIS-03-03,93,female,38.3,4,0,0,0,0,0,positive,treat_at_home,0,,recovered
CASE-003006,2025-07-17,Gisagara,Save,CHW-GIS-02-01,168,female,38.4,1,0,0,0,0,0,negative,treat_at_home,0,,recovered
CASE-003007,2025-07-17,Nyagatare,Karangazi,CHW-NYG-02-02,96,female,39.1,3,0,0,0,0,0,negative,refer,1,8.9,recovered
CASE-003008,2025-07-17,Nyagatare,Matimba,CHW-NYG-04-02,58,male,39.0,5,0,0,0,0,0,positive,refer,1,5.6,recovered
CASE-003009,2025-07-17,Rusizi,Bugarama,CHW-RUS-02-02,9,male,38.6,1,0,0,0,0,0,positive,treat_at_home,0,,recovered
CASE-003010,2025-07-18,Nyagatare,Katabagemu,CHW-NYG-06-02,32,female,37.7,1,0,0,0,0,0,positive,treat_at_home,0,,recovered
CASE-003011,2025-07-18,Nyagatare,Matimba,CHW-NYG-04-04,84,male,38.2,1,0,0,0,0,0,invalid,refer,1,4.5,recovered
CASE-003012,2025-07-18,Nyagatare,Nyagatare,CHW-NYG-01-01,6,female,37.7,1,0,0,0,0,0,positive,treat_at_home,0,,recovered
CASE-003013,2025-07-18,Nyagatare,Nyagatare,CHW-NYG-01-04,48,female,38.4,4,0,1,0,0,0,positive,urgent_refer,1,2.5,recovered
CASE-003014,2025-07-18,Nyagatare,Rwimiyaga,CHW-NYG-03-01,6,female,39.2,2,1,0,0,0,0,positive,urgent_refer,1,8.1,recovered
CASE-003015,2025-07-18,Rusizi,Bugarama,CHW-RUS-02-03,14,male,38.5,2,0,0,0,0,0,positive,refer,1,14.1,recovered
CASE-003016,2025-07-18,Rusizi,Kamembe,CHW-RUS-01-04,109,female,38.9,1,0,0,0,1,0,positive,urgent_refer,0,,recovered
CASE-003017,2025-07-19,Bugesera,Gashora,CHW-BUG-06-02,43,male,39.0,3,0,0,0,0,0,negative,refer,1,7.7,recovered
CASE-003018,2025-07-19,Bugesera,Ntarama,CHW-BUG-05-02,49,male,39.5,4,0,0,0,0,1,positive,urgent_refer,1,2.4,recovered
CASE-003019,2025-07-19,Kirehe,Gahara,CHW-KIR-02-02,10,female,38.5,1,0,0,0,0,0,negative,treat_at_home,0,,recovered
CASE-003020,2025-07-19,Kirehe,Mahama,CHW-KIR-03-03,109,female,38.2,3,0,0,0,0,0,positive,treat_at_home,0,,recovered
CASE-003021,2025-07-19,Nyagatare,Karangazi,CHW-NYG-02-01,28,female,38.0,1,0,0,0,0,0,positive,treat_at_home,0,,recovered
CASE-003022,2025-07-19,Nyagatare,Karangazi,CHW-NYG-02-01,162,female,39.1,7,0,0,0,0,0,positive,treat_at_home,0,,recovered
CASE-003023,2025-07-19,Nyagatare,Nyagatare,CHW-NYG-01-01,42,male,37.2,0,0,0,0,0,0,positive,treat_at_home,0,,recovered
CASE-003024,2025-07-20,Bugesera,Gashora,CHW-BUG-06-03,36,female,37.0,0,0,1,1,0,0,negative,urgent_refer,1,8.8,recovered
CASE-003025,2025-07-20,Bugesera,Mayange,CHW-BUG-03-04,37,female,38.3,4,0,0,0,0,0,negative,refer,0,,recovered
CASE-003026,2025-07-20,Bugesera,Nyamata,CHW-BUG-01-02,19,female,38.2,4,0,0,0,0,0,positive,treat_at_home,0,,recovered
CASE-003027,2025-07-20,Gasabo,Kimironko,CHW-GAS-01-02,17,female,38.4,1,0,0,0,0,0,positive,treat_at_home,0,,recovered
CASE-003028,2025-07-20,Rusizi,Bugarama,CHW-RUS-02-02,692,male,38.6,4,0,0,0,0,0,positive,treat_at_home,0,,recovered
CASE-003029,2025-07-21,Bugesera,Nyamata,CHW-BUG-01-01,329,female,37.4,3,0,0,0,0,0,positive,refer,1,5.1,recovered
CASE-003030,2025-07-21,Bugesera,Rilima,CHW-BUG-02-01,126,female,38.0,7,0,0,0,0,0,negative,refer,1,10.2,unknown
CASE-003031,2025-07-21,Kirehe,Kirehe,CHW-KIR-01-03,8,male,37.6,1,0,0,0,0,0,invalid,refer,1,4.4,recovered
CASE-003032,2025-07-21,Kirehe,Kirehe,CHW-KIR-01-04,21,male,37.5,2,0,0,0,0,0,negative,treat_at_home,0,,recovered
CASE-003033,2025-07-21,Kirehe,Mahama,CHW-KIR-03-02,113,male,38.3,2,0,0,0,0,0,negative,treat_at_home,0,,recovered
CASE-003034,2025-07-21,Nyagatare,Karangazi,CHW-NYG-02-03,5,female,38.9,1,0,0,0,0,0,negative,treat_at_home,0,,recovered
CASE-003035,2025-07-21,Nyagatare,Karangazi,CHW-NYG-02-04,25,male,38.7,4,0,0,0,0,0,negative,refer,1,14.9,recovered
CASE-003036,2025-07-21,Nyagatare,Karangazi,CHW-NYG-02-04,51,female,38.4,1,0,0,0,0,0,positive,treat_at_home,0,,recovered
CASE-003037,2025-07-21,Nyagatare,Katabagemu,CHW-NYG-06-01,44,male,38.1,2,0,0,0,0,0,positive,treat_at_home,0,,recovered
CASE-003038,2025-07-21,Nyagatare,Nyagatare,CHW-NYG-01-03,47,male,38.0,1,0,0,0,0,0,negative,treat_at_home,0,,recovered
CASE-003039,2025-07-22,Gasabo,Kimironko,CHW-GAS-01-04,3,female,38.5,1,0,0,0,0,0,negative,treat_at_home,0,,recovered
CASE-003040,2025-07-22,Kirehe,Mahama,CHW-KIR-03-03,17,female,38.5,2,0,0,0,0,0,positive,refer,0,,recovered
CASE-003041,2025-07-22,Kirehe,Mahama,CHW-KIR-03-04,170,male,39.1,4,0,0,0,0,0,positive,treat_at_home,0,,recovered
CASE-003042,2025-07-22,Nyagatare,Karangazi,CHW-NYG-02-03,57,female,36.7,0,0,0,0,0,0,negative,treat_at_home,0,,recovered
CASE-003043,2025-07-22,Nyagatare,Nyagatare,CHW-NYG-01-01,13,female,38.4,6,0,0,0,0,0,negative,refer,1,2.4,recovered
CASE-003044,2025-07-23,Bugesera,Rilima,CHW-BUG-02-04,38,male,38.4,3,0,0,0,0,0,invalid,refer,1,3.3,recovered
CASE-003045,2025-07-23,Gasabo,Remera,CHW-GAS-02-03,103,male,37.9,1,0,0,0,0,0,negative,treat_at_home,0,,recovered
CASE-003046,2025-07-23,Gisagara,Kibirizi,CHW-GIS-03-01,285,male,38.2,1,0,0,0,0,0,negative,treat_at_home,0,,recovered
CASE-003047,2025-07-23,Nyagatare,Karangazi,CHW-NYG-02-03,178,male,37.9,1,0,0,0,0,0,positive,treat_at_home,0,,recovered
CASE-003048,2025-07-23,Nyagatare,Mimuri,CHW-NYG-05-04,0,female,38.3,1,0,0,0,0,0,negative,urgent_refer,0,,recovered
CASE-003049,2025-07-23,Rusizi,Gihundwe,CHW-RUS-03-02,456,male,38.2,1,0,0,0,0,0,positive,treat_at_home,0,,recovered
CASE-003050,2025-07-23,Rusizi,Gihundwe,CHW-RUS-03-03,108,male,38.8,1,0,0,0,0,0,invalid,refer,1,2.2,recovered
CASE-003051,2025-07-23,Rusizi,Gihundwe,CHW-RUS-03-04,5,male,38.3,4,0,0,0,0,0,positive,treat_at_home,0,,recovered
CASE-003052,2025-07-24,Bugesera,Mayange,CHW-BUG-03-01,68,female,37.9,1,0,0,0,0,0,positive,treat_at_home,0,,recovered
CASE-003053,2025-07-24,Bugesera,Ntarama,CHW-BUG-05-01,72,male,38.1,2,0,0,0,0,0,positive,treat_at_home,0,,recovered
CASE-003054,2025-07-24,Bugesera,Ntarama,CHW-BUG-05-03,59,male,38.4,1,0,0,0,0,0,positive,treat_at_home,0,,recovered
CASE-003055,2025-07-24,Bugesera,Rilima,CHW-BUG-02-02,10,female,39.6,1,1,1,0,0,0,positive,urgent_refer,1,1.7,recovered
CASE-003056,2025-07-24,Bugesera,Rilima,CHW-BUG-02-03,12,male,38.2,2,1,0,0,0,1,positive,urgent_refer,0,,recovered
CASE-003057,2025-07-24,Gasabo,Remera,CHW-GAS-02-02,618,female,37.1,2,0,0,0,0,0,negative,treat_at_home,0,,recovered
CASE-003058,2025-07-24,Kirehe,Gahara,CHW-KIR-02-01,43,female,38.3,1,0,0,0,0,0,positive,treat_at_home,0,,recovered
CASE-003059,2025-07-24,Kirehe,Mahama,CHW-KIR-03-03,9,female,36.6,0,0,0,0,0,0,negative,treat_at_home,0,,recovered
CASE-003060,2025-07-24,Kirehe,Mahama,CHW-KIR-03-04,59,male,38.9,3,0,0,0,0,0,positive,treat_at_home,0,,recovered
CASE-003061,2025-07-24,Nyagatare,Katabagemu,CHW-NYG-06-04,157,male,38.5,7,0,0,0,0,0,positive,treat_at_home,0,,recovered
CASE-003062,2025-07-24,Nyagatare,Mimuri,CHW-NYG-05-03,59,male,38.4,4,0,0,0,0,0,negative,refer,1,4.1,recovered
CASE-003063,2025-07-24,Rusizi,Bugarama,CHW-RUS-02-03,35,male,38.5,2,0,0,0,0,0,positive,treat_at_home,0,,recovered
CASE-003064,2025-07-25,Bugesera,Gashora,CHW-BUG-06-02,493,female,38.0,1,0,0,0,0,0,negative,treat_at_home,0,,recovered
CASE-003065,2025-07-25,Gasabo,Remera,CHW-GAS-02-02,360,male,38.5,4,0,0,0,0,0,negative,refer,1,8.9,recovered
CASE-003066,2025-07-25,Gisagara,Kibirizi,CHW-GIS-03-02,35,male,38.9,7,0,0,0,0,0,negative,refer,1,10.2,recovered
CASE-003067,2025-07-25,Kirehe,Gahara,CHW-KIR-02-02,11,male,38.9,3,0,0,0,0,0,negative,refer,1,9.7,recovered
CASE-003068,2025-07-25,Kirehe,Gahara,CHW-KIR-02-03,19,female,38.7,4,0,0,0,0,0,positive,treat_at_home,0,,recovered
CASE-003069,2025-07-25,Nyagatare,Nyagatare,CHW-NYG-01-02,44,male,38.7,1,0,0,0,0,0,positive,treat_at_home,0,,recovered
CASE-003070,2025-07-25,Rusizi,Bugarama,CHW-RUS-02-04,200,male,38.6,2,0,0,0,0,0,positive,treat_at_home,0,,recovered
CASE-003071,2025-07-26,Bugesera,Mareba,CHW-BUG-04-01,8,male,38.8,4,0,0,0,0,0,positive,treat_at_home,0,,recovered
CASE-003072,2025-07-26,Gisagara,Kibirizi,CHW-GIS-03-01,36,male,37.4,0,0,0,0,1,1,negative,urgent_refer,1,3.6,recovered
CASE-003073,2025-07-26,Gisagara,Save,CHW-GIS-02-03,12,male,37.5,1,0,0,0,0,0,positive,treat_at_home,0,,complication
CASE-003074,2025-07-26,Kirehe,Kirehe,CHW-KIR-01-04,93,male,38.1,1,0,0,0,0,0,negative,treat_at_home,0,,recovered
CASE-003075,2025-07-26,Nyagatare,Nyagatare,CHW-NYG-01-01,2,female,37.5,1,0,0,0,0,0,positive,treat_at_home,0,,recovered
CASE-003076,2025-07-26,Rusizi,Kamembe,CHW-RUS-01-01,50,male,38.9,4,0,1,0,0,0,positive,urgent_refer,1,7.9,recovered
CASE-003077,2025-07-27,Bugesera,Rilima,CHW-BUG-02-01,273,female,38.8,4,0,0,0,1,0,positive,urgent_refer,0,,recovered
CASE-003078,2025-07-27,Gisagara,Gisagara,CHW-GIS-01-01,37,male,38.3,2,0,0,0,0,0,positive,treat_at_home,0,,recovered
CASE-003079,2025-07-27,Gisagara,Gisagara,CHW-GIS-01-02,335,female,38.5,4,0,0,0,0,0,positive,treat_at_home,0,,recovered
CASE-003080,2025-07-27,Kirehe,Kirehe,CHW-KIR-01-03,127,male,38.6,6,0,0,0,0,0,positive,treat_at_home,0,,unknown
CASE-003081,2025-07-27,Kirehe,Kirehe,CHW-KIR-01-04,44,female,38.5,2,0,0,0,0,0,positive,treat_at_home,0,,recovered
CASE-003082,2025-07-27,Nyagatare,Mimuri,CHW-NYG-05-03,147,female,38.1,2,0,0,0,0,0,negative,treat_at_home,0,,recovered
CASE-003083,2025-07-28,Bugesera,Mayange,CHW-BUG-03-03,203,female,39.3,3,0,0,0,0,0,positive,treat_at_home,0,,recovered
CASE-003084,2025-07-28,Bugesera,Mayange,CHW-BUG-03-04,153,male,39.2,5,0,0,0,0,0,positive,treat_at_home,0,,recovered
CASE-003085,2025-07-28,Bugesera,Ntarama,CHW-BUG-05-02,35,female,36.4,0,0,0,0,0,0,negative,treat_at_home,0,,recovered
CASE-003086,2025-07-28,Gisagara,Gisagara,CHW-GIS-01-03,148,female,38.1,1,0,0,0,0,0,positive,treat_at_home,0,,recovered
CASE-003087,2025-07-28,Kirehe,Kirehe,CHW-KIR-01-02,16,female,38.1,3,0,0,0,0,0,negative,refer,1,10.3,recovered
CASE-003088,2025-07-28,Kirehe,Mahama,CHW-KIR-03-04,55,male,38.9,3,0,0,0,0,0,positive,treat_at_home,0,,recovered
CASE-003089,2025-07-28,Nyagatare,Katabagemu,CHW-NYG-06-03,56,male,37.6,3,0,0,0,0,0,positive,refer,0,,recovered
CASE-003090,2025-07-28,Rusizi,Gihundwe,CHW-RUS-03-03,34,female,38.8,1,0,0,0,0,0,positive,refer,0,,recovered
CASE-003091,2025-07-28,Rusizi,Kamembe,CHW-RUS-01-03,1,female,38.1,1,0,0,0,0,0,negative,urgent_refer,1,1.5,recovered
CASE-003092,2025-07-29,Bugesera,Mareba,CHW-BUG-04-02,29,male,38.5,4,0,0,0,0,0,positive,treat_at_home,0,,recovered
CASE-003093,2025-07-29,Gisagara,Gisagara,CHW-GIS-01-03,160,male,37.7,2,0,0,0,0,0,negative,treat_at_home,0,,recovered
CASE-003094,2025-07-29,Kirehe,Kirehe,CHW-KIR-01-02,36,female,38.5,2,0,0,0,0,0,negative,treat_at_home,0,,recovered
CASE-003095,2025-07-29,Kirehe,Mahama,CHW-KIR-03-02,41,female,38.8,2,0,0,0,0,0,positive,refer,0,,recovered
CASE-003096,2025-07-29,Nyagatare,Rwimiyaga,CHW-NYG-03-03,109,male,38.7,1,0,1,0,0,1,negative,urgent_refer,1,9.2,recovered
CASE-003097,2025-07-30,Bugesera,Mayange,CHW-BUG-03-04,41,male,38.7,1,0,1,0,0,1,positive,urgent_refer,1,1.2,recovered
CASE-003098,2025-07-30,Kirehe,Mahama,CHW-KIR-03-04,41,male,36.8,0,0,0,0,0,0,negative,treat_at_home,0,,recovered
CASE-003099,2025-07-30,Nyagatare,Mimuri,CHW-NYG-05-01,0,female,38.9,5,0,0,0,0,0,positive,urgent_refer,0,,recovered
CASE-003100,2025-07-30,Nyagatare,Nyagatare,CHW-NYG-01-03,40,female,38.2,2,0,0,0,0,0,negative,treat_at_home,0,,recovered
CASE-003101,2025-07-31,Bugesera,Mayange,CHW-BUG-03-03,129,female,37.8,1,0,0,0,0,0,positive,treat_at_home,0,,recovered
CASE-003102,2025-07-31,Bugesera,Nyamata,CHW-BUG-01-04,142,female,37.9,1,0,0,0,0,0,positive,treat_at_home,0,,recovered
CASE-003103,2025-07-31,Gisagara,Gisagara,CHW-GIS-01-02,108,female,37.9,2,0,0,0,0,0,positive,treat_at_home,0,,recovered
CASE-003104,2025-07-31,Gisagara,Kibirizi,CHW-GIS-03-02,10,male,37.8,2,0,0,0,0,0,negative,treat_at_home,0,,recovered
CASE-003105,2025-07-31,Kirehe,Gahara,CHW-KIR-02-02,9,male,38.6,3,0,0,0,0,1,positive,urgent_refer,1,2.7,recovered
CASE-003106,2025-07-31,Kirehe,Gahara,CHW-KIR-02-04,44,female,37.0,0,0,0,0,0,0,negative,treat_at_home,0,,recovered
CASE-003107,2025-07-31,Nyagatare,Nyagatare,CHW-NYG-01-02,475,male,38.2,7,0,0,0,0,0,negative,refer,1,5.4,recovered
CASE-003108,2025-08-01,Nyagatare,Katabagemu,CHW-NYG-06-03,86,male,38.7,7,0,0,0,0,0,invalid,refer,0,,recovered
CASE-003109,2025-08-01,Nyagatare,Matimba,CHW-NYG-04-03,83,female,38.6,1,0,0,0,0,0,positive,treat_at_home,0,,unknown
CASE-003110,2025-08-01,Nyagatare,Mimuri,CHW-NYG-05-03,23,female,37.8,2,0,0,0,0,0,positive,treat_at_home,0,,recovered
CASE-003111,2025-08-01,Nyagatare,Nyagatare,CHW-NYG-01-04,146,female,37.9,1,0,0,0,0,0,negative,treat_at_home,0,,recovered
CASE-003112,2025-08-02,Bugesera,Mayange,CHW-BUG-03-03,39,female,38.6,1,0,0,0,0,0,positive,treat_at_home,0,,recovered
CASE-003113,2025-08-02,Bugesera,Ntarama,CHW-BUG-05-04,492,male,38.2,2,0,0,0,0,0,positive,treat_at_home,0,,recovered
CASE-003114,2025-08-02,Nyagatare,Karangazi,CHW-NYG-02-02,662,male,38.5,2,0,0,0,0,0,positive,treat_at_home,0,,recovered
CASE-003115,2025-08-02,Nyagatare,Karangazi,CHW-NYG-02-02,137,female,38.6,3,0,0,0,0,0,invalid,refer,1,13.5,recovered
CASE-003116,2025-08-02,Rusizi,Kamembe,CHW-RUS-01-03,39,female,39.6,6,0,0,0,0,0,positive,treat_at_home,0,,recovered
CASE-003117,2025-08-03,Gasabo,Kacyiru,CHW-GAS-03-02,429,female,38.5,2,0,0,0,0,0,negative,treat_at_home,0,,recovered
CASE-003118,2025-08-03,Kirehe,Gahara,CHW-KIR-02-04,45,female,37.3,0,0,0,0,0,0,invalid,refer,1,19.9,recovered
CASE-003119,2025-08-04,Bugesera,Mareba,CHW-BUG-04-03,8,female,38.7,4,0,0,0,0,0,positive,treat_at_home,0,,recovered
CASE-003120,2025-08-04,Bugesera,Nyamata,CHW-BUG-01-02,49,male,36.7,0,0,0,0,0,0,invalid,refer,1,5.7,recovered
CASE-003121,2025-08-04,Bugesera,Rilima,CHW-BUG-02-01,42,female,38.4,1,0,0,0,0,0,positive,treat_at_home,0,,recovered
CASE-003122,2025-08-04,Gisagara,Kibirizi,CHW-GIS-03-01,13,male,37.9,7,0,0,0,0,0,negative,refer,0,,recovered
CASE-003123,2025-08-04,Kirehe,Kirehe,CHW-KIR-01-01,53,female,39.3,1,0,0,0,0,0,positive,treat_at_home,0,,recovered
CASE-003124,2025-08-04,Kirehe,Kirehe,CHW-KIR-01-04,59,female,38.5,7,0,0,0,0,0,positive,treat_at_home,0,,recovered
CASE-003125,2025-08-04,Kirehe,Mahama,CHW-KIR-03-02,87,male,38.9,1,0,0,0,0,1,negative,urgent_refer,0,,recovered
CASE-003126,2025-08-04,Kirehe,Mahama,CHW-KIR-03-04,76,male,38.4,2,0,0,0,0,0,positive,treat_at_home,0,,recovered
CASE-003127,2025-08-04,Nyagatare,Katabagemu,CHW-NYG-06-02,140,male,38.5,4,0,0,0,0,0,positive,treat_at_home,0,,recovered
CASE-003128,2025-08-04,Nyagatare,Matimba,CHW-NYG-04-03,20,female,37.6,2,0,0,0,0,0,positive,treat_at_home,0,,recovered
CASE-003129,2025-08-05,Bugesera,Ntarama,CHW-BUG-05-04,131,male,38.5,3,0,0,0,0,0,invalid,refer,1,9.1,recovered
CASE-003130,2025-08-05,Kirehe,Gahara,CHW-KIR-02-02,64,female,38.2,3,0,0,0,0,0,negative,refer,1,7.2,recovered
CASE-003131,2025-08-05,Kirehe,Gahara,CHW-KIR-02-04,51,female,38.6,3,0,0,0,0,0,positive,treat_at_home,0,,recovered
CASE-003132,2025-08-05,Kirehe,Mahama,CHW-KIR-03-01,25,female,38.4,1,0,0,0,0,0,positive,treat_at_home,0,,recovered
CASE-003133,2025-08-05,Nyagatare,Karangazi,CHW-NYG-02-04,168,female,38.1,3,0,0,0,0,0,positive,treat_at_home,0,,recovered
CASE-003134,2025-08-05,Nyagatare,Matimba,CHW-NYG-04-01,7,male,38.5,2,0,0,1,1,0,positive,urgent_refer,1,2.1,recovered
CASE-003135,2025-08-06,Bugesera,Mareba,CHW-BUG-04-01,51,female,38.4,1,0,0,0,0,0,positive,treat_at_home,0,,recovered
CASE-003136,2025-08-06,Kirehe,Kirehe,CHW-KIR-01-02,43,female,38.3,4,0,0,0,0,0,negative,refer,0,,recovered
CASE-003137,2025-08-06,Kirehe,Mahama,CHW-KIR-03-01,5,female,39.0,4,0,1,0,0,1,positive,urgent_refer,1,11.2,recovered
CASE-003138,2025-08-06,Nyagatare,Matimba,CHW-NYG-04-01,33,female,38.5,1,0,0,0,0,0,positive,treat_at_home,0,,recovered
CASE-003139,2025-08-06,Nyagatare,Nyagatare,CHW-NYG-01-02,142,male,38.5,2,0,0,0,0,0,negative,treat_at_home,0,,recovered
CASE-003140,2025-08-06,Nyagatare,Rwimiyaga,CHW-NYG-03-04,691,male,36.7,0,0,1,0,0,0,invalid,urgent_refer,1,3.4,recovered
CASE-003141,2025-08-07,Bugesera,Mareba,CHW-BUG-04-01,52,female,38.5,5,0,0,0,0,0,negative,refer,0,,recovered
CASE-003142,2025-08-07,Bugesera,Rilima,CHW-BUG-02-04,14,female,38.0,2,0,0,0,0,0,positive,treat_at_home,0,,recovered
CASE-003143,2025-08-07,Gasabo,Remera,CHW-GAS-02-04,52,male,38.3,3,0,0,0,0,0,positive,treat_at_home,0,,recovered
CASE-003144,2025-08-07,Gisagara,Kibirizi,CHW-GIS-03-02,26,female,38.5,5,0,0,0,0,0,negative,refer,1,8.7,unknown
CASE-003145,2025-08-07,Kirehe,Gahara,CHW-KIR-02-01,157,female,38.2,6,0,0,0,0,0,positive,treat_at_home,0,,recovered
CASE-003146,2025-08-07,Kirehe,Gahara,CHW-KIR-02-02,235,male,38.4,2,0,0,0,0,0,positive,treat_at_home,0,,recovered
CASE-003147,2025-08-07,Nyagatare,Matimba,CHW-NYG-04-01,118,male,37.7,1,0,0,0,0,0,positive,treat_at_home,0,,recovered
CASE-003148,2025-08-07,Nyagatare,Mimuri,CHW-NYG-05-03,21,female,38.6,4,0,0,0,0,0,positive,treat_at_home,0,,recovered
CASE-003149,2025-08-07,Nyagatare,Rwimiyaga,CHW-NYG-03-01,484,male,38.4,1,1,0,0,0,1,positive,urgent_refer,0,,recovered
CASE-003150,2025-08-07,Rusizi,Kamembe,CHW-RUS-01-03,34,female,37.7,1,0,0,0,0,0,negative,treat_at_home,0,,recovered
CASE-003151,2025-08-08,Bugesera,Mareba,CHW-BUG-04-03,41,male,38.0,3,0,0,0,0,0,negative,refer,1,5.4,recovered
CASE-003152,2025-08-08,Bugesera,Mayange,CHW-BUG-03-02,51,female,38.1,1,0,0,0,0,0,negative,treat_at_home,0,,recovered
CASE-003153,2025-08-08,Bugesera,Rilima,CHW-BUG-02-04,23,male,39.0,1,0,0,0,0,0,negative,treat_at_home,0,,recovered
CASE-003154,2025-08-08,Gasabo,Remera,CHW-GAS-02-01,177,male,38.4,4,0,0,0,0,0,negative,refer,0,,recovered
CASE-003155,2025-08-08,Gisagara,Gisagara,CHW-GIS-01-02,430,female,37.9,2,0,0,0,0,0,positive,treat_at_home,0,,recovered
CASE-003156,2025-08-08,Kirehe,Gahara,CHW-KIR-02-02,45,male,38.0,1,0,0,0,0,0,positive,treat_at_home,0,,recovered
CASE-003157,2025-08-08,Nyagatare,Katabagemu,CHW-NYG-06-03,87,male,38.1,2,0,0,0,0,0,negative,treat_at_home,0,,recovered
CASE-003158,2025-08-08,Rusizi,Gihundwe,CHW-RUS-03-03,14,female,39.3,1,0,0,0,0,0,negative,treat_at_home,0,,recovered
CASE-003159,2025-08-09,Bugesera,Gashora,CHW-BUG-06-02,24,male,39.2,3,0,0,0,1,0,negative,urgent_refer,1,5.6,recovered
CASE-003160,2025-08-09,Gisagara,Save,CHW-GIS-02-01,590,female,38.6,2,0,0,0,0,0,positive,treat_at_home,0,,recovered
CASE-003161,2025-08-09,Kirehe,Kirehe,CHW-KIR-01-01,31,female,38.9,3,0,0,0,0,0,positive,treat_at_home,0,,recovered
CASE-003162,2025-08-09,Nyagatare,Katabagemu,CHW-NYG-06-03,38,female,37.8,2,0,0,0,0,0,invalid,refer,1,6.7,died
CASE-003163,2025-08-09,Nyagatare,Katabagemu,CHW-NYG-06-04,0,male,38.1,2,1,0,0,0,0,positive,urgent_refer,1,6.0,unknown
CASE-003164,2025-08-09,Nyagatare,Matimba,CHW-NYG-04-02,82,female,38.8,2,0,0,1,0,0,negative,urgent_refer,1,5.0,recovered
CASE-003165,2025-08-09,Nyagatare,Rwimiyaga,CHW-NYG-03-01,36,male,39.8,2,0,0,0,0,0,negative,treat_at_home,0,,recovered
CASE-003166,2025-08-10,Bugesera,Ntarama,CHW-BUG-05-04,90,male,38.8,1,0,0,0,0,0,positive,treat_at_home,0,,recovered
CASE-003167,2025-08-10,Gisagara,Kibirizi,CHW-GIS-03-04,33,male,39.4,6,0,0,0,0,0,positive,treat_at_home,0,,recovered
CASE-003168,2025-08-10,Gisagara,Save,CHW-GIS-02-01,129,male,38.7,1,0,0,0,0,0,positive,treat_at_home,0,,recovered
CASE-003169,2025-08-10,Nyagatare,Karangazi,CHW-NYG-02-04,41,male,36.5,0,0,0,0,0,0,negative,treat_at_home,0,,recovered
CASE-003170,2025-08-10,Nyagatare,Mimuri,CHW-NYG-05-01,58,male,37.8,1,0,0,0,0,0,negative,treat_at_home,0,,recovered
CASE-003171,2025-08-10,Rusizi,Bugarama,CHW-RUS-02-01,51,female,37.2,0,0,1,1,0,0,negative,urgent_refer,1,4.5,complication
CASE-003172,2025-08-11,Bugesera,Ntarama,CHW-BUG-05-04,168,female,38.0,1,0,0,0,0,0,positive,treat_at_home,0,,recovered
CASE-003173,2025-08-11,Bugesera,Rilima,CHW-BUG-02-01,44,male,37.8,2,0,0,0,0,0,negative,treat_at_home,0,,recovered
CASE-003174,2025-08-11,Gasabo,Remera,CHW-GAS-02-02,147,male,38.3,2,0,0,0,0,0,positive,treat_at_home,0,,recovered
CASE-003175,2025-08-11,Kirehe,Gahara,CHW-KIR-02-03,48,male,38.3,1,0,0,0,0,0,positive,treat_at_home,0,,recovered
CASE-003176,2025-08-11,Nyagatare,Mimuri,CHW-NYG-05-02,144,female,38.6,1,0,0,0,0,0,positive,treat_at_home,0,,recovered
CASE-003177,2025-08-11,Rusizi,Bugarama,CHW-RUS-02-03,38,male,37.9,1,0,0,0,0,0,positive,treat_at_home,0,,recovered
CASE-003178,2025-08-12,Bugesera,Nyamata,CHW-BUG-01-04,33,female,39.3,2,0,0,0,0,0,negative,treat_at_home,0,,recovered
CASE-003179,2025-08-12,Gasabo,Kimironko,CHW-GAS-01-01,41,male,36.6,0,0,0,0,0,0,negative,treat_at_home,0,,recovered
CASE-003180,2025-08-12,Nyagatare,Karangazi,CHW-NYG-02-04,0,female,38.9,2,0,0,0,0,0,positive,refer,1,5.3,recovered
CASE-003181,2025-08-12,Nyagatare,Karangazi,CHW-NYG-02-04,18,female,39.0,2,0,0,0,0,0,positive,treat_at_home,0,,recovered
CASE-003182,2025-08-12,Nyagatare,Katabagemu,CHW-NYG-06-04,47,female,38.2,1,0,0,0,0,0,negative,treat_at_home,0,,recovered
CASE-003183,2025-08-12,Rusizi,Kamembe,CHW-RUS-01-04,24,female,39.4,3,0,0,0,0,0,negative,refer,0,,recovered
CASE-003184,2025-08-13,Bugesera,Gashora,CHW-BUG-06-02,35,female,37.8,1,0,0,0,0,0,positive,treat_at_home,0,,recovered
CASE-003185,2025-08-13,Gasabo,Remera,CHW-GAS-02-03,142,male,38.6,1,0,0,0,0,0,positive,treat_at_home,0,,recovered
CASE-003186,2025-08-13,Gisagara,Save,CHW-GIS-02-01,65,female,37.8,1,0,0,0,0,0,negative,treat_at_home,0,,recovered
CASE-003187,2025-08-13,Kirehe,Gahara,CHW-KIR-02-02,175,male,38.9,1,0,0,0,0,0,positive,treat_at_home,0,,recovered
CASE-003188,2025-08-13,Kirehe,Gahara,CHW-KIR-02-04,27,female,38.2,1,0,0,1,0,0,negative,urgent_refer,1,1.9,recovered
CASE-003189,2025-08-13,Nyagatare,Nyagatare,CHW-NYG-01-03,63,female,38.6,1,0,0,0,0,0,positive,treat_at_home,0,,recovered
CASE-003190,2025-08-13,Nyagatare,Rwimiyaga,CHW-NYG-03-03,2,female,38.5,2,0,0,0,0,0,positive,refer,0,,recovered
CASE-003191,2025-08-13,Rusizi,Kamembe,CHW-RUS-01-03,2,female,38.3,1,0,0,0,0,0,positive,treat_at_home,0,,recovered
CASE-003192,2025-08-14,Bugesera,Gashora,CHW-BUG-06-03,131,female,38.2,1,0,0,0,0,0,negative,treat_at_home,0,,recovered
CASE-003193,2025-08-14,Gasabo,Kacyiru,CHW-GAS-03-01,4,male,38.7,4,0,0,0,0,0,negative,refer,1,3.8,complication
CASE-003194,2025-08-14,Gisagara,Save,CHW-GIS-02-04,3,female,38.6,2,0,0,0,0,0,positive,treat_at_home,0,,recovered
CASE-003195,2025-08-14,Kirehe,Gahara,CHW-KIR-02-02,538,female,39.1,2,0,0,0,0,0,positive,treat_at_home,0,,complication
CASE-003196,2025-08-14,Nyagatare,Katabagemu,CHW-NYG-06-01,15,female,36.3,0,0,0,0,0,0,negative,treat_at_home,0,,recovered
CASE-003197,2025-08-14,Nyagatare,Mimuri,CHW-NYG-05-02,59,female,38.2,6,0,0,0,0,0,negative,refer,1,5.6,complication
CASE-003198,2025-08-14,Rusizi,Gihundwe,CHW-RUS-03-02,575,female,38.2,1,0,0,0,0,0,invalid,refer,1,7.6,complication
CASE-003199,2025-08-15,Bugesera,Gashora,CHW-BUG-06-02,39,female,38.2,4,0,0,0,0,0,positive,treat_at_home,0,,recovered
CASE-003200,2025-08-15,Bugesera,Mayange,CHW-BUG-03-04,158,female,38.1,1,0,1,0,0,0,positive,urgent_refer,1,6.3,recovered
CASE-003201,2025-08-15,Bugesera,Ntarama,CHW-BUG-05-04,40,female,38.9,1,0,0,0,0,0,invalid,refer,1,5.0,recovered
CASE-003202,2025-08-15,Gasabo,Kimironko,CHW-GAS-01-02,3,female,37.8,3,0,0,0,0,0,negative,refer,1,5.7,recovered
CASE-003203,2025-08-15,Kirehe,Kirehe,CHW-KIR-01-01,553,female,37.2,6,0,0,0,0,0,positive,treat_at_home,0,,recovered
CASE-003204,2025-08-16,Gasabo,Kacyiru,CHW-GAS-03-03,4,male,38.4,1,0,0,0,0,0,negative,treat_at_home,0,,recovered
CASE-003205,2025-08-16,Gisagara,Gisagara,CHW-GIS-01-01,43,male,39.0,2,0,0,0,0,0,positive,refer,1,3.2,recovered
CASE-003206,2025-08-16,Kirehe,Mahama,CHW-KIR-03-01,251,male,38.2,1,0,0,0,0,0,negative,refer,1,13.3,recovered
CASE-003207,2025-08-16,Kirehe,Mahama,CHW-KIR-03-03,657,female,38.5,1,0,0,0,0,0,positive,treat_at_home,0,,recovered
CASE-003208,2025-08-16,Nyagatare,Mimuri,CHW-NYG-05-04,19,male,38.4,5,0,0,0,0,0,invalid,refer,1,9.3,recovered
CASE-003209,2025-08-16,Rusizi,Gihundwe,CHW-RUS-03-01,437,male,38.2,2,0,0,0,0,0,positive,treat_at_home,0,,recovered
CASE-003210,2025-08-17,Gasabo,Kimironko,CHW-GAS-01-01,33,male,38.1,1,0,0,0,0,0,negative,treat_at_home,0,,recovered
CASE-003211,2025-08-17,Gasabo,Remera,CHW-GAS-02-04,299,male,38.2,2,0,0,0,0,0,positive,treat_at_home,0,,recovered
CASE-003212,2025-08-17,Gisagara,Kibirizi,CHW-GIS-03-04,104,male,38.4,3,0,0,0,0,0,positive,treat_at_home,0,,recovered
CASE-003213,2025-08-17,Gisagara,Kibirizi,CHW-GIS-03-04,303,male,37.8,2,0,0,0,0,0,positive,treat_at_home,0,,recovered
CASE-003214,2025-08-18,Gisagara,Kibirizi,CHW-GIS-03-01,10,male,38.8,1,0,0,0,0,0,negative,treat_at_home,0,,recovered
CASE-003215,2025-08-18,Kirehe,Gahara,CHW-KIR-02-04,38,female,38.7,3,0,0,0,0,0,negative,refer,1,4.2,recovered
CASE-003216,2025-08-18,Kirehe,Mahama,CHW-KIR-03-03,43,female,38.3,1,0,0,0,0,0,negative,treat_at_home,0,,recovered
CASE-003217,2025-08-18,Nyagatare,Mimuri,CHW-NYG-05-01,8,male,37.4,1,0,0,0,0,0,positive,treat_at_home,0,,recovered
CASE-003218,2025-08-18,Nyagatare,Rwimiyaga,CHW-NYG-03-02,116,female,38.2,1,0,0,0,0,0,negative,treat_at_home,0,,recovered
CASE-003219,2025-08-19,Bugesera,Gashora,CHW-BUG-06-04,178,male,38.6,3,0,0,0,0,0,positive,treat_at_home,0,,recovered
CASE-003220,2025-08-19,Bugesera,Mareba,CHW-BUG-04-01,9,female,37.6,2,0,0,0,0,0,invalid,treat_at_home,0,,recovered
CASE-003221,2025-08-19,Bugesera,Mayange,CHW-BUG-03-01,43,male,38.3,1,0,0,0,0,0,positive,treat_at_home,0,,recovered
CASE-003222,2025-08-19,Bugesera,Ntarama,CHW-BUG-05-03,16,female,38.2,3,0,0,0,0,0,positive,treat_at_home,0,,recovered
CASE-003223,2025-08-19,Kirehe,Gahara,CHW-KIR-02-02,199,male,39.7,2,0,0,0,1,0,positive,urgent_refer,1,3.6,recovered
CASE-003224,2025-08-19,Nyagatare,Karangazi,CHW-NYG-02-02,17,male,38.5,1,0,0,0,0,0,positive,treat_at_home,0,,recovered
CASE-003225,2025-08-19,Nyagatare,Mimuri,CHW-NYG-05-01,462,male,38.2,2,0,0,0,0,0,positive,refer,1,4.8,recovered
CASE-003226,2025-08-20,Bugesera,Gashora,CHW-BUG-06-01,30,male,38.2,4,0,0,0,0,0,positive,refer,1,11.8,recovered
CASE-003227,2025-08-20,Gisagara,Gisagara,CHW-GIS-01-04,25,female,38.5,4,0,0,0,0,0,positive,treat_at_home,0,,recovered
CASE-003228,2025-08-20,Kirehe,Gahara,CHW-KIR-02-03,55,male,38.3,7,0,0,0,0,0,positive,treat_at_home,0,,recovered
CASE-003229,2025-08-20,Kirehe,Kirehe,CHW-KIR-01-01,5,male,38.8,7,0,0,0,0,0,negative,refer,1,3.5,recovered
CASE-003230,2025-08-20,Nyagatare,Matimba,CHW-NYG-04-04,101,male,38.5,1,0,0,0,0,0,positive,treat_at_home,0,,recovered
CASE-003231,2025-08-20,Nyagatare,Rwimiyaga,CHW-NYG-03-03,58,male,37.9,1,0,0,0,0,0,negative,treat_at_home,0,,recovered
CASE-003232,2025-08-21,Bugesera,Rilima,CHW-BUG-02-01,88,male,37.7,7,0,0,0,0,0,negative,refer,1,4.9,recovered
CASE-003233,2025-08-21,Kirehe,Mahama,CHW-KIR-03-01,19,male,38.2,4,0,0,0,0,0,positive,treat_at_home,0,,recovered
CASE-003234,2025-08-21,Nyagatare,Karangazi,CHW-NYG-02-01,21,male,38.0,1,0,0,0,0,0,positive,treat_at_home,0,,recovered
CASE-003235,2025-08-21,Nyagatare,Katabagemu,CHW-NYG-06-03,34,male,38.3,7,0,0,0,0,0,positive,treat_at_home,0,,recovered
CASE-003236,2025-08-22,Bugesera,Gashora,CHW-BUG-06-02,32,female,38.2,1,0,0,0,0,0,positive,treat_at_home,0,,recovered
CASE-003237,2025-08-22,Bugesera,Gashora,CHW-BUG-06-03,129,male,38.0,2,0,0,0,0,0,positive,treat_at_home,0,,recovered
CASE-003238,2025-08-22,Bugesera,Gashora,CHW-BUG-06-04,0,female,38.5,1,0,0,0,0,0,positive,urgent_refer,0,,unknown
CASE-003239,2025-08-22,Bugesera,Mayange,CHW-BUG-03-02,50,female,38.1,1,0,0,0,0,0,negative,treat_at_home,0,,recovered
CASE-003240,2025-08-22,Gasabo,Kimironko,CHW-GAS-01-04,372,female,38.0,1,0,0,0,0,0,positive,treat_at_home,0,,recovered
CASE-003241,2025-08-22,Gisagara,Gisagara,CHW-GIS-01-02,57,male,37.7,1,0,0,0,0,0,positive,treat_at_home,0,,recovered
CASE-003242,2025-08-22,Gisagara,Save,CHW-GIS-02-03,27,female,37.7,1,0,0,0,0,0,negative,treat_at_home,0,,recovered
CASE-003243,2025-08-22,Kirehe,Gahara,CHW-KIR-02-04,692,female,38.8,2,0,1,1,0,0,positive,urgent_refer,0,,recovered
CASE-003244,2025-08-22,Nyagatare,Karangazi,CHW-NYG-02-01,96,male,38.2,1,0,0,0,0,0,positive,treat_at_home,0,,recovered
CASE-003245,2025-08-22,Nyagatare,Katabagemu,CHW-NYG-06-04,115,male,37.9,2,0,0,0,0,0,positive,treat_at_home,0,,recovered
CASE-003246,2025-08-22,Nyagatare,Rwimiyaga,CHW-NYG-03-01,123,male,38.5,3,0,1,0,0,0,positive,urgent_refer,0,,recovered
CASE-003247,2025-08-22,Nyagatare,Rwimiyaga,CHW-NYG-03-03,52,female,39.1,3,0,0,0,0,0,positive,treat_at_home,0,,recovered
CASE-003248,2025-08-22,Rusizi,Bugarama,CHW-RUS-02-04,7,female,38.7,1,0,0,0,0,0,positive,treat_at_home,0,,recovered
CASE-003249,2025-08-23,Bugesera,Gashora,CHW-BUG-06-03,473,male,38.4,3,0,0,0,0,0,negative,refer,1,7.2,recovered
CASE-003250,2025-08-23,Bugesera,Ntarama,CHW-BUG-05-03,49,male,39.2,1,0,1,1,0,0,positive,refer,0,,recovered
CASE-003251,2025-08-23,Gasabo,Kimironko,CHW-GAS-01-04,9,male,38.7,5,0,0,0,0,0,negative,refer,0,,recovered
CASE-003252,2025-08-23,Gisagara,Gisagara,CHW-GIS-01-03,158,female,38.8,1,0,0,0,0,0,negative,treat_at_home,0,,recovered
CASE-003253,2025-08-23,Nyagatare,Katabagemu,CHW-NYG-06-03,143,male,37.9,2,0,0,0,0,0,negative,treat_at_home,0,,recovered
CASE-003254,2025-08-23,Nyagatare,Mimuri,CHW-NYG-05-04,150,female,37.8,2,0,0,0,0,0,negative,refer,1,4.4,recovered
CASE-003255,2025-08-24,Bugesera,Rilima,CHW-BUG-02-01,19,male,38.8,1,0,0,1,1,0,positive,refer,1,7.8,recovered
CASE-003256,2025-08-24,Bugesera,Rilima,CHW-BUG-02-02,51,female,38.4,4,0,0,0,0,0,positive,treat_at_home,0,,recovered
CASE-003257,2025-08-24,Gisagara,Gisagara,CHW-GIS-01-03,90,female,38.1,2,0,0,0,0,0,negative,treat_at_home,0,,recovered
CASE-003258,2025-08-24,Gisagara,Gisagara,CHW-GIS-01-03,40,female,38.1,2,0,0,0,0,1,positive,urgent_refer,1,5.1,recovered
CASE-003259,2025-08-24,Gisagara,Save,CHW-GIS-02-04,43,female,38.2,3,0,0,0,0,0,positive,treat_at_home,0,,recovered
CASE-003260,2025-08-24,Gisagara,Save,CHW-GIS-02-04,34,male,37.7,1,0,0,0,0,0,invalid,refer,0,,recovered
CASE-003261,2025-08-24,Kirehe,Kirehe,CHW-KIR-01-02,72,female,37.7,4,0,0,0,0,0,positive,treat_at_home,0,,recovered
CASE-003262,2025-08-25,Bugesera,Nyamata,CHW-BUG-01-02,125,male,38.4,1,0,0,0,0,0,positive,treat_at_home,0,,recovered
CASE-003263,2025-08-25,Bugesera,Nyamata,CHW-BUG-01-03,125,male,38.6,1,0,1,0,0,0,negative,urgent_refer,1,2.8,recovered
CASE-003264,2025-08-25,Nyagatare,Rwimiyaga,CHW-NYG-03-03,1,female,38.8,2,0,0,0,0,0,positive,urgent_refer,1,4.4,recovered
CASE-003265,2025-08-25,Rusizi,Bugarama,CHW-RUS-02-04,29,male,38.7,3,0,0,0,0,0,negative,refer,0,,recovered
CASE-003266,2025-08-26,Bugesera,Rilima,CHW-BUG-02-02,24,female,38.3,4,0,0,0,0,0,negative,refer,1,5.1,recovered
CASE-003267,2025-08-26,Gasabo,Kimironko,CHW-GAS-01-04,1,male,38.2,4,0,1,0,0,1,positive,urgent_refer,1,1.6,recovered
CASE-003268,2025-08-26,Gisagara,Kibirizi,CHW-GIS-03-02,77,male,39.0,5,0,0,0,0,0,positive,treat_at_home,0,,recovered
CASE-003269,2025-08-26,Kirehe,Kirehe,CHW-KIR-01-01,21,male,38.7,2,0,0,0,0,0,negative,treat_at_home,0,,recovered
CASE-003270,2025-08-26,Kirehe,Kirehe,CHW-KIR-01-02,5,female,38.4,1,1,0,1,0,0,positive,refer,1,4.2,recovered
CASE-003271,2025-08-26,Nyagatare,Karangazi,CHW-NYG-02-04,35,male,37.6,4,0,0,0,0,0,negative,refer,0,,recovered
CASE-003272,2025-08-26,Nyagatare,Nyagatare,CHW-NYG-01-04,26,male,38.4,2,0,0,0,0,0,positive,treat_at_home,0,,recovered
CASE-003273,2025-08-26,Rusizi,Bugarama,CHW-RUS-02-02,54,female,37.9,5,0,0,0,0,0,positive,treat_at_home,0,,recovered
CASE-003274,2025-08-27,Bugesera,Gashora,CHW-BUG-06-01,53,male,38.8,3,0,1,0,0,1,positive,urgent_refer,0,,recovered
CASE-003275,2025-08-27,Gisagara,Gisagara,CHW-GIS-01-02,44,female,38.5,1,0,0,0,0,0,positive,treat_at_home,0,,recovered
CASE-003276,2025-08-27,Kirehe,Gahara,CHW-KIR-02-04,176,female,38.3,1,0,0,0,0,0,positive,treat_at_home,0,,recovered
CASE-003277,2025-08-27,Kirehe,Kirehe,CHW-KIR-01-04,55,male,38.4,1,0,0,0,0,0,positive,treat_at_home,0,,recovered
CASE-003278,2025-08-27,Nyagatare,Matimba,CHW-NYG-04-02,174,female,38.6,1,0,0,0,0,0,positive,treat_at_home,0,,recovered
CASE-003279,2025-08-28,Bugesera,Mayange,CHW-BUG-03-03,34,female,37.6,1,0,0,0,0,0,negative,treat_at_home,0,,recovered
CASE-003280,2025-08-28,Bugesera,Mayange,CHW-BUG-03-03,162,male,38.7,2,0,0,0,0,0,positive,treat_at_home,0,,recovered
CASE-003281,2025-08-28,Bugesera,Mayange,CHW-BUG-03-03,57,female,37.9,1,0,0,0,0,0,positive,treat_at_home,0,,recovered
CASE-003282,2025-08-28,Bugesera,Rilima,CHW-BUG-02-01,33,female,38.5,2,0,0,0,0,0,positive,treat_at_home,0,,recovered
CASE-003283,2025-08-28,Gasabo,Kimironko,CHW-GAS-01-01,1,female,37.6,1,0,0,0,0,0,negative,urgent_refer,1,3.9,recovered
CASE-003284,2025-08-28,Kirehe,Gahara,CHW-KIR-02-02,67,male,38.5,2,0,0,0,0,0,positive,treat_at_home,0,,recovered
CASE-003285,2025-08-28,Kirehe,Gahara,CHW-KIR-02-04,5,male,38.2,1,0,0,0,0,0,positive,refer,1,9.3,recovered
CASE-003286,2025-08-28,Kirehe,Gahara,CHW-KIR-02-04,6,female,38.3,1,0,0,0,0,0,positive,treat_at_home,0,,recovered
CASE-003287,2025-08-28,Kirehe,Mahama,CHW-KIR-03-02,30,male,38.5,4,0,0,0,0,0,negative,refer,0,,recovered
CASE-003288,2025-08-28,Nyagatare,Matimba,CHW-NYG-04-01,201,male,36.5,0,1,0,0,1,0,negative,urgent_refer,1,1.9,recovered
CASE-003289,2025-08-29,Gisagara,Gisagara,CHW-GIS-01-03,28,male,38.2,3,0,0,0,0,0,positive,treat_at_home,0,,recovered
CASE-003290,2025-08-29,Gisagara,Gisagara,CHW-GIS-01-03,25,female,36.2,0,0,0,0,0,0,negative,treat_at_home,0,,complication
CASE-003291,2025-08-29,Gisagara,Save,CHW-GIS-02-04,11,female,37.9,4,0,0,0,0,0,positive,treat_at_home,0,,recovered
CASE-003292,2025-08-29,Gisagara,Save,CHW-GIS-02-04,51,female,38.5,2,0,0,0,0,0,negative,treat_at_home,0,,recovered
CASE-003293,2025-08-29,Kirehe,Mahama,CHW-KIR-03-02,608,female,37.7,2,0,0,0,0,0,negative,treat_at_home,0,,recovered
CASE-003294,2025-08-30,Bugesera,Mayange,CHW-BUG-03-02,57,female,37.9,2,0,0,0,0,0,positive,treat_at_home,0,,recovered
CASE-003295,2025-08-30,Bugesera,Ntarama,CHW-BUG-05-01,50,male,38.4,1,0,0,0,0,0,negative,treat_at_home,0,,recovered
CASE-003296,2025-08-30,Kirehe,Gahara,CHW-KIR-02-03,22,female,38.8,6,1,1,0,0,0,positive,urgent_refer,1,3.8,recovered
CASE-003297,2025-08-30,Rusizi,Kamembe,CHW-RUS-01-02,65,female,38.4,3,0,0,0,0,0,negative,refer,0,,recovered
CASE-003298,2025-08-31,Bugesera,Ntarama,CHW-BUG-05-02,599,female,38.2,7,0,0,0,0,0,positive,treat_at_home,0,,recovered
CASE-003299,2025-08-31,Bugesera,Nyamata,CHW-BUG-01-02,51,female,38.5,3,0,0,0,0,0,positive,treat_at_home,0,,recovered
CASE-003300,2025-08-31,Bugesera,Rilima,CHW-BUG-02-01,502,female,38.2,7,0,0,0,0,0,positive,treat_at_home,0,,recovered
CASE-003301,2025-08-31,Kirehe,Kirehe,CHW-KIR-01-03,16,female,38.6,2,0,0,0,0,0,positive,treat_at_home,0,,recovered
CASE-003302,2025-08-31,Nyagatare,Karangazi,CHW-NYG-02-03,700,male,38.3,2,0,0,0,0,0,negative,treat_at_home,0,,recovered
CASE-003303,2025-08-31,Nyagatare,Rwimiyaga,CHW-NYG-03-04,44,female,38.5,1,0,0,0,0,0,positive,treat_at_home,0,,recovered
CASE-003304,2025-08-31,Rusizi,Gihundwe,CHW-RUS-03-01,27,male,38.8,2,0,0,0,0,0,positive,treat_at_home,0,,recovered
CASE-003305,2025-09-01,Bugesera,Mareba,CHW-BUG-04-04,245,female,39.0,1,0,0,0,0,0,negative,treat_at_home,0,,recovered
CASE-003306,2025-09-01,Gisagara,Gisagara,CHW-GIS-01-02,16,male,38.7,2,0,0,0,0,0,negative,treat_at_home,0,,recovered
CASE-003307,2025-09-01,Gisagara,Kibirizi,CHW-GIS-03-03,49,female,38.3,4,0,0,0,0,0,positive,treat_at_home,0,,recovered
CASE-003308,2025-09-01,Kirehe,Gahara,CHW-KIR-02-02,43,male,38.3,2,0,0,0,0,0,positive,treat_at_home,0,,recovered
CASE-003309,2025-09-01,Nyagatare,Karangazi,CHW-NYG-02-02,171,female,37.9,2,0,0,0,0,0,positive,treat_at_home,0,,recovered
CASE-003310,2025-09-01,Nyagatare,Katabagemu,CHW-NYG-06-01,42,male,36.6,0,0,0,0,0,0,negative,treat_at_home,0,,recovered
CASE-003311,2025-09-01,Nyagatare,Matimba,CHW-NYG-04-01,37,female,38.5,1,0,0,0,0,0,positive,treat_at_home,0,,recovered
CASE-003312,2025-09-01,Nyagatare,Matimba,CHW-NYG-04-02,234,female,38.7,3,0,0,0,0,0,negative,refer,1,5.5,recovered
CASE-003313,2025-09-01,Nyagatare,Matimba,CHW-NYG-04-03,3,female,38.6,1,0,0,0,0,0,positive,treat_at_home,0,,recovered
CASE-003314,2025-09-02,Bugesera,Mayange,CHW-BUG-03-04,34,male,38.4,1,1,0,1,0,0,negative,urgent_refer,1,2.3,recovered
CASE-003315,2025-09-02,Bugesera,Rilima,CHW-BUG-02-01,144,male,38.6,3,0,0,0,0,0,positive,treat_at_home,0,,recovered
CASE-003316,2025-09-02,Bugesera,Rilima,CHW-BUG-02-04,54,male,38.4,3,0,0,0,0,0,negative,refer,1,3.8,recovered
CASE-003317,2025-09-02,Gasabo,Kacyiru,CHW-GAS-03-04,55,male,38.6,1,0,0,0,0,0,positive,treat_at_home,0,,recovered
CASE-003318,2025-09-02,Nyagatare,Karangazi,CHW-NYG-02-03,511,female,38.9,1,0,0,0,0,0,positive,treat_at_home,0,,recovered
CASE-003319,2025-09-02,Nyagatare,Mimuri,CHW-NYG-05-03,11,female,39.0,3,0,0,0,0,0,negative,refer,1,4.6,recovered
CASE-003320,2025-09-03,Bugesera,Nyamata,CHW-BUG-01-04,54,female,38.7,2,0,0,0,0,0,negative,treat_at_home,0,,recovered
CASE-003321,2025-09-03,Gisagara,Gisagara,CHW-GIS-01-02,146,female,37.9,2,0,0,0,0,0,positive,treat_at_home,0,,recovered
CASE-003322,2025-09-03,Nyagatare,Katabagemu,CHW-NYG-06-02,12,female,38.4,4,0,0,0,0,0,positive,treat_at_home,0,,recovered
CASE-003323,2025-09-03,Nyagatare,Mimuri,CHW-NYG-05-01,47,male,38.0,2,0,0,0,0,0,negative,treat_at_home,0,,recovered
CASE-003324,2025-09-03,Rusizi,Bugarama,CHW-RUS-02-04,58,female,38.6,2,0,0,0,0,0,positive,treat_at_home,0,,recovered
CASE-003325,2025-09-04,Bugesera,Mareba,CHW-BUG-04-01,43,male,38.1,7,0,0,0,0,0,negative,refer,0,,recovered
CASE-003326,2025-09-04,Bugesera,Mayange,CHW-BUG-03-04,5,male,38.6,4,0,0,0,0,0,positive,treat_at_home,0,,died
CASE-003327,2025-09-04,Kirehe,Kirehe,CHW-KIR-01-04,106,male,38.5,1,0,0,0,0,0,negative,treat_at_home,0,,recovered
CASE-003328,2025-09-04,Nyagatare,Matimba,CHW-NYG-04-02,55,male,38.0,1,0,0,0,0,0,negative,refer,1,9.0,recovered
CASE-003329,2025-09-04,Rusizi,Bugarama,CHW-RUS-02-02,103,female,38.5,7,0,0,0,0,0,invalid,refer,1,12.4,complication
CASE-003330,2025-09-04,Rusizi,Bugarama,CHW-RUS-02-03,141,female,37.8,5,0,0,0,0,0,negative,refer,1,14.4,recovered
CASE-003331,2025-09-04,Rusizi,Bugarama,CHW-RUS-02-04,19,male,39.1,1,0,0,0,0,0,positive,refer,1,17.9,complication
CASE-003332,2025-09-05,Bugesera,Gashora,CHW-BUG-06-01,25,male,38.2,2,0,0,0,0,0,positive,treat_at_home,0,,recovered
CASE-003333,2025-09-05,Gisagara,Kibirizi,CHW-GIS-03-01,4,female,38.1,2,0,0,0,0,0,negative,refer,1,3.7,complication
CASE-003334,2025-09-05,Kirehe,Gahara,CHW-KIR-02-01,156,female,38.6,3,0,0,0,0,0,negative,refer,1,2.4,recovered
CASE-003335,2025-09-05,Kirehe,Gahara,CHW-KIR-02-03,523,male,38.7,2,0,0,0,0,0,negative,treat_at_home,0,,recovered
CASE-003336,2025-09-05,Kirehe,Mahama,CHW-KIR-03-01,18,female,38.2,3,0,0,0,0,0,positive,treat_at_home,0,,recovered
CASE-003337,2025-09-05,Nyagatare,Karangazi,CHW-NYG-02-01,22,female,38.1,2,0,0,0,0,0,positive,treat_at_home,0,,recovered
CASE-003338,2025-09-05,Nyagatare,Karangazi,CHW-NYG-02-01,41,male,39.3,1,0,0,0,0,0,positive,treat_at_home,0,,recovered
CASE-003339,2025-09-05,Nyagatare,Rwimiyaga,CHW-NYG-03-01,37,female,38.7,2,0,1,0,0,0,negative,urgent_refer,1,2.7,recovered
CASE-003340,2025-09-05,Nyagatare,Rwimiyaga,CHW-NYG-03-03,49,female,38.4,2,0,0,0,0,0,positive,treat_at_home,0,,recovered
CASE-003341,2025-09-06,Bugesera,Gashora,CHW-BUG-06-04,42,male,38.4,2,0,0,0,0,0,positive,treat_at_home,0,,recovered
CASE-003342,2025-09-06,Bugesera,Mareba,CHW-BUG-04-03,23,female,38.6,1,1,1,0,0,0,negative,urgent_refer,1,6.8,recovered
CASE-003343,2025-09-06,Bugesera,Ntarama,CHW-BUG-05-01,345,male,36.5,0,0,0,0,0,0,negative,treat_at_home,0,,recovered
CASE-003344,2025-09-06,Bugesera,Rilima,CHW-BUG-02-02,14,female,39.0,3,0,0,0,0,0,positive,treat_at_home,0,,recovered
CASE-003345,2025-09-06,Gisagara,Gisagara,CHW-GIS-01-03,435,male,38.1,1,0,0,0,0,0,negative,treat_at_home,0,,recovered
CASE-003346,2025-09-06,Kirehe,Gahara,CHW-KIR-02-04,465,male,38.1,1,0,0,0,0,0,negative,treat_at_home,0,,recovered
CASE-003347,2025-09-06,Kirehe,Kirehe,CHW-KIR-01-02,611,male,37.9,1,0,0,0,0,0,negative,treat_at_home,0,,recovered
CASE-003348,2025-09-06,Kirehe,Kirehe,CHW-KIR-01-02,52,female,38.7,7,0,0,0,0,0,positive,treat_at_home,0,,recovered
CASE-003349,2025-09-06,Nyagatare,Katabagemu,CHW-NYG-06-04,36,male,38.7,1,0,0,0,0,0,positive,treat_at_home,0,,recovered
CASE-003350,2025-09-06,Nyagatare,Mimuri,CHW-NYG-05-01,42,female,38.9,2,0,0,0,0,0,negative,treat_at_home,0,,recovered
CASE-003351,2025-09-06,Nyagatare,Rwimiyaga,CHW-NYG-03-01,56,male,38.4,4,0,0,0,0,0,positive,treat_at_home,0,,recovered
CASE-003352,2025-09-06,Rusizi,Bugarama,CHW-RUS-02-03,45,male,39.3,5,0,0,0,0,0,positive,treat_at_home,0,,recovered
CASE-003353,2025-09-06,Rusizi,Gihundwe,CHW-RUS-03-04,112,male,38.7,3,0,0,0,0,0,negative,refer,1,7.2,recovered
CASE-003354,2025-09-07,Bugesera,Nyamata,CHW-BUG-01-03,58,female,38.9,3,0,0,0,0,0,negative,refer,1,4.6,recovered
CASE-003355,2025-09-07,Bugesera,Rilima,CHW-BUG-02-02,47,male,38.5,4,0,0,0,0,0,positive,treat_at_home,0,,recovered
CASE-003356,2025-09-07,Bugesera,Rilima,CHW-BUG-02-03,30,female,39.0,6,0,0,0,0,0,positive,refer,0,,recovered
CASE-003357,2025-09-07,Gasabo,Kimironko,CHW-GAS-01-04,146,female,38.8,2,0,0,0,0,0,negative,treat_at_home,0,,recovered
CASE-003358,2025-09-07,Gasabo,Remera,CHW-GAS-02-01,210,male,38.3,3,0,0,0,0,0,invalid,refer,0,,recovered
CASE-003359,2025-09-07,Gisagara,Gisagara,CHW-GIS-01-02,56,male,39.1,5,0,0,0,0,0,positive,treat_at_home,0,,recovered
CASE-003360,2025-09-07,Gisagara,Gisagara,CHW-GIS-01-03,94,male,38.5,4,0,0,0,0,0,invalid,refer,1,5.4,recovered
CASE-003361,2025-09-07,Gisagara,Kibirizi,CHW-GIS-03-03,3,male,38.2,2,0,0,0,0,0,negative,treat_at_home,0,,recovered
CASE-003362,2025-09-07,Kirehe,Gahara,CHW-KIR-02-01,12,male,39.0,2,0,0,0,0,0,negative,treat_at_home,0,,recovered
CASE-003363,2025-09-07,Kirehe,Mahama,CHW-KIR-03-01,19,female,37.7,1,0,0,0,0,0,negative,treat_at_home,0,,recovered
CASE-003364,2025-09-07,Nyagatare,Rwimiyaga,CHW-NYG-03-02,5,male,39.1,3,0,0,1,0,0,positive,urgent_refer,0,,recovered
CASE-003365,2025-09-07,Nyagatare,Rwimiyaga,CHW-NYG-03-04,54,female,39.1,1,0,0,0,0,0,positive,treat_at_home,0,,recovered
CASE-003366,2025-09-08,Gasabo,Kimironko,CHW-GAS-01-01,32,male,38.3,3,0,0,0,0,0,positive,treat_at_home,0,,recovered
CASE-003367,2025-09-08,Gasabo,Remera,CHW-GAS-02-04,152,female,38.2,1,0,0,0,0,0,positive,treat_at_home,0,,recovered
CASE-003368,2025-09-08,Gisagara,Save,CHW-GIS-02-03,57,male,38.7,1,0,0,0,0,0,negative,treat_at_home,0,,recovered
CASE-003369,2025-09-08,Gisagara,Save,CHW-GIS-02-03,100,female,38.3,3,0,0,0,0,0,positive,treat_at_home,0,,recovered
CASE-003370,2025-09-08,Nyagatare,Rwimiyaga,CHW-NYG-03-03,27,male,38.6,1,0,0,0,0,0,positive,treat_at_home,0,,recovered
CASE-003371,2025-09-08,Rusizi,Gihundwe,CHW-RUS-03-02,7,male,38.8,2,0,0,0,0,0,positive,treat_at_home,0,,recovered
CASE-003372,2025-09-08,Rusizi,Kamembe,CHW-RUS-01-02,317,male,37.8,2,0,0,0,0,0,positive,treat_at_home,0,,recovered
CASE-003373,2025-09-09,Bugesera,Ntarama,CHW-BUG-05-02,102,female,37.9,3,0,0,0,0,0,positive,treat_at_home,0,,recovered
CASE-003374,2025-09-09,Gisagara,Gisagara,CHW-GIS-01-04,119,male,37.9,1,0,0,0,0,0,negative,treat_at_home,0,,recovered
CASE-003375,2025-09-09,Gisagara,Kibirizi,CHW-GIS-03-01,558,male,38.8,4,0,0,0,0,0,positive,treat_at_home,0,,recovered
CASE-003376,2025-09-09,Gisagara,Save,CHW-GIS-02-02,469,male,38.2,3,0,0,0,0,0,positive,treat_at_home,0,,recovered
CASE-003377,2025-09-09,Kirehe,Gahara,CHW-KIR-02-03,59,male,39.0,4,0,0,0,0,0,positive,treat_at_home,0,,recovered
CASE-003378,2025-09-09,Kirehe,Gahara,CHW-KIR-02-04,97,male,38.3,6,0,0,0,0,0,positive,refer,1,4.8,recovered
CASE-003379,2025-09-09,Kirehe,Mahama,CHW-KIR-03-02,449,female,38.1,4,0,0,0,0,0,positive,treat_at_home,0,,recovered
CASE-003380,2025-09-09,Nyagatare,Karangazi,CHW-NYG-02-03,63,female,38.6,4,0,0,0,0,0,positive,refer,1,10.6,recovered
CASE-003381,2025-09-09,Nyagatare,Karangazi,CHW-NYG-02-04,52,male,39.1,6,0,0,0,0,0,positive,treat_at_home,0,,recovered
CASE-003382,2025-09-09,Nyagatare,Katabagemu,CHW-NYG-06-02,24,male,38.4,3,0,0,0,0,0,positive,treat_at_home,0,,recovered
CASE-003383,2025-09-09,Nyagatare,Matimba,CHW-NYG-04-01,44,male,37.6,5,0,0,0,0,0,negative,refer,1,4.7,recovered
CASE-003384,2025-09-10,Bugesera,Mayange,CHW-BUG-03-02,39,female,38.6,2,0,1,0,0,0,negative,urgent_refer,1,2.4,recovered
CASE-003385,2025-09-10,Gisagara,Gisagara,CHW-GIS-01-02,18,male,38.0,2,0,0,0,0,0,negative,treat_at_home,0,,recovered
CASE-003386,2025-09-10,Gisagara,Kibirizi,CHW-GIS-03-03,38,female,36.8,0,0,0,0,0,0,negative,treat_at_home,0,,recovered
CASE-003387,2025-09-10,Gisagara,Save,CHW-GIS-02-02,190,male,38.4,4,0,0,0,0,0,negative,refer,1,8.5,recovered
CASE-003388,2025-09-10,Kirehe,Gahara,CHW-KIR-02-04,22,female,38.7,2,0,0,0,0,0,positive,treat_at_home,0,,recovered
CASE-003389,2025-09-10,Kirehe,Kirehe,CHW-KIR-01-03,21,female,38.7,3,0,0,0,0,0,positive,treat_at_home,0,,recovered
CASE-003390,2025-09-10,Kirehe,Kirehe,CHW-KIR-01-04,5,female,37.5,1,0,0,0,0,0,negative,treat_at_home,0,,recovered
CASE-003391,2025-09-10,Nyagatare,Karangazi,CHW-NYG-02-01,37,female,38.8,4,0,0,0,0,0,negative,refer,1,10.0,recovered
CASE-003392,2025-09-10,Nyagatare,Matimba,CHW-NYG-04-04,45,male,38.3,1,0,0,1,0,0,positive,urgent_refer,1,5.4,complication
CASE-003393,2025-09-10,Nyagatare,Rwimiyaga,CHW-NYG-03-01,54,female,38.3,3,0,0,0,0,0,negative,treat_at_home,0,,recovered
CASE-003394,2025-09-10,Nyagatare,Rwimiyaga,CHW-NYG-03-04,58,female,38.6,4,0,0,0,0,0,positive,treat_at_home,0,,recovered
CASE-003395,2025-09-10,Rusizi,Bugarama,CHW-RUS-02-01,7,male,38.3,2,0,0,1,0,0,positive,urgent_refer,0,,recovered
CASE-003396,2025-09-11,Bugesera,Mareba,CHW-BUG-04-04,56,male,38.5,1,0,0,0,0,0,positive,treat_at_home,0,,recovered
CASE-003397,2025-09-11,Gisagara,Gisagara,CHW-GIS-01-02,155,male,37.8,7,0,0,0,0,0,positive,treat_at_home,0,,recovered
CASE-003398,2025-09-11,Kirehe,Kirehe,CHW-KIR-01-03,51,male,37.9,1,0,0,0,0,0,negative,treat_at_home,0,,recovered
CASE-003399,2025-09-11,Kirehe,Mahama,CHW-KIR-03-03,39,female,38.3,2,0,0,0,0,0,negative,treat_at_home,0,,recovered
CASE-003400,2025-09-11,Nyagatare,Katabagemu,CHW-NYG-06-02,6,female,38.4,1,0,0,0,0,0,positive,treat_at_home,0,,recovered
CASE-003401,2025-09-11,Rusizi,Kamembe,CHW-RUS-01-01,57,female,36.6,0,0,0,0,0,0,negative,treat_at_home,0,,recovered
CASE-003402,2025-09-12,Bugesera,Mareba,CHW-BUG-04-03,46,female,38.9,5,0,0,0,0,0,negative,refer,1,10.9,recovered
CASE-003403,2025-09-12,Bugesera,Nyamata,CHW-BUG-01-02,12,female,38.9,3,0,1,0,1,0,positive,urgent_refer,1,6.3,recovered
CASE-003404,2025-09-12,Bugesera,Nyamata,CHW-BUG-01-02,46,male,38.3,2,0,0,0,0,0,positive,treat_at_home,0,,recovered
CASE-003405,2025-09-12,Gisagara,Kibirizi,CHW-GIS-03-01,5,female,38.0,2,0,0,0,0,0,positive,treat_at_home,0,,recovered
CASE-003406,2025-09-12,Gisagara,Kibirizi,CHW-GIS-03-03,522,female,38.4,1,0,0,0,0,0,positive,treat_at_home,0,,recovered
CASE-003407,2025-09-12,Gisagara,Kibirizi,CHW-GIS-03-03,40,male,38.3,2,0,0,0,0,0,negative,treat_at_home,0,,recovered
CASE-003408,2025-09-12,Gisagara,Save,CHW-GIS-02-02,16,female,39.4,6,0,0,0,0,0,positive,treat_at_home,0,,recovered
CASE-003409,2025-09-12,Nyagatare,Karangazi,CHW-NYG-02-02,7,male,37.5,2,0,0,0,0,0,positive,treat_at_home,0,,recovered
CASE-003410,2025-09-12,Nyagatare,Karangazi,CHW-NYG-02-04,520,male,38.9,4,0,0,0,0,0,positive,treat_at_home,0,,recovered
CASE-003411,2025-09-12,Nyagatare,Katabagemu,CHW-NYG-06-01,26,female,37.8,6,0,0,0,0,0,positive,treat_at_home,0,,recovered
CASE-003412,2025-09-12,Nyagatare,Mimuri,CHW-NYG-05-02,45,female,38.5,2,0,0,0,0,0,positive,treat_at_home,0,,recovered
CASE-003413,2025-09-12,Rusizi,Bugarama,CHW-RUS-02-01,10,male,38.7,2,0,0,0,0,0,positive,treat_at_home,0,,recovered
CASE-003414,2025-09-12,Rusizi,Kamembe,CHW-RUS-01-02,92,male,38.6,3,0,0,0,0,0,invalid,refer,1,3.7,recovered
CASE-003415,2025-09-13,Bugesera,Rilima,CHW-BUG-02-03,51,female,38.0,3,0,0,0,0,0,positive,treat_at_home,0,,recovered
CASE-003416,2025-09-13,Gasabo,Kacyiru,CHW-GAS-03-02,50,female,37.6,2,0,1,0,0,0,positive,urgent_refer,1,3.0,recovered
CASE-003417,2025-09-13,Gisagara,Kibirizi,CHW-GIS-03-02,102,male,38.8,4,0,0,0,0,0,negative,refer,1,6.8,recovered
CASE-003418,2025-09-13,Gisagara,Save,CHW-GIS-02-01,12,male,38.4,3,0,0,0,0,0,positive,treat_at_home,0,,recovered
CASE-003419,2025-09-13,Gisagara,Save,CHW-GIS-02-01,5,male,38.3,2,0,0,0,0,0,positive,treat_at_home,0,,recovered
CASE-003420,2025-09-13,Kirehe,Gahara,CHW-KIR-02-02,17,female,38.3,2,0,0,0,0,0,invalid,refer,1,2.6,complication
CASE-003421,2025-09-13,Kirehe,Mahama,CHW-KIR-03-04,33,male,38.1,1,0,0,0,0,0,negative,treat_at_home,0,,recovered
CASE-003422,2025-09-13,Nyagatare,Matimba,CHW-NYG-04-02,207,female,38.0,2,0,0,0,0,0,positive,treat_at_home,0,,recovered
CASE-003423,2025-09-13,Nyagatare,Matimba,CHW-NYG-04-04,126,female,37.8,3,0,0,0,0,0,negative,refer,1,5.4,recovered
CASE-003424,2025-09-13,Nyagatare,Nyagatare,CHW-NYG-01-02,716,female,39.1,3,0,0,0,1,0,negative,urgent_refer,1,4.8,recovered
CASE-003425,2025-09-13,Rusizi,Bugarama,CHW-RUS-02-04,32,male,38.0,6,0,0,0,0,0,positive,treat_at_home,0,,recovered
CASE-003426,2025-09-14,Bugesera,Gashora,CHW-BUG-06-04,41,male,38.2,6,0,0,0,0,0,positive,treat_at_home,0,,recovered
CASE-003427,2025-09-14,Bugesera,Mareba,CHW-BUG-04-01,1,female,38.7,6,1,0,1,0,0,positive,treat_at_home,0,,died
CASE-003428,2025-09-14,Bugesera,Ntarama,CHW-BUG-05-04,253,male,38.2,1,0,0,0,0,0,positive,treat_at_home,0,,recovered
CASE-003429,2025-09-14,Bugesera,Ntarama,CHW-BUG-05-04,10,male,38.7,2,0,0,0,0,0,negative,treat_at_home,0,,recovered
CASE-003430,2025-09-14,Bugesera,Nyamata,CHW-BUG-01-04,58,male,38.3,4,0,0,0,0,0,positive,treat_at_home,0,,recovered
CASE-003431,2025-09-14,Kirehe,Gahara,CHW-KIR-02-03,633,female,36.3,0,0,0,0,0,0,negative,treat_at_home,0,,recovered
CASE-003432,2025-09-14,Kirehe,Mahama,CHW-KIR-03-01,30,male,39.3,1,0,0,0,1,0,negative,urgent_refer,1,7.9,recovered
CASE-003433,2025-09-14,Kirehe,Mahama,CHW-KIR-03-03,30,male,38.6,1,0,0,0,0,0,negative,treat_at_home,0,,recovered
CASE-003434,2025-09-14,Nyagatare,Mimuri,CHW-NYG-05-01,29,female,38.6,6,0,0,0,0,0,positive,treat_at_home,0,,recovered
CASE-003435,2025-09-14,Rusizi,Kamembe,CHW-RUS-01-03,83,female,38.7,2,0,0,0,0,0,positive,treat_at_home,0,,recovered
CASE-003436,2025-09-15,Bugesera,Mareba,CHW-BUG-04-01,147,male,37.9,1,0,0,0,0,0,positive,treat_at_home,0,,recovered
CASE-003437,2025-09-15,Bugesera,Mayange,CHW-BUG-03-03,118,female,38.5,5,0,0,0,0,0,negative,refer,1,9.6,recovered
CASE-003438,2025-09-15,Bugesera,Ntarama,CHW-BUG-05-01,49,male,37.9,2,0,0,0,0,0,positive,treat_at_home,0,,recovered
CASE-003439,2025-09-15,Gisagara,Gisagara,CHW-GIS-01-01,134,female,38.8,2,0,0,0,0,0,negative,treat_at_home,0,,recovered
CASE-003440,2025-09-15,Gisagara,Kibirizi,CHW-GIS-03-03,270,female,39.0,5,0,1,0,0,1,positive,urgent_refer,1,2.7,recovered
CASE-003441,2025-09-15,Nyagatare,Karangazi,CHW-NYG-02-03,71,male,37.9,1,0,0,0,0,0,positive,treat_at_home,0,,recovered
CASE-003442,2025-09-15,Nyagatare,Katabagemu,CHW-NYG-06-01,11,male,38.7,4,0,1,1,0,0,positive,urgent_refer,1,6.3,unknown
CASE-003443,2025-09-15,Nyagatare,Katabagemu,CHW-NYG-06-02,123,female,38.5,3,0,0,0,0,0,positive,treat_at_home,0,,recovered
CASE-003444,2025-09-15,Nyagatare,Katabagemu,CHW-NYG-06-04,49,female,38.9,7,0,0,0,0,0,negative,refer,0,,recovered
CASE-003445,2025-09-15,Nyagatare,Matimba,CHW-NYG-04-04,703,male,38.9,2,0,0,0,0,0,negative,treat_at_home,0,,recovered
CASE-003446,2025-09-15,Nyagatare,Rwimiyaga,CHW-NYG-03-02,40,male,38.8,3,0,0,0,0,0,positive,treat_at_home,0,,recovered
CASE-003447,2025-09-15,Rusizi,Gihundwe,CHW-RUS-03-01,159,male,38.6,3,0,0,1,0,1,positive,urgent_refer,0,,recovered
CASE-003448,2025-09-16,Bugesera,Gashora,CHW-BUG-06-02,24,female,38.8,1,0,0,0,0,0,positive,treat_at_home,0,,recovered
CASE-003449,2025-09-16,Gasabo,Remera,CHW-GAS-02-04,705,female,38.3,3,0,0,0,0,0,negative,refer,1,4.1,unknown
CASE-003450,2025-09-16,Gisagara,Kibirizi,CHW-GIS-03-01,12,male,38.0,1,0,0,0,0,0,negative,treat_at_home,0,,recovered
CASE-003451,2025-09-16,Kirehe,Gahara,CHW-KIR-02-04,9,male,39.0,5,0,0,1,0,0,positive,urgent_refer,1,2.2,recovered
CASE-003452,2025-09-16,Kirehe,Mahama,CHW-KIR-03-01,42,female,37.7,1,0,0,0,0,0,negative,treat_at_home,0,,recovered
CASE-003453,2025-09-16,Nyagatare,Karangazi,CHW-NYG-02-03,85,female,38.3,1,0,0,0,0,0,negative,treat_at_home,0,,recovered
CASE-003454,2025-09-16,Nyagatare,Rwimiyaga,CHW-NYG-03-02,35,female,38.5,1,0,0,0,0,0,positive,refer,0,,recovered
CASE-003455,2025-09-17,Bugesera,Mareba,CHW-BUG-04-02,25,male,38.3,1,0,0,0,0,0,positive,treat_at_home,0,,recovered
CASE-003456,2025-09-17,Bugesera,Mareba,CHW-BUG-04-03,97,male,38.4,1,0,0,0,0,0,positive,treat_at_home,0,,recovered
CASE-003457,2025-09-17,Bugesera,Mayange,CHW-BUG-03-01,51,male,38.5,1,0,0,0,0,0,positive,treat_at_home,0,,recovered
CASE-003458,2025-09-17,Bugesera,Nyamata,CHW-BUG-01-04,155,female,38.4,2,0,0,0,0,0,positive,treat_at_home,0,,recovered
CASE-003459,2025-09-17,Bugesera,Rilima,CHW-BUG-02-01,36,female,38.3,2,0,0,0,0,0,invalid,refer,1,3.7,recovered
CASE-003460,2025-09-17,Gasabo,Kacyiru,CHW-GAS-03-03,42,female,38.0,1,0,0,0,0,0,negative,treat_at_home,0,,recovered
CASE-003461,2025-09-17,Gisagara,Gisagara,CHW-GIS-01-03,79,male,36.4,0,0,0,0,0,0,negative,treat_at_home,0,,recovered
CASE-003462,2025-09-17,Gisagara,Kibirizi,CHW-GIS-03-03,164,male,38.8,2,0,0,0,0,0,positive,treat_at_home,0,,recovered
CASE-003463,2025-09-17,Kirehe,Mahama,CHW-KIR-03-03,41,male,39.1,1,0,1,0,1,0,positive,refer,1,13.5,recovered
CASE-003464,2025-09-17,Nyagatare,Matimba,CHW-NYG-04-03,12,male,38.6,6,0,0,0,0,0,positive,treat_at_home,0,,recovered
CASE-003465,2025-09-17,Nyagatare,Matimba,CHW-NYG-04-04,34,male,39.1,3,0,0,0,0,0,positive,treat_at_home,0,,recovered
CASE-003466,2025-09-17,Nyagatare,Matimba,CHW-NYG-04-04,58,male,38.6,2,0,0,0,0,0,positive,treat_at_home,0,,recovered
CASE-003467,2025-09-17,Nyagatare,Nyagatare,CHW-NYG-01-02,2,female,38.5,3,0,0,0,0,0,positive,treat_at_home,0,,recovered
CASE-003468,2025-09-17,Nyagatare,Nyagatare,CHW-NYG-01-03,59,male,38.2,1,0,0,0,0,0,positive,treat_at_home,0,,recovered
CASE-003469,2025-09-17,Nyagatare,Rwimiyaga,CHW-NYG-03-01,46,female,38.0,2,0,0,0,0,0,positive,treat_at_home,0,,recovered
CASE-003470,2025-09-17,Rusizi,Gihundwe,CHW-RUS-03-04,471,male,38.1,1,0,0,0,0,0,positive,treat_at_home,0,,recovered
CASE-003471,2025-09-17,Rusizi,Kamembe,CHW-RUS-01-02,702,male,38.4,3,0,0,0,0,0,negative,refer,1,6.1,recovered
CASE-003472,2025-09-18,Kirehe,Kirehe,CHW-KIR-01-03,156,female,38.1,2,0,0,0,0,0,negative,treat_at_home,0,,recovered
CASE-003473,2025-09-18,Kirehe,Mahama,CHW-KIR-03-01,298,male,38.9,1,0,0,0,0,0,positive,treat_at_home,0,,recovered
CASE-003474,2025-09-18,Nyagatare,Katabagemu,CHW-NYG-06-03,13,female,38.2,2,0,0,0,0,0,negative,treat_at_home,0,,recovered
CASE-003475,2025-09-18,Nyagatare,Rwimiyaga,CHW-NYG-03-04,23,male,38.8,3,0,0,0,0,0,invalid,refer,1,9.5,recovered
CASE-003476,2025-09-19,Bugesera,Mayange,CHW-BUG-03-04,13,female,38.4,2,0,0,0,0,0,positive,treat_at_home,0,,recovered
CASE-003477,2025-09-19,Bugesera,Nyamata,CHW-BUG-01-02,117,female,38.7,1,0,0,0,1,0,negative,urgent_refer,1,3.7,recovered
CASE-003478,2025-09-19,Bugesera,Rilima,CHW-BUG-02-02,26,female,38.6,1,0,0,0,0,0,positive,treat_at_home,0,,recovered
CASE-003479,2025-09-19,Bugesera,Rilima,CHW-BUG-02-03,56,male,39.0,2,0,0,0,0,0,positive,treat_at_home,0,,recovered
CASE-003480,2025-09-19,Gasabo,Kimironko,CHW-GAS-01-02,37,female,38.2,2,0,0,0,0,0,positive,treat_at_home,0,,recovered
CASE-003481,2025-09-19,Gasabo,Remera,CHW-GAS-02-04,50,female,38.1,1,0,0,1,0,0,positive,urgent_refer,1,2.5,recovered
CASE-003482,2025-09-19,Kirehe,Gahara,CHW-KIR-02-03,442,male,38.4,2,0,0,1,1,0,positive,treat_at_home,0,,unknown
CASE-003483,2025-09-19,Kirehe,Kirehe,CHW-KIR-01-02,78,female,38.4,2,0,0,0,0,0,positive,treat_at_home,0,,recovered
CASE-003484,2025-09-19,Nyagatare,Karangazi,CHW-NYG-02-01,29,female,38.2,1,0,0,0,0,0,negative,treat_at_home,0,,recovered
CASE-003485,2025-09-19,Nyagatare,Katabagemu,CHW-NYG-06-03,49,female,38.0,2,0,0,0,0,0,negative,treat_at_home,0,,recovered
CASE-003486,2025-09-19,Nyagatare,Matimba,CHW-NYG-04-02,250,female,38.5,2,0,0,0,0,0,negative,treat_at_home,0,,recovered
CASE-003487,2025-09-19,Nyagatare,Nyagatare,CHW-NYG-01-04,165,male,38.8,5,0,0,0,0,0,negative,refer,1,6.4,recovered
CASE-003488,2025-09-19,Nyagatare,Rwimiyaga,CHW-NYG-03-02,12,male,38.2,4,0,0,0,0,0,positive,treat_at_home,0,,recovered
CASE-003489,2025-09-19,Rusizi,Gihundwe,CHW-RUS-03-04,629,female,37.9,1,0,0,0,0,0,negative,treat_at_home,0,,recovered
CASE-003490,2025-09-20,Bugesera,Gashora,CHW-BUG-06-03,374,male,38.3,3,0,0,0,0,0,negative,refer,1,9.3,recovered
CASE-003491,2025-09-20,Gasabo,Kimironko,CHW-GAS-01-03,534,female,38.4,3,0,0,0,0,0,positive,treat_at_home,0,,recovered
CASE-003492,2025-09-20,Gisagara,Gisagara,CHW-GIS-01-04,138,female,38.1,3,0,0,0,0,0,negative,refer,0,,recovered
CASE-003493,2025-09-20,Gisagara,Save,CHW-GIS-02-01,185,female,37.8,3,0,0,0,0,0,positive,treat_at_home,0,,recovered
CASE-003494,2025-09-20,Kirehe,Kirehe,CHW-KIR-01-03,4,male,39.1,1,0,1,1,0,0,positive,urgent_refer,1,3.2,recovered
CASE-003495,2025-09-20,Kirehe,Kirehe,CHW-KIR-01-04,173,male,36.6,0,0,0,0,0,0,positive,treat_at_home,0,,recovered
CASE-003496,2025-09-20,Nyagatare,Katabagemu,CHW-NYG-06-03,48,male,36.7,0,0,0,0,0,0,positive,treat_at_home,0,,recovered
CASE-003497,2025-09-20,Nyagatare,Nyagatare,CHW-NYG-01-04,2,female,38.3,1,0,0,0,0,0,negative,treat_at_home,0,,recovered
CASE-003498,2025-09-21,Bugesera,Gashora,CHW-BUG-06-01,75,female,37.5,3,0,0,0,0,0,positive,treat_at_home,0,,recovered
CASE-003499,2025-09-21,Bugesera,Mayange,CHW-BUG-03-04,69,male,37.0,0,0,0,1,0,0,negative,urgent_refer,1,2.5,recovered
CASE-003500,2025-09-21,Bugesera,Nyamata,CHW-BUG-01-01,59,female,37.9,2,0,0,0,0,0,positive,treat_at_home,0,,recovered
CASE-003501,2025-09-21,Gisagara,Save,CHW-GIS-02-01,676,female,38.4,2,0,0,1,0,0,negative,urgent_refer,1,3.6,recovered
CASE-003502,2025-09-21,Gisagara,Save,CHW-GIS-02-02,5,female,39.1,4,0,1,1,0,0,invalid,urgent_refer,1,9.0,recovered
CASE-003503,2025-09-21,Kirehe,Gahara,CHW-KIR-02-01,16,female,38.8,4,0,0,0,0,0,positive,treat_at_home,0,,recovered
CASE-003504,2025-09-21,Kirehe,Mahama,CHW-KIR-03-01,125,male,38.9,1,0,0,0,0,0,negative,treat_at_home,0,,recovered
CASE-003505,2025-09-21,Kirehe,Mahama,CHW-KIR-03-02,18,male,38.8,1,0,0,0,0,0,positive,treat_at_home,0,,recovered
CASE-003506,2025-09-21,Nyagatare,Nyagatare,CHW-NYG-01-03,0,female,38.8,2,0,0,0,0,0,negative,urgent_refer,1,3.5,recovered
CASE-003507,2025-09-21,Rusizi,Bugarama,CHW-RUS-02-03,2,female,38.5,2,0,0,0,0,0,positive,treat_at_home,0,,recovered
CASE-003508,2025-09-21,Rusizi,Gihundwe,CHW-RUS-03-04,1,male,38.9,2,0,0,0,0,0,positive,urgent_refer,1,4.0,recovered
CASE-003509,2025-09-22,Bugesera,Gashora,CHW-BUG-06-03,13,male,38.8,3,0,0,0,0,0,negative,refer,1,7.0,recovered
CASE-003510,2025-09-22,Bugesera,Mareba,CHW-BUG-04-02,36,male,37.8,1,0,0,0,0,0,positive,treat_at_home,0,,recovered
CASE-003511,2025-09-22,Gasabo,Kimironko,CHW-GAS-01-02,44,male,38.8,2,0,0,0,0,0,positive,treat_at_home,0,,recovered
CASE-003512,2025-09-22,Kirehe,Gahara,CHW-KIR-02-02,442,male,38.6,2,0,0,0,0,0,negative,treat_at_home,0,,recovered
CASE-003513,2025-09-22,Kirehe,Gahara,CHW-KIR-02-03,8,male,38.8,3,0,0,0,0,0,negative,refer,1,24.0,recovered
CASE-003514,2025-09-22,Kirehe,Mahama,CHW-KIR-03-02,29,male,38.9,2,0,0,0,0,0,positive,treat_at_home,0,,recovered
CASE-003515,2025-09-22,Nyagatare,Karangazi,CHW-NYG-02-04,157,female,38.6,4,0,0,0,0,0,negative,refer,1,6.9,recovered
CASE-003516,2025-09-22,Nyagatare,Matimba,CHW-NYG-04-02,88,female,38.7,1,0,0,0,0,0,positive,treat_at_home,0,,recovered
CASE-003517,2025-09-22,Nyagatare,Rwimiyaga,CHW-NYG-03-04,149,male,38.7,1,0,0,0,0,0,positive,treat_at_home,0,,recovered
CASE-003518,2025-09-22,Rusizi,Gihundwe,CHW-RUS-03-01,53,female,38.5,6,0,0,0,0,0,negative,refer,1,3.4,recovered
CASE-003519,2025-09-22,Rusizi,Kamembe,CHW-RUS-01-01,69,female,37.9,1,0,0,0,0,0,positive,treat_at_home,0,,recovered
CASE-003520,2025-09-23,Bugesera,Gashora,CHW-BUG-06-03,92,female,38.3,3,0,0,0,0,0,negative,refer,1,5.6,recovered
CASE-003521,2025-09-23,Bugesera,Nyamata,CHW-BUG-01-02,136,male,38.3,2,0,0,0,0,0,negative,treat_at_home,0,,recovered
CASE-003522,2025-09-23,Gasabo,Remera,CHW-GAS-02-02,24,male,37.8,1,0,0,0,0,0,negative,treat_at_home,0,,recovered
CASE-003523,2025-09-23,Nyagatare,Karangazi,CHW-NYG-02-02,178,male,37.1,0,0,0,0,0,0,positive,treat_at_home,0,,recovered
CASE-003524,2025-09-23,Nyagatare,Matimba,CHW-NYG-04-01,51,female,36.7,0,0,0,0,0,0,negative,treat_at_home,0,,recovered
CASE-003525,2025-09-23,Nyagatare,Mimuri,CHW-NYG-05-03,57,male,38.4,1,0,0,0,0,0,negative,treat_at_home,0,,recovered
CASE-003526,2025-09-23,Nyagatare,Nyagatare,CHW-NYG-01-02,4,female,38.3,1,0,0,0,0,0,invalid,refer,1,4.8,recovered
CASE-003527,2025-09-23,Nyagatare,Nyagatare,CHW-NYG-01-03,577,male,38.5,2,0,0,0,0,0,positive,treat_at_home,0,,recovered
CASE-003528,2025-09-23,Rusizi,Bugarama,CHW-RUS-02-04,4,female,38.8,3,0,0,0,0,0,positive,treat_at_home,0,,recovered
CASE-003529,2025-09-23,Rusizi,Kamembe,CHW-RUS-01-02,28,female,38.6,2,0,0,0,0,0,positive,treat_at_home,0,,recovered
CASE-003530,2025-09-24,Gisagara,Save,CHW-GIS-02-04,29,female,39.7,4,0,0,0,0,0,positive,treat_at_home,0,,recovered
CASE-003531,2025-09-24,Nyagatare,Rwimiyaga,CHW-NYG-03-01,509,female,36.8,0,0,0,0,0,0,negative,treat_at_home,0,,recovered
CASE-003532,2025-09-24,Nyagatare,Rwimiyaga,CHW-NYG-03-01,20,female,38.8,6,1,0,0,0,0,positive,urgent_refer,1,8.4,recovered
CASE-003533,2025-09-24,Rusizi,Bugarama,CHW-RUS-02-04,343,female,39.2,2,0,1,0,0,0,negative,urgent_refer,0,,recovered
CASE-003534,2025-09-24,Rusizi,Gihundwe,CHW-RUS-03-01,575,male,38.0,2,0,0,0,0,1,positive,urgent_refer,1,4.5,recovered
CASE-003535,2025-09-24,Rusizi,Kamembe,CHW-RUS-01-01,31,male,38.9,2,0,0,0,0,0,negative,refer,1,5.4,recovered
CASE-003536,2025-09-25,Gasabo,Remera,CHW-GAS-02-03,49,male,38.0,1,0,0,0,0,0,negative,treat_at_home,0,,recovered
CASE-003537,2025-09-25,Gisagara,Kibirizi,CHW-GIS-03-01,145,female,36.6,0,0,0,0,0,0,negative,treat_at_home,0,,recovered
CASE-003538,2025-09-25,Gisagara,Save,CHW-GIS-02-02,200,male,38.4,2,0,0,0,0,0,positive,treat_at_home,0,,recovered
CASE-003539,2025-09-25,Nyagatare,Katabagemu,CHW-NYG-06-04,667,female,38.2,2,0,0,0,0,0,positive,treat_at_home,0,,recovered
CASE-003540,2025-09-25,Nyagatare,Matimba,CHW-NYG-04-01,276,female,38.5,2,0,0,0,0,0,positive,treat_at_home,0,,recovered
CASE-003541,2025-09-26,Gisagara,Save,CHW-GIS-02-04,50,female,38.5,1,0,0,0,0,0,positive,treat_at_home,0,,recovered
CASE-003542,2025-09-26,Kirehe,Gahara,CHW-KIR-02-01,51,male,38.8,2,0,0,0,0,0,positive,treat_at_home,0,,recovered
CASE-003543,2025-09-26,Kirehe,Gahara,CHW-KIR-02-04,36,female,38.1,1,0,0,0,0,0,negative,treat_at_home,0,,recovered
CASE-003544,2025-09-26,Nyagatare,Karangazi,CHW-NYG-02-04,45,female,38.1,3,0,0,0,0,0,positive,treat_at_home,0,,complication
CASE-003545,2025-09-26,Nyagatare,Nyagatare,CHW-NYG-01-02,104,female,38.8,2,0,1,0,1,0,positive,urgent_refer,1,3.0,recovered
CASE-003546,2025-09-26,Nyagatare,Rwimiyaga,CHW-NYG-03-04,19,female,38.1,1,0,0,0,0,0,negative,treat_at_home,0,,recovered
CASE-003547,2025-09-27,Bugesera,Gashora,CHW-BUG-06-03,531,male,38.1,1,0,0,0,0,0,positive,refer,1,15.5,recovered
CASE-003548,2025-09-27,Bugesera,Gashora,CHW-BUG-06-03,667,male,38.0,2,0,0,0,0,0,negative,treat_at_home,0,,recovered
CASE-003549,2025-09-27,Gasabo,Kacyiru,CHW-GAS-03-02,151,male,38.2,1,1,0,0,0,0,negative,urgent_refer,1,1.9,recovered
CASE-003550,2025-09-27,Gisagara,Kibirizi,CHW-GIS-03-03,161,female,38.6,2,0,0,0,0,0,positive,treat_at_home,0,,recovered
CASE-003551,2025-09-27,Kirehe,Mahama,CHW-KIR-03-01,111,male,38.1,1,0,0,0,0,0,positive,treat_at_home,0,,recovered
CASE-003552,2025-09-27,Kirehe,Mahama,CHW-KIR-03-03,12,male,38.5,4,0,0,0,0,0,positive,treat_at_home,0,,recovered
CASE-003553,2025-09-28,Bugesera,Gashora,CHW-BUG-06-03,656,male,38.7,3,0,0,0,0,0,negative,refer,0,,recovered
CASE-003554,2025-09-28,Gasabo,Kimironko,CHW-GAS-01-02,12,female,39.5,1,0,0,0,0,0,negative,treat_at_home,0,,recovered
CASE-003555,2025-09-28,Gasabo,Remera,CHW-GAS-02-04,42,male,38.4,2,0,0,0,0,0,negative,refer,1,5.3,recovered
CASE-003556,2025-09-28,Gisagara,Gisagara,CHW-GIS-01-01,26,female,39.2,2,0,0,0,0,0,positive,treat_at_home,0,,recovered
CASE-003557,2025-09-28,Gisagara,Save,CHW-GIS-02-01,247,male,38.4,2,0,0,0,0,0,positive,treat_at_home,0,,recovered
CASE-003558,2025-09-28,Nyagatare,Rwimiyaga,CHW-NYG-03-02,26,female,39.2,3,0,0,0,0,0,positive,treat_at_home,0,,recovered
CASE-003559,2025-09-28,Rusizi,Bugarama,CHW-RUS-02-03,44,male,36.8,0,0,0,0,0,0,negative,treat_at_home,0,,recovered
CASE-003560,2025-09-29,Bugesera,Rilima,CHW-BUG-02-01,23,male,38.7,4,0,0,0,0,0,negative,refer,1,6.2,recovered
CASE-003561,2025-09-29,Gisagara,Save,CHW-GIS-02-01,126,male,38.8,3,0,0,0,0,0,invalid,refer,1,4.1,recovered
CASE-003562,2025-09-29,Kirehe,Kirehe,CHW-KIR-01-03,35,male,38.9,5,0,0,0,0,0,negative,refer,1,3.5,recovered
CASE-003563,2025-09-29,Kirehe,Mahama,CHW-KIR-03-03,64,male,38.7,2,0,0,0,0,0,negative,treat_at_home,0,,recovered
CASE-003564,2025-09-29,Nyagatare,Karangazi,CHW-NYG-02-02,83,male,37.7,2,0,0,0,0,0,positive,treat_at_home,0,,recovered
CASE-003565,2025-09-29,Nyagatare,Katabagemu,CHW-NYG-06-01,103,female,39.1,2,0,0,0,0,0,invalid,refer,1,10.7,recovered
CASE-003566,2025-09-29,Nyagatare,Mimuri,CHW-NYG-05-02,56,male,38.3,1,0,0,0,0,0,positive,treat_at_home,0,,recovered
CASE-003567,2025-09-29,Nyagatare,Rwimiyaga,CHW-NYG-03-01,47,male,37.9,1,0,0,0,0,0,negative,treat_at_home,0,,recovered
CASE-003568,2025-09-30,Bugesera,Mareba,CHW-BUG-04-03,144,male,38.4,2,0,0,0,0,0,positive,treat_at_home,0,,recovered
CASE-003569,2025-09-30,Gisagara,Save,CHW-GIS-02-01,179,male,38.1,2,0,0,0,0,0,positive,treat_at_home,0,,recovered
CASE-003570,2025-09-30,Nyagatare,Katabagemu,CHW-NYG-06-02,11,female,38.4,3,0,0,0,0,0,positive,treat_at_home,0,,recovered
CASE-003571,2025-09-30,Nyagatare,Matimba,CHW-NYG-04-03,52,male,37.9,3,0,0,0,0,0,invalid,refer,1,5.0,recovered
CASE-003572,2025-09-30,Nyagatare,Matimba,CHW-NYG-04-03,99,male,38.6,5,0,0,0,0,0,negative,refer,1,4.0,recovered
CASE-003573,2025-09-30,Nyagatare,Nyagatare,CHW-NYG-01-02,11,female,38.3,5,0,0,0,0,0,positive,treat_at_home,0,,recovered
CASE-003574,2025-09-30,Nyagatare,Nyagatare,CHW-NYG-01-02,27,female,38.0,1,0,0,0,0,0,positive,treat_at_home,0,,recovered
CASE-003575,2025-09-30,Nyagatare,Rwimiyaga,CHW-NYG-03-02,0,female,38.1,3,1,0,0,0,1,positive,urgent_refer,1,4.5,recovered
CASE-003576,2025-09-30,Rusizi,Gihundwe,CHW-RUS-03-03,14,male,39.4,5,1,0,0,0,0,positive,urgent_refer,1,3.3,recovered
CASE-003577,2025-09-30,Rusizi,Kamembe,CHW-RUS-01-01,55,female,38.8,1,0,0,0,0,0,positive,treat_at_home,0,,recovered
CASE-003578,2025-10-01,Bugesera,Gashora,CHW-BUG-06-02,2,male,37.0,0,0,0,0,0,0,negative,treat_at_home,0,,recovered
CASE-003579,2025-10-01,Bugesera,Gashora,CHW-BUG-06-04,40,female,39.0,3,0,0,0,0,0,positive,treat_at_home,0,,recovered
CASE-003580,2025-10-01,Bugesera,Mareba,CHW-BUG-04-01,135,male,38.1,2,0,0,0,0,0,positive,treat_at_home,0,,recovered
CASE-003581,2025-10-01,Bugesera,Mareba,CHW-BUG-04-01,22,female,37.6,0,0,1,0,0,1,negative,urgent_refer,1,5.0,recovered
CASE-003582,2025-10-01,Kirehe,Gahara,CHW-KIR-02-02,30,male,38.4,3,0,0,0,0,0,positive,treat_at_home,0,,recovered
CASE-003583,2025-10-01,Kirehe,Kirehe,CHW-KIR-01-02,59,male,37.3,0,0,0,0,0,0,negative,treat_at_home,0,,recovered
CASE-003584,2025-10-01,Kirehe,Kirehe,CHW-KIR-01-04,15,male,36.2,0,0,0,0,0,0,negative,treat_at_home,0,,recovered
CASE-003585,2025-10-01,Nyagatare,Karangazi,CHW-NYG-02-03,54,female,38.2,1,0,0,0,0,0,positive,treat_at_home,0,,recovered
CASE-003586,2025-10-01,Nyagatare,Katabagemu,CHW-NYG-06-04,0,male,38.6,4,0,0,0,0,0,invalid,urgent_refer,1,5.9,recovered
CASE-003587,2025-10-01,Nyagatare,Nyagatare,CHW-NYG-01-02,79,female,38.6,2,0,0,0,0,0,positive,treat_at_home,0,,recovered
CASE-003588,2025-10-01,Nyagatare,Nyagatare,CHW-NYG-01-02,280,female,39.0,2,0,0,0,0,0,negative,treat_at_home,0,,recovered
CASE-003589,2025-10-02,Bugesera,Mareba,CHW-BUG-04-02,147,male,38.2,2,0,0,0,0,0,positive,treat_at_home,0,,recovered
CASE-003590,2025-10-02,Bugesera,Mareba,CHW-BUG-04-02,96,male,38.1,3,0,0,0,0,0,positive,treat_at_home,0,,recovered
CASE-003591,2025-10-02,Bugesera,Ntarama,CHW-BUG-05-01,12,male,38.3,1,1,0,0,0,0,positive,urgent_refer,0,,complication
CASE-003592,2025-10-02,Bugesera,Nyamata,CHW-BUG-01-03,88,female,38.2,4,0,0,0,0,0,positive,treat_at_home,0,,died
CASE-003593,2025-10-02,Bugesera,Rilima,CHW-BUG-02-04,37,male,36.6,0,0,0,0,0,0,negative,treat_at_home,0,,recovered
CASE-003594,2025-10-02,Gasabo,Kacyiru,CHW-GAS-03-03,21,male,38.1,2,0,0,0,0,0,negative,treat_at_home,0,,recovered
CASE-003595,2025-10-02,Gasabo,Remera,CHW-GAS-02-04,139,male,38.6,1,0,0,0,0,0,negative,treat_at_home,0,,recovered
CASE-003596,2025-10-02,Gisagara,Kibirizi,CHW-GIS-03-01,35,female,38.8,2,0,0,0,0,0,positive,treat_at_home,0,,recovered
CASE-003597,2025-10-02,Gisagara,Save,CHW-GIS-02-03,24,female,36.5,0,0,0,0,0,0,negative,treat_at_home,0,,unknown
CASE-003598,2025-10-02,Nyagatare,Karangazi,CHW-NYG-02-04,13,male,38.5,3,0,0,0,0,0,positive,treat_at_home,0,,recovered
CASE-003599,2025-10-02,Nyagatare,Nyagatare,CHW-NYG-01-01,3,male,38.2,6,0,0,0,0,0,positive,treat_at_home,0,,recovered
CASE-003600,2025-10-03,Bugesera,Gashora,CHW-BUG-06-01,86,female,38.6,2,0,0,0,0,0,positive,treat_at_home,0,,recovered
CASE-003601,2025-10-03,Bugesera,Gashora,CHW-BUG-06-01,3,female,38.4,1,0,0,0,0,0,positive,treat_at_home,0,,recovered
CASE-003602,2025-10-03,Bugesera,Gashora,CHW-BUG-06-04,97,female,37.7,1,0,0,0,0,0,positive,treat_at_home,0,,recovered
CASE-003603,2025-10-03,Bugesera,Ntarama,CHW-BUG-05-03,29,female,39.7,4,0,0,0,0,0,positive,treat_at_home,0,,recovered
CASE-003604,2025-10-03,Gasabo,Kacyiru,CHW-GAS-03-02,385,male,37.2,0,0,0,0,0,0,negative,treat_at_home,0,,recovered
CASE-003605,2025-10-03,Kirehe,Kirehe,CHW-KIR-01-02,42,male,38.6,2,0,1,1,0,0,negative,urgent_refer,1,9.2,recovered
CASE-003606,2025-10-03,Kirehe,Kirehe,CHW-KIR-01-04,5,female,38.0,1,0,0,0,0,0,negative,treat_at_home,0,,recovered
CASE-003607,2025-10-03,Kirehe,Kirehe,CHW-KIR-01-04,122,male,38.2,2,0,0,0,0,0,positive,treat_at_home,0,,recovered
CASE-003608,2025-10-03,Kirehe,Mahama,CHW-KIR-03-03,671,male,38.1,2,0,0,0,0,0,positive,treat_at_home,0,,recovered
CASE-003609,2025-10-03,Nyagatare,Mimuri,CHW-NYG-05-04,8,male,38.5,5,0,0,0,0,0,positive,treat_at_home,0,,recovered
CASE-003610,2025-10-03,Nyagatare,Nyagatare,CHW-NYG-01-03,5,female,38.1,2,0,0,0,0,0,negative,treat_at_home,0,,recovered
CASE-003611,2025-10-04,Bugesera,Ntarama,CHW-BUG-05-03,49,male,37.9,1,0,0,0,0,0,positive,treat_at_home,0,,recovered
CASE-003612,2025-10-04,Gasabo,Kacyiru,CHW-GAS-03-03,94,male,38.2,6,0,0,0,0,0,positive,treat_at_home,0,,recovered
CASE-003613,2025-10-04,Gasabo,Kimironko,CHW-GAS-01-02,127,female,38.5,1,0,0,0,0,0,negative,treat_at_home,0,,recovered
CASE-003614,2025-10-04,Gisagara,Save,CHW-GIS-02-04,455,male,38.4,5,0,0,0,0,0,negative,refer,0,,recovered
CASE-003615,2025-10-04,Kirehe,Gahara,CHW-KIR-02-04,55,male,38.2,1,0,0,0,0,0,negative,treat_at_home,0,,recovered
CASE-003616,2025-10-04,Nyagatare,Rwimiyaga,CHW-NYG-03-02,14,female,36.7,0,0,0,0,0,0,negative,treat_at_home,0,,recovered
CASE-003617,2025-10-05,Bugesera,Ntarama,CHW-BUG-05-01,30,female,38.3,1,0,0,0,0,0,negative,treat_at_home,0,,recovered
CASE-003618,2025-10-05,Gisagara,Gisagara,CHW-GIS-01-01,399,female,37.2,1,0,0,0,0,0,invalid,refer,1,3.8,recovered
CASE-003619,2025-10-05,Gisagara,Kibirizi,CHW-GIS-03-02,35,male,38.5,2,0,0,0,0,0,negative,treat_at_home,0,,recovered
CASE-003620,2025-10-05,Kirehe,Gahara,CHW-KIR-02-01,668,male,38.1,1,0,0,0,0,0,negative,treat_at_home,0,,recovered
CASE-003621,2025-10-05,Kirehe,Kirehe,CHW-KIR-01-03,480,male,38.3,4,0,0,0,1,0,positive,urgent_refer,1,4.2,recovered
CASE-003622,2025-10-05,Kirehe,Kirehe,CHW-KIR-01-03,15,male,38.8,2,1,0,0,0,0,positive,urgent_refer,1,5.6,recovered
CASE-003623,2025-10-05,Kirehe,Mahama,CHW-KIR-03-01,17,female,38.5,7,0,0,0,0,0,negative,refer,0,,recovered
CASE-003624,2025-10-05,Kirehe,Mahama,CHW-KIR-03-04,31,female,36.7,0,0,0,0,0,0,negative,treat_at_home,0,,recovered
CASE-003625,2025-10-05,Nyagatare,Karangazi,CHW-NYG-02-04,29,female,39.2,2,0,0,1,0,0,positive,urgent_refer,1,7.8,recovered
CASE-003626,2025-10-05,Nyagatare,Rwimiyaga,CHW-NYG-03-01,692,male,38.1,3,0,0,0,0,0,negative,refer,1,23.8,recovered
CASE-003627,2025-10-05,Rusizi,Bugarama,CHW-RUS-02-02,51,female,37.8,2,0,0,0,0,0,positive,treat_at_home,0,,recovered
CASE-003628,2025-10-05,Rusizi,Gihundwe,CHW-RUS-03-03,32,female,38.6,1,0,0,0,0,0,negative,treat_at_home,0,,recovered
CASE-003629,2025-10-06,Bugesera,Mareba,CHW-BUG-04-03,8,male,36.3,0,0,0,0,0,0,negative,treat_at_home,0,,recovered
CASE-003630,2025-10-06,Bugesera,Ntarama,CHW-BUG-05-02,174,female,36.4,0,0,0,0,0,0,negative,treat_at_home,0,,recovered
CASE-003631,2025-10-06,Bugesera,Rilima,CHW-BUG-02-03,12,female,38.2,7,0,0,0,0,0,positive,treat_at_home,0,,recovered
CASE-003632,2025-10-06,Gasabo,Kimironko,CHW-GAS-01-02,3,female,37.9,2,0,0,0,0,0,negative,treat_at_home,0,,recovered
CASE-003633,2025-10-06,Gasabo,Remera,CHW-GAS-02-01,10,male,38.7,2,0,0,0,0,0,negative,treat_at_home,0,,recovered
CASE-003634,2025-10-06,Gisagara,Kibirizi,CHW-GIS-03-02,46,female,38.0,1,0,0,0,0,0,positive,treat_at_home,0,,recovered
CASE-003635,2025-10-06,Gisagara,Save,CHW-GIS-02-01,20,female,38.2,2,0,0,0,0,0,negative,treat_at_home,0,,recovered
CASE-003636,2025-10-06,Gisagara,Save,CHW-GIS-02-01,443,male,36.6,0,0,0,0,0,0,negative,treat_at_home,0,,recovered
CASE-003637,2025-10-06,Kirehe,Mahama,CHW-KIR-03-01,53,female,37.6,1,0,0,0,0,0,negative,treat_at_home,0,,recovered
CASE-003638,2025-10-06,Kirehe,Mahama,CHW-KIR-03-01,0,male,38.5,2,0,0,0,0,0,negative,urgent_refer,0,,recovered
CASE-003639,2025-10-06,Nyagatare,Karangazi,CHW-NYG-02-01,8,male,36.8,0,0,0,0,1,1,negative,urgent_refer,0,,recovered
CASE-003640,2025-10-06,Nyagatare,Karangazi,CHW-NYG-02-02,36,female,36.9,0,0,0,0,0,0,negative,refer,0,,recovered
CASE-003641,2025-10-06,Nyagatare,Karangazi,CHW-NYG-02-02,59,male,39.0,2,0,0,0,0,0,negative,treat_at_home,0,,recovered
CASE-003642,2025-10-06,Rusizi,Kamembe,CHW-RUS-01-03,59,male,38.7,5,0,0,0,0,0,negative,refer,1,9.4,complication
CASE-003643,2025-10-06,Rusizi,Kamembe,CHW-RUS-01-03,33,female,38.8,4,0,0,0,0,0,negative,refer,0,,recovered
CASE-003644,2025-10-07,Bugesera,Mareba,CHW-BUG-04-04,44,male,38.7,2,0,0,0,0,0,negative,treat_at_home,0,,recovered
CASE-003645,2025-10-07,Bugesera,Ntarama,CHW-BUG-05-02,49,female,38.6,5,0,0,0,0,0,positive,treat_at_home,0,,recovered
CASE-003646,2025-10-07,Bugesera,Ntarama,CHW-BUG-05-03,141,male,36.3,0,0,0,0,0,0,negative,treat_at_home,0,,recovered
CASE-003647,2025-10-07,Bugesera,Nyamata,CHW-BUG-01-01,1,female,38.5,3,0,0,0,0,0,invalid,urgent_refer,1,4.0,recovered
CASE-003648,2025-10-07,Gasabo,Kimironko,CHW-GAS-01-01,67,female,37.8,2,0,0,0,0,0,negative,treat_at_home,0,,recovered
CASE-003649,2025-10-07,Gisagara,Gisagara,CHW-GIS-01-03,28,male,37.9,4,0,0,0,0,0,negative,refer,1,15.7,recovered
CASE-003650,2025-10-07,Nyagatare,Katabagemu,CHW-NYG-06-04,7,male,38.2,2,0,0,0,0,0,positive,treat_at_home,0,,recovered
CASE-003651,2025-10-07,Nyagatare,Matimba,CHW-NYG-04-03,15,female,38.2,2,0,0,0,0,0,positive,treat_at_home,0,,recovered
CASE-003652,2025-10-07,Nyagatare,Matimba,CHW-NYG-04-03,54,male,36.6,0,0,0,0,0,0,negative,treat_at_home,0,,recovered
CASE-003653,2025-10-07,Nyagatare,Nyagatare,CHW-NYG-01-01,41,male,38.9,2,0,0,1,0,0,positive,urgent_refer,1,3.6,recovered
CASE-003654,2025-10-07,Nyagatare,Rwimiyaga,CHW-NYG-03-04,35,male,36.8,0,0,0,0,0,0,negative,treat_at_home,0,,recovered
CASE-003655,2025-10-07,Rusizi,Gihundwe,CHW-RUS-03-04,43,male,36.6,0,0,0,0,0,0,negative,treat_at_home,0,,recovered
CASE-003656,2025-10-07,Rusizi,Kamembe,CHW-RUS-01-04,30,male,38.2,1,0,0,0,0,0,positive,treat_at_home,0,,recovered
CASE-003657,2025-10-08,Bugesera,Rilima,CHW-BUG-02-03,26,male,39.1,1,0,0,0,0,0,positive,treat_at_home,0,,recovered
CASE-003658,2025-10-08,Kirehe,Kirehe,CHW-KIR-01-01,34,female,38.9,1,0,0,0,0,0,negative,treat_at_home,0,,recovered
CASE-003659,2025-10-08,Nyagatare,Nyagatare,CHW-NYG-01-02,29,female,39.2,1,0,0,0,0,0,negative,treat_at_home,0,,recovered
CASE-003660,2025-10-08,Nyagatare,Rwimiyaga,CHW-NYG-03-01,14,female,38.0,2,0,1,0,0,0,negative,urgent_refer,1,8.3,recovered
CASE-003661,2025-10-09,Bugesera,Ntarama,CHW-BUG-05-04,34,female,36.7,0,0,0,0,0,0,negative,treat_at_home,0,,recovered
CASE-003662,2025-10-09,Bugesera,Nyamata,CHW-BUG-01-03,152,male,38.9,1,0,0,0,0,0,invalid,refer,1,5.2,recovered
CASE-003663,2025-10-09,Gasabo,Kacyiru,CHW-GAS-03-01,178,male,38.7,3,0,0,0,0,0,negative,refer,1,3.3,recovered
CASE-003664,2025-10-09,Gisagara,Gisagara,CHW-GIS-01-03,46,male,38.5,1,0,0,0,0,0,negative,treat_at_home,0,,recovered
CASE-003665,2025-10-09,Kirehe,Gahara,CHW-KIR-02-02,58,female,38.1,2,0,0,0,0,0,negative,treat_at_home,0,,recovered
CASE-003666,2025-10-09,Nyagatare,Karangazi,CHW-NYG-02-03,524,male,39.2,3,0,0,0,0,0,positive,treat_at_home,0,,recovered
CASE-003667,2025-10-09,Nyagatare,Katabagemu,CHW-NYG-06-01,288,male,38.3,2,0,0,0,0,0,negative,treat_at_home,0,,recovered
CASE-003668,2025-10-09,Nyagatare,Matimba,CHW-NYG-04-04,163,male,39.0,3,0,0,0,0,0,positive,treat_at_home,0,,recovered
CASE-003669,2025-10-09,Nyagatare,Rwimiyaga,CHW-NYG-03-02,32,female,38.4,1,0,0,0,0,0,negative,treat_at_home,0,,recovered
CASE-003670,2025-10-09,Rusizi,Gihundwe,CHW-RUS-03-04,26,female,38.0,2,0,0,0,0,0,negative,treat_at_home,0,,recovered
CASE-003671,2025-10-10,Bugesera,Gashora,CHW-BUG-06-01,283,male,37.9,1,0,0,0,0,0,positive,treat_at_home,0,,recovered
CASE-003672,2025-10-10,Bugesera,Mayange,CHW-BUG-03-04,124,female,38.1,4,0,0,0,0,0,positive,treat_at_home,0,,recovered
CASE-003673,2025-10-10,Bugesera,Nyamata,CHW-BUG-01-04,169,female,38.4,1,0,0,0,0,0,positive,treat_at_home,0,,recovered
CASE-003674,2025-10-10,Kirehe,Mahama,CHW-KIR-03-03,73,female,38.3,1,0,0,0,0,0,negative,treat_at_home,0,,recovered
CASE-003675,2025-10-10,Nyagatare,Karangazi,CHW-NYG-02-01,20,male,39.1,2,0,0,0,0,0,positive,treat_at_home,0,,recovered
CASE-003676,2025-10-10,Nyagatare,Karangazi,CHW-NYG-02-04,648,female,38.4,3,0,0,0,0,0,negative,refer,0,,recovered
CASE-003677,2025-10-10,Nyagatare,Matimba,CHW-NYG-04-04,404,female,38.4,5,0,0,0,0,0,positive,treat_at_home,0,,recovered
CASE-003678,2025-10-10,Nyagatare,Mimuri,CHW-NYG-05-03,37,female,38.3,2,0,0,0,0,0,positive,treat_at_home,0,,recovered
CASE-003679,2025-10-10,Nyagatare,Nyagatare,CHW-NYG-01-04,642,male,38.6,1,0,0,0,0,0,positive,treat_at_home,0,,recovered
CASE-003680,2025-10-11,Bugesera,Gashora,CHW-BUG-06-02,156,male,38.3,2,0,0,0,0,0,negative,treat_at_home,0,,unknown
CASE-003681,2025-10-11,Bugesera,Mareba,CHW-BUG-04-01,101,male,38.6,1,0,0,0,0,0,negative,treat_at_home,0,,recovered
CASE-003682,2025-10-11,Bugesera,Mareba,CHW-BUG-04-03,20,female,38.3,2,0,0,0,0,0,positive,treat_at_home,0,,recovered
CASE-003683,2025-10-11,Bugesera,Ntarama,CHW-BUG-05-01,133,female,39.2,3,0,0,0,0,0,negative,refer,0,,recovered
CASE-003684,2025-10-11,Bugesera,Nyamata,CHW-BUG-01-03,35,female,38.8,1,0,0,0,0,0,negative,treat_at_home,0,,recovered
CASE-003685,2025-10-11,Gasabo,Remera,CHW-GAS-02-01,176,female,37.8,1,0,0,0,0,0,negative,treat_at_home,0,,complication
CASE-003686,2025-10-11,Gisagara,Kibirizi,CHW-GIS-03-01,2,male,38.4,1,0,1,0,0,0,positive,urgent_refer,1,4.4,recovered
CASE-003687,2025-10-11,Gisagara,Kibirizi,CHW-GIS-03-01,5,male,39.0,3,0,0,0,0,0,invalid,refer,1,5.8,recovered
CASE-003688,2025-10-11,Gisagara,Save,CHW-GIS-02-01,14,male,37.9,1,0,1,1,0,0,positive,refer,1,5.0,recovered
CASE-003689,2025-10-11,Kirehe,Gahara,CHW-KIR-02-02,40,female,38.2,3,0,0,0,0,0,negative,refer,1,8.0,recovered
CASE-003690,2025-10-11,Kirehe,Gahara,CHW-KIR-02-04,28,female,38.1,2,0,0,0,0,0,positive,treat_at_home,0,,recovered
CASE-003691,2025-10-11,Nyagatare,Karangazi,CHW-NYG-02-01,23,male,39.2,4,0,0,0,0,0,positive,treat_at_home,0,,recovered
CASE-003692,2025-10-11,Nyagatare,Karangazi,CHW-NYG-02-02,81,male,36.2,0,0,0,0,0,0,negative,treat_at_home,0,,recovered
CASE-003693,2025-10-11,Nyagatare,Katabagemu,CHW-NYG-06-02,95,male,38.7,4,0,0,0,0,0,positive,treat_at_home,0,,recovered
CASE-003694,2025-10-11,Rusizi,Kamembe,CHW-RUS-01-03,396,female,38.1,1,0,0,0,0,0,positive,treat_at_home,0,,recovered
CASE-003695,2025-10-12,Bugesera,Mayange,CHW-BUG-03-04,253,male,36.9,0,1,1,0,0,0,negative,refer,1,12.1,recovered
CASE-003696,2025-10-12,Bugesera,Mayange,CHW-BUG-03-04,444,male,38.3,2,0,0,0,0,0,positive,treat_at_home,0,,recovered
CASE-003697,2025-10-12,Nyagatare,Mimuri,CHW-NYG-05-01,46,female,37.3,1,0,0,0,0,0,positive,treat_at_home,0,,recovered
CASE-003698,2025-10-13,Bugesera,Mareba,CHW-BUG-04-01,46,female,38.1,1,0,0,0,0,0,negative,treat_at_home,0,,recovered
CASE-003699,2025-10-13,Bugesera,Mayange,CHW-BUG-03-03,291,female,38.6,2,0,0,0,0,0,positive,treat_at_home,0,,recovered
CASE-003700,2025-10-13,Gasabo,Kimironko,CHW-GAS-01-02,35,male,38.4,2,0,0,0,0,0,negative,treat_at_home,0,,recovered
CASE-003701,2025-10-13,Gasabo,Kimironko,CHW-GAS-01-03,58,female,38.0,2,1,0,0,0,0,positive,urgent_refer,1,3.2,recovered
CASE-003702,2025-10-13,Gisagara,Gisagara,CHW-GIS-01-02,23,female,39.4,5,0,0,1,1,0,negative,urgent_refer,1,4.9,recovered
CASE-003703,2025-10-13,Gisagara,Kibirizi,CHW-GIS-03-01,48,male,38.1,2,0,0,0,0,0,positive,treat_at_home,0,,recovered
CASE-003704,2025-10-13,Kirehe,Kirehe,CHW-KIR-01-04,39,female,38.7,3,0,0,0,0,0,negative,refer,1,8.4,recovered
CASE-003705,2025-10-13,Kirehe,Mahama,CHW-KIR-03-02,13,female,38.7,2,0,0,0,0,0,positive,treat_at_home,0,,recovered
CASE-003706,2025-10-13,Kirehe,Mahama,CHW-KIR-03-03,102,female,38.9,1,0,0,0,0,0,positive,treat_at_home,0,,recovered
CASE-003707,2025-10-13,Kirehe,Mahama,CHW-KIR-03-04,5,female,38.1,2,0,1,0,0,0,positive,urgent_refer,1,7.4,recovered
CASE-003708,2025-10-13,Nyagatare,Karangazi,CHW-NYG-02-02,52,male,38.3,1,0,0,0,0,0,positive,treat_at_home,0,,recovered
CASE-003709,2025-10-13,Nyagatare,Karangazi,CHW-NYG-02-03,11,male,38.3,2,0,0,0,0,0,negative,treat_at_home,0,,recovered
CASE-003710,2025-10-13,Nyagatare,Katabagemu,CHW-NYG-06-02,45,female,38.3,3,0,0,0,0,0,positive,treat_at_home,0,,recovered
CASE-003711,2025-10-13,Nyagatare,Rwimiyaga,CHW-NYG-03-04,11,female,38.3,2,0,0,0,0,0,positive,treat_at_home,0,,recovered
CASE-003712,2025-10-13,Rusizi,Gihundwe,CHW-RUS-03-04,13,female,38.2,2,0,0,0,0,0,positive,treat_at_home,0,,recovered
CASE-003713,2025-10-14,Bugesera,Gashora,CHW-BUG-06-01,12,male,37.9,1,0,0,0,0,0,positive,treat_at_home,0,,recovered
CASE-003714,2025-10-14,Bugesera,Gashora,CHW-BUG-06-01,290,female,38.3,1,0,0,0,1,1,negative,urgent_refer,1,8.7,recovered
CASE-003715,2025-10-14,Bugesera,Gashora,CHW-BUG-06-02,35,male,38.1,3,0,0,0,0,0,negative,refer,0,,complication
CASE-003716,2025-10-14,Bugesera,Mayange,CHW-BUG-03-04,75,female,38.5,2,0,0,0,0,0,negative,treat_at_home,0,,recovered
CASE-003717,2025-10-14,Bugesera,Mayange,CHW-BUG-03-04,584,male,38.5,1,0,0,0,0,0,positive,treat_at_home,0,,recovered
CASE-003718,2025-10-14,Gasabo,Kimironko,CHW-GAS-01-01,11,male,38.6,1,0,0,0,0,1,positive,urgent_refer,1,1.9,recovered
CASE-003719,2025-10-14,Gasabo,Remera,CHW-GAS-02-03,276,female,39.4,3,0,0,0,0,0,positive,treat_at_home,0,,recovered
CASE-003720,2025-10-14,Gisagara,Save,CHW-GIS-02-02,83,male,37.9,2,0,0,0,0,0,negative,treat_at_home,0,,recovered
CASE-003721,2025-10-14,Kirehe,Kirehe,CHW-KIR-01-01,147,male,37.8,2,0,0,0,0,0,positive,treat_at_home,0,,recovered
CASE-003722,2025-10-14,Kirehe,Kirehe,CHW-KIR-01-02,8,male,38.4,3,0,0,0,0,0,positive,treat_at_home,0,,recovered
CASE-003723,2025-10-14,Kirehe,Kirehe,CHW-KIR-01-02,19,male,38.8,2,0,0,0,1,0,positive,treat_at_home,0,,recovered
CASE-003724,2025-10-14,Kirehe,Kirehe,CHW-KIR-01-03,53,female,38.5,2,0,0,0,0,0,negative,treat_at_home,0,,recovered
CASE-003725,2025-10-14,Kirehe,Mahama,CHW-KIR-03-03,17,female,38.1,5,0,0,0,0,0,invalid,refer,1,16.1,recovered
CASE-003726,2025-10-14,Kirehe,Mahama,CHW-KIR-03-04,701,male,38.2,1,0,0,0,0,0,positive,treat_at_home,0,,recovered
CASE-003727,2025-10-14,Nyagatare,Katabagemu,CHW-NYG-06-04,552,female,38.7,1,0,0,0,0,0,positive,treat_at_home,0,,recovered
CASE-003728,2025-10-14,Nyagatare,Matimba,CHW-NYG-04-02,34,female,38.1,3,0,0,0,0,0,negative,refer,0,,recovered
CASE-003729,2025-10-14,Nyagatare,Mimuri,CHW-NYG-05-03,4,male,38.2,2,0,0,0,1,0,positive,urgent_refer,1,10.1,recovered
CASE-003730,2025-10-14,Nyagatare,Rwimiyaga,CHW-NYG-03-02,52,male,38.3,3,0,0,0,0,0,negative,refer,0,,recovered
CASE-003731,2025-10-15,Bugesera,Gashora,CHW-BUG-06-02,322,male,38.8,1,0,0,0,0,0,negative,treat_at_home,0,,recovered
CASE-003732,2025-10-15,Gisagara,Gisagara,CHW-GIS-01-01,16,male,38.6,1,0,0,0,0,0,negative,treat_at_home,0,,recovered
CASE-003733,2025-10-15,Kirehe,Gahara,CHW-KIR-02-03,7,female,37.7,1,0,1,1,0,0,positive,urgent_refer,1,6.5,recovered
CASE-003734,2025-10-15,Nyagatare,Matimba,CHW-NYG-04-03,41,female,38.9,1,0,0,0,0,0,invalid,refer,1,13.1,recovered
CASE-003735,2025-10-15,Rusizi,Gihundwe,CHW-RUS-03-03,273,male,38.8,3,0,0,0,0,0,positive,treat_at_home,0,,recovered
CASE-003736,2025-10-15,Rusizi,Kamembe,CHW-RUS-01-03,70,male,37.9,1,0,0,0,0,0,negative,treat_at_home,0,,recovered
CASE-003737,2025-10-16,Bugesera,Gashora,CHW-BUG-06-02,49,male,38.9,2,0,0,0,1,0,positive,urgent_refer,1,4.6,recovered
CASE-003738,2025-10-16,Bugesera,Ntarama,CHW-BUG-05-01,2,male,38.3,1,0,0,0,0,0,positive,treat_at_home,0,,recovered
CASE-003739,2025-10-16,Gasabo,Kacyiru,CHW-GAS-03-02,131,female,38.4,2,0,0,0,0,0,negative,treat_at_home,0,,recovered
CASE-003740,2025-10-16,Gasabo,Remera,CHW-GAS-02-01,6,female,38.3,1,0,0,0,0,0,positive,treat_at_home,0,,recovered
CASE-003741,2025-10-16,Kirehe,Gahara,CHW-KIR-02-01,187,female,38.6,2,0,0,0,0,0,positive,treat_at_home,0,,recovered
CASE-003742,2025-10-16,Kirehe,Kirehe,CHW-KIR-01-03,26,female,37.0,0,0,0,0,0,0,negative,treat_at_home,0,,recovered
CASE-003743,2025-10-16,Kirehe,Kirehe,CHW-KIR-01-03,21,male,38.2,1,0,0,0,0,0,positive,treat_at_home,0,,recovered
CASE-003744,2025-10-16,Kirehe,Kirehe,CHW-KIR-01-04,312,female,37.8,3,0,0,0,0,0,invalid,refer,1,6.4,recovered
CASE-003745,2025-10-16,Nyagatare,Matimba,CHW-NYG-04-04,694,male,37.8,3,0,0,0,0,0,negative,refer,1,4.8,recovered
CASE-003746,2025-10-16,Nyagatare,Rwimiyaga,CHW-NYG-03-04,46,male,39.0,3,0,0,0,0,1,negative,urgent_refer,1,14.6,recovered
CASE-003747,2025-10-16,Rusizi,Gihundwe,CHW-RUS-03-03,32,female,38.4,1,0,0,0,0,0,negative,treat_at_home,0,,recovered
CASE-003748,2025-10-17,Bugesera,Mareba,CHW-BUG-04-02,175,female,38.6,1,0,0,0,0,0,positive,treat_at_home,0,,recovered
CASE-003749,2025-10-17,Bugesera,Mayange,CHW-BUG-03-01,58,female,38.5,1,0,0,0,0,0,negative,treat_at_home,0,,recovered
CASE-003750,2025-10-17,Gasabo,Remera,CHW-GAS-02-03,490,male,38.0,1,0,0,0,0,0,positive,refer,1,10.0,recovered
CASE-003751,2025-10-17,Gasabo,Remera,CHW-GAS-02-04,38,male,38.9,1,0,0,0,0,0,positive,treat_at_home,0,,recovered
CASE-003752,2025-10-17,Gisagara,Kibirizi,CHW-GIS-03-04,39,female,36.7,0,0,0,0,0,0,negative,treat_at_home,0,,recovered
CASE-003753,2025-10-17,Kirehe,Gahara,CHW-KIR-02-03,709,female,38.4,3,0,0,0,0,0,positive,treat_at_home,0,,recovered
CASE-003754,2025-10-17,Kirehe,Kirehe,CHW-KIR-01-02,20,male,38.5,1,0,0,0,0,0,negative,treat_at_home,0,,recovered
CASE-003755,2025-10-17,Nyagatare,Katabagemu,CHW-NYG-06-01,85,male,38.5,3,0,0,0,0,0,positive,treat_at_home,0,,recovered
CASE-003756,2025-10-17,Nyagatare,Katabagemu,CHW-NYG-06-02,146,female,38.2,2,1,0,0,0,0,positive,urgent_refer,0,,complication
CASE-003757,2025-10-17,Rusizi,Bugarama,CHW-RUS-02-02,17,male,38.7,5,0,0,0,0,0,negative,refer,1,10.8,recovered
CASE-003758,2025-10-17,Rusizi,Kamembe,CHW-RUS-01-03,156,male,38.3,3,0,0,0,0,0,positive,treat_at_home,0,,recovered
CASE-003759,2025-10-18,Bugesera,Gashora,CHW-BUG-06-02,186,male,38.2,1,0,0,0,0,0,negative,treat_at_home,0,,recovered
CASE-003760,2025-10-18,Bugesera,Ntarama,CHW-BUG-05-01,39,female,37.1,0,0,0,0,0,0,negative,treat_at_home,0,,recovered
CASE-003761,2025-10-18,Gasabo,Kimironko,CHW-GAS-01-01,421,male,37.7,1,0,0,0,0,0,negative,treat_at_home,0,,recovered
CASE-003762,2025-10-18,Gasabo,Kimironko,CHW-GAS-01-04,80,female,38.3,2,0,0,0,0,0,positive,treat_at_home,0,,recovered
CASE-003763,2025-10-18,Gisagara,Gisagara,CHW-GIS-01-01,162,female,37.7,2,0,0,0,0,0,positive,treat_at_home,0,,recovered
CASE-003764,2025-10-18,Gisagara,Kibirizi,CHW-GIS-03-04,33,female,38.6,2,0,0,0,0,0,negative,treat_at_home,0,,recovered
CASE-003765,2025-10-18,Gisagara,Save,CHW-GIS-02-02,42,female,38.9,3,0,0,0,0,0,negative,refer,0,,unknown
CASE-003766,2025-10-18,Kirehe,Kirehe,CHW-KIR-01-03,28,female,38.7,3,0,0,0,0,0,positive,treat_at_home,0,,recovered
CASE-003767,2025-10-18,Nyagatare,Katabagemu,CHW-NYG-06-01,59,male,38.9,3,0,0,0,0,0,positive,treat_at_home,0,,recovered
CASE-003768,2025-10-18,Nyagatare,Mimuri,CHW-NYG-05-01,11,male,38.2,6,0,0,0,0,0,positive,treat_at_home,0,,recovered
CASE-003769,2025-10-18,Nyagatare,Rwimiyaga,CHW-NYG-03-03,192,female,36.6,0,0,0,0,0,0,invalid,refer,1,7.9,recovered
CASE-003770,2025-10-19,Bugesera,Mayange,CHW-BUG-03-04,26,male,38.8,4,0,0,0,0,0,positive,treat_at_home,0,,recovered
CASE-003771,2025-10-19,Bugesera,Mayange,CHW-BUG-03-04,27,male,38.1,1,0,0,0,0,0,positive,treat_at_home,0,,recovered
CASE-003772,2025-10-19,Bugesera,Ntarama,CHW-BUG-05-04,39,male,36.8,0,0,0,0,0,0,negative,refer,1,6.0,recovered
CASE-003773,2025-10-19,Bugesera,Nyamata,CHW-BUG-01-01,43,male,36.6,0,0,0,0,0,0,negative,treat_at_home,0,,recovered
CASE-003774,2025-10-19,Gasabo,Kacyiru,CHW-GAS-03-01,440,female,37.0,0,0,0,0,0,0,negative,treat_at_home,0,,recovered
CASE-003775,2025-10-19,Gasabo,Remera,CHW-GAS-02-02,524,female,38.1,1,0,0,0,0,0,negative,treat_at_home,0,,recovered
CASE-003776,2025-10-19,Gisagara,Kibirizi,CHW-GIS-03-04,50,female,37.8,1,0,0,0,0,0,positive,treat_at_home,0,,recovered
CASE-003777,2025-10-19,Gisagara,Save,CHW-GIS-02-02,30,female,38.6,3,0,0,0,0,0,negative,refer,1,6.2,recovered
CASE-003778,2025-10-19,Gisagara,Save,CHW-GIS-02-04,17,male,38.5,1,0,0,0,0,0,positive,treat_at_home,0,,recovered
CASE-003779,2025-10-19,Kirehe,Kirehe,CHW-KIR-01-03,56,female,37.9,2,0,0,0,0,0,negative,treat_at_home,0,,recovered
CASE-003780,2025-10-19,Kirehe,Kirehe,CHW-KIR-01-04,149,female,37.2,0,0,0,0,0,0,negative,treat_at_home,0,,recovered
CASE-003781,2025-10-19,Nyagatare,Karangazi,CHW-NYG-02-03,7,female,38.0,5,0,0,0,0,0,positive,treat_at_home,0,,recovered
CASE-003782,2025-10-19,Nyagatare,Katabagemu,CHW-NYG-06-01,331,female,37.2,0,0,1,0,1,0,positive,refer,1,6.1,complication
CASE-003783,2025-10-19,Nyagatare,Rwimiyaga,CHW-NYG-03-03,0,male,37.2,0,0,0,0,0,0,negative,urgent_refer,0,,recovered
CASE-003784,2025-10-19,Rusizi,Gihundwe,CHW-RUS-03-02,1,female,38.5,1,0,0,0,0,0,positive,urgent_refer,0,,complication
CASE-003785,2025-10-20,Bugesera,Mareba,CHW-BUG-04-04,517,female,38.7,4,0,0,0,0,0,positive,treat_at_home,0,,recovered
CASE-003786,2025-10-20,Gisagara,Kibirizi,CHW-GIS-03-01,53,male,38.3,2,0,0,0,0,0,negative,treat_at_home,0,,recovered
CASE-003787,2025-10-20,Gisagara,Kibirizi,CHW-GIS-03-03,149,female,38.7,5,0,0,0,0,0,negative,refer,1,15.7,recovered
CASE-003788,2025-10-20,Kirehe,Gahara,CHW-KIR-02-04,25,male,38.4,1,0,0,0,0,0,invalid,refer,1,14.6,recovered
CASE-003789,2025-10-20,Kirehe,Kirehe,CHW-KIR-01-04,55,female,38.2,1,0,0,0,0,0,positive,treat_at_home,0,,recovered
CASE-003790,2025-10-20,Nyagatare,Katabagemu,CHW-NYG-06-02,28,female,38.2,1,0,0,0,0,0,negative,treat_at_home,0,,complication
CASE-003791,2025-10-20,Nyagatare,Mimuri,CHW-NYG-05-02,3,male,38.1,3,0,0,0,0,0,positive,treat_at_home,0,,recovered
CASE-003792,2025-10-20,Nyagatare,Nyagatare,CHW-NYG-01-02,26,female,37.5,1,0,0,0,0,0,negative,treat_at_home,0,,recovered
CASE-003793,2025-10-20,Nyagatare,Nyagatare,CHW-NYG-01-02,16,male,38.2,1,0,0,0,0,0,positive,treat_at_home,0,,recovered
CASE-003794,2025-10-20,Nyagatare,Rwimiyaga,CHW-NYG-03-01,74,female,37.7,1,0,0,0,0,0,positive,treat_at_home,0,,recovered
CASE-003795,2025-10-20,Rusizi,Bugarama,CHW-RUS-02-04,30,male,38.5,4,0,0,0,0,0,positive,treat_at_home,0,,recovered
CASE-003796,2025-10-20,Rusizi,Gihundwe,CHW-RUS-03-03,26,female,38.6,1,0,0,0,0,0,invalid,refer,1,6.1,recovered
CASE-003797,2025-10-20,Rusizi,Kamembe,CHW-RUS-01-02,45,male,39.0,2,0,0,1,1,0,negative,urgent_refer,1,5.3,recovered
CASE-003798,2025-10-21,Bugesera,Mayange,CHW-BUG-03-03,132,male,38.9,1,0,0,0,0,0,positive,treat_at_home,0,,recovered
CASE-003799,2025-10-21,Bugesera,Nyamata,CHW-BUG-01-04,37,male,38.0,2,0,0,0,0,0,invalid,refer,1,9.8,recovered
CASE-003800,2025-10-21,Gasabo,Kimironko,CHW-GAS-01-03,54,male,38.3,2,0,0,0,0,0,negative,treat_at_home,0,,recovered
CASE-003801,2025-10-21,Gasabo,Remera,CHW-GAS-02-01,13,female,36.6,0,0,0,0,0,0,negative,treat_at_home,0,,recovered
CASE-003802,2025-10-21,Gasabo,Remera,CHW-GAS-02-02,14,female,38.9,4,0,0,0,0,0,positive,treat_at_home,0,,recovered
CASE-003803,2025-10-21,Gisagara,Gisagara,CHW-GIS-01-04,642,male,36.7,0,0,0,0,0,0,negative,treat_at_home,0,,recovered
CASE-003804,2025-10-21,Gisagara,Save,CHW-GIS-02-01,55,female,37.8,2,0,0,0,0,0,positive,treat_at_home,0,,recovered
CASE-003805,2025-10-21,Gisagara,Save,CHW-GIS-02-02,0,male,38.1,6,0,0,0,0,0,positive,urgent_refer,1,4.9,complication
CASE-003806,2025-10-21,Kirehe,Mahama,CHW-KIR-03-01,49,female,38.9,1,0,1,0,0,0,negative,treat_at_home,0,,recovered
CASE-003807,2025-10-21,Nyagatare,Karangazi,CHW-NYG-02-03,7,male,37.8,5,0,0,0,0,0,positive,treat_at_home,0,,recovered
CASE-003808,2025-10-21,Nyagatare,Katabagemu,CHW-NYG-06-02,142,female,38.8,3,0,0,0,0,0,positive,refer,1,14.8,recovered
CASE-003809,2025-10-21,Nyagatare,Matimba,CHW-NYG-04-02,134,male,37.9,2,0,0,0,0,0,positive,refer,0,,recovered
CASE-003810,2025-10-21,Nyagatare,Matimba,CHW-NYG-04-03,30,female,37.3,4,0,1,0,0,0,invalid,urgent_refer,1,3.5,recovered
CASE-003811,2025-10-21,Nyagatare,Nyagatare,CHW-NYG-01-03,37,female,38.5,2,0,0,0,0,0,positive,treat_at_home,0,,recovered
CASE-003812,2025-10-22,Bugesera,Mareba,CHW-BUG-04-02,462,female,38.0,1,0,0,0,0,0,negative,treat_at_home,0,,recovered
CASE-003813,2025-10-22,Bugesera,Ntarama,CHW-BUG-05-02,47,female,37.9,6,0,0,0,0,0,negative,refer,1,6.5,recovered
CASE-003814,2025-10-22,Gisagara,Gisagara,CHW-GIS-01-02,585,male,38.1,3,0,0,0,0,0,negative,refer,0,,complication
CASE-003815,2025-10-22,Gisagara,Gisagara,CHW-GIS-01-03,89,female,38.1,5,0,0,0,0,0,positive,treat_at_home,0,,recovered
CASE-003816,2025-10-22,Kirehe,Gahara,CHW-KIR-02-01,163,male,38.6,3,0,0,0,0,0,negative,refer,1,10.2,recovered
CASE-003817,2025-10-22,Kirehe,Gahara,CHW-KIR-02-03,73,male,39.0,5,0,0,0,0,0,positive,treat_at_home,0,,recovered
CASE-003818,2025-10-22,Kirehe,Kirehe,CHW-KIR-01-03,50,female,38.6,5,0,0,0,0,0,negative,refer,1,16.6,recovered
CASE-003819,2025-10-22,Kirehe,Mahama,CHW-KIR-03-01,674,male,38.2,7,0,0,0,0,0,positive,treat_at_home,0,,complication
CASE-003820,2025-10-22,Nyagatare,Karangazi,CHW-NYG-02-03,125,female,38.7,4,0,0,0,0,0,positive,refer,0,,recovered
CASE-003821,2025-10-22,Rusizi,Gihundwe,CHW-RUS-03-04,146,female,39.2,2,0,0,0,0,0,negative,treat_at_home,0,,recovered
CASE-003822,2025-10-23,Kirehe,Gahara,CHW-KIR-02-02,7,female,37.0,2,0,0,0,0,0,positive,treat_at_home,0,,recovered
CASE-003823,2025-10-23,Kirehe,Mahama,CHW-KIR-03-01,624,male,38.4,1,0,0,0,0,0,negative,refer,1,4.5,recovered
CASE-003824,2025-10-23,Nyagatare,Karangazi,CHW-NYG-02-01,35,female,37.5,1,0,0,0,0,0,negative,treat_at_home,0,,recovered
CASE-003825,2025-10-23,Nyagatare,Mimuri,CHW-NYG-05-02,29,male,37.7,1,0,0,0,0,0,positive,treat_at_home,0,,recovered
CASE-003826,2025-10-23,Nyagatare,Nyagatare,CHW-NYG-01-02,41,female,38.9,5,0,0,0,0,0,negative,refer,1,12.3,died
CASE-003827,2025-10-23,Nyagatare,Rwimiyaga,CHW-NYG-03-01,17,female,38.1,1,0,0,0,0,0,positive,treat_at_home,0,,recovered
CASE-003828,2025-10-23,Nyagatare,Rwimiyaga,CHW-NYG-03-03,8,female,38.1,5,0,0,0,0,0,positive,treat_at_home,0,,recovered
CASE-003829,2025-10-23,Rusizi,Kamembe,CHW-RUS-01-04,130,male,38.1,2,0,0,0,0,0,positive,treat_at_home,0,,recovered
CASE-003830,2025-10-24,Bugesera,Ntarama,CHW-BUG-05-01,42,male,38.4,3,0,0,0,0,0,positive,treat_at_home,0,,recovered
CASE-003831,2025-10-24,Bugesera,Nyamata,CHW-BUG-01-02,46,male,38.4,6,0,0,0,0,0,positive,treat_at_home,0,,recovered
CASE-003832,2025-10-24,Bugesera,Rilima,CHW-BUG-02-02,32,female,37.8,2,0,0,0,0,0,negative,treat_at_home,0,,recovered
CASE-003833,2025-10-24,Gisagara,Gisagara,CHW-GIS-01-01,1,male,38.9,3,0,1,0,0,0,positive,urgent_refer,1,4.3,unknown
CASE-003834,2025-10-24,Gisagara,Gisagara,CHW-GIS-01-02,0,male,38.2,3,0,0,0,0,0,invalid,urgent_refer,1,2.8,recovered
CASE-003835,2025-10-24,Gisagara,Kibirizi,CHW-GIS-03-02,48,female,38.5,1,0,0,0,0,0,positive,treat_at_home,0,,recovered
CASE-003836,2025-10-24,Kirehe,Gahara,CHW-KIR-02-02,6,male,36.6,0,0,0,0,0,0,negative,treat_at_home,0,,recovered
CASE-003837,2025-10-24,Kirehe,Kirehe,CHW-KIR-01-02,57,male,38.2,3,0,0,0,0,0,positive,treat_at_home,0,,recovered
CASE-003838,2025-10-24,Kirehe,Mahama,CHW-KIR-03-01,25,female,38.6,3,0,0,0,0,0,positive,treat_at_home,0,,recovered
CASE-003839,2025-10-24,Kirehe,Mahama,CHW-KIR-03-02,115,male,36.8,0,0,0,0,0,0,negative,treat_at_home,0,,recovered
CASE-003840,2025-10-24,Nyagatare,Karangazi,CHW-NYG-02-01,1,male,38.1,4,0,0,0,0,0,positive,urgent_refer,0,,recovered
CASE-003841,2025-10-24,Nyagatare,Karangazi,CHW-NYG-02-01,81,female,38.3,2,0,0,0,0,0,positive,treat_at_home,0,,recovered
CASE-003842,2025-10-24,Nyagatare,Karangazi,CHW-NYG-02-02,719,male,38.2,4,0,0,0,0,0,positive,treat_at_home,0,,recovered
CASE-003843,2025-10-24,Nyagatare,Katabagemu,CHW-NYG-06-03,17,male,36.4,0,0,0,0,0,0,negative,treat_at_home,0,,recovered
CASE-003844,2025-10-24,Nyagatare,Mimuri,CHW-NYG-05-01,79,female,37.6,1,0,0,0,0,0,positive,treat_at_home,0,,complication
CASE-003845,2025-10-24,Nyagatare,Nyagatare,CHW-NYG-01-03,168,male,38.1,1,0,0,0,0,0,negative,treat_at_home,0,,recovered
CASE-003846,2025-10-24,Nyagatare,Rwimiyaga,CHW-NYG-03-02,162,male,35.9,0,0,0,0,0,0,negative,treat_at_home,0,,recovered
CASE-003847,2025-10-24,Rusizi,Gihundwe,CHW-RUS-03-02,84,male,38.5,3,0,0,0,0,0,negative,refer,1,7.4,complication
CASE-003848,2025-10-25,Bugesera,Gashora,CHW-BUG-06-01,49,female,36.9,0,0,0,0,0,0,negative,treat_at_home,0,,recovered
CASE-003849,2025-10-25,Bugesera,Ntarama,CHW-BUG-05-02,154,female,38.5,2,0,0,0,0,0,negative,treat_at_home,0,,recovered
CASE-003850,2025-10-25,Bugesera,Ntarama,CHW-BUG-05-03,31,male,38.3,2,0,0,0,0,0,positive,treat_at_home,0,,recovered
CASE-003851,2025-10-25,Bugesera,Nyamata,CHW-BUG-01-03,566,female,37.6,4,0,0,0,0,0,negative,refer,1,7.7,recovered
CASE-003852,2025-10-25,Bugesera,Rilima,CHW-BUG-02-03,51,female,39.0,3,0,0,0,0,0,positive,treat_at_home,0,,recovered
CASE-003853,2025-10-25,Kirehe,Kirehe,CHW-KIR-01-02,7,female,38.0,1,0,0,0,0,0,positive,treat_at_home,0,,recovered
CASE-003854,2025-10-25,Nyagatare,Matimba,CHW-NYG-04-01,2,male,38.1,3,0,0,0,0,0,positive,treat_at_home,0,,recovered
CASE-003855,2025-10-25,Nyagatare,Matimba,CHW-NYG-04-02,87,male,38.4,2,0,0,0,0,0,negative,treat_at_home,0,,recovered
CASE-003856,2025-10-25,Nyagatare,Matimba,CHW-NYG-04-04,548,male,36.7,0,0,0,0,0,0,negative,treat_at_home,0,,complication
CASE-003857,2025-10-25,Nyagatare,Mimuri,CHW-NYG-05-04,1,male,38.6,6,0,0,0,0,0,negative,urgent_refer,1,3.9,recovered
CASE-003858,2025-10-25,Nyagatare,Rwimiyaga,CHW-NYG-03-02,15,male,38.4,2,0,0,0,0,0,negative,treat_at_home,0,,recovered
CASE-003859,2025-10-25,Rusizi,Kamembe,CHW-RUS-01-02,58,male,37.8,1,0,0,0,0,1,negative,urgent_refer,1,4.3,recovered
CASE-003860,2025-10-25,Rusizi,Kamembe,CHW-RUS-01-03,51,female,38.3,1,0,0,0,0,0,negative,treat_at_home,0,,recovered
CASE-003861,2025-10-26,Bugesera,Nyamata,CHW-BUG-01-01,100,female,38.0,3,0,0,0,0,0,positive,treat_at_home,0,,recovered
CASE-003862,2025-10-26,Bugesera,Nyamata,CHW-BUG-01-01,0,male,38.9,3,0,0,0,0,0,positive,urgent_refer,1,6.8,recovered
CASE-003863,2025-10-26,Gasabo,Remera,CHW-GAS-02-03,63,male,36.4,0,0,0,0,0,0,negative,treat_at_home,0,,recovered
CASE-003864,2025-10-26,Gisagara,Save,CHW-GIS-02-01,176,male,38.4,1,0,0,0,0,0,positive,treat_at_home,0,,recovered
CASE-003865,2025-10-26,Kirehe,Gahara,CHW-KIR-02-02,29,female,39.1,5,0,0,0,0,0,positive,treat_at_home,0,,recovered
CASE-003866,2025-10-26,Kirehe,Mahama,CHW-KIR-03-02,58,female,38.3,2,0,0,0,0,0,negative,treat_at_home,0,,recovered
CASE-003867,2025-10-26,Nyagatare,Katabagemu,CHW-NYG-06-03,17,male,38.1,1,0,0,0,0,0,negative,treat_at_home,0,,recovered
CASE-003868,2025-10-26,Nyagatare,Rwimiyaga,CHW-NYG-03-01,77,male,38.5,2,0,0,0,0,0,positive,treat_at_home,0,,recovered
CASE-003869,2025-10-26,Nyagatare,Rwimiyaga,CHW-NYG-03-04,155,male,38.7,3,0,0,0,0,0,negative,refer,0,,recovered
CASE-003870,2025-10-27,Bugesera,Gashora,CHW-BUG-06-02,39,female,38.0,1,0,0,0,0,0,negative,treat_at_home,0,,recovered
CASE-003871,2025-10-27,Bugesera,Mayange,CHW-BUG-03-01,26,male,38.5,5,0,0,0,0,0,negative,refer,1,3.5,recovered
CASE-003872,2025-10-27,Bugesera,Ntarama,CHW-BUG-05-02,81,female,38.4,2,0,0,0,0,0,positive,treat_at_home,0,,recovered
CASE-003873,2025-10-27,Bugesera,Ntarama,CHW-BUG-05-03,33,male,38.5,1,0,0,0,0,0,positive,treat_at_home,0,,recovered
CASE-003874,2025-10-27,Gisagara,Save,CHW-GIS-02-04,23,male,38.9,2,0,0,0,0,0,negative,treat_at_home,0,,recovered
CASE-003875,2025-10-27,Kirehe,Gahara,CHW-KIR-02-03,24,male,38.2,4,0,0,0,0,0,invalid,treat_at_home,0,,recovered
CASE-003876,2025-10-28,Bugesera,Mayange,CHW-BUG-03-02,22,male,38.4,1,0,0,0,0,0,positive,refer,0,,recovered
CASE-003877,2025-10-28,Bugesera,Mayange,CHW-BUG-03-04,9,female,37.5,2,0,0,0,0,0,negative,treat_at_home,0,,recovered
CASE-003878,2025-10-28,Bugesera,Ntarama,CHW-BUG-05-01,654,female,38.6,2,0,0,0,0,0,invalid,refer,1,8.0,complication
CASE-003879,2025-10-28,Bugesera,Ntarama,CHW-BUG-05-03,49,male,38.3,3,0,0,1,0,0,positive,urgent_refer,0,,recovered
CASE-003880,2025-10-28,Gasabo,Remera,CHW-GAS-02-01,56,female,38.2,4,0,0,0,0,0,negative,refer,1,4.0,recovered
CASE-003881,2025-10-28,Kirehe,Mahama,CHW-KIR-03-03,374,male,38.0,3,0,0,0,0,0,positive,treat_at_home,0,,recovered
CASE-003882,2025-10-28,Nyagatare,Karangazi,CHW-NYG-02-03,3,male,39.0,6,0,0,0,0,0,negative,refer,0,,recovered
CASE-003883,2025-10-28,Nyagatare,Rwimiyaga,CHW-NYG-03-01,35,male,38.9,4,0,0,0,0,0,positive,treat_at_home,0,,recovered
CASE-003884,2025-10-28,Rusizi,Kamembe,CHW-RUS-01-01,30,male,38.4,1,1,0,0,0,0,positive,urgent_refer,1,3.1,recovered
CASE-003885,2025-10-29,Bugesera,Gashora,CHW-BUG-06-01,3,male,39.3,5,0,0,0,0,0,positive,treat_at_home,0,,recovered
CASE-003886,2025-10-29,Bugesera,Gashora,CHW-BUG-06-01,26,male,37.9,3,0,0,0,0,0,negative,refer,0,,recovered
CASE-003887,2025-10-29,Bugesera,Nyamata,CHW-BUG-01-01,16,female,36.5,0,0,0,0,0,0,negative,treat_at_home,0,,recovered
CASE-003888,2025-10-29,Gisagara,Gisagara,CHW-GIS-01-01,68,male,38.1,1,0,0,0,0,0,negative,treat_at_home,0,,recovered
CASE-003889,2025-10-29,Gisagara,Gisagara,CHW-GIS-01-03,31,male,39.3,2,0,0,0,0,0,positive,treat_at_home,0,,recovered
CASE-003890,2025-10-29,Kirehe,Kirehe,CHW-KIR-01-04,123,male,38.9,6,0,0,0,0,0,negative,refer,1,4.9,recovered
CASE-003891,2025-10-29,Kirehe,Kirehe,CHW-KIR-01-04,167,female,39.3,2,0,0,0,0,0,positive,treat_at_home,0,,recovered
CASE-003892,2025-10-29,Kirehe,Mahama,CHW-KIR-03-02,72,female,38.1,3,0,0,0,0,0,positive,treat_at_home,0,,recovered
CASE-003893,2025-10-29,Nyagatare,Nyagatare,CHW-NYG-01-02,45,male,36.5,0,0,0,0,0,0,negative,treat_at_home,0,,recovered
CASE-003894,2025-10-29,Nyagatare,Nyagatare,CHW-NYG-01-03,37,male,38.4,2,0,0,0,0,0,positive,treat_at_home,0,,recovered
CASE-003895,2025-10-30,Gasabo,Kimironko,CHW-GAS-01-04,23,female,38.8,5,0,0,0,0,0,positive,treat_at_home,0,,recovered
CASE-003896,2025-10-30,Gasabo,Remera,CHW-GAS-02-01,33,female,38.7,2,0,1,0,0,0,negative,urgent_refer,1,4.0,recovered
CASE-003897,2025-10-30,Gisagara,Gisagara,CHW-GIS-01-01,269,female,36.4,0,0,0,0,0,0,negative,treat_at_home,0,,recovered
CASE-003898,2025-10-30,Gisagara,Kibirizi,CHW-GIS-03-01,326,female,37.5,3,0,0,0,0,0,positive,treat_at_home,0,,recovered
CASE-003899,2025-10-30,Gisagara,Save,CHW-GIS-02-02,29,female,37.9,2,0,0,0,0,0,negative,treat_at_home,0,,recovered
CASE-003900,2025-10-30,Kirehe,Mahama,CHW-KIR-03-02,16,male,38.4,4,0,0,0,0,0,positive,treat_at_home,0,,recovered
CASE-003901,2025-10-30,Kirehe,Mahama,CHW-KIR-03-03,54,male,38.2,1,0,0,0,0,0,positive,treat_at_home,0,,recovered
CASE-003902,2025-10-30,Kirehe,Mahama,CHW-KIR-03-04,3,male,38.1,2,0,0,0,0,0,negative,treat_at_home,0,,recovered
CASE-003903,2025-10-30,Nyagatare,Katabagemu,CHW-NYG-06-02,38,male,37.4,1,1,0,0,0,0,positive,urgent_refer,1,6.2,recovered
CASE-003904,2025-10-30,Nyagatare,Katabagemu,CHW-NYG-06-04,37,male,38.8,3,0,0,0,0,0,invalid,refer,1,14.7,recovered
CASE-003905,2025-10-30,Nyagatare,Rwimiyaga,CHW-NYG-03-01,40,male,38.7,7,0,0,0,0,0,negative,refer,0,,recovered
CASE-003906,2025-10-30,Nyagatare,Rwimiyaga,CHW-NYG-03-02,14,female,38.4,3,0,0,0,0,0,negative,refer,0,,recovered
CASE-003907,2025-10-31,Gasabo,Remera,CHW-GAS-02-04,50,female,38.5,5,0,0,0,0,0,positive,treat_at_home,0,,recovered
CASE-003908,2025-10-31,Gisagara,Kibirizi,CHW-GIS-03-04,429,female,38.1,2,0,0,0,0,0,positive,refer,1,6.3,recovered
CASE-003909,2025-10-31,Gisagara,Save,CHW-GIS-02-03,44,male,39.3,2,0,0,0,1,0,positive,urgent_refer,1,3.4,recovered
CASE-003910,2025-10-31,Gisagara,Save,CHW-GIS-02-04,382,male,38.3,1,0,0,0,0,0,positive,treat_at_home,0,,recovered
CASE-003911,2025-10-31,Kirehe,Gahara,CHW-KIR-02-03,118,male,38.1,5,0,0,0,0,0,positive,treat_at_home,0,,complication
CASE-003912,2025-10-31,Kirehe,Kirehe,CHW-KIR-01-02,149,female,37.7,2,0,0,0,0,0,negative,treat_at_home,0,,recovered
CASE-003913,2025-10-31,Nyagatare,Katabagemu,CHW-NYG-06-01,78,female,38.1,3,0,0,0,0,0,positive,treat_at_home,0,,recovered
CASE-003914,2025-10-31,Nyagatare,Matimba,CHW-NYG-04-03,0,male,38.3,3,0,0,0,0,0,positive,urgent_refer,1,2.8,recovered
CASE-003915,2025-10-31,Nyagatare,Mimuri,CHW-NYG-05-03,214,male,39.2,2,0,0,0,0,0,positive,treat_at_home,0,,recovered
CASE-003916,2025-10-31,Rusizi,Kamembe,CHW-RUS-01-04,40,female,38.8,3,0,0,0,0,0,negative,refer,1,7.4,recovered
CASE-003917,2025-10-31,Rusizi,Kamembe,CHW-RUS-01-04,119,male,39.0,2,0,0,0,0,0,negative,treat_at_home,0,,recovered
CASE-003918,2025-10-31,Rusizi,Kamembe,CHW-RUS-01-04,31,male,37.9,1,0,0,0,0,1,positive,urgent_refer,1,3.0,recovered
CASE-003919,2025-11-01,Bugesera,Mareba,CHW-BUG-04-02,17,male,39.3,6,0,0,0,0,0,positive,treat_at_home,0,,recovered
CASE-003920,2025-11-01,Bugesera,Mareba,CHW-BUG-04-04,48,male,39.1,6,0,0,0,0,0,negative,refer,1,15.7,recovered
CASE-003921,2025-11-01,Bugesera,Mayange,CHW-BUG-03-03,545,female,38.5,3,0,0,0,0,0,positive,treat_at_home,0,,recovered
CASE-003922,2025-11-01,Gasabo,Kimironko,CHW-GAS-01-03,70,female,38.4,1,0,0,0,0,1,positive,urgent_refer,1,3.8,recovered
CASE-003923,2025-11-01,Gisagara,Kibirizi,CHW-GIS-03-02,676,male,38.0,3,0,0,0,0,0,negative,refer,1,17.8,recovered
CASE-003924,2025-11-01,Gisagara,Kibirizi,CHW-GIS-03-04,47,female,38.4,2,0,0,0,0,0,negative,treat_at_home,0,,recovered
CASE-003925,2025-11-01,Kirehe,Gahara,CHW-KIR-02-02,121,female,38.2,2,0,0,1,1,0,negative,urgent_refer,1,4.8,recovered
CASE-003926,2025-11-01,Nyagatare,Mimuri,CHW-NYG-05-02,13,female,37.2,0,0,0,0,0,0,negative,treat_at_home,0,,recovered
CASE-003927,2025-11-01,Rusizi,Kamembe,CHW-RUS-01-01,36,female,38.1,1,0,0,0,0,0,positive,treat_at_home,0,,recovered
CASE-003928,2025-11-02,Bugesera,Gashora,CHW-BUG-06-03,53,female,38.5,6,0,0,0,0,0,positive,treat_at_home,0,,recovered
CASE-003929,2025-11-02,Bugesera,Mayange,CHW-BUG-03-04,382,male,38.1,1,0,0,0,0,0,positive,treat_at_home,0,,recovered
CASE-003930,2025-11-02,Gasabo,Kacyiru,CHW-GAS-03-02,94,female,38.1,2,0,0,0,0,0,negative,treat_at_home,0,,recovered
CASE-003931,2025-11-02,Gasabo,Kimironko,CHW-GAS-01-02,114,male,38.5,6,0,0,0,0,0,positive,treat_at_home,0,,recovered
CASE-003932,2025-11-02,Gisagara,Kibirizi,CHW-GIS-03-01,34,female,38.5,1,1,0,0,1,0,negative,urgent_refer,0,,recovered
CASE-003933,2025-11-02,Gisagara,Save,CHW-GIS-02-02,409,female,37.7,1,0,0,0,0,0,positive,treat_at_home,0,,recovered
CASE-003934,2025-11-02,Gisagara,Save,CHW-GIS-02-04,23,male,38.5,2,0,0,0,0,0,positive,refer,1,12.2,recovered
CASE-003935,2025-11-02,Gisagara,Save,CHW-GIS-02-04,53,male,38.4,2,0,0,0,0,0,positive,treat_at_home,0,,recovered
CASE-003936,2025-11-02,Kirehe,Gahara,CHW-KIR-02-04,139,male,38.1,4,0,0,0,0,0,negative,refer,0,,complication
CASE-003937,2025-11-02,Kirehe,Mahama,CHW-KIR-03-04,15,male,38.8,1,0,0,0,0,0,positive,treat_at_home,0,,recovered
CASE-003938,2025-11-02,Nyagatare,Katabagemu,CHW-NYG-06-02,488,female,37.4,1,0,0,0,0,0,negative,treat_at_home,0,,recovered
CASE-003939,2025-11-02,Nyagatare,Katabagemu,CHW-NYG-06-03,176,female,39.7,3,0,0,0,0,0,negative,refer,1,11.8,recovered
CASE-003940,2025-11-02,Nyagatare,Matimba,CHW-NYG-04-01,0,male,38.8,2,0,1,1,0,0,positive,urgent_refer,1,7.5,complication
CASE-003941,2025-11-02,Nyagatare,Mimuri,CHW-NYG-05-01,25,male,38.1,3,0,0,0,0,0,negative,refer,1,8.1,recovered
CASE-003942,2025-11-02,Nyagatare,Mimuri,CHW-NYG-05-02,43,male,37.9,2,0,0,1,1,0,positive,urgent_refer,1,7.6,recovered
CASE-003943,2025-11-02,Nyagatare,Mimuri,CHW-NYG-05-03,48,male,38.4,1,0,0,0,0,0,positive,treat_at_home,0,,recovered
CASE-003944,2025-11-02,Rusizi,Gihundwe,CHW-RUS-03-02,92,male,38.2,3,0,0,0,0,0,positive,treat_at_home,0,,recovered
CASE-003945,2025-11-02,Rusizi,Gihundwe,CHW-RUS-03-04,39,male,38.2,1,0,0,0,0,0,negative,treat_at_home,0,,recovered
CASE-003946,2025-11-02,Rusizi,Kamembe,CHW-RUS-01-03,16,female,38.7,2,0,0,0,0,0,negative,treat_at_home,0,,recovered
CASE-003947,2025-11-03,Bugesera,Mayange,CHW-BUG-03-03,59,female,38.2,2,0,0,0,0,0,negative,treat_at_home,0,,recovered
CASE-003948,2025-11-03,Gisagara,Gisagara,CHW-GIS-01-04,8,male,38.0,1,0,0,0,0,0,positive,treat_at_home,0,,recovered
CASE-003949,2025-11-03,Gisagara,Kibirizi,CHW-GIS-03-01,107,male,37.9,1,0,0,0,0,0,positive,treat_at_home,0,,recovered
CASE-003950,2025-11-03,Gisagara,Save,CHW-GIS-02-03,2,female,38.4,2,0,0,0,0,0,invalid,refer,0,,recovered
CASE-003951,2025-11-03,Kirehe,Gahara,CHW-KIR-02-03,713,female,38.5,5,0,0,0,0,0,negative,refer,1,13.5,recovered
CASE-003952,2025-11-03,Kirehe,Kirehe,CHW-KIR-01-01,37,female,38.9,4,0,0,0,0,0,positive,treat_at_home,0,,recovered
CASE-003953,2025-11-03,Kirehe,Kirehe,CHW-KIR-01-03,369,female,38.8,2,0,0,0,0,0,positive,treat_at_home,0,,recovered
CASE-003954,2025-11-03,Nyagatare,Karangazi,CHW-NYG-02-01,52,female,38.6,5,0,0,0,0,0,positive,treat_at_home,0,,recovered
CASE-003955,2025-11-03,Nyagatare,Karangazi,CHW-NYG-02-04,46,female,39.2,2,0,0,0,0,0,positive,treat_at_home,0,,recovered
CASE-003956,2025-11-04,Bugesera,Mareba,CHW-BUG-04-02,14,female,38.6,2,0,0,0,0,0,positive,treat_at_home,0,,recovered
CASE-003957,2025-11-04,Bugesera,Ntarama,CHW-BUG-05-03,2,female,38.3,3,0,0,0,0,0,negative,refer,1,4.6,unknown
CASE-003958,2025-11-04,Gasabo,Kimironko,CHW-GAS-01-01,135,male,38.9,2,0,0,0,0,0,negative,treat_at_home,0,,recovered
CASE-003959,2025-11-04,Kirehe,Mahama,CHW-KIR-03-04,40,female,37.4,0,0,0,0,0,0,positive,treat_at_home,0,,recovered
CASE-003960,2025-11-04,Nyagatare,Karangazi,CHW-NYG-02-01,31,female,38.4,4,0,0,0,0,0,positive,treat_at_home,0,,recovered
CASE-003961,2025-11-04,Nyagatare,Karangazi,CHW-NYG-02-02,9,male,38.4,3,0,0,0,0,0,negative,refer,1,17.0,recovered
CASE-003962,2025-11-04,Nyagatare,Matimba,CHW-NYG-04-01,48,female,39.5,3,0,0,0,0,0,positive,treat_at_home,0,,recovered
CASE-003963,2025-11-04,Nyagatare,Nyagatare,CHW-NYG-01-04,27,male,38.2,2,0,0,0,0,0,positive,treat_at_home,0,,recovered
CASE-003964,2025-11-04,Rusizi,Bugarama,CHW-RUS-02-02,77,male,38.6,2,0,0,0,0,0,positive,treat_at_home,0,,recovered
CASE-003965,2025-11-05,Bugesera,Gashora,CHW-BUG-06-02,36,female,38.9,5,0,0,0,0,0,positive,treat_at_home,0,,recovered
CASE-003966,2025-11-05,Bugesera,Gashora,CHW-BUG-06-02,13,female,37.4,1,1,0,0,0,0,positive,urgent_refer,1,9.0,complication
CASE-003967,2025-11-05,Bugesera,Mayange,CHW-BUG-03-04,12,female,38.8,4,0,0,0,0,0,positive,treat_at_home,0,,recovered
CASE-003968,2025-11-05,Bugesera,Ntarama,CHW-BUG-05-01,46,male,37.7,2,0,0,0,0,0,negative,treat_at_home,0,,recovered
CASE-003969,2025-11-05,Bugesera,Rilima,CHW-BUG-02-02,103,male,37.3,1,0,0,0,0,0,negative,treat_at_home,0,,recovered
CASE-003970,2025-11-05,Gasabo,Kimironko,CHW-GAS-01-01,157,female,38.3,1,0,0,0,0,0,negative,treat_at_home,0,,recovered
CASE-003971,2025-11-05,Gisagara,Kibirizi,CHW-GIS-03-01,67,male,39.5,4,0,0,0,0,1,positive,urgent_refer,0,,complication
CASE-003972,2025-11-05,Gisagara,Kibirizi,CHW-GIS-03-01,9,male,37.6,2,0,0,0,0,0,positive,treat_at_home,0,,recovered
CASE-003973,2025-11-05,Kirehe,Gahara,CHW-KIR-02-01,144,female,38.8,4,0,0,0,0,0,positive,treat_at_home,0,,recovered
CASE-003974,2025-11-05,Kirehe,Mahama,CHW-KIR-03-03,39,female,38.7,4,0,0,0,0,0,positive,treat_at_home,0,,recovered
CASE-003975,2025-11-05,Nyagatare,Katabagemu,CHW-NYG-06-03,28,female,38.7,1,0,0,0,0,0,positive,treat_at_home,0,,recovered
CASE-003976,2025-11-05,Rusizi,Gihundwe,CHW-RUS-03-04,70,female,39.2,6,0,0,0,0,0,positive,treat_at_home,0,,recovered
CASE-003977,2025-11-05,Rusizi,Kamembe,CHW-RUS-01-02,168,female,38.5,3,0,0,0,0,0,positive,treat_at_home,0,,recovered
CASE-003978,2025-11-06,Bugesera,Gashora,CHW-BUG-06-01,39,female,36.7,0,0,0,0,0,0,negative,treat_at_home,0,,recovered
CASE-003979,2025-11-06,Bugesera,Gashora,CHW-BUG-06-03,46,male,39.1,6,0,0,0,1,1,positive,urgent_refer,0,,recovered
CASE-003980,2025-11-06,Bugesera,Mareba,CHW-BUG-04-02,46,female,38.6,4,0,0,0,0,0,positive,treat_at_home,0,,recovered
CASE-003981,2025-11-06,Bugesera,Mareba,CHW-BUG-04-03,27,female,38.6,1,0,0,0,1,0,invalid,urgent_refer,1,5.8,recovered
CASE-003982,2025-11-06,Bugesera,Mareba,CHW-BUG-04-04,110,female,38.3,1,0,0,0,0,0,positive,treat_at_home,0,,recovered
CASE-003983,2025-11-06,Gasabo,Kimironko,CHW-GAS-01-03,31,female,38.3,2,0,0,0,0,0,negative,treat_at_home,0,,recovered
CASE-003984,2025-11-06,Gasabo,Remera,CHW-GAS-02-02,174,female,37.2,0,0,0,0,0,0,negative,treat_at_home,0,,recovered
CASE-003985,2025-11-06,Gisagara,Kibirizi,CHW-GIS-03-02,24,male,38.1,4,0,0,0,0,0,negative,refer,1,7.2,recovered
CASE-003986,2025-11-06,Nyagatare,Katabagemu,CHW-NYG-06-03,26,female,38.4,2,0,0,0,0,0,positive,treat_at_home,0,,recovered
CASE-003987,2025-11-06,Nyagatare,Katabagemu,CHW-NYG-06-04,413,female,38.1,6,0,0,0,0,0,positive,treat_at_home,0,,recovered
CASE-003988,2025-11-06,Nyagatare,Rwimiyaga,CHW-NYG-03-02,32,female,36.7,0,0,0,0,0,0,negative,treat_at_home,0,,recovered
CASE-003989,2025-11-06,Rusizi,Kamembe,CHW-RUS-01-02,43,female,38.5,2,0,0,0,0,0,positive,treat_at_home,0,,recovered
CASE-003990,2025-11-07,Bugesera,Gashora,CHW-BUG-06-02,26,female,38.6,1,0,1,0,0,0,positive,urgent_refer,1,6.2,recovered
CASE-003991,2025-11-07,Bugesera,Nyamata,CHW-BUG-01-04,101,male,38.6,2,0,0,0,0,0,negative,treat_at_home,0,,recovered
CASE-003992,2025-11-07,Bugesera,Rilima,CHW-BUG-02-01,49,male,38.7,3,0,0,0,0,0,positive,treat_at_home,0,,recovered
CASE-003993,2025-11-07,Bugesera,Rilima,CHW-BUG-02-03,305,male,36.8,0,0,0,0,0,0,negative,treat_at_home,0,,recovered
CASE-003994,2025-11-07,Gasabo,Kacyiru,CHW-GAS-03-02,78,female,38.3,1,0,0,0,0,0,negative,treat_at_home,0,,recovered
CASE-003995,2025-11-07,Gisagara,Kibirizi,CHW-GIS-03-02,1,female,36.3,0,0,0,0,0,0,negative,urgent_refer,1,9.2,recovered
CASE-003996,2025-11-07,Gisagara,Kibirizi,CHW-GIS-03-03,58,male,38.8,4,0,0,0,0,0,positive,treat_at_home,0,,recovered
CASE-003997,2025-11-07,Gisagara,Save,CHW-GIS-02-03,710,female,39.3,2,0,0,0,0,0,positive,treat_at_home,0,,recovered
CASE-003998,2025-11-07,Kirehe,Mahama,CHW-KIR-03-01,1,male,38.7,6,0,0,0,0,0,negative,urgent_refer,1,10.0,recovered
CASE-003999,2025-11-07,Kirehe,Mahama,CHW-KIR-03-02,31,male,38.2,1,0,0,0,0,0,positive,treat_at_home,0,,recovered
CASE-004000,2025-11-07,Kirehe,Mahama,CHW-KIR-03-03,9,male,37.7,5,0,0,0,0,0,negative,refer,0,,recovered
CASE-004001,2025-11-07,Nyagatare,Karangazi,CHW-NYG-02-03,25,male,37.8,3,0,0,0,0,0,negative,refer,1,15.2,complication
CASE-004002,2025-11-07,Nyagatare,Nyagatare,CHW-NYG-01-02,48,female,38.4,4,0,0,0,0,0,positive,treat_at_home,0,,recovered
CASE-004003,2025-11-07,Nyagatare,Rwimiyaga,CHW-NYG-03-01,112,female,37.9,1,0,0,0,0,0,positive,treat_at_home,0,,recovered
CASE-004004,2025-11-07,Nyagatare,Rwimiyaga,CHW-NYG-03-03,72,male,38.0,1,0,0,0,0,0,invalid,refer,1,13.1,recovered
CASE-004005,2025-11-07,Rusizi,Bugarama,CHW-RUS-02-01,30,male,37.9,3,0,0,0,1,0,positive,urgent_refer,0,,complication
CASE-004006,2025-11-07,Rusizi,Bugarama,CHW-RUS-02-03,13,male,38.3,2,0,0,0,0,0,positive,treat_at_home,0,,recovered
CASE-004007,2025-11-07,Rusizi,Bugarama,CHW-RUS-02-03,13,female,36.3,0,0,0,0,0,0,negative,treat_at_home,0,,recovered
CASE-004008,2025-11-07,Rusizi,Gihundwe,CHW-RUS-03-03,45,male,37.9,3,0,0,0,0,0,positive,treat_at_home,0,,recovered
CASE-004009,2025-11-07,Rusizi,Gihundwe,CHW-RUS-03-04,16,male,38.3,2,0,0,0,0,0,positive,treat_at_home,0,,recovered
CASE-004010,2025-11-07,Rusizi,Gihundwe,CHW-RUS-03-04,24,female,38.1,7,0,0,0,0,0,positive,treat_at_home,0,,recovered
CASE-004011,2025-11-08,Bugesera,Gashora,CHW-BUG-06-04,2,male,38.1,2,0,0,0,0,0,positive,treat_at_home,0,,recovered
CASE-004012,2025-11-08,Bugesera,Mareba,CHW-BUG-04-01,33,male,38.3,1,0,0,0,0,0,positive,treat_at_home,0,,recovered
CASE-004013,2025-11-08,Bugesera,Mareba,CHW-BUG-04-02,138,female,38.6,1,0,0,0,0,0,negative,treat_at_home,0,,recovered
CASE-004014,2025-11-08,Bugesera,Mareba,CHW-BUG-04-04,2,male,38.9,4,0,0,0,0,0,positive,treat_at_home,0,,recovered
CASE-004015,2025-11-08,Bugesera,Ntarama,CHW-BUG-05-02,10,male,38.9,3,0,0,0,0,0,negative,refer,0,,recovered
CASE-004016,2025-11-08,Bugesera,Nyamata,CHW-BUG-01-02,3,male,37.9,1,0,0,0,0,0,positive,treat_at_home,0,,recovered
CASE-004017,2025-11-08,Gasabo,Remera,CHW-GAS-02-04,146,female,38.8,1,0,0,0,0,0,positive,treat_at_home,0,,recovered
CASE-004018,2025-11-08,Kirehe,Kirehe,CHW-KIR-01-02,22,female,38.7,4,0,0,0,0,0,negative,refer,1,11.8,recovered
CASE-004019,2025-11-08,Kirehe,Mahama,CHW-KIR-03-04,190,male,38.7,4,0,0,0,0,0,negative,refer,1,6.1,recovered
CASE-004020,2025-11-08,Nyagatare,Karangazi,CHW-NYG-02-04,43,male,39.0,2,0,0,0,0,0,positive,treat_at_home,0,,recovered
CASE-004021,2025-11-09,Bugesera,Mareba,CHW-BUG-04-04,45,female,38.4,2,0,0,0,0,0,invalid,treat_at_home,0,,recovered
CASE-004022,2025-11-09,Bugesera,Mayange,CHW-BUG-03-02,126,female,38.7,2,0,0,0,0,0,positive,treat_at_home,0,,recovered
CASE-004023,2025-11-09,Gasabo,Remera,CHW-GAS-02-01,34,female,37.4,2,0,0,0,0,0,positive,refer,0,,recovered
CASE-004024,2025-11-09,Gasabo,Remera,CHW-GAS-02-04,516,female,38.2,3,0,0,0,0,0,negative,refer,1,5.6,died
CASE-004025,2025-11-09,Gisagara,Gisagara,CHW-GIS-01-02,46,male,38.0,3,0,0,0,0,0,positive,treat_at_home,0,,recovered
CASE-004026,2025-11-09,Kirehe,Gahara,CHW-KIR-02-01,33,male,37.8,1,0,0,0,0,0,negative,treat_at_home,0,,complication
CASE-004027,2025-11-09,Nyagatare,Karangazi,CHW-NYG-02-01,21,female,37.7,2,0,0,0,0,0,negative,treat_at_home,0,,recovered
CASE-004028,2025-11-09,Nyagatare,Katabagemu,CHW-NYG-06-03,28,female,38.5,5,0,0,0,0,0,positive,treat_at_home,0,,recovered
CASE-004029,2025-11-09,Nyagatare,Matimba,CHW-NYG-04-04,2,male,38.5,2,0,0,0,0,0,negative,treat_at_home,0,,recovered
CASE-004030,2025-11-09,Nyagatare,Matimba,CHW-NYG-04-04,706,female,38.1,1,0,0,0,0,0,negative,treat_at_home,0,,recovered
CASE-004031,2025-11-09,Nyagatare,Rwimiyaga,CHW-NYG-03-02,55,male,38.0,1,0,0,0,0,0,positive,treat_at_home,0,,recovered
CASE-004032,2025-11-09,Nyagatare,Rwimiyaga,CHW-NYG-03-02,11,male,38.8,2,0,0,0,0,0,positive,treat_at_home,0,,recovered
CASE-004033,2025-11-09,Rusizi,Gihundwe,CHW-RUS-03-01,17,male,37.7,2,0,0,0,0,0,positive,treat_at_home,0,,recovered
CASE-004034,2025-11-09,Rusizi,Kamembe,CHW-RUS-01-04,4,male,39.0,1,0,0,0,0,0,positive,treat_at_home,0,,recovered
CASE-004035,2025-11-10,Bugesera,Gashora,CHW-BUG-06-03,423,male,38.8,1,0,0,0,0,0,invalid,refer,0,,recovered
CASE-004036,2025-11-10,Bugesera,Mayange,CHW-BUG-03-01,43,female,37.6,2,0,0,0,0,0,positive,treat_at_home,0,,recovered
CASE-004037,2025-11-10,Gasabo,Remera,CHW-GAS-02-01,57,female,38.1,4,0,0,0,0,0,positive,treat_at_home,0,,recovered
CASE-004038,2025-11-10,Gasabo,Remera,CHW-GAS-02-02,0,female,38.1,3,0,0,0,0,0,positive,urgent_refer,1,11.7,recovered
CASE-004039,2025-11-10,Gisagara,Gisagara,CHW-GIS-01-03,45,male,38.3,6,0,0,0,0,0,negative,refer,1,5.2,recovered
CASE-004040,2025-11-10,Kirehe,Kirehe,CHW-KIR-01-04,19,female,38.5,2,0,0,0,0,0,negative,treat_at_home,0,,recovered
CASE-004041,2025-11-10,Kirehe,Mahama,CHW-KIR-03-01,22,male,38.1,4,0,0,0,0,0,negative,refer,0,,recovered
CASE-004042,2025-11-10,Nyagatare,Matimba,CHW-NYG-04-01,53,male,36.9,0,0,0,0,0,0,positive,treat_at_home,0,,recovered
CASE-004043,2025-11-10,Nyagatare,Mimuri,CHW-NYG-05-02,82,male,38.6,5,0,0,0,0,0,positive,refer,1,8.4,complication
CASE-004044,2025-11-10,Rusizi,Kamembe,CHW-RUS-01-02,133,male,38.7,6,0,0,0,0,0,negative,refer,1,14.2,recovered
CASE-004045,2025-11-10,Rusizi,Kamembe,CHW-RUS-01-03,88,female,37.7,1,0,0,0,0,0,positive,treat_at_home,0,,recovered
CASE-004046,2025-11-11,Bugesera,Mayange,CHW-BUG-03-03,23,female,39.2,1,0,1,0,0,0,positive,urgent_refer,1,2.4,recovered
CASE-004047,2025-11-11,Bugesera,Ntarama,CHW-BUG-05-03,58,male,37.9,4,0,0,0,0,0,positive,treat_at_home,0,,recovered
CASE-004048,2025-11-11,Bugesera,Nyamata,CHW-BUG-01-03,0,male,38.0,1,0,0,0,1,0,negative,urgent_refer,1,8.4,recovered
CASE-004049,2025-11-11,Bugesera,Rilima,CHW-BUG-02-04,3,female,38.1,1,0,0,0,0,1,positive,urgent_refer,1,2.4,recovered
CASE-004050,2025-11-11,Gasabo,Kimironko,CHW-GAS-01-02,26,female,38.6,1,0,0,0,0,0,positive,treat_at_home,0,,recovered
CASE-004051,2025-11-11,Gasabo,Remera,CHW-GAS-02-01,49,female,38.8,1,0,0,0,0,0,positive,treat_at_home,0,,recovered
CASE-004052,2025-11-11,Gisagara,Kibirizi,CHW-GIS-03-04,27,female,38.2,3,0,0,0,0,0,positive,treat_at_home,0,,recovered
CASE-004053,2025-11-11,Kirehe,Kirehe,CHW-KIR-01-01,32,female,36.9,0,0,0,0,0,0,negative,treat_at_home,0,,recovered
CASE-004054,2025-11-11,Kirehe,Mahama,CHW-KIR-03-01,4,female,38.6,2,0,0,0,0,0,positive,treat_at_home,0,,recovered
CASE-004055,2025-11-11,Kirehe,Mahama,CHW-KIR-03-03,333,male,38.1,1,0,0,0,0,0,positive,treat_at_home,0,,recovered
CASE-004056,2025-11-11,Kirehe,Mahama,CHW-KIR-03-04,59,male,38.4,1,0,0,0,0,0,negative,treat_at_home,0,,recovered
CASE-004057,2025-11-11,Nyagatare,Matimba,CHW-NYG-04-04,20,male,37.5,1,0,0,0,0,0,positive,treat_at_home,0,,recovered
CASE-004058,2025-11-11,Nyagatare,Mimuri,CHW-NYG-05-03,30,male,38.5,6,0,0,0,0,0,positive,treat_at_home,0,,recovered
CASE-004059,2025-11-11,Rusizi,Gihundwe,CHW-RUS-03-02,121,male,39.1,5,0,0,0,0,0,positive,treat_at_home,0,,recovered
CASE-004060,2025-11-12,Bugesera,Gashora,CHW-BUG-06-04,1,male,38.5,4,0,0,0,0,1,positive,urgent_refer,1,5.5,recovered
CASE-004061,2025-11-12,Bugesera,Mareba,CHW-BUG-04-02,27,male,38.4,3,0,0,0,0,0,positive,treat_at_home,0,,recovered
CASE-004062,2025-11-12,Bugesera,Mareba,CHW-BUG-04-03,524,female,38.0,4,0,0,0,0,0,positive,treat_at_home,0,,recovered
CASE-004063,2025-11-12,Bugesera,Ntarama,CHW-BUG-05-04,459,male,38.5,2,0,0,0,0,0,positive,refer,1,4.2,recovered
CASE-004064,2025-11-12,Bugesera,Rilima,CHW-BUG-02-02,3,male,38.7,4,0,0,0,0,0,positive,treat_at_home,0,,recovered
CASE-004065,2025-11-12,Bugesera,Rilima,CHW-BUG-02-04,135,female,38.3,3,0,0,0,0,0,negative,refer,1,7.5,recovered
CASE-004066,2025-11-12,Kirehe,Gahara,CHW-KIR-02-01,4,female,37.8,1,0,0,1,0,0,negative,urgent_refer,1,3.0,recovered
CASE-004067,2025-11-12,Kirehe,Gahara,CHW-KIR-02-04,41,male,37.8,4,0,0,0,0,0,negative,refer,1,11.9,recovered
CASE-004068,2025-11-12,Kirehe,Kirehe,CHW-KIR-01-04,33,male,39.1,3,0,0,0,0,0,negative,refer,1,5.2,recovered
CASE-004069,2025-11-12,Kirehe,Mahama,CHW-KIR-03-03,556,male,38.4,1,0,0,0,0,0,negative,treat_at_home,0,,recovered
CASE-004070,2025-11-12,Nyagatare,Karangazi,CHW-NYG-02-02,18,female,38.3,1,0,0,0,0,0,invalid,refer,1,20.4,recovered
CASE-004071,2025-11-12,Nyagatare,Karangazi,CHW-NYG-02-04,40,female,38.2,3,0,0,0,0,0,positive,treat_at_home,0,,recovered
CASE-004072,2025-11-12,Nyagatare,Nyagatare,CHW-NYG-01-02,48,female,38.8,2,0,0,0,0,0,positive,treat_at_home,0,,recovered
CASE-004073,2025-11-12,Nyagatare,Rwimiyaga,CHW-NYG-03-02,9,male,38.8,5,0,0,0,0,0,positive,treat_at_home,0,,recovered
CASE-004074,2025-11-12,Rusizi,Bugarama,CHW-RUS-02-03,55,female,37.9,1,0,0,0,0,0,negative,treat_at_home,0,,recovered
CASE-004075,2025-11-13,Bugesera,Gashora,CHW-BUG-06-01,51,male,38.2,2,0,0,0,0,0,negative,treat_at_home,0,,recovered
CASE-004076,2025-11-13,Bugesera,Gashora,CHW-BUG-06-02,25,male,38.2,2,0,0,0,0,0,positive,treat_at_home,0,,recovered
CASE-004077,2025-11-13,Bugesera,Gashora,CHW-BUG-06-04,31,male,38.0,2,0,1,1,0,0,negative,urgent_refer,1,7.2,recovered
CASE-004078,2025-11-13,Bugesera,Ntarama,CHW-BUG-05-04,55,female,38.8,5,0,0,0,0,0,negative,refer,1,7.5,recovered
CASE-004079,2025-11-13,Gasabo,Kacyiru,CHW-GAS-03-01,88,female,38.2,2,0,0,0,0,0,negative,treat_at_home,0,,unknown
CASE-004080,2025-11-13,Gasabo,Kacyiru,CHW-GAS-03-02,51,female,37.7,1,0,0,0,0,0,positive,treat_at_home,0,,recovered
CASE-004081,2025-11-13,Gasabo,Kacyiru,CHW-GAS-03-03,54,male,38.1,2,0,0,0,0,0,negative,refer,1,10.8,recovered
CASE-004082,2025-11-13,Gasabo,Kimironko,CHW-GAS-01-02,168,male,38.6,6,0,0,1,0,0,positive,urgent_refer,1,4.9,recovered
CASE-004083,2025-11-13,Gasabo,Remera,CHW-GAS-02-04,32,female,37.9,2,0,0,0,0,0,invalid,refer,1,10.3,died
CASE-004084,2025-11-13,Gisagara,Save,CHW-GIS-02-01,1,female,38.7,1,0,0,0,0,0,negative,urgent_refer,1,2.3,recovered
CASE-004085,2025-11-13,Kirehe,Gahara,CHW-KIR-02-04,14,male,39.4,6,0,0,0,0,0,positive,treat_at_home,0,,recovered
CASE-004086,2025-11-13,Kirehe,Kirehe,CHW-KIR-01-03,40,male,36.4,0,0,0,0,0,0,negative,treat_at_home,0,,recovered
CASE-004087,2025-11-13,Nyagatare,Katabagemu,CHW-NYG-06-04,59,male,39.1,1,0,0,0,0,0,positive,treat_at_home,0,,recovered
CASE-004088,2025-11-13,Nyagatare,Rwimiyaga,CHW-NYG-03-03,251,female,38.6,1,0,0,0,0,0,negative,treat_at_home,0,,recovered
CASE-004089,2025-11-13,Rusizi,Bugarama,CHW-RUS-02-01,125,female,38.9,2,0,0,0,0,0,positive,treat_at_home,0,,recovered
CASE-004090,2025-11-14,Gasabo,Kimironko,CHW-GAS-01-01,34,female,38.4,4,0,0,0,0,0,positive,treat_at_home,0,,recovered
CASE-004091,2025-11-14,Gasabo,Kimironko,CHW-GAS-01-02,17,male,38.7,1,0,0,0,0,0,positive,treat_at_home,0,,recovered
CASE-004092,2025-11-14,Gisagara,Gisagara,CHW-GIS-01-01,24,male,38.3,5,0,0,0,0,0,invalid,refer,1,2.1,recovered
CASE-004093,2025-11-14,Gisagara,Gisagara,CHW-GIS-01-03,8,female,37.5,2,0,0,0,1,1,positive,urgent_refer,1,4.6,recovered
CASE-004094,2025-11-14,Gisagara,Kibirizi,CHW-GIS-03-02,318,female,38.0,3,0,0,0,0,0,invalid,refer,0,,recovered
CASE-004095,2025-11-14,Gisagara,Kibirizi,CHW-GIS-03-02,52,male,38.1,3,0,0,0,0,0,positive,treat_at_home,0,,recovered
CASE-004096,2025-11-14,Gisagara,Save,CHW-GIS-02-04,46,male,37.0,0,0,0,0,0,0,negative,treat_at_home,0,,complication
CASE-004097,2025-11-14,Kirehe,Kirehe,CHW-KIR-01-03,68,male,38.4,1,0,0,0,0,0,invalid,refer,0,,recovered
CASE-004098,2025-11-14,Nyagatare,Mimuri,CHW-NYG-05-01,44,female,38.9,5,0,1,0,0,0,positive,urgent_refer,1,9.0,recovered
CASE-004099,2025-11-14,Nyagatare,Mimuri,CHW-NYG-05-02,35,male,38.6,2,0,0,0,0,0,positive,treat_at_home,0,,recovered
CASE-004100,2025-11-14,Nyagatare,Nyagatare,CHW-NYG-01-01,42,female,38.0,1,0,0,0,0,0,positive,treat_at_home,0,,recovered
CASE-004101,2025-11-14,Nyagatare,Nyagatare,CHW-NYG-01-03,72,female,38.3,2,0,0,0,0,0,positive,treat_at_home,0,,recovered
CASE-004102,2025-11-14,Rusizi,Bugarama,CHW-RUS-02-02,41,male,38.4,1,0,0,0,0,0,negative,treat_at_home,0,,recovered
CASE-004103,2025-11-15,Bugesera,Ntarama,CHW-BUG-05-04,100,male,39.3,3,1,0,1,0,0,positive,urgent_refer,1,1.9,recovered
CASE-004104,2025-11-15,Bugesera,Rilima,CHW-BUG-02-01,40,male,38.3,4,0,0,0,0,0,positive,treat_at_home,0,,recovered
CASE-004105,2025-11-15,Gasabo,Kacyiru,CHW-GAS-03-01,295,male,37.8,4,0,0,0,0,0,positive,treat_at_home,0,,recovered
CASE-004106,2025-11-15,Gisagara,Kibirizi,CHW-GIS-03-04,24,male,37.7,1,0,0,0,0,0,negative,treat_at_home,0,,recovered
CASE-004107,2025-11-15,Kirehe,Gahara,CHW-KIR-02-04,16,male,38.1,1,0,0,0,0,0,negative,treat_at_home,0,,recovered
CASE-004108,2025-11-15,Kirehe,Gahara,CHW-KIR-02-04,149,female,39.0,3,0,0,0,0,0,positive,treat_at_home,0,,recovered
CASE-004109,2025-11-15,Kirehe,Kirehe,CHW-KIR-01-02,27,female,37.8,4,0,0,0,0,0,negative,refer,0,,recovered
CASE-004110,2025-11-15,Kirehe,Kirehe,CHW-KIR-01-04,84,female,36.5,0,0,0,0,0,0,negative,treat_at_home,0,,recovered
CASE-004111,2025-11-15,Kirehe,Mahama,CHW-KIR-03-03,56,male,38.4,7,0,0,0,0,0,positive,refer,0,,recovered
CASE-004112,2025-11-15,Nyagatare,Karangazi,CHW-NYG-02-01,287,female,37.6,3,0,0,0,0,0,positive,treat_at_home,0,,recovered
CASE-004113,2025-11-15,Nyagatare,Katabagemu,CHW-NYG-06-03,6,male,38.7,1,0,0,0,0,0,invalid,refer,1,12.2,recovered
CASE-004114,2025-11-15,Nyagatare,Katabagemu,CHW-NYG-06-04,1,female,38.8,5,0,0,0,0,0,negative,urgent_refer,0,,recovered
CASE-004115,2025-11-15,Nyagatare,Matimba,CHW-NYG-04-03,7,male,38.3,5,0,0,0,0,0,positive,treat_at_home,0,,recovered
CASE-004116,2025-11-15,Nyagatare,Matimba,CHW-NYG-04-04,31,male,38.0,1,0,0,0,0,0,invalid,refer,0,,recovered
CASE-004117,2025-11-15,Nyagatare,Mimuri,CHW-NYG-05-01,111,male,37.7,1,0,0,0,0,0,positive,treat_at_home,0,,recovered
CASE-004118,2025-11-15,Nyagatare,Mimuri,CHW-NYG-05-04,48,male,38.2,3,0,0,0,0,0,positive,treat_at_home,0,,recovered
CASE-004119,2025-11-15,Nyagatare,Nyagatare,CHW-NYG-01-03,89,female,38.8,1,0,0,0,0,0,positive,treat_at_home,0,,recovered
CASE-004120,2025-11-15,Rusizi,Gihundwe,CHW-RUS-03-01,150,female,37.6,4,0,0,0,0,0,positive,treat_at_home,0,,recovered
CASE-004121,2025-11-15,Rusizi,Kamembe,CHW-RUS-01-03,437,male,38.0,1,0,0,0,0,0,positive,treat_at_home,0,,recovered
CASE-004122,2025-11-15,Rusizi,Kamembe,CHW-RUS-01-04,1,female,38.6,6,1,0,0,0,1,positive,urgent_refer,1,8.0,recovered
CASE-004123,2025-11-16,Bugesera,Mayange,CHW-BUG-03-04,89,female,37.9,1,0,0,0,0,0,positive,treat_at_home,0,,recovered
CASE-004124,2025-11-16,Bugesera,Nyamata,CHW-BUG-01-01,60,male,38.3,2,0,0,0,0,0,positive,treat_at_home,0,,recovered
CASE-004125,2025-11-16,Gasabo,Kacyiru,CHW-GAS-03-04,14,male,38.0,1,0,0,0,0,0,negative,treat_at_home,0,,recovered
CASE-004126,2025-11-16,Gasabo,Kimironko,CHW-GAS-01-03,155,female,38.5,5,0,0,0,0,0,positive,treat_at_home,0,,recovered
CASE-004127,2025-11-16,Gisagara,Gisagara,CHW-GIS-01-04,29,female,38.5,3,0,0,0,0,0,positive,treat_at_home,0,,recovered
CASE-004128,2025-11-16,Gisagara,Kibirizi,CHW-GIS-03-01,22,female,38.4,3,0,0,0,0,0,positive,treat_at_home,0,,recovered
CASE-004129,2025-11-16,Kirehe,Gahara,CHW-KIR-02-01,115,female,38.7,1,0,0,0,0,0,negative,treat_at_home,0,,recovered
CASE-004130,2025-11-16,Kirehe,Kirehe,CHW-KIR-01-03,3,female,38.1,1,0,0,0,0,0,positive,treat_at_home,0,,unknown
CASE-004131,2025-11-16,Kirehe,Mahama,CHW-KIR-03-03,54,female,39.3,1,0,0,0,0,0,positive,treat_at_home,0,,recovered
CASE-004132,2025-11-16,Kirehe,Mahama,CHW-KIR-03-04,103,male,38.5,6,0,0,0,0,0,negative,refer,1,17.6,recovered
CASE-004133,2025-11-16,Nyagatare,Matimba,CHW-NYG-04-02,658,female,38.0,1,0,0,0,0,0,negative,treat_at_home,0,,recovered
CASE-004134,2025-11-16,Rusizi,Kamembe,CHW-RUS-01-04,255,male,39.6,3,0,0,0,0,0,negative,refer,0,,recovered
CASE-004135,2025-11-17,Bugesera,Gashora,CHW-BUG-06-01,57,female,38.5,1,0,0,0,0,0,positive,treat_at_home,0,,recovered
CASE-004136,2025-11-17,Bugesera,Mayange,CHW-BUG-03-02,27,female,38.1,4,0,0,0,0,0,negative,refer,1,9.9,recovered
CASE-004137,2025-11-17,Bugesera,Mayange,CHW-BUG-03-03,33,male,38.1,1,0,1,0,0,0,negative,refer,0,,recovered
CASE-004138,2025-11-17,Bugesera,Mayange,CHW-BUG-03-03,7,female,36.7,0,0,0,0,0,0,negative,treat_at_home,0,,recovered
CASE-004139,2025-11-17,Gasabo,Kacyiru,CHW-GAS-03-01,43,female,38.7,3,0,0,0,0,0,positive,treat_at_home,0,,recovered
CASE-004140,2025-11-17,Gisagara,Kibirizi,CHW-GIS-03-03,268,female,38.3,5,0,0,0,0,0,positive,treat_at_home,0,,recovered
CASE-004141,2025-11-17,Gisagara,Kibirizi,CHW-GIS-03-04,47,female,38.9,3,0,0,0,0,0,negative,refer,1,6.7,unknown
CASE-004142,2025-11-17,Gisagara,Save,CHW-GIS-02-04,30,male,38.3,5,0,0,0,0,0,positive,treat_at_home,0,,recovered
CASE-004143,2025-11-17,Kirehe,Gahara,CHW-KIR-02-01,56,male,38.5,2,0,0,0,0,0,negative,treat_at_home,0,,recovered
CASE-004144,2025-11-17,Kirehe,Gahara,CHW-KIR-02-01,58,female,38.0,3,0,0,0,0,0,positive,treat_at_home,0,,recovered
CASE-004145,2025-11-17,Kirehe,Gahara,CHW-KIR-02-01,42,male,37.8,3,0,0,0,0,0,negative,refer,1,4.7,recovered
CASE-004146,2025-11-17,Kirehe,Kirehe,CHW-KIR-01-01,93,female,38.2,1,0,0,0,0,0,positive,treat_at_home,0,,recovered
CASE-004147,2025-11-17,Kirehe,Kirehe,CHW-KIR-01-04,23,female,36.9,0,0,0,0,0,0,negative,refer,1,6.5,recovered
CASE-004148,2025-11-17,Kirehe,Mahama,CHW-KIR-03-01,385,male,37.8,1,0,0,0,0,0,negative,treat_at_home,0,,complication
CASE-004149,2025-11-17,Kirehe,Mahama,CHW-KIR-03-04,26,male,38.5,1,0,0,1,1,0,positive,urgent_refer,0,,complication
CASE-004150,2025-11-17,Nyagatare,Matimba,CHW-NYG-04-04,144,male,38.1,3,0,0,0,0,0,positive,treat_at_home,0,,recovered
CASE-004151,2025-11-17,Nyagatare,Mimuri,CHW-NYG-05-02,14,male,38.7,2,0,0,0,0,0,positive,treat_at_home,0,,recovered
CASE-004152,2025-11-17,Nyagatare,Mimuri,CHW-NYG-05-04,356,female,38.4,3,0,0,0,0,0,negative,treat_at_home,0,,recovered
CASE-004153,2025-11-17,Nyagatare,Nyagatare,CHW-NYG-01-01,424,male,38.4,1,0,0,0,0,0,negative,treat_at_home,0,,recovered
CASE-004154,2025-11-17,Nyagatare,Rwimiyaga,CHW-NYG-03-01,91,male,38.0,5,0,0,0,0,0,positive,refer,1,14.4,recovered
CASE-004155,2025-11-18,Bugesera,Mareba,CHW-BUG-04-02,142,male,38.0,2,0,0,0,0,0,negative,treat_at_home,0,,recovered
CASE-004156,2025-11-18,Bugesera,Mareba,CHW-BUG-04-04,11,female,36.5,0,0,0,0,0,0,negative,treat_at_home,0,,recovered
CASE-004157,2025-11-18,Bugesera,Ntarama,CHW-BUG-05-02,17,female,38.9,1,0,1,0,0,0,positive,urgent_refer,1,1.8,recovered
CASE-004158,2025-11-18,Bugesera,Nyamata,CHW-BUG-01-04,24,male,38.0,1,0,0,0,0,0,positive,treat_at_home,0,,recovered
CASE-004159,2025-11-18,Gasabo,Kacyiru,CHW-GAS-03-03,0,female,38.3,1,0,0,0,0,0,negative,urgent_refer,1,3.6,recovered
CASE-004160,2025-11-18,Gasabo,Kimironko,CHW-GAS-01-03,3,male,38.5,1,0,0,0,0,0,positive,treat_at_home,0,,recovered
CASE-004161,2025-11-18,Gasabo,Remera,CHW-GAS-02-04,99,female,38.1,2,0,0,0,0,0,negative,treat_at_home,0,,recovered
CASE-004162,2025-11-18,Kirehe,Gahara,CHW-KIR-02-03,151,male,36.9,0,0,0,0,0,0,negative,treat_at_home,0,,unknown
CASE-004163,2025-11-18,Kirehe,Kirehe,CHW-KIR-01-03,119,female,37.7,2,0,0,0,0,0,positive,treat_at_home,0,,recovered
CASE-004164,2025-11-18,Nyagatare,Katabagemu,CHW-NYG-06-02,30,female,38.0,2,0,0,0,0,0,negative,treat_at_home,0,,recovered
CASE-004165,2025-11-18,Nyagatare,Katabagemu,CHW-NYG-06-04,439,male,38.8,7,0,0,0,0,0,invalid,refer,1,10.0,recovered
CASE-004166,2025-11-18,Nyagatare,Nyagatare,CHW-NYG-01-01,488,male,37.9,3,0,0,0,0,0,positive,treat_at_home,0,,recovered
CASE-004167,2025-11-18,Nyagatare,Rwimiyaga,CHW-NYG-03-01,1,male,38.0,2,0,0,0,0,0,negative,urgent_refer,1,8.5,recovered
CASE-004168,2025-11-18,Rusizi,Bugarama,CHW-RUS-02-04,24,male,38.2,1,0,0,0,0,0,positive,treat_at_home,0,,recovered
CASE-004169,2025-11-18,Rusizi,Gihundwe,CHW-RUS-03-01,36,male,39.1,6,0,0,0,0,0,positive,treat_at_home,0,,complication
CASE-004170,2025-11-18,Rusizi,Gihundwe,CHW-RUS-03-03,48,female,38.2,1,0,0,0,0,0,positive,treat_at_home,0,,recovered
CASE-004171,2025-11-18,Rusizi,Kamembe,CHW-RUS-01-03,33,female,38.1,4,0,0,0,0,0,invalid,refer,1,9.5,recovered
CASE-004172,2025-11-19,Gasabo,Kacyiru,CHW-GAS-03-01,28,male,36.6,0,0,0,0,0,0,negative,treat_at_home,0,,recovered
CASE-004173,2025-11-19,Gasabo,Kacyiru,CHW-GAS-03-03,154,female,38.6,3,0,0,0,0,0,invalid,refer,1,8.7,recovered
CASE-004174,2025-11-19,Gisagara,Kibirizi,CHW-GIS-03-01,27,female,39.0,4,0,0,0,0,0,positive,treat_at_home,0,,recovered
CASE-004175,2025-11-19,Kirehe,Gahara,CHW-KIR-02-01,13,male,38.3,7,0,0,0,0,0,positive,treat_at_home,0,,recovered
CASE-004176,2025-11-19,Kirehe,Mahama,CHW-KIR-03-02,21,female,38.2,1,0,0,0,0,0,positive,treat_at_home,0,,recovered
CASE-004177,2025-11-19,Rusizi,Gihundwe,CHW-RUS-03-04,40,female,39.1,1,0,0,0,0,0,positive,treat_at_home,0,,recovered
CASE-004178,2025-11-20,Bugesera,Gashora,CHW-BUG-06-02,20,male,37.7,1,0,0,0,0,0,positive,treat_at_home,0,,recovered
CASE-004179,2025-11-20,Bugesera,Mayange,CHW-BUG-03-01,133,female,38.1,2,0,0,0,0,0,positive,treat_at_home,0,,recovered
CASE-004180,2025-11-20,Bugesera,Mayange,CHW-BUG-03-02,30,female,38.5,1,0,0,0,0,0,negative,treat_at_home,0,,recovered
CASE-004181,2025-11-20,Bugesera,Mayange,CHW-BUG-03-02,49,female,37.7,1,0,0,0,0,0,positive,treat_at_home,0,,recovered
CASE-004182,2025-11-20,Bugesera,Nyamata,CHW-BUG-01-03,34,male,38.0,1,0,0,0,1,0,positive,urgent_refer,1,4.2,recovered
CASE-004183,2025-11-20,Gasabo,Remera,CHW-GAS-02-04,697,female,38.2,1,0,0,0,0,0,positive,treat_at_home,0,,recovered
CASE-004184,2025-11-20,Kirehe,Gahara,CHW-KIR-02-03,35,male,38.4,3,0,0,0,0,0,negative,refer,1,25.2,recovered
CASE-004185,2025-11-20,Kirehe,Gahara,CHW-KIR-02-04,89,female,38.6,4,0,0,0,0,0,positive,treat_at_home,0,,recovered
CASE-004186,2025-11-20,Kirehe,Mahama,CHW-KIR-03-01,31,male,38.7,2,0,1,0,0,1,positive,urgent_refer,1,7.2,recovered
CASE-004187,2025-11-20,Nyagatare,Karangazi,CHW-NYG-02-04,92,female,38.4,2,0,0,0,0,0,positive,treat_at_home,0,,recovered
CASE-004188,2025-11-20,Nyagatare,Mimuri,CHW-NYG-05-02,23,female,37.8,1,0,0,0,0,0,positive,treat_at_home,0,,recovered
CASE-004189,2025-11-20,Nyagatare,Nyagatare,CHW-NYG-01-04,137,male,37.9,3,0,0,0,0,0,negative,refer,1,5.2,recovered
CASE-004190,2025-11-20,Nyagatare,Rwimiyaga,CHW-NYG-03-02,23,female,38.6,2,0,0,0,0,0,positive,treat_at_home,0,,recovered
CASE-004191,2025-11-20,Rusizi,Gihundwe,CHW-RUS-03-02,139,female,38.3,5,0,0,0,0,0,negative,refer,1,9.8,recovered
CASE-004192,2025-11-20,Rusizi,Kamembe,CHW-RUS-01-03,302,female,37.9,1,0,0,0,0,0,negative,treat_at_home,0,,recovered
CASE-004193,2025-11-21,Bugesera,Gashora,CHW-BUG-06-04,2,female,37.9,1,0,0,0,0,0,positive,treat_at_home,0,,recovered
CASE-004194,2025-11-21,Bugesera,Gashora,CHW-BUG-06-04,13,male,39.3,2,0,0,0,0,0,positive,treat_at_home,0,,recovered
CASE-004195,2025-11-21,Bugesera,Mareba,CHW-BUG-04-03,27,female,38.2,1,0,0,0,0,0,negative,treat_at_home,0,,recovered
CASE-004196,2025-11-21,Bugesera,Ntarama,CHW-BUG-05-01,11,female,38.6,3,0,0,0,0,0,positive,treat_at_home,0,,recovered
CASE-004197,2025-11-21,Bugesera,Ntarama,CHW-BUG-05-04,617,female,38.4,1,0,0,0,0,0,positive,treat_at_home,0,,recovered
CASE-004198,2025-11-21,Bugesera,Nyamata,CHW-BUG-01-01,83,female,37.8,2,0,0,0,0,0,positive,treat_at_home,0,,recovered
CASE-004199,2025-11-21,Bugesera,Rilima,CHW-BUG-02-03,107,male,38.8,2,0,0,0,0,0,invalid,refer,0,,unknown
CASE-004200,2025-11-21,Gasabo,Remera,CHW-GAS-02-01,5,female,37.2,0,0,0,0,0,0,negative,treat_at_home,0,,recovered
CASE-004201,2025-11-21,Gisagara,Gisagara,CHW-GIS-01-04,51,female,38.2,1,0,0,0,0,0,positive,treat_at_home,0,,recovered
CASE-004202,2025-11-21,Kirehe,Kirehe,CHW-KIR-01-02,467,female,39.0,3,0,0,0,0,0,positive,treat_at_home,0,,recovered
CASE-004203,2025-11-21,Kirehe,Mahama,CHW-KIR-03-01,37,female,37.0,0,0,0,0,0,0,negative,treat_at_home,0,,recovered
CASE-004204,2025-11-21,Kirehe,Mahama,CHW-KIR-03-02,123,male,38.5,2,0,0,0,0,0,positive,treat_at_home,0,,recovered
CASE-004205,2025-11-21,Nyagatare,Karangazi,CHW-NYG-02-01,53,male,37.9,1,0,0,0,0,0,positive,treat_at_home,0,,recovered
CASE-004206,2025-11-21,Nyagatare,Matimba,CHW-NYG-04-04,34,female,38.2,1,0,0,0,0,0,positive,treat_at_home,0,,recovered
CASE-004207,2025-11-21,Nyagatare,Mimuri,CHW-NYG-05-04,6,male,39.3,1,0,0,1,0,0,invalid,urgent_refer,0,,complication
CASE-004208,2025-11-21,Nyagatare,Nyagatare,CHW-NYG-01-02,448,female,38.9,3,0,0,0,0,0,positive,treat_at_home,0,,recovered
CASE-004209,2025-11-21,Nyagatare,Nyagatare,CHW-NYG-01-02,699,male,37.8,1,0,0,0,0,0,positive,treat_at_home,0,,recovered
CASE-004210,2025-11-21,Rusizi,Bugarama,CHW-RUS-02-01,111,male,37.9,3,0,0,0,0,0,positive,treat_at_home,0,,recovered
CASE-004211,2025-11-22,Bugesera,Gashora,CHW-BUG-06-03,59,male,39.6,2,0,0,0,0,0,positive,treat_at_home,0,,recovered
CASE-004212,2025-11-22,Bugesera,Ntarama,CHW-BUG-05-04,434,male,36.8,0,0,0,0,0,0,negative,treat_at_home,0,,recovered
CASE-004213,2025-11-22,Bugesera,Rilima,CHW-BUG-02-01,20,female,38.7,4,0,0,0,0,0,negative,refer,0,,recovered
CASE-004214,2025-11-22,Bugesera,Rilima,CHW-BUG-02-02,5,male,38.3,4,0,0,0,0,0,positive,treat_at_home,0,,recovered
CASE-004215,2025-11-22,Gisagara,Gisagara,CHW-GIS-01-03,550,male,38.5,5,0,0,0,0,0,positive,treat_at_home,0,,recovered
CASE-004216,2025-11-22,Gisagara,Kibirizi,CHW-GIS-03-04,36,male,38.2,2,0,0,0,0,0,positive,treat_at_home,0,,recovered
CASE-004217,2025-11-22,Kirehe,Mahama,CHW-KIR-03-02,53,male,38.4,2,0,0,0,0,0,positive,treat_at_home,0,,recovered
CASE-004218,2025-11-22,Nyagatare,Karangazi,CHW-NYG-02-01,425,male,37.9,1,0,0,0,0,0,positive,treat_at_home,0,,recovered
CASE-004219,2025-11-22,Nyagatare,Matimba,CHW-NYG-04-01,67,female,38.7,2,1,0,0,0,1,positive,urgent_refer,1,3.2,recovered
CASE-004220,2025-11-22,Nyagatare,Mimuri,CHW-NYG-05-02,529,male,38.1,1,0,0,0,0,0,positive,treat_at_home,0,,recovered
CASE-004221,2025-11-22,Nyagatare,Nyagatare,CHW-NYG-01-04,80,male,38.1,2,0,0,0,0,0,positive,refer,1,13.4,recovered
CASE-004222,2025-11-22,Rusizi,Bugarama,CHW-RUS-02-03,55,female,38.1,2,0,0,0,0,0,negative,treat_at_home,0,,recovered
CASE-004223,2025-11-22,Rusizi,Kamembe,CHW-RUS-01-03,11,male,39.4,3,0,1,0,0,0,invalid,urgent_refer,1,3.0,recovered
CASE-004224,2025-11-23,Bugesera,Gashora,CHW-BUG-06-03,57,female,38.1,5,0,0,0,0,0,positive,treat_at_home,0,,recovered
CASE-004225,2025-11-23,Bugesera,Gashora,CHW-BUG-06-03,28,male,37.8,1,0,0,0,0,0,negative,treat_at_home,0,,recovered
CASE-004226,2025-11-23,Bugesera,Ntarama,CHW-BUG-05-02,39,male,38.5,1,0,0,0,0,0,positive,treat_at_home,0,,recovered
CASE-004227,2025-11-23,Gisagara,Gisagara,CHW-GIS-01-01,43,male,38.4,6,0,0,0,0,0,positive,treat_at_home,0,,recovered
CASE-004228,2025-11-23,Kirehe,Gahara,CHW-KIR-02-01,46,female,38.6,2,0,0,0,0,0,positive,treat_at_home,0,,complication
CASE-004229,2025-11-23,Kirehe,Gahara,CHW-KIR-02-01,29,female,37.5,1,0,0,0,0,0,positive,treat_at_home,0,,recovered
CASE-004230,2025-11-23,Kirehe,Gahara,CHW-KIR-02-02,44,male,38.2,3,1,1,0,0,0,negative,urgent_refer,1,8.4,recovered
CASE-004231,2025-11-23,Kirehe,Gahara,CHW-KIR-02-03,365,male,39.1,4,0,0,0,0,0,invalid,treat_at_home,0,,recovered
CASE-004232,2025-11-23,Nyagatare,Katabagemu,CHW-NYG-06-03,573,female,38.2,6,0,0,0,0,0,positive,treat_at_home,0,,recovered
CASE-004233,2025-11-23,Nyagatare,Katabagemu,CHW-NYG-06-03,45,female,39.5,6,0,0,1,0,0,positive,urgent_refer,1,6.5,recovered
CASE-004234,2025-11-23,Nyagatare,Mimuri,CHW-NYG-05-02,79,male,38.5,2,0,0,0,0,0,negative,treat_at_home,0,,recovered
CASE-004235,2025-11-23,Nyagatare,Mimuri,CHW-NYG-05-04,24,male,36.4,0,0,0,0,0,0,negative,treat_at_home,0,,recovered
CASE-004236,2025-11-23,Nyagatare,Nyagatare,CHW-NYG-01-03,162,male,38.3,1,0,0,0,0,0,positive,treat_at_home,0,,recovered
CASE-004237,2025-11-23,Nyagatare,Rwimiyaga,CHW-NYG-03-04,443,male,38.8,4,0,0,0,0,0,positive,treat_at_home,0,,recovered
CASE-004238,2025-11-23,Rusizi,Bugarama,CHW-RUS-02-03,35,female,38.2,3,0,0,0,0,0,negative,refer,0,,recovered
CASE-004239,2025-11-23,Rusizi,Kamembe,CHW-RUS-01-03,434,male,38.0,2,0,0,0,0,0,negative,treat_at_home,0,,recovered
CASE-004240,2025-11-24,Bugesera,Mayange,CHW-BUG-03-04,3,male,38.9,5,0,0,0,0,0,positive,treat_at_home,0,,recovered
CASE-004241,2025-11-24,Bugesera,Mayange,CHW-BUG-03-04,42,female,38.0,1,0,0,0,0,0,positive,treat_at_home,0,,recovered
CASE-004242,2025-11-24,Bugesera,Ntarama,CHW-BUG-05-01,141,male,38.1,5,0,0,0,0,0,negative,refer,1,7.3,recovered
CASE-004243,2025-11-24,Bugesera,Rilima,CHW-BUG-02-02,19,female,38.3,2,0,0,0,0,0,negative,treat_at_home,0,,recovered
CASE-004244,2025-11-24,Gasabo,Kimironko,CHW-GAS-01-01,582,female,38.5,3,0,0,1,0,0,invalid,refer,0,,recovered
CASE-004245,2025-11-24,Gasabo,Remera,CHW-GAS-02-04,56,female,38.1,3,0,1,0,0,1,negative,urgent_refer,0,,recovered
CASE-004246,2025-11-24,Gisagara,Gisagara,CHW-GIS-01-02,16,male,37.8,2,0,0,0,0,0,positive,treat_at_home,0,,recovered
CASE-004247,2025-11-24,Gisagara,Kibirizi,CHW-GIS-03-04,48,male,38.5,4,0,0,0,0,0,positive,treat_at_home,0,,recovered
CASE-004248,2025-11-24,Kirehe,Kirehe,CHW-KIR-01-03,152,male,38.4,2,0,0,0,0,0,positive,treat_at_home,0,,recovered
CASE-004249,2025-11-24,Kirehe,Mahama,CHW-KIR-03-04,31,female,38.0,2,0,0,0,0,0,invalid,refer,1,9.3,recovered
CASE-004250,2025-11-24,Rusizi,Gihundwe,CHW-RUS-03-02,1,female,38.0,3,0,0,0,0,0,negative,urgent_refer,1,3.2,recovered
CASE-004251,2025-11-24,Rusizi,Kamembe,CHW-RUS-01-04,59,male,38.4,2,0,0,0,0,0,positive,treat_at_home,0,,recovered
CASE-004252,2025-11-25,Bugesera,Gashora,CHW-BUG-06-03,45,female,38.0,1,0,0,0,0,0,positive,treat_at_home,0,,recovered
CASE-004253,2025-11-25,Bugesera,Mareba,CHW-BUG-04-04,10,female,39.2,2,0,1,0,0,1,positive,urgent_refer,1,17.4,recovered
CASE-004254,2025-11-25,Bugesera,Mayange,CHW-BUG-03-04,134,male,37.7,1,0,0,0,0,0,positive,treat_at_home,0,,recovered
CASE-004255,2025-11-25,Bugesera,Ntarama,CHW-BUG-05-04,18,female,38.4,1,0,0,0,1,0,positive,refer,1,17.2,recovered
CASE-004256,2025-11-25,Bugesera,Nyamata,CHW-BUG-01-01,147,female,36.0,0,0,0,0,0,0,negative,treat_at_home,0,,recovered
CASE-004257,2025-11-25,Bugesera,Nyamata,CHW-BUG-01-04,56,male,38.8,2,0,0,0,0,0,positive,treat_at_home,0,,complication
CASE-004258,2025-11-25,Bugesera,Rilima,CHW-BUG-02-04,14,female,38.6,1,0,0,0,0,0,positive,treat_at_home,0,,recovered
CASE-004259,2025-11-25,Gasabo,Kacyiru,CHW-GAS-03-01,34,female,38.5,2,0,0,0,0,1,positive,urgent_refer,1,5.6,recovered
CASE-004260,2025-11-25,Gisagara,Save,CHW-GIS-02-03,22,male,38.0,3,0,0,0,0,0,negative,refer,1,6.9,recovered
CASE-004261,2025-11-25,Kirehe,Kirehe,CHW-KIR-01-01,50,male,38.9,2,0,0,0,0,0,positive,treat_at_home,0,,recovered
CASE-004262,2025-11-25,Kirehe,Kirehe,CHW-KIR-01-02,44,female,36.7,0,0,0,0,0,0,negative,treat_at_home,0,,recovered
CASE-004263,2025-11-25,Kirehe,Kirehe,CHW-KIR-01-03,36,male,38.3,4,0,0,0,0,0,invalid,refer,0,,recovered
CASE-004264,2025-11-25,Kirehe,Mahama,CHW-KIR-03-01,47,male,38.8,5,0,0,0,1,0,positive,urgent_refer,0,,unknown
CASE-004265,2025-11-25,Nyagatare,Katabagemu,CHW-NYG-06-02,242,female,37.5,1,0,0,0,0,0,negative,treat_at_home,0,,recovered
CASE-004266,2025-11-25,Nyagatare,Matimba,CHW-NYG-04-03,144,female,38.1,2,0,0,0,0,0,positive,treat_at_home,0,,recovered
CASE-004267,2025-11-25,Nyagatare,Rwimiyaga,CHW-NYG-03-01,24,female,39.1,1,0,0,0,0,0,positive,treat_at_home,0,,recovered
CASE-004268,2025-11-26,Bugesera,Gashora,CHW-BUG-06-01,42,female,38.9,1,0,0,0,0,0,positive,refer,0,,recovered
CASE-004269,2025-11-26,Bugesera,Ntarama,CHW-BUG-05-02,84,female,36.8,0,0,0,0,0,0,negative,treat_at_home,0,,recovered
CASE-004270,2025-11-26,Bugesera,Rilima,CHW-BUG-02-03,3,female,36.7,0,0,0,0,0,0,negative,treat_at_home,0,,recovered
CASE-004271,2025-11-26,Bugesera,Rilima,CHW-BUG-02-04,64,female,37.9,2,0,0,0,0,0,positive,treat_at_home,0,,recovered
CASE-004272,2025-11-26,Gisagara,Gisagara,CHW-GIS-01-04,124,female,38.4,2,0,0,0,0,0,positive,treat_at_home,0,,recovered
CASE-004273,2025-11-26,Gisagara,Gisagara,CHW-GIS-01-04,9,female,38.2,3,0,0,0,0,0,positive,treat_at_home,0,,recovered
CASE-004274,2025-11-26,Gisagara,Kibirizi,CHW-GIS-03-01,46,female,38.3,4,0,0,0,0,0,positive,treat_at_home,0,,recovered
CASE-004275,2025-11-26,Gisagara,Save,CHW-GIS-02-03,12,male,38.8,2,0,0,0,0,0,positive,treat_at_home,0,,recovered
CASE-004276,2025-11-26,Kirehe,Mahama,CHW-KIR-03-02,45,female,38.5,3,1,0,0,1,0,invalid,treat_at_home,0,,recovered
CASE-004277,2025-11-26,Kirehe,Mahama,CHW-KIR-03-02,9,female,38.3,1,0,0,0,0,0,positive,treat_at_home,0,,recovered
CASE-004278,2025-11-26,Nyagatare,Nyagatare,CHW-NYG-01-01,172,male,38.5,1,0,0,0,0,0,negative,treat_at_home,0,,recovered
CASE-004279,2025-11-26,Nyagatare,Nyagatare,CHW-NYG-01-04,170,female,38.5,3,0,0,0,0,0,positive,treat_at_home,0,,recovered
CASE-004280,2025-11-26,Nyagatare,Rwimiyaga,CHW-NYG-03-01,219,female,37.6,1,0,0,0,0,0,negative,treat_at_home,0,,recovered
CASE-004281,2025-11-26,Nyagatare,Rwimiyaga,CHW-NYG-03-03,16,male,37.6,2,0,0,0,0,0,negative,treat_at_home,0,,recovered
CASE-004282,2025-11-26,Nyagatare,Rwimiyaga,CHW-NYG-03-03,32,female,38.1,1,0,0,0,0,0,positive,treat_at_home,0,,recovered
CASE-004283,2025-11-27,Gasabo,Kimironko,CHW-GAS-01-04,147,male,39.6,3,0,0,0,0,0,positive,refer,1,3.9,recovered
CASE-004284,2025-11-27,Gisagara,Gisagara,CHW-GIS-01-01,9,male,37.0,0,0,0,0,0,0,negative,treat_at_home,0,,recovered
CASE-004285,2025-11-27,Gisagara,Gisagara,CHW-GIS-01-03,5,male,36.9,0,0,0,0,0,0,negative,treat_at_home,0,,recovered
CASE-004286,2025-11-27,Gisagara,Kibirizi,CHW-GIS-03-02,293,male,38.6,1,0,0,0,0,0,positive,treat_at_home,0,,recovered
CASE-004287,2025-11-27,Gisagara,Save,CHW-GIS-02-04,14,male,38.7,1,0,0,0,0,0,positive,treat_at_home,0,,recovered
CASE-004288,2025-11-27,Kirehe,Gahara,CHW-KIR-02-03,40,male,38.0,3,0,0,0,0,0,positive,treat_at_home,0,,recovered
CASE-004289,2025-11-27,Kirehe,Kirehe,CHW-KIR-01-01,48,female,38.8,1,0,0,0,0,0,negative,treat_at_home,0,,recovered
CASE-004290,2025-11-27,Kirehe,Mahama,CHW-KIR-03-03,96,male,38.2,6,0,0,0,0,0,positive,treat_at_home,0,,recovered
CASE-004291,2025-11-27,Kirehe,Mahama,CHW-KIR-03-03,110,female,39.5,3,0,0,0,0,0,negative,refer,0,,recovered
CASE-004292,2025-11-27,Nyagatare,Matimba,CHW-NYG-04-03,48,female,39.1,2,0,0,0,0,0,invalid,refer,0,,recovered
CASE-004293,2025-11-27,Nyagatare,Mimuri,CHW-NYG-05-02,41,male,38.8,6,0,0,0,1,0,negative,urgent_refer,1,8.2,recovered
CASE-004294,2025-11-27,Rusizi,Bugarama,CHW-RUS-02-03,27,female,37.7,1,0,0,0,0,0,positive,treat_at_home,0,,recovered
CASE-004295,2025-11-27,Rusizi,Gihundwe,CHW-RUS-03-01,296,female,38.2,1,0,0,0,0,0,negative,treat_at_home,0,,recovered
CASE-004296,2025-11-27,Rusizi,Gihundwe,CHW-RUS-03-03,230,male,38.7,2,0,0,0,0,0,positive,treat_at_home,0,,recovered
CASE-004297,2025-11-28,Bugesera,Mayange,CHW-BUG-03-01,50,female,38.9,1,0,0,0,0,0,positive,treat_at_home,0,,recovered
CASE-004298,2025-11-28,Bugesera,Mayange,CHW-BUG-03-03,563,male,38.5,2,0,0,0,0,0,negative,treat_at_home,0,,recovered
CASE-004299,2025-11-28,Gisagara,Gisagara,CHW-GIS-01-04,22,male,38.4,2,0,0,0,0,0,negative,treat_at_home,0,,recovered
CASE-004300,2025-11-28,Gisagara,Save,CHW-GIS-02-02,322,male,38.8,5,0,0,0,0,0,positive,refer,0,,recovered
CASE-004301,2025-11-28,Gisagara,Save,CHW-GIS-02-02,58,male,38.6,4,0,0,0,0,0,positive,treat_at_home,0,,recovered
CASE-004302,2025-11-28,Kirehe,Gahara,CHW-KIR-02-03,10,male,39.1,1,0,0,0,0,1,positive,urgent_refer,1,8.6,complication
CASE-004303,2025-11-28,Kirehe,Kirehe,CHW-KIR-01-02,20,female,36.9,0,0,0,0,0,0,negative,treat_at_home,0,,complication
CASE-004304,2025-11-28,Nyagatare,Karangazi,CHW-NYG-02-04,150,female,38.5,4,0,0,0,0,0,negative,refer,1,7.9,recovered
CASE-004305,2025-11-28,Nyagatare,Mimuri,CHW-NYG-05-01,594,female,37.1,0,0,0,0,0,0,negative,treat_at_home,0,,recovered
CASE-004306,2025-11-28,Nyagatare,Mimuri,CHW-NYG-05-03,91,female,39.4,3,0,0,0,0,0,negative,refer,0,,recovered
CASE-004307,2025-11-28,Nyagatare,Nyagatare,CHW-NYG-01-02,155,female,38.6,6,0,0,0,0,0,positive,treat_at_home,0,,recovered
CASE-004308,2025-11-28,Nyagatare,Rwimiyaga,CHW-NYG-03-01,0,female,38.2,3,0,0,0,0,0,positive,urgent_refer,1,3.3,recovered
CASE-004309,2025-11-28,Rusizi,Kamembe,CHW-RUS-01-02,28,male,39.2,1,0,0,0,0,0,positive,treat_at_home,0,,recovered
CASE-004310,2025-11-29,Bugesera,Mareba,CHW-BUG-04-01,28,male,38.4,1,0,0,0,0,0,positive,treat_at_home,0,,recovered
CASE-004311,2025-11-29,Bugesera,Ntarama,CHW-BUG-05-01,52,female,38.4,4,0,0,0,0,0,invalid,refer,1,3.2,recovered
CASE-004312,2025-11-29,Gisagara,Save,CHW-GIS-02-01,53,female,38.0,1,0,0,0,0,0,negative,treat_at_home,0,,recovered
CASE-004313,2025-11-29,Kirehe,Kirehe,CHW-KIR-01-01,15,female,37.2,0,0,0,0,0,0,negative,treat_at_home,0,,recovered
CASE-004314,2025-11-29,Kirehe,Kirehe,CHW-KIR-01-03,186,female,38.5,1,0,0,0,0,0,negative,treat_at_home,0,,recovered
CASE-004315,2025-11-29,Nyagatare,Karangazi,CHW-NYG-02-01,22,female,38.8,1,0,0,0,0,0,positive,treat_at_home,0,,recovered
CASE-004316,2025-11-29,Nyagatare,Karangazi,CHW-NYG-02-04,633,male,38.3,4,0,0,0,0,0,positive,treat_at_home,0,,recovered
CASE-004317,2025-11-29,Nyagatare,Matimba,CHW-NYG-04-01,27,female,38.4,1,0,0,0,0,0,positive,treat_at_home,0,,recovered
CASE-004318,2025-11-29,Nyagatare,Mimuri,CHW-NYG-05-02,39,male,38.3,2,0,0,0,0,0,negative,treat_at_home,0,,recovered
CASE-004319,2025-11-29,Nyagatare,Mimuri,CHW-NYG-05-03,50,male,38.9,1,0,0,0,0,1,positive,urgent_refer,0,,recovered
CASE-004320,2025-11-29,Rusizi,Gihundwe,CHW-RUS-03-03,570,female,37.8,5,0,0,0,0,0,positive,treat_at_home,0,,recovered
CASE-004321,2025-11-29,Rusizi,Kamembe,CHW-RUS-01-04,29,male,38.7,3,0,0,0,0,0,positive,refer,1,9.1,unknown
CASE-004322,2025-11-30,Bugesera,Gashora,CHW-BUG-06-01,14,female,38.0,2,0,0,0,0,0,invalid,refer,1,26.4,recovered
CASE-004323,2025-11-30,Bugesera,Ntarama,CHW-BUG-05-04,102,male,38.1,1,0,1,0,0,0,positive,urgent_refer,1,7.7,recovered
CASE-004324,2025-11-30,Bugesera,Ntarama,CHW-BUG-05-04,31,male,38.2,4,0,0,0,0,0,positive,treat_at_home,0,,recovered
CASE-004325,2025-11-30,Bugesera,Nyamata,CHW-BUG-01-04,75,male,38.6,3,0,0,0,0,0,negative,refer,1,6.8,recovered
CASE-004326,2025-11-30,Bugesera,Rilima,CHW-BUG-02-03,36,female,38.6,5,0,0,0,0,0,positive,treat_at_home,0,,recovered
CASE-004327,2025-11-30,Gasabo,Kacyiru,CHW-GAS-03-02,89,female,38.6,5,0,1,0,1,0,negative,urgent_refer,0,,recovered
CASE-004328,2025-11-30,Gasabo,Kimironko,CHW-GAS-01-01,53,female,38.3,1,0,0,0,0,0,negative,treat_at_home,0,,recovered
CASE-004329,2025-11-30,Kirehe,Kirehe,CHW-KIR-01-01,133,female,38.7,3,0,0,0,0,0,positive,treat_at_home,0,,recovered
CASE-004330,2025-11-30,Kirehe,Mahama,CHW-KIR-03-02,44,female,38.6,2,0,0,0,0,0,positive,treat_at_home,0,,recovered
CASE-004331,2025-11-30,Kirehe,Mahama,CHW-KIR-03-02,487,male,38.5,2,0,0,0,0,0,negative,treat_at_home,0,,recovered
CASE-004332,2025-11-30,Kirehe,Mahama,CHW-KIR-03-02,143,male,38.4,4,0,0,0,0,0,positive,treat_at_home,0,,recovered
CASE-004333,2025-11-30,Nyagatare,Karangazi,CHW-NYG-02-03,517,female,38.8,2,0,0,0,0,0,negative,treat_at_home,0,,recovered
CASE-004334,2025-11-30,Nyagatare,Katabagemu,CHW-NYG-06-02,34,male,38.6,2,0,0,0,0,0,positive,treat_at_home,0,,recovered
CASE-004335,2025-11-30,Nyagatare,Katabagemu,CHW-NYG-06-02,37,male,38.3,2,0,0,0,0,0,positive,treat_at_home,0,,recovered
CASE-004336,2025-11-30,Nyagatare,Rwimiyaga,CHW-NYG-03-02,33,female,37.6,2,0,0,0,0,0,positive,treat_at_home,0,,recovered
CASE-004337,2025-11-30,Rusizi,Bugarama,CHW-RUS-02-01,14,male,38.6,3,0,0,0,0,0,positive,treat_at_home,0,,recovered
CASE-004338,2025-11-30,Rusizi,Gihundwe,CHW-RUS-03-03,13,female,38.1,1,0,0,0,0,0,positive,treat_at_home,0,,recovered
CASE-004339,2025-11-30,Rusizi,Kamembe,CHW-RUS-01-01,287,female,39.1,3,1,0,0,0,0,positive,urgent_refer,1,5.9,recovered
CASE-004340,2025-12-01,Bugesera,Rilima,CHW-BUG-02-03,30,female,38.4,1,0,0,0,0,0,positive,treat_at_home,0,,recovered
CASE-004341,2025-12-01,Gasabo,Remera,CHW-GAS-02-03,6,female,38.2,3,0,0,0,0,0,invalid,refer,1,5.6,recovered
CASE-004342,2025-12-01,Gisagara,Gisagara,CHW-GIS-01-03,4,female,39.0,1,0,0,1,0,1,negative,urgent_refer,1,2.7,recovered
CASE-004343,2025-12-01,Kirehe,Kirehe,CHW-KIR-01-03,14,male,38.2,3,0,0,0,0,0,negative,refer,1,4.0,recovered
CASE-004344,2025-12-01,Nyagatare,Matimba,CHW-NYG-04-02,34,male,39.0,2,0,0,0,0,0,positive,treat_at_home,0,,recovered
CASE-004345,2025-12-01,Nyagatare,Mimuri,CHW-NYG-05-02,53,male,38.6,1,0,0,0,0,0,negative,treat_at_home,0,,recovered
CASE-004346,2025-12-02,Bugesera,Ntarama,CHW-BUG-05-03,313,male,38.6,3,0,0,0,0,0,invalid,refer,1,3.9,recovered
CASE-004347,2025-12-02,Gisagara,Gisagara,CHW-GIS-01-03,24,male,38.0,4,0,0,0,0,0,negative,refer,1,4.6,unknown
CASE-004348,2025-12-02,Gisagara,Kibirizi,CHW-GIS-03-03,30,female,38.9,2,0,1,0,0,0,negative,urgent_refer,1,2.4,recovered
CASE-004349,2025-12-02,Gisagara,Save,CHW-GIS-02-02,54,male,36.7,0,0,0,1,0,0,negative,urgent_refer,1,1.7,recovered
CASE-004350,2025-12-02,Kirehe,Gahara,CHW-KIR-02-04,35,male,37.7,2,0,0,0,0,0,positive,treat_at_home,0,,recovered
CASE-004351,2025-12-02,Kirehe,Mahama,CHW-KIR-03-01,109,female,38.8,5,0,0,0,0,0,negative,refer,1,9.6,recovered
CASE-004352,2025-12-02,Kirehe,Mahama,CHW-KIR-03-04,17,male,37.6,1,0,0,0,0,0,invalid,refer,1,12.7,recovered
CASE-004353,2025-12-02,Nyagatare,Mimuri,CHW-NYG-05-02,7,male,38.8,2,1,0,0,1,0,positive,urgent_refer,1,3.5,recovered
CASE-004354,2025-12-02,Nyagatare,Nyagatare,CHW-NYG-01-01,38,female,38.4,2,0,1,0,0,0,negative,urgent_refer,1,2.4,recovered
CASE-004355,2025-12-02,Nyagatare,Nyagatare,CHW-NYG-01-02,40,male,39.1,2,0,0,0,0,0,negative,treat_at_home,0,,recovered
CASE-004356,2025-12-02,Nyagatare,Nyagatare,CHW-NYG-01-03,58,female,38.1,1,0,0,0,0,0,positive,treat_at_home,0,,recovered
CASE-004357,2025-12-02,Rusizi,Kamembe,CHW-RUS-01-01,30,female,36.4,0,0,0,0,0,0,negative,treat_at_home,0,,recovered
CASE-004358,2025-12-02,Rusizi,Kamembe,CHW-RUS-01-03,574,male,38.4,5,0,0,0,0,0,positive,treat_at_home,0,,recovered
CASE-004359,2025-12-02,Rusizi,Kamembe,CHW-RUS-01-04,50,female,37.7,2,0,0,0,0,0,negative,treat_at_home,0,,recovered
CASE-004360,2025-12-03,Bugesera,Ntarama,CHW-BUG-05-01,16,female,37.9,1,0,0,0,0,0,positive,treat_at_home,0,,recovered
CASE-004361,2025-12-03,Kirehe,Gahara,CHW-KIR-02-02,8,female,38.0,6,0,0,0,0,0,positive,treat_at_home,0,,recovered
CASE-004362,2025-12-03,Kirehe,Gahara,CHW-KIR-02-02,516,male,38.5,1,0,0,0,0,0,positive,treat_at_home,0,,recovered
CASE-004363,2025-12-03,Kirehe,Gahara,CHW-KIR-02-03,5,female,38.4,3,0,0,0,0,0,positive,treat_at_home,0,,recovered
CASE-004364,2025-12-03,Kirehe,Kirehe,CHW-KIR-01-03,16,female,38.5,5,0,0,0,0,0,negative,refer,1,2.3,recovered
CASE-004365,2025-12-03,Kirehe,Kirehe,CHW-KIR-01-04,23,female,38.1,1,0,0,0,0,0,positive,treat_at_home,0,,recovered
CASE-004366,2025-12-03,Nyagatare,Mimuri,CHW-NYG-05-03,140,male,37.9,2,0,0,0,0,0,negative,treat_at_home,0,,recovered
CASE-004367,2025-12-03,Nyagatare,Rwimiyaga,CHW-NYG-03-04,5,female,37.9,4,0,0,0,0,0,positive,treat_at_home,0,,recovered
CASE-004368,2025-12-03,Rusizi,Gihundwe,CHW-RUS-03-01,5,female,38.7,5,0,0,0,0,0,negative,refer,1,5.9,recovered
CASE-004369,2025-12-04,Gasabo,Remera,CHW-GAS-02-02,111,male,38.2,2,0,0,0,0,0,negative,treat_at_home,0,,recovered
CASE-004370,2025-12-04,Gisagara,Kibirizi,CHW-GIS-03-01,61,male,38.5,2,0,0,0,0,0,positive,treat_at_home,0,,recovered
CASE-004371,2025-12-04,Kirehe,Kirehe,CHW-KIR-01-01,127,male,37.8,1,0,0,0,0,0,positive,treat_at_home,0,,recovered
CASE-004372,2025-12-04,Kirehe,Kirehe,CHW-KIR-01-03,13,female,37.4,4,0,0,0,0,0,positive,treat_at_home,0,,recovered
CASE-004373,2025-12-04,Nyagatare,Katabagemu,CHW-NYG-06-02,176,female,36.7,0,0,0,0,0,0,negative,treat_at_home,0,,recovered
CASE-004374,2025-12-04,Nyagatare,Nyagatare,CHW-NYG-01-01,5,female,37.7,2,0,0,0,0,0,positive,treat_at_home,0,,recovered
CASE-004375,2025-12-04,Nyagatare,Rwimiyaga,CHW-NYG-03-01,23,female,39.0,1,0,1,0,0,1,positive,urgent_refer,1,8.1,unknown
CASE-004376,2025-12-04,Rusizi,Bugarama,CHW-RUS-02-04,169,male,38.9,1,0,0,0,0,0,negative,treat_at_home,0,,recovered
CASE-004377,2025-12-04,Rusizi,Gihundwe,CHW-RUS-03-01,53,female,38.3,1,0,0,0,0,0,positive,treat_at_home,0,,recovered
CASE-004378,2025-12-05,Bugesera,Gashora,CHW-BUG-06-03,16,female,37.7,2,0,0,0,0,0,positive,treat_at_home,0,,recovered
CASE-004379,2025-12-05,Bugesera,Mareba,CHW-BUG-04-02,161,female,39.4,3,1,0,0,0,0,positive,urgent_refer,1,2.1,recovered
CASE-004380,2025-12-05,Bugesera,Ntarama,CHW-BUG-05-02,13,male,38.2,2,0,0,0,0,0,positive,treat_at_home,0,,recovered
CASE-004381,2025-12-05,Bugesera,Ntarama,CHW-BUG-05-02,49,male,38.7,1,0,0,0,0,0,positive,treat_at_home,0,,recovered
CASE-004382,2025-12-05,Bugesera,Ntarama,CHW-BUG-05-04,88,female,36.2,0,0,0,0,0,0,positive,treat_at_home,0,,recovered
CASE-004383,2025-12-05,Gisagara,Kibirizi,CHW-GIS-03-01,18,female,39.1,1,0,0,0,0,1,positive,urgent_refer,1,2.1,recovered
CASE-004384,2025-12-05,Gisagara,Save,CHW-GIS-02-01,6,female,39.1,3,0,0,1,0,1,positive,urgent_refer,1,2.9,recovered
CASE-004385,2025-12-05,Gisagara,Save,CHW-GIS-02-02,54,female,38.1,6,0,0,0,0,0,positive,treat_at_home,0,,recovered
CASE-004386,2025-12-05,Kirehe,Kirehe,CHW-KIR-01-01,6,male,37.4,0,0,0,0,0,0,negative,treat_at_home,0,,recovered
CASE-004387,2025-12-05,Nyagatare,Katabagemu,CHW-NYG-06-01,93,female,38.2,1,0,0,0,0,0,positive,treat_at_home,0,,recovered
CASE-004388,2025-12-05,Nyagatare,Nyagatare,CHW-NYG-01-01,671,male,37.6,3,0,0,0,0,0,negative,refer,0,,recovered
CASE-004389,2025-12-05,Nyagatare,Nyagatare,CHW-NYG-01-03,39,male,38.1,4,0,0,0,0,0,negative,refer,1,4.9,recovered
CASE-004390,2025-12-06,Bugesera,Gashora,CHW-BUG-06-01,40,male,38.7,6,0,0,0,0,0,negative,refer,0,,recovered
CASE-004391,2025-12-06,Bugesera,Mayange,CHW-BUG-03-04,5,male,39.2,3,0,0,0,0,0,positive,refer,1,11.6,recovered
CASE-004392,2025-12-06,Bugesera,Ntarama,CHW-BUG-05-01,9,male,38.5,4,0,0,0,0,0,positive,treat_at_home,0,,recovered
CASE-004393,2025-12-06,Bugesera,Nyamata,CHW-BUG-01-03,678,female,37.9,1,0,0,0,0,0,negative,treat_at_home,0,,recovered
CASE-004394,2025-12-06,Bugesera,Nyamata,CHW-BUG-01-04,140,male,38.6,4,0,1,0,1,0,positive,urgent_refer,0,,recovered
CASE-004395,2025-12-06,Bugesera,Rilima,CHW-BUG-02-04,16,male,37.4,1,0,0,0,0,0,positive,treat_at_home,0,,recovered
CASE-004396,2025-12-06,Gasabo,Kimironko,CHW-GAS-01-02,33,female,39.1,3,0,0,0,0,0,positive,treat_at_home,0,,recovered
CASE-004397,2025-12-06,Gisagara,Gisagara,CHW-GIS-01-02,11,male,38.6,2,0,0,0,0,0,positive,treat_at_home,0,,recovered
CASE-004398,2025-12-06,Gisagara,Save,CHW-GIS-02-04,29,female,38.4,2,0,0,0,0,0,positive,treat_at_home,0,,recovered
CASE-004399,2025-12-06,Kirehe,Gahara,CHW-KIR-02-03,42,male,38.0,3,0,0,0,0,0,positive,treat_at_home,0,,complication
CASE-004400,2025-12-06,Kirehe,Gahara,CHW-KIR-02-04,228,female,38.2,2,0,0,0,0,0,positive,treat_at_home,0,,recovered
CASE-004401,2025-12-06,Kirehe,Kirehe,CHW-KIR-01-02,44,female,39.6,2,0,0,0,1,0,positive,urgent_refer,1,2.2,recovered
CASE-004402,2025-12-06,Nyagatare,Karangazi,CHW-NYG-02-02,40,female,37.0,0,0,0,0,0,0,negative,treat_at_home,0,,recovered
CASE-004403,2025-12-06,Nyagatare,Katabagemu,CHW-NYG-06-03,32,male,38.8,4,0,0,0,0,0,positive,treat_at_home,0,,recovered
CASE-004404,2025-12-06,Nyagatare,Mimuri,CHW-NYG-05-02,89,female,37.7,3,0,0,0,0,0,negative,refer,1,7.3,recovered
CASE-004405,2025-12-06,Nyagatare,Rwimiyaga,CHW-NYG-03-02,151,female,39.2,4,0,0,0,0,0,negative,refer,1,11.6,recovered
CASE-004406,2025-12-07,Bugesera,Gashora,CHW-BUG-06-01,77,male,38.3,1,0,0,0,0,0,negative,treat_at_home,0,,recovered
CASE-004407,2025-12-07,Bugesera,Gashora,CHW-BUG-06-03,0,male,38.2,4,0,0,0,0,0,negative,treat_at_home,0,,recovered
CASE-004408,2025-12-07,Bugesera,Gashora,CHW-BUG-06-04,8,female,37.4,1,0,0,1,0,0,positive,urgent_refer,1,4.4,recovered
CASE-004409,2025-12-07,Bugesera,Mareba,CHW-BUG-04-01,19,female,37.9,4,0,0,0,0,0,negative,refer,1,9.3,recovered
CASE-004410,2025-12-07,Bugesera,Mayange,CHW-BUG-03-03,63,male,38.9,2,0,0,0,0,0,positive,treat_at_home,0,,recovered
CASE-004411,2025-12-07,Bugesera,Nyamata,CHW-BUG-01-03,95,female,38.1,1,0,0,0,0,0,negative,treat_at_home,0,,recovered
CASE-004412,2025-12-07,Gasabo,Kacyiru,CHW-GAS-03-03,76,male,38.0,1,0,0,0,0,0,positive,treat_at_home,0,,recovered
CASE-004413,2025-12-07,Gasabo,Remera,CHW-GAS-02-03,51,male,37.8,1,0,0,0,0,0,positive,treat_at_home,0,,recovered
CASE-004414,2025-12-07,Gisagara,Gisagara,CHW-GIS-01-01,3,male,38.5,1,0,0,0,0,0,negative,treat_at_home,0,,recovered
CASE-004415,2025-12-07,Gisagara,Kibirizi,CHW-GIS-03-02,7,female,38.2,2,0,0,0,0,0,positive,treat_at_home,0,,recovered
CASE-004416,2025-12-07,Gisagara,Save,CHW-GIS-02-01,440,female,38.9,2,0,1,1,0,0,positive,urgent_refer,0,,recovered
CASE-004417,2025-12-07,Gisagara,Save,CHW-GIS-02-01,47,male,38.1,1,0,0,0,0,0,positive,treat_at_home,0,,unknown
CASE-004418,2025-12-07,Kirehe,Mahama,CHW-KIR-03-02,37,female,38.3,2,0,0,0,0,0,negative,treat_at_home,0,,recovered
CASE-004419,2025-12-07,Nyagatare,Katabagemu,CHW-NYG-06-03,616,female,37.8,2,0,0,0,0,0,positive,treat_at_home,0,,recovered
CASE-004420,2025-12-07,Nyagatare,Katabagemu,CHW-NYG-06-04,12,female,38.8,3,0,0,0,0,0,positive,treat_at_home,0,,recovered
CASE-004421,2025-12-07,Rusizi,Bugarama,CHW-RUS-02-02,330,female,38.1,2,0,0,0,0,0,positive,refer,1,6.9,recovered
CASE-004422,2025-12-07,Rusizi,Bugarama,CHW-RUS-02-03,107,male,38.6,3,0,0,1,0,1,positive,urgent_refer,1,11.0,recovered
CASE-004423,2025-12-07,Rusizi,Kamembe,CHW-RUS-01-03,35,female,38.9,2,0,0,0,0,0,positive,treat_at_home,0,,recovered
CASE-004424,2025-12-08,Bugesera,Mayange,CHW-BUG-03-02,52,female,37.9,1,0,0,0,0,0,positive,treat_at_home,0,,recovered
CASE-004425,2025-12-08,Bugesera,Ntarama,CHW-BUG-05-04,30,male,37.6,1,0,0,0,0,0,positive,treat_at_home,0,,recovered
CASE-004426,2025-12-08,Gasabo,Remera,CHW-GAS-02-04,142,male,38.7,6,0,0,0,0,0,positive,treat_at_home,0,,recovered
CASE-004427,2025-12-08,Gisagara,Kibirizi,CHW-GIS-03-03,660,female,38.4,2,0,0,0,0,0,invalid,refer,1,6.4,recovered
CASE-004428,2025-12-08,Nyagatare,Katabagemu,CHW-NYG-06-03,159,male,38.4,3,0,0,0,0,0,positive,treat_at_home,0,,recovered
CASE-004429,2025-12-08,Nyagatare,Matimba,CHW-NYG-04-03,46,female,38.1,1,0,0,0,0,0,positive,treat_at_home,0,,recovered
CASE-004430,2025-12-08,Nyagatare,Mimuri,CHW-NYG-05-04,53,female,38.5,3,0,0,0,0,0,positive,treat_at_home,0,,recovered
CASE-004431,2025-12-08,Nyagatare,Rwimiyaga,CHW-NYG-03-04,2,male,37.8,3,0,0,0,0,0,negative,refer,1,7.7,recovered
CASE-004432,2025-12-09,Bugesera,Gashora,CHW-BUG-06-03,40,male,38.8,5,0,0,0,0,1,positive,urgent_refer,1,3.5,recovered
CASE-004433,2025-12-09,Bugesera,Nyamata,CHW-BUG-01-04,591,male,39.3,6,0,0,0,0,0,positive,treat_at_home,0,,recovered
CASE-004434,2025-12-09,Gasabo,Kimironko,CHW-GAS-01-03,83,female,38.8,2,0,0,0,0,0,negative,treat_at_home,0,,recovered
CASE-004435,2025-12-09,Gasabo,Remera,CHW-GAS-02-01,21,male,38.2,1,0,0,0,0,0,positive,treat_at_home,0,,recovered
CASE-004436,2025-12-09,Gisagara,Save,CHW-GIS-02-01,31,male,38.7,3,0,0,0,0,0,negative,refer,1,8.4,recovered
CASE-004437,2025-12-09,Kirehe,Mahama,CHW-KIR-03-01,46,female,37.8,2,0,0,0,0,0,positive,treat_at_home,0,,recovered
CASE-004438,2025-12-09,Nyagatare,Matimba,CHW-NYG-04-04,119,male,37.9,5,0,0,0,0,0,positive,treat_at_home,0,,recovered
CASE-004439,2025-12-09,Nyagatare,Mimuri,CHW-NYG-05-01,21,male,37.9,3,0,0,0,0,0,positive,treat_at_home,0,,recovered
CASE-004440,2025-12-09,Rusizi,Gihundwe,CHW-RUS-03-01,27,male,39.1,3,0,0,0,0,0,positive,treat_at_home,0,,recovered
CASE-004441,2025-12-09,Rusizi,Kamembe,CHW-RUS-01-02,50,male,38.4,6,0,0,0,0,0,positive,treat_at_home,0,,recovered
CASE-004442,2025-12-10,Bugesera,Gashora,CHW-BUG-06-02,158,female,38.8,2,0,0,0,0,0,positive,refer,1,6.9,recovered
CASE-004443,2025-12-10,Bugesera,Ntarama,CHW-BUG-05-03,133,male,37.9,2,0,0,0,0,0,negative,treat_at_home,0,,recovered
CASE-004444,2025-12-10,Gasabo,Kacyiru,CHW-GAS-03-04,36,male,38.1,1,0,0,0,0,0,negative,treat_at_home,0,,recovered
CASE-004445,2025-12-10,Gasabo,Remera,CHW-GAS-02-03,43,male,38.9,1,0,1,0,0,0,positive,urgent_refer,1,5.8,recovered
CASE-004446,2025-12-10,Gisagara,Gisagara,CHW-GIS-01-04,27,female,37.1,0,0,0,0,0,1,positive,urgent_refer,1,3.8,complication
CASE-004447,2025-12-10,Kirehe,Kirehe,CHW-KIR-01-01,101,female,37.9,1,0,0,0,0,0,negative,treat_at_home,0,,recovered
CASE-004448,2025-12-10,Kirehe,Mahama,CHW-KIR-03-03,177,female,38.8,2,0,0,0,0,0,positive,treat_at_home,0,,recovered
CASE-004449,2025-12-10,Nyagatare,Katabagemu,CHW-NYG-06-04,149,female,37.3,2,0,0,0,0,0,positive,treat_at_home,0,,recovered
CASE-004450,2025-12-10,Nyagatare,Matimba,CHW-NYG-04-02,381,female,38.3,2,0,0,0,0,0,positive,treat_at_home,0,,recovered
CASE-004451,2025-12-10,Nyagatare,Matimba,CHW-NYG-04-02,35,female,39.4,1,1,1,0,0,0,positive,urgent_refer,0,,complication
CASE-004452,2025-12-10,Nyagatare,Mimuri,CHW-NYG-05-04,34,male,38.3,2,0,0,0,0,0,negative,treat_at_home,0,,recovered
CASE-004453,2025-12-10,Nyagatare,Rwimiyaga,CHW-NYG-03-04,85,male,38.0,1,0,0,0,0,0,positive,treat_at_home,0,,recovered
CASE-004454,2025-12-10,Rusizi,Kamembe,CHW-RUS-01-01,145,male,39.1,6,0,0,0,0,0,negative,refer,1,5.4,recovered
CASE-004455,2025-12-10,Rusizi,Kamembe,CHW-RUS-01-02,445,male,38.0,2,0,0,0,0,0,negative,treat_at_home,0,,recovered
CASE-004456,2025-12-11,Bugesera,Gashora,CHW-BUG-06-01,60,female,38.7,2,0,0,0,0,0,negative,treat_at_home,0,,recovered
CASE-004457,2025-12-11,Bugesera,Gashora,CHW-BUG-06-01,103,female,38.6,3,0,0,0,0,0,negative,refer,1,9.4,recovered
CASE-004458,2025-12-11,Bugesera,Gashora,CHW-BUG-06-03,165,female,38.8,2,0,0,0,0,0,positive,treat_at_home,0,,recovered
CASE-004459,2025-12-11,Bugesera,Ntarama,CHW-BUG-05-01,19,female,38.2,2,0,0,0,0,0,negative,treat_at_home,0,,recovered
CASE-004460,2025-12-11,Gasabo,Kimironko,CHW-GAS-01-02,32,male,36.7,0,0,0,0,0,0,negative,treat_at_home,0,,recovered
CASE-004461,2025-12-11,Kirehe,Gahara,CHW-KIR-02-01,10,male,37.8,1,0,0,0,0,0,negative,treat_at_home,0,,recovered
CASE-004462,2025-12-11,Kirehe,Mahama,CHW-KIR-03-02,17,male,38.1,1,0,0,0,0,0,positive,refer,0,,unknown
CASE-004463,2025-12-11,Nyagatare,Mimuri,CHW-NYG-05-03,2,female,38.2,2,0,0,0,0,0,positive,refer,0,,recovered
CASE-004464,2025-12-11,Rusizi,Kamembe,CHW-RUS-01-04,25,male,38.9,5,0,0,0,0,0,positive,treat_at_home,0,,recovered
CASE-004465,2025-12-12,Bugesera,Gashora,CHW-BUG-06-03,14,female,38.3,2,1,0,0,0,0,positive,urgent_refer,1,6.0,recovered
CASE-004466,2025-12-12,Bugesera,Mareba,CHW-BUG-04-01,121,male,36.4,0,0,0,0,0,0,negative,treat_at_home,0,,recovered
CASE-004467,2025-12-12,Gasabo,Remera,CHW-GAS-02-04,586,male,38.5,1,0,0,0,0,0,positive,treat_at_home,0,,recovered
CASE-004468,2025-12-12,Gisagara,Save,CHW-GIS-02-01,62,male,39.0,5,0,0,0,0,0,negative,refer,0,,recovered
CASE-004469,2025-12-12,Kirehe,Gahara,CHW-KIR-02-02,16,female,37.2,1,0,0,0,0,0,positive,treat_at_home,0,,recovered
CASE-004470,2025-12-12,Nyagatare,Karangazi,CHW-NYG-02-02,41,male,38.3,1,0,0,0,0,0,positive,treat_at_home,0,,recovered
CASE-004471,2025-12-12,Nyagatare,Mimuri,CHW-NYG-05-01,60,female,38.5,2,0,0,0,0,0,negative,treat_at_home,0,,recovered
CASE-004472,2025-12-12,Nyagatare,Nyagatare,CHW-NYG-01-01,222,male,36.6,0,0,0,0,0,0,negative,treat_at_home,0,,recovered
CASE-004473,2025-12-12,Nyagatare,Rwimiyaga,CHW-NYG-03-02,38,female,38.5,2,0,0,0,0,0,positive,treat_at_home,0,,recovered
CASE-004474,2025-12-12,Rusizi,Kamembe,CHW-RUS-01-02,31,male,37.8,1,0,0,0,0,0,negative,treat_at_home,0,,recovered
CASE-004475,2025-12-13,Bugesera,Gashora,CHW-BUG-06-04,559,female,37.7,2,0,0,0,0,0,positive,treat_at_home,0,,recovered
CASE-004476,2025-12-13,Gasabo,Kimironko,CHW-GAS-01-03,45,female,39.3,2,0,0,0,0,0,negative,treat_at_home,0,,recovered
CASE-004477,2025-12-13,Gisagara,Kibirizi,CHW-GIS-03-04,5,male,39.0,2,0,0,0,0,0,positive,treat_at_home,0,,recovered
CASE-004478,2025-12-13,Nyagatare,Karangazi,CHW-NYG-02-02,130,female,38.4,1,0,0,0,0,0,positive,treat_at_home,0,,recovered
CASE-004479,2025-12-13,Rusizi,Bugarama,CHW-RUS-02-03,169,male,37.5,4,0,0,0,0,0,negative,refer,0,,recovered
CASE-004480,2025-12-13,Rusizi,Gihundwe,CHW-RUS-03-02,8,female,38.0,5,0,0,0,0,0,negative,refer,1,5.7,recovered
CASE-004481,2025-12-13,Rusizi,Kamembe,CHW-RUS-01-04,13,male,38.0,1,0,0,0,0,0,negative,treat_at_home,0,,unknown
CASE-004482,2025-12-14,Bugesera,Ntarama,CHW-BUG-05-01,29,female,37.8,1,0,0,0,0,0,negative,treat_at_home,0,,recovered
CASE-004483,2025-12-14,Bugesera,Nyamata,CHW-BUG-01-02,38,female,37.3,0,0,0,0,0,0,negative,treat_at_home,0,,recovered
CASE-004484,2025-12-14,Bugesera,Nyamata,CHW-BUG-01-03,31,male,36.6,0,0,0,0,0,0,negative,treat_at_home,0,,recovered
CASE-004485,2025-12-14,Bugesera,Rilima,CHW-BUG-02-01,30,male,36.9,0,0,0,0,0,0,negative,treat_at_home,0,,recovered
CASE-004486,2025-12-14,Gasabo,Kimironko,CHW-GAS-01-02,358,male,38.5,5,0,0,0,0,0,positive,treat_at_home,0,,recovered
CASE-004487,2025-12-14,Kirehe,Gahara,CHW-KIR-02-01,34,female,37.9,1,0,0,0,0,0,positive,treat_at_home,0,,recovered
CASE-004488,2025-12-14,Nyagatare,Karangazi,CHW-NYG-02-02,145,female,38.5,2,0,0,0,0,0,positive,treat_at_home,0,,recovered
CASE-004489,2025-12-14,Nyagatare,Katabagemu,CHW-NYG-06-02,41,male,38.8,2,0,0,0,0,0,positive,treat_at_home,0,,recovered
CASE-004490,2025-12-14,Nyagatare,Matimba,CHW-NYG-04-03,74,female,39.2,5,0,0,0,0,0,positive,treat_at_home,0,,recovered
CASE-004491,2025-12-14,Nyagatare,Nyagatare,CHW-NYG-01-03,60,female,38.4,1,0,0,0,0,0,positive,treat_at_home,0,,recovered
CASE-004492,2025-12-14,Nyagatare,Nyagatare,CHW-NYG-01-03,300,male,38.6,3,0,0,0,0,0,negative,refer,0,,recovered
CASE-004493,2025-12-14,Nyagatare,Rwimiyaga,CHW-NYG-03-01,700,female,38.2,4,0,1,0,0,0,negative,urgent_refer,1,5.5,recovered
CASE-004494,2025-12-14,Rusizi,Gihundwe,CHW-RUS-03-02,58,female,39.0,7,0,0,0,0,0,negative,refer,1,5.1,recovered
CASE-004495,2025-12-14,Rusizi,Kamembe,CHW-RUS-01-03,24,male,37.5,1,0,0,0,0,0,positive,treat_at_home,0,,recovered
CASE-004496,2025-12-15,Bugesera,Mayange,CHW-BUG-03-01,45,female,36.8,0,0,0,0,0,0,negative,treat_at_home,0,,recovered
CASE-004497,2025-12-15,Bugesera,Mayange,CHW-BUG-03-03,45,female,39.2,5,0,0,0,0,0,positive,treat_at_home,0,,recovered
CASE-004498,2025-12-15,Gasabo,Remera,CHW-GAS-02-02,6,female,38.3,1,0,0,0,0,0,positive,treat_at_home,0,,recovered
CASE-004499,2025-12-15,Gisagara,Kibirizi,CHW-GIS-03-01,24,male,38.5,7,0,0,0,0,1,negative,urgent_refer,1,3.1,recovered
CASE-004500,2025-12-15,Gisagara,Kibirizi,CHW-GIS-03-01,26,female,38.1,2,0,1,0,0,0,negative,urgent_refer,1,2.5,recovered
CASE-004501,2025-12-15,Gisagara,Kibirizi,CHW-GIS-03-04,107,female,37.9,6,0,0,0,0,0,negative,treat_at_home,0,,recovered
CASE-004502,2025-12-15,Gisagara,Save,CHW-GIS-02-04,578,male,38.8,1,0,0,0,0,0,positive,treat_at_home,0,,recovered
CASE-004503,2025-12-15,Kirehe,Gahara,CHW-KIR-02-02,566,male,38.1,3,0,0,0,0,0,negative,refer,1,5.5,complication
CASE-004504,2025-12-15,Kirehe,Gahara,CHW-KIR-02-03,17,female,38.7,4,0,0,0,0,0,positive,treat_at_home,0,,recovered
CASE-004505,2025-12-15,Kirehe,Kirehe,CHW-KIR-01-01,117,male,38.8,3,0,1,0,0,0,invalid,urgent_refer,0,,complication
CASE-004506,2025-12-15,Kirehe,Mahama,CHW-KIR-03-03,178,male,38.4,1,0,0,0,0,0,positive,treat_at_home,0,,recovered
CASE-004507,2025-12-15,Rusizi,Bugarama,CHW-RUS-02-03,14,male,38.1,2,0,0,0,0,0,negative,treat_at_home,0,,recovered
CASE-004508,2025-12-16,Bugesera,Mareba,CHW-BUG-04-01,38,male,38.4,3,0,0,0,0,0,negative,refer,1,10.2,recovered
CASE-004509,2025-12-16,Bugesera,Mareba,CHW-BUG-04-04,159,male,38.2,2,0,0,0,0,0,positive,treat_at_home,0,,recovered
CASE-004510,2025-12-16,Bugesera,Mayange,CHW-BUG-03-03,17,female,37.2,2,0,0,0,0,0,positive,treat_at_home,0,,recovered
CASE-004511,2025-12-16,Bugesera,Ntarama,CHW-BUG-05-02,58,male,38.8,4,0,0,0,0,0,positive,treat_at_home,0,,recovered
CASE-004512,2025-12-16,Gasabo,Remera,CHW-GAS-02-01,58,male,38.1,5,0,0,0,0,0,positive,treat_at_home,0,,recovered
CASE-004513,2025-12-16,Gisagara,Kibirizi,CHW-GIS-03-04,44,male,38.2,2,0,0,0,0,0,negative,treat_at_home,0,,recovered
CASE-004514,2025-12-16,Kirehe,Gahara,CHW-KIR-02-03,127,female,38.1,3,0,0,0,0,0,positive,refer,0,,recovered
CASE-004515,2025-12-16,Kirehe,Mahama,CHW-KIR-03-01,23,male,38.0,1,0,0,0,0,0,negative,treat_at_home,0,,recovered
CASE-004516,2025-12-16,Kirehe,Mahama,CHW-KIR-03-04,21,male,38.8,5,0,0,0,0,0,positive,treat_at_home,0,,recovered
CASE-004517,2025-12-16,Nyagatare,Matimba,CHW-NYG-04-01,30,female,39.1,4,0,0,0,0,0,negative,refer,1,4.4,recovered
CASE-004518,2025-12-16,Nyagatare,Nyagatare,CHW-NYG-01-03,16,male,36.6,0,0,0,0,0,1,negative,urgent_refer,1,3.1,recovered
CASE-004519,2025-12-16,Rusizi,Gihundwe,CHW-RUS-03-03,633,male,38.0,1,0,0,0,0,0,positive,treat_at_home,0,,recovered
CASE-004520,2025-12-17,Bugesera,Mareba,CHW-BUG-04-04,43,female,38.5,2,0,0,1,0,0,positive,urgent_refer,1,13.5,recovered
CASE-004521,2025-12-17,Bugesera,Mareba,CHW-BUG-04-04,17,female,39.0,2,0,0,0,0,0,positive,treat_at_home,0,,recovered
CASE-004522,2025-12-17,Bugesera,Nyamata,CHW-BUG-01-04,83,male,39.1,4,1,0,1,0,0,positive,urgent_refer,1,7.6,recovered
CASE-004523,2025-12-17,Bugesera,Rilima,CHW-BUG-02-01,30,female,38.1,3,0,0,0,0,0,positive,treat_at_home,0,,recovered
CASE-004524,2025-12-17,Gisagara,Gisagara,CHW-GIS-01-01,19,female,38.3,2,0,0,0,0,0,positive,treat_at_home,0,,recovered
CASE-004525,2025-12-17,Gisagara,Kibirizi,CHW-GIS-03-04,83,female,38.8,2,0,0,0,0,0,positive,treat_at_home,0,,recovered
CASE-004526,2025-12-17,Nyagatare,Karangazi,CHW-NYG-02-01,33,female,39.3,2,0,0,0,0,0,negative,treat_at_home,0,,recovered
CASE-004527,2025-12-17,Nyagatare,Matimba,CHW-NYG-04-03,36,male,37.1,0,0,1,0,0,0,negative,urgent_refer,1,5.1,recovered
CASE-004528,2025-12-17,Rusizi,Kamembe,CHW-RUS-01-04,38,male,38.7,2,0,0,0,0,0,positive,refer,1,16.2,recovered
CASE-004529,2025-12-18,Kirehe,Gahara,CHW-KIR-02-02,6,male,37.5,3,0,0,0,0,0,positive,treat_at_home,0,,recovered
CASE-004530,2025-12-18,Kirehe,Gahara,CHW-KIR-02-02,131,male,38.2,1,0,0,0,0,0,positive,refer,1,9.2,recovered
CASE-004531,2025-12-18,Nyagatare,Matimba,CHW-NYG-04-02,8,male,39.1,1,0,0,0,0,0,negative,treat_at_home,0,,recovered
CASE-004532,2025-12-18,Nyagatare,Matimba,CHW-NYG-04-04,354,female,39.1,1,0,0,0,1,0,negative,urgent_refer,1,2.2,recovered
CASE-004533,2025-12-18,Nyagatare,Mimuri,CHW-NYG-05-01,41,male,39.0,6,0,0,0,0,0,positive,treat_at_home,0,,recovered
CASE-004534,2025-12-18,Rusizi,Kamembe,CHW-RUS-01-03,46,female,38.5,4,0,0,0,0,0,positive,treat_at_home,0,,recovered
CASE-004535,2025-12-18,Rusizi,Kamembe,CHW-RUS-01-04,14,female,37.8,1,0,0,0,0,0,invalid,refer,1,5.1,recovered
CASE-004536,2025-12-19,Bugesera,Ntarama,CHW-BUG-05-03,18,female,38.0,2,0,0,0,0,0,negative,treat_at_home,0,,recovered
CASE-004537,2025-12-19,Bugesera,Nyamata,CHW-BUG-01-04,213,female,38.3,4,0,0,1,0,1,positive,urgent_refer,1,5.1,complication
CASE-004538,2025-12-19,Gasabo,Kimironko,CHW-GAS-01-02,273,male,38.0,1,0,0,0,0,0,negative,treat_at_home,0,,recovered
CASE-004539,2025-12-19,Kirehe,Kirehe,CHW-KIR-01-01,56,female,37.5,1,0,0,0,0,0,negative,treat_at_home,0,,recovered
CASE-004540,2025-12-19,Kirehe,Kirehe,CHW-KIR-01-04,28,female,37.6,2,0,0,0,0,0,positive,treat_at_home,0,,recovered
CASE-004541,2025-12-19,Kirehe,Mahama,CHW-KIR-03-01,46,female,39.7,1,0,1,0,0,0,positive,urgent_refer,0,,recovered
CASE-004542,2025-12-19,Kirehe,Mahama,CHW-KIR-03-02,58,female,38.5,3,0,0,0,0,0,positive,treat_at_home,0,,recovered
CASE-004543,2025-12-19,Nyagatare,Katabagemu,CHW-NYG-06-04,45,male,38.5,5,0,0,0,0,0,negative,refer,1,16.5,recovered
CASE-004544,2025-12-20,Bugesera,Mareba,CHW-BUG-04-02,5,male,37.4,2,0,0,0,0,0,invalid,refer,1,7.1,recovered
CASE-004545,2025-12-20,Bugesera,Rilima,CHW-BUG-02-02,48,female,38.7,4,0,0,0,0,0,positive,treat_at_home,0,,recovered
CASE-004546,2025-12-20,Gisagara,Gisagara,CHW-GIS-01-02,211,female,39.3,5,0,0,0,0,0,negative,refer,1,8.3,recovered
CASE-004547,2025-12-20,Kirehe,Kirehe,CHW-KIR-01-02,26,female,39.3,4,0,0,0,0,0,positive,treat_at_home,0,,recovered
CASE-004548,2025-12-20,Kirehe,Kirehe,CHW-KIR-01-03,27,female,37.3,1,0,0,0,0,0,positive,treat_at_home,0,,recovered
CASE-004549,2025-12-20,Nyagatare,Karangazi,CHW-NYG-02-01,162,female,38.7,5,0,0,0,0,0,negative,refer,0,,recovered
CASE-004550,2025-12-20,Nyagatare,Katabagemu,CHW-NYG-06-04,131,male,39.0,4,0,0,0,0,0,positive,treat_at_home,0,,recovered
CASE-004551,2025-12-20,Nyagatare,Mimuri,CHW-NYG-05-02,20,male,39.3,3,0,1,0,0,0,positive,urgent_refer,1,6.4,recovered
CASE-004552,2025-12-20,Rusizi,Bugarama,CHW-RUS-02-03,51,male,38.4,4,0,0,0,0,0,negative,refer,0,,recovered
CASE-004553,2025-12-20,Rusizi,Gihundwe,CHW-RUS-03-02,29,female,38.8,1,0,0,0,1,0,positive,urgent_refer,0,,recovered
CASE-004554,2025-12-21,Bugesera,Ntarama,CHW-BUG-05-02,322,male,38.0,4,0,0,0,0,0,positive,treat_at_home,0,,recovered
CASE-004555,2025-12-21,Bugesera,Ntarama,CHW-BUG-05-04,0,female,38.6,2,0,0,0,0,0,invalid,urgent_refer,1,4.1,recovered
CASE-004556,2025-12-21,Gasabo,Kacyiru,CHW-GAS-03-02,251,male,37.8,2,0,0,0,0,0,positive,treat_at_home,0,,recovered
CASE-004557,2025-12-21,Gasabo,Kacyiru,CHW-GAS-03-03,20,male,38.3,2,0,0,0,0,0,negative,treat_at_home,0,,recovered
CASE-004558,2025-12-21,Gisagara,Gisagara,CHW-GIS-01-03,4,male,37.9,2,0,0,0,0,0,positive,treat_at_home,0,,recovered
CASE-004559,2025-12-21,Kirehe,Gahara,CHW-KIR-02-02,464,male,37.5,1,0,0,0,0,0,positive,treat_at_home,0,,recovered
CASE-004560,2025-12-21,Kirehe,Gahara,CHW-KIR-02-02,174,male,38.4,2,0,0,0,0,0,positive,treat_at_home,0,,recovered
CASE-004561,2025-12-21,Kirehe,Kirehe,CHW-KIR-01-03,44,male,37.8,1,0,0,0,0,0,positive,treat_at_home,0,,recovered
CASE-004562,2025-12-21,Nyagatare,Katabagemu,CHW-NYG-06-02,397,male,37.7,3,1,0,1,0,0,positive,urgent_refer,0,,complication
CASE-004563,2025-12-21,Nyagatare,Rwimiyaga,CHW-NYG-03-01,17,male,36.9,0,0,0,0,0,0,negative,treat_at_home,0,,recovered
CASE-004564,2025-12-21,Rusizi,Gihundwe,CHW-RUS-03-02,308,female,37.7,2,0,0,0,0,0,positive,treat_at_home,0,,recovered
CASE-004565,2025-12-22,Bugesera,Mayange,CHW-BUG-03-02,55,female,38.9,3,0,0,0,0,0,invalid,refer,0,,recovered
CASE-004566,2025-12-22,Bugesera,Ntarama,CHW-BUG-05-02,290,male,39.2,6,0,0,0,0,0,positive,treat_at_home,0,,recovered
CASE-004567,2025-12-22,Bugesera,Rilima,CHW-BUG-02-01,50,female,37.8,1,0,0,0,0,0,positive,treat_at_home,0,,recovered
CASE-004568,2025-12-22,Bugesera,Rilima,CHW-BUG-02-01,43,male,38.1,2,0,0,0,0,0,negative,treat_at_home,0,,recovered
CASE-004569,2025-12-22,Gisagara,Save,CHW-GIS-02-02,80,female,38.0,3,0,0,0,0,0,negative,refer,1,9.1,recovered
CASE-004570,2025-12-22,Nyagatare,Karangazi,CHW-NYG-02-03,27,male,39.0,2,0,0,0,0,0,positive,treat_at_home,0,,recovered
CASE-004571,2025-12-22,Nyagatare,Katabagemu,CHW-NYG-06-01,591,female,38.0,1,0,0,0,0,0,positive,treat_at_home,0,,recovered
CASE-004572,2025-12-22,Nyagatare,Matimba,CHW-NYG-04-04,152,male,38.0,2,0,0,0,0,0,positive,treat_at_home,0,,recovered
CASE-004573,2025-12-22,Nyagatare,Nyagatare,CHW-NYG-01-04,34,female,38.7,1,0,0,0,0,0,positive,treat_at_home,0,,recovered
CASE-004574,2025-12-22,Rusizi,Kamembe,CHW-RUS-01-03,616,male,37.9,1,0,0,0,0,0,positive,treat_at_home,0,,recovered
CASE-004575,2025-12-23,Bugesera,Ntarama,CHW-BUG-05-03,49,female,38.5,3,0,0,0,0,0,negative,refer,0,,recovered
CASE-004576,2025-12-23,Bugesera,Nyamata,CHW-BUG-01-03,57,male,37.5,2,0,0,0,0,0,positive,treat_at_home,0,,recovered
CASE-004577,2025-12-23,Gasabo,Kacyiru,CHW-GAS-03-04,40,male,38.0,3,0,0,0,0,0,positive,treat_at_home,0,,recovered
CASE-004578,2025-12-23,Gasabo,Remera,CHW-GAS-02-01,592,female,37.9,5,0,0,0,0,0,negative,refer,1,3.9,recovered
CASE-004579,2025-12-23,Gisagara,Save,CHW-GIS-02-01,11,female,37.3,1,0,0,0,0,0,positive,treat_at_home,0,,recovered
CASE-004580,2025-12-23,Kirehe,Kirehe,CHW-KIR-01-02,13,male,38.4,4,0,0,0,0,0,positive,treat_at_home,0,,recovered
CASE-004581,2025-12-23,Nyagatare,Karangazi,CHW-NYG-02-04,70,male,38.3,5,0,0,0,0,0,positive,treat_at_home,0,,recovered
CASE-004582,2025-12-23,Nyagatare,Katabagemu,CHW-NYG-06-02,165,male,38.0,2,0,0,0,0,0,negative,treat_at_home,0,,recovered
CASE-004583,2025-12-23,Rusizi,Gihundwe,CHW-RUS-03-03,31,male,38.3,1,0,0,0,0,0,positive,treat_at_home,0,,recovered
CASE-004584,2025-12-23,Rusizi,Gihundwe,CHW-RUS-03-03,42,female,38.4,1,0,0,0,0,0,negative,refer,1,8.3,recovered
CASE-004585,2025-12-24,Bugesera,Mayange,CHW-BUG-03-04,22,female,39.0,6,0,0,0,0,0,positive,treat_at_home,0,,recovered
CASE-004586,2025-12-24,Bugesera,Rilima,CHW-BUG-02-03,38,male,38.3,2,0,0,0,0,1,positive,urgent_refer,1,2.2,recovered
CASE-004587,2025-12-24,Gasabo,Kacyiru,CHW-GAS-03-02,13,male,38.6,2,0,0,0,0,0,positive,treat_at_home,0,,recovered
CASE-004588,2025-12-24,Gasabo,Kimironko,CHW-GAS-01-01,7,male,38.2,6,0,0,0,0,0,positive,treat_at_home,0,,recovered
CASE-004589,2025-12-24,Gisagara,Gisagara,CHW-GIS-01-04,346,female,39.3,2,0,0,0,0,0,positive,treat_at_home,0,,recovered
CASE-004590,2025-12-24,Gisagara,Save,CHW-GIS-02-01,177,female,37.9,2,0,0,0,0,0,positive,treat_at_home,0,,recovered
CASE-004591,2025-12-24,Kirehe,Gahara,CHW-KIR-02-03,30,female,36.9,0,0,0,1,0,0,negative,urgent_refer,1,4.0,recovered
CASE-004592,2025-12-24,Kirehe,Mahama,CHW-KIR-03-02,13,male,39.2,2,0,0,0,0,0,positive,treat_at_home,0,,recovered
CASE-004593,2025-12-24,Nyagatare,Karangazi,CHW-NYG-02-02,40,female,38.4,1,0,1,0,0,0,positive,urgent_refer,0,,recovered
CASE-004594,2025-12-24,Nyagatare,Matimba,CHW-NYG-04-01,493,male,38.4,2,0,0,0,0,0,invalid,refer,1,4.9,recovered
CASE-004595,2025-12-24,Nyagatare,Nyagatare,CHW-NYG-01-01,290,female,38.6,3,0,0,0,0,0,invalid,refer,1,6.4,complication
CASE-004596,2025-12-24,Nyagatare,Rwimiyaga,CHW-NYG-03-02,2,male,38.4,3,0,0,0,0,0,positive,treat_at_home,0,,complication
CASE-004597,2025-12-24,Rusizi,Bugarama,CHW-RUS-02-01,450,male,37.3,2,0,0,0,0,0,positive,treat_at_home,0,,recovered
CASE-004598,2025-12-24,Rusizi,Kamembe,CHW-RUS-01-03,94,male,38.0,2,0,0,0,0,0,positive,treat_at_home,0,,recovered
CASE-004599,2025-12-25,Bugesera,Mayange,CHW-BUG-03-04,69,male,38.0,1,0,0,0,0,0,negative,treat_at_home,0,,recovered
CASE-004600,2025-12-25,Bugesera,Ntarama,CHW-BUG-05-02,134,female,37.5,1,0,0,0,0,0,positive,treat_at_home,0,,recovered
CASE-004601,2025-12-25,Bugesera,Ntarama,CHW-BUG-05-04,20,male,38.0,2,0,0,0,0,0,negative,treat_at_home,0,,recovered
CASE-004602,2025-12-25,Gasabo,Kacyiru,CHW-GAS-03-03,191,male,38.5,1,0,0,0,0,0,positive,treat_at_home,0,,recovered
CASE-004603,2025-12-25,Gasabo,Kimironko,CHW-GAS-01-04,582,female,39.1,2,0,0,1,1,0,positive,urgent_refer,1,1.6,recovered
CASE-004604,2025-12-25,Gasabo,Remera,CHW-GAS-02-02,56,male,38.4,2,0,0,0,0,0,positive,treat_at_home,0,,recovered
CASE-004605,2025-12-25,Kirehe,Gahara,CHW-KIR-02-02,26,male,37.9,3,0,0,0,0,0,positive,treat_at_home,0,,recovered
CASE-004606,2025-12-25,Kirehe,Mahama,CHW-KIR-03-01,89,male,37.5,2,0,0,0,0,0,positive,treat_at_home,0,,recovered
CASE-004607,2025-12-25,Kirehe,Mahama,CHW-KIR-03-04,47,male,37.7,2,0,0,0,0,0,negative,treat_at_home,0,,recovered
CASE-004608,2025-12-25,Nyagatare,Karangazi,CHW-NYG-02-04,58,female,37.5,1,0,0,0,0,0,positive,treat_at_home,0,,recovered
CASE-004609,2025-12-25,Nyagatare,Katabagemu,CHW-NYG-06-04,16,male,38.4,2,0,0,0,0,0,negative,treat_at_home,0,,recovered
CASE-004610,2025-12-25,Nyagatare,Rwimiyaga,CHW-NYG-03-02,57,female,38.0,3,0,0,0,0,0,positive,treat_at_home,0,,recovered
CASE-004611,2025-12-25,Rusizi,Gihundwe,CHW-RUS-03-01,11,male,39.1,4,0,0,0,0,0,negative,refer,1,3.5,recovered
CASE-004612,2025-12-26,Bugesera,Mareba,CHW-BUG-04-03,7,female,37.1,0,0,0,0,0,0,negative,treat_at_home,0,,recovered
CASE-004613,2025-12-26,Bugesera,Mayange,CHW-BUG-03-01,52,male,38.5,2,0,0,0,0,0,positive,refer,0,,unknown
CASE-004614,2025-12-26,Bugesera,Rilima,CHW-BUG-02-04,44,male,38.1,1,0,0,0,0,0,positive,treat_at_home,0,,recovered
CASE-004615,2025-12-26,Gasabo,Remera,CHW-GAS-02-02,53,female,38.9,1,0,0,1,0,0,invalid,urgent_refer,0,,recovered
CASE-004616,2025-12-26,Gisagara,Gisagara,CHW-GIS-01-01,444,female,38.6,2,0,0,0,0,0,negative,treat_at_home,0,,recovered
CASE-004617,2025-12-26,Kirehe,Kirehe,CHW-KIR-01-03,378,female,39.4,4,0,0,0,0,0,positive,treat_at_home,0,,recovered
CASE-004618,2025-12-26,Nyagatare,Katabagemu,CHW-NYG-06-03,34,female,38.0,3,0,0,0,0,0,positive,treat_at_home,0,,recovered
CASE-004619,2025-12-26,Nyagatare,Nyagatare,CHW-NYG-01-02,54,female,38.4,2,0,0,0,0,0,negative,treat_at_home,0,,recovered
CASE-004620,2025-12-26,Nyagatare,Nyagatare,CHW-NYG-01-04,8,male,37.9,1,0,0,0,0,0,negative,treat_at_home,0,,recovered
CASE-004621,2025-12-27,Bugesera,Rilima,CHW-BUG-02-03,18,male,38.4,1,0,0,0,0,0,positive,treat_at_home,0,,recovered
CASE-004622,2025-12-27,Gisagara,Gisagara,CHW-GIS-01-03,51,female,38.1,1,0,0,0,0,0,invalid,refer,0,,recovered
CASE-004623,2025-12-27,Gisagara,Kibirizi,CHW-GIS-03-03,21,female,38.9,3,0,0,0,0,0,positive,treat_at_home,0,,complication
CASE-004624,2025-12-27,Nyagatare,Katabagemu,CHW-NYG-06-03,16,male,37.9,2,0,0,0,0,0,positive,treat_at_home,0,,recovered
CASE-004625,2025-12-27,Nyagatare,Katabagemu,CHW-NYG-06-04,56,female,38.1,4,0,0,0,0,0,positive,treat_at_home,0,,recovered
CASE-004626,2025-12-27,Nyagatare,Rwimiyaga,CHW-NYG-03-02,461,male,38.2,1,0,0,0,0,0,positive,treat_at_home,0,,recovered
CASE-004627,2025-12-27,Nyagatare,Rwimiyaga,CHW-NYG-03-03,25,male,38.4,3,0,0,0,0,0,invalid,refer,1,8.3,recovered
CASE-004628,2025-12-27,Rusizi,Bugarama,CHW-RUS-02-02,21,female,38.4,1,0,0,0,0,0,negative,treat_at_home,0,,recovered
CASE-004629,2025-12-27,Rusizi,Bugarama,CHW-RUS-02-03,242,female,37.7,2,0,0,0,0,0,negative,treat_at_home,0,,recovered
CASE-004630,2025-12-27,Rusizi,Gihundwe,CHW-RUS-03-01,149,male,38.1,6,0,0,0,0,0,negative,refer,1,3.0,recovered
CASE-004631,2025-12-28,Bugesera,Mayange,CHW-BUG-03-02,19,male,38.2,2,0,0,0,0,0,positive,treat_at_home,0,,recovered
CASE-004632,2025-12-28,Bugesera,Ntarama,CHW-BUG-05-01,31,female,38.5,2,0,0,0,0,0,positive,treat_at_home,0,,recovered
CASE-004633,2025-12-28,Bugesera,Nyamata,CHW-BUG-01-04,71,male,38.8,6,0,0,0,0,0,positive,treat_at_home,0,,recovered
CASE-004634,2025-12-28,Gasabo,Kacyiru,CHW-GAS-03-04,104,female,38.4,5,0,0,0,0,0,negative,refer,0,,recovered
CASE-004635,2025-12-28,Gasabo,Kimironko,CHW-GAS-01-03,30,female,38.3,2,0,0,0,0,0,positive,treat_at_home,0,,recovered
CASE-004636,2025-12-28,Gasabo,Remera,CHW-GAS-02-03,123,male,37.3,1,0,0,0,0,0,positive,treat_at_home,0,,recovered
CASE-004637,2025-12-28,Gisagara,Gisagara,CHW-GIS-01-04,163,male,39.0,5,0,0,0,0,0,negative,refer,1,3.7,recovered
CASE-004638,2025-12-28,Kirehe,Kirehe,CHW-KIR-01-04,310,male,38.6,2,0,0,0,0,0,positive,treat_at_home,0,,recovered
CASE-004639,2025-12-28,Nyagatare,Katabagemu,CHW-NYG-06-01,8,female,39.0,3,0,0,0,0,0,positive,treat_at_home,0,,recovered
CASE-004640,2025-12-28,Nyagatare,Katabagemu,CHW-NYG-06-03,55,male,36.7,0,0,0,0,0,0,negative,treat_at_home,0,,recovered
CASE-004641,2025-12-29,Bugesera,Mayange,CHW-BUG-03-03,37,male,38.6,2,0,0,0,0,0,negative,treat_at_home,0,,recovered
CASE-004642,2025-12-29,Bugesera,Rilima,CHW-BUG-02-03,81,female,38.8,4,1,1,0,0,0,positive,treat_at_home,0,,recovered
CASE-004643,2025-12-29,Gisagara,Gisagara,CHW-GIS-01-02,158,female,38.1,2,0,0,0,0,0,negative,treat_at_home,0,,recovered
CASE-004644,2025-12-29,Kirehe,Gahara,CHW-KIR-02-03,50,male,37.5,1,0,0,0,0,0,positive,treat_at_home,0,,recovered
CASE-004645,2025-12-29,Kirehe,Kirehe,CHW-KIR-01-03,42,male,38.1,1,0,0,0,0,0,positive,treat_at_home,0,,recovered
CASE-004646,2025-12-29,Kirehe,Kirehe,CHW-KIR-01-04,21,male,38.1,5,0,0,0,0,0,positive,refer,1,4.8,recovered
CASE-004647,2025-12-29,Kirehe,Mahama,CHW-KIR-03-01,106,female,38.1,1,0,0,0,0,0,positive,treat_at_home,0,,recovered
CASE-004648,2025-12-29,Kirehe,Mahama,CHW-KIR-03-02,112,male,38.4,1,0,0,0,0,0,positive,treat_at_home,0,,recovered
CASE-004649,2025-12-29,Nyagatare,Karangazi,CHW-NYG-02-01,19,male,38.4,1,0,0,0,0,0,invalid,refer,1,19.1,recovered
CASE-004650,2025-12-29,Nyagatare,Karangazi,CHW-NYG-02-03,36,female,38.5,5,0,0,0,0,0,positive,treat_at_home,0,,recovered
CASE-004651,2025-12-29,Nyagatare,Katabagemu,CHW-NYG-06-03,32,male,38.8,3,0,0,0,0,0,negative,refer,0,,recovered
CASE-004652,2025-12-29,Rusizi,Gihundwe,CHW-RUS-03-03,621,female,38.5,2,0,0,0,0,0,positive,treat_at_home,0,,recovered
CASE-004653,2025-12-30,Bugesera,Mareba,CHW-BUG-04-04,39,male,38.0,2,0,0,0,0,0,positive,treat_at_home,0,,recovered
CASE-004654,2025-12-30,Bugesera,Mayange,CHW-BUG-03-04,618,male,37.0,0,0,0,0,0,0,negative,treat_at_home,0,,recovered
CASE-004655,2025-12-30,Bugesera,Nyamata,CHW-BUG-01-04,640,male,38.2,2,0,0,0,0,0,positive,refer,1,3.0,recovered
CASE-004656,2025-12-30,Gisagara,Gisagara,CHW-GIS-01-02,36,female,39.2,3,0,0,0,0,1,positive,urgent_refer,1,2.7,recovered
CASE-004657,2025-12-30,Gisagara,Kibirizi,CHW-GIS-03-03,46,male,38.8,3,0,0,0,0,0,positive,treat_at_home,0,,recovered
CASE-004658,2025-12-30,Gisagara,Kibirizi,CHW-GIS-03-04,24,male,38.9,1,0,0,0,0,0,negative,treat_at_home,0,,recovered
CASE-004659,2025-12-30,Gisagara,Save,CHW-GIS-02-02,10,female,38.7,3,0,0,0,0,0,negative,refer,1,5.7,recovered
CASE-004660,2025-12-30,Nyagatare,Mimuri,CHW-NYG-05-04,53,male,38.0,1,0,0,0,0,0,positive,treat_at_home,0,,recovered
CASE-004661,2025-12-30,Rusizi,Kamembe,CHW-RUS-01-02,68,male,36.9,0,0,0,0,0,0,invalid,refer,0,,recovered
CASE-004662,2025-12-31,Bugesera,Mareba,CHW-BUG-04-01,141,male,38.5,4,0,0,0,0,0,negative,refer,1,6.4,recovered
CASE-004663,2025-12-31,Bugesera,Nyamata,CHW-BUG-01-03,708,female,38.3,1,0,0,0,0,0,positive,treat_at_home,0,,recovered
CASE-004664,2025-12-31,Gisagara,Kibirizi,CHW-GIS-03-01,200,male,38.5,5,0,0,0,0,0,positive,treat_at_home,0,,recovered
CASE-004665,2025-12-31,Kirehe,Kirehe,CHW-KIR-01-03,150,male,38.2,1,0,0,1,0,0,negative,urgent_refer,1,2.5,recovered
CASE-004666,2025-12-31,Kirehe,Mahama,CHW-KIR-03-04,17,female,39.6,1,0,1,1,0,0,positive,urgent_refer,1,6.8,recovered
CASE-004667,2025-12-31,Nyagatare,Katabagemu,CHW-NYG-06-02,62,male,39.2,3,0,0,0,0,0,positive,treat_at_home,0,,recovered
CASE-004668,2025-12-31,Nyagatare,Matimba,CHW-NYG-04-01,57,female,38.3,3,0,0,0,0,0,positive,treat_at_home,0,,recovered
CASE-004669,2025-12-31,Nyagatare,Mimuri,CHW-NYG-05-02,59,male,38.0,2,0,0,0,0,0,negative,treat_at_home,0,,recovered
CASE-004670,2025-12-31,Nyagatare,Rwimiyaga,CHW-NYG-03-02,28,female,38.4,3,0,0,0,0,0,positive,treat_at_home,0,,recovered
CASE-004671,2025-12-31,Nyagatare,Rwimiyaga,CHW-NYG-03-03,151,male,38.5,1,0,0,0,0,0,positive,treat_at_home,0,,recovered
CASE-004672,2026-01-01,Bugesera,Ntarama,CHW-BUG-05-02,48,female,38.9,2,0,0,0,0,0,negative,treat_at_home,0,,recovered
CASE-004673,2026-01-01,Kirehe,Kirehe,CHW-KIR-01-04,43,female,38.8,2,0,0,0,0,0,positive,treat_at_home,0,,recovered
CASE-004674,2026-01-01,Kirehe,Mahama,CHW-KIR-03-02,50,male,38.3,3,0,0,0,0,0,positive,treat_at_home,0,,recovered
CASE-004675,2026-01-01,Nyagatare,Matimba,CHW-NYG-04-01,39,male,37.0,0,0,0,0,1,0,negative,urgent_refer,1,2.2,complication
CASE-004676,2026-01-01,Nyagatare,Matimba,CHW-NYG-04-01,6,female,39.0,2,0,1,0,1,0,positive,urgent_refer,1,8.8,recovered
CASE-004677,2026-01-01,Nyagatare,Matimba,CHW-NYG-04-02,60,female,37.0,0,0,0,0,0,0,negative,treat_at_home,0,,recovered
CASE-004678,2026-01-01,Nyagatare,Nyagatare,CHW-NYG-01-01,24,male,38.8,3,0,0,0,0,0,positive,treat_at_home,0,,recovered
CASE-004679,2026-01-01,Nyagatare,Rwimiyaga,CHW-NYG-03-04,220,male,37.5,2,0,0,0,0,0,positive,treat_at_home,0,,recovered
CASE-004680,2026-01-01,Rusizi,Kamembe,CHW-RUS-01-01,33,male,38.7,1,0,0,0,0,0,positive,treat_at_home,0,,recovered
CASE-004681,2026-01-02,Bugesera,Mayange,CHW-BUG-03-02,28,female,38.4,2,0,0,0,0,0,positive,treat_at_home,0,,recovered
CASE-004682,2026-01-02,Bugesera,Ntarama,CHW-BUG-05-02,180,female,38.6,1,0,0,0,0,0,negative,treat_at_home,0,,recovered
CASE-004683,2026-01-02,Bugesera,Nyamata,CHW-BUG-01-01,22,female,39.0,6,0,0,0,0,0,positive,treat_at_home,0,,complication
CASE-004684,2026-01-02,Bugesera,Nyamata,CHW-BUG-01-02,44,male,37.7,1,0,0,0,0,0,positive,treat_at_home,0,,recovered
CASE-004685,2026-01-02,Bugesera,Rilima,CHW-BUG-02-03,53,male,36.8,0,0,0,0,0,0,negative,treat_at_home,0,,recovered
CASE-004686,2026-01-02,Bugesera,Rilima,CHW-BUG-02-04,6,male,38.0,1,0,0,0,0,0,negative,treat_at_home,0,,recovered
CASE-004687,2026-01-02,Kirehe,Gahara,CHW-KIR-02-01,175,male,37.8,3,0,0,0,0,0,negative,refer,1,10.0,recovered
CASE-004688,2026-01-02,Nyagatare,Karangazi,CHW-NYG-02-03,372,male,37.3,0,0,1,0,0,1,negative,refer,1,4.1,recovered
CASE-004689,2026-01-02,Nyagatare,Matimba,CHW-NYG-04-01,1,female,38.0,1,0,0,0,0,0,positive,treat_at_home,0,,complication
CASE-004690,2026-01-02,Nyagatare,Rwimiyaga,CHW-NYG-03-04,194,female,38.5,3,0,0,0,0,0,positive,treat_at_home,0,,recovered
CASE-004691,2026-01-03,Bugesera,Mayange,CHW-BUG-03-03,46,male,38.4,7,0,0,0,0,0,positive,treat_at_home,0,,recovered
CASE-004692,2026-01-03,Gisagara,Save,CHW-GIS-02-01,150,female,38.4,2,0,0,0,0,1,negative,urgent_refer,1,5.9,recovered
CASE-004693,2026-01-03,Kirehe,Kirehe,CHW-KIR-01-01,45,male,38.1,4,0,0,0,0,0,negative,refer,1,5.5,unknown
CASE-004694,2026-01-03,Kirehe,Kirehe,CHW-KIR-01-01,112,female,38.1,1,0,0,0,0,0,positive,treat_at_home,0,,recovered
CASE-004695,2026-01-03,Kirehe,Kirehe,CHW-KIR-01-02,233,male,38.5,1,0,0,0,0,0,negative,refer,1,4.7,recovered
CASE-004696,2026-01-03,Nyagatare,Karangazi,CHW-NYG-02-04,14,female,38.6,6,0,0,0,0,0,negative,refer,0,,recovered
CASE-004697,2026-01-04,Gisagara,Gisagara,CHW-GIS-01-02,13,male,37.8,1,0,0,0,0,0,positive,treat_at_home,0,,recovered
CASE-004698,2026-01-04,Gisagara,Save,CHW-GIS-02-01,24,female,37.5,1,0,0,0,0,0,positive,treat_at_home,0,,recovered
CASE-004699,2026-01-04,Nyagatare,Katabagemu,CHW-NYG-06-02,106,male,37.8,4,0,0,0,0,0,positive,treat_at_home,0,,recovered
CASE-004700,2026-01-04,Nyagatare,Katabagemu,CHW-NYG-06-02,9,female,38.1,5,0,0,0,0,0,positive,treat_at_home,0,,recovered
CASE-004701,2026-01-04,Rusizi,Bugarama,CHW-RUS-02-02,55,female,38.5,2,0,0,0,0,0,positive,treat_at_home,0,,recovered
CASE-004702,2026-01-05,Gasabo,Remera,CHW-GAS-02-04,208,male,36.9,0,0,0,0,0,0,negative,treat_at_home,0,,recovered
CASE-004703,2026-01-05,Gisagara,Gisagara,CHW-GIS-01-04,55,male,38.5,2,0,0,0,0,0,negative,treat_at_home,0,,recovered
CASE-004704,2026-01-05,Gisagara,Save,CHW-GIS-02-01,173,female,38.2,1,0,0,0,0,0,negative,treat_at_home,0,,recovered
CASE-004705,2026-01-05,Gisagara,Save,CHW-GIS-02-03,465,male,38.6,4,0,0,0,0,0,positive,treat_at_home,0,,recovered
CASE-004706,2026-01-05,Nyagatare,Katabagemu,CHW-NYG-06-04,19,male,38.0,2,0,0,0,0,0,positive,treat_at_home,0,,recovered
CASE-004707,2026-01-05,Nyagatare,Nyagatare,CHW-NYG-01-02,108,female,38.4,6,0,0,0,1,0,positive,urgent_refer,1,8.3,recovered
CASE-004708,2026-01-06,Bugesera,Gashora,CHW-BUG-06-03,5,male,37.8,1,0,0,0,0,0,positive,treat_at_home,0,,recovered
CASE-004709,2026-01-06,Bugesera,Nyamata,CHW-BUG-01-03,8,male,37.2,1,0,0,0,0,0,positive,treat_at_home,0,,recovered
CASE-004710,2026-01-06,Gisagara,Kibirizi,CHW-GIS-03-01,26,male,37.7,1,0,0,0,0,0,positive,treat_at_home,0,,recovered
CASE-004711,2026-01-06,Kirehe,Gahara,CHW-KIR-02-03,27,male,39.3,1,1,1,0,0,0,positive,urgent_refer,1,8.7,recovered
CASE-004712,2026-01-06,Kirehe,Mahama,CHW-KIR-03-02,168,male,38.1,1,0,0,0,0,0,positive,treat_at_home,0,,recovered
CASE-004713,2026-01-06,Nyagatare,Karangazi,CHW-NYG-02-02,52,female,38.1,2,0,0,0,0,0,positive,treat_at_home,0,,recovered
CASE-004714,2026-01-06,Nyagatare,Mimuri,CHW-NYG-05-04,70,male,38.4,6,0,0,0,0,0,positive,treat_at_home,0,,recovered
CASE-004715,2026-01-06,Nyagatare,Rwimiyaga,CHW-NYG-03-01,25,male,39.2,2,1,0,0,0,0,positive,urgent_refer,0,,recovered
CASE-004716,2026-01-06,Rusizi,Gihundwe,CHW-RUS-03-02,56,female,37.6,1,0,0,0,0,0,positive,treat_at_home,0,,recovered
CASE-004717,2026-01-07,Bugesera,Gashora,CHW-BUG-06-03,48,female,39.2,2,0,1,0,0,0,positive,treat_at_home,0,,recovered
CASE-004718,2026-01-07,Bugesera,Mayange,CHW-BUG-03-02,74,female,38.3,1,0,0,0,0,0,positive,treat_at_home,0,,recovered
CASE-004719,2026-01-07,Bugesera,Nyamata,CHW-BUG-01-02,44,female,37.1,0,0,0,0,0,0,negative,treat_at_home,0,,recovered
CASE-004720,2026-01-07,Kirehe,Kirehe,CHW-KIR-01-02,54,male,37.9,1,0,0,0,0,0,positive,refer,0,,unknown
CASE-004721,2026-01-07,Kirehe,Kirehe,CHW-KIR-01-03,98,male,38.7,4,0,0,0,0,0,positive,treat_at_home,0,,recovered
CASE-004722,2026-01-07,Nyagatare,Karangazi,CHW-NYG-02-04,152,female,38.5,5,0,0,0,0,0,positive,treat_at_home,0,,recovered
CASE-004723,2026-01-07,Nyagatare,Katabagemu,CHW-NYG-06-04,294,female,38.8,3,0,0,0,0,0,invalid,refer,0,,recovered
CASE-004724,2026-01-07,Nyagatare,Rwimiyaga,CHW-NYG-03-01,14,female,38.6,1,0,0,0,0,0,positive,treat_at_home,0,,recovered
CASE-004725,2026-01-07,Nyagatare,Rwimiyaga,CHW-NYG-03-04,69,male,38.2,1,0,0,0,0,0,negative,treat_at_home,0,,recovered
CASE-004726,2026-01-08,Bugesera,Mareba,CHW-BUG-04-02,31,female,38.8,4,0,0,0,0,0,negative,refer,1,6.3,recovered
CASE-004727,2026-01-08,Bugesera,Nyamata,CHW-BUG-01-01,152,female,38.2,1,0,0,0,0,0,negative,refer,1,5.9,recovered
CASE-004728,2026-01-08,Gisagara,Gisagara,CHW-GIS-01-02,1,female,38.3,2,0,0,0,0,0,positive,urgent_refer,0,,recovered
CASE-004729,2026-01-08,Gisagara,Save,CHW-GIS-02-02,32,male,38.8,3,0,0,0,0,0,positive,treat_at_home,0,,recovered
CASE-004730,2026-01-08,Kirehe,Mahama,CHW-KIR-03-02,14,female,38.6,2,0,0,0,0,0,positive,treat_at_home,0,,recovered
CASE-004731,2026-01-08,Nyagatare,Karangazi,CHW-NYG-02-01,14,male,38.5,6,0,0,0,0,0,positive,refer,0,,recovered
CASE-004732,2026-01-08,Nyagatare,Karangazi,CHW-NYG-02-03,60,male,38.5,1,0,0,0,0,0,positive,treat_at_home,0,,recovered
CASE-004733,2026-01-08,Nyagatare,Mimuri,CHW-NYG-05-01,49,female,39.1,1,0,0,0,0,0,positive,refer,1,8.9,recovered
CASE-004734,2026-01-08,Nyagatare,Nyagatare,CHW-NYG-01-04,144,female,38.3,2,0,0,0,0,0,positive,treat_at_home,0,,recovered
CASE-004735,2026-01-08,Rusizi,Bugarama,CHW-RUS-02-03,36,female,38.9,2,0,1,0,0,0,negative,urgent_refer,1,2.9,recovered
CASE-004736,2026-01-08,Rusizi,Gihundwe,CHW-RUS-03-02,54,male,38.2,1,0,0,0,0,0,positive,treat_at_home,0,,recovered
CASE-004737,2026-01-08,Rusizi,Kamembe,CHW-RUS-01-04,39,male,37.0,0,0,0,0,0,0,negative,treat_at_home,0,,recovered
CASE-004738,2026-01-09,Bugesera,Ntarama,CHW-BUG-05-02,47,female,37.9,3,0,0,0,0,0,negative,refer,1,4.8,recovered
CASE-004739,2026-01-09,Bugesera,Ntarama,CHW-BUG-05-02,7,male,39.4,3,0,0,0,0,0,positive,treat_at_home,0,,recovered
CASE-004740,2026-01-09,Gisagara,Kibirizi,CHW-GIS-03-03,194,male,38.6,1,0,0,0,0,0,negative,treat_at_home,0,,recovered
CASE-004741,2026-01-09,Nyagatare,Katabagemu,CHW-NYG-06-01,35,male,38.1,3,0,0,0,0,0,positive,treat_at_home,0,,recovered
CASE-004742,2026-01-09,Nyagatare,Nyagatare,CHW-NYG-01-02,51,female,38.9,2,0,0,0,0,0,positive,treat_at_home,0,,recovered
CASE-004743,2026-01-09,Nyagatare,Rwimiyaga,CHW-NYG-03-04,12,male,36.4,0,0,0,0,0,0,negative,treat_at_home,0,,unknown
CASE-004744,2026-01-10,Bugesera,Gashora,CHW-BUG-06-04,458,female,38.6,3,0,0,0,0,0,negative,refer,1,8.7,recovered
CASE-004745,2026-01-10,Bugesera,Rilima,CHW-BUG-02-01,41,female,37.7,2,0,0,0,0,0,negative,treat_at_home,0,,recovered
CASE-004746,2026-01-10,Bugesera,Rilima,CHW-BUG-02-04,15,female,38.9,2,0,0,0,0,0,positive,treat_at_home,0,,recovered
CASE-004747,2026-01-10,Kirehe,Kirehe,CHW-KIR-01-01,14,female,38.7,2,0,0,0,0,0,negative,treat_at_home,0,,recovered
CASE-004748,2026-01-10,Kirehe,Mahama,CHW-KIR-03-04,52,female,38.6,2,0,0,0,0,0,positive,treat_at_home,0,,recovered
CASE-004749,2026-01-10,Nyagatare,Katabagemu,CHW-NYG-06-02,146,female,37.7,1,0,0,0,0,0,negative,treat_at_home,0,,recovered
CASE-004750,2026-01-10,Nyagatare,Mimuri,CHW-NYG-05-02,43,male,38.7,2,0,0,0,0,0,invalid,refer,1,5.4,recovered
CASE-004751,2026-01-10,Nyagatare,Rwimiyaga,CHW-NYG-03-03,2,female,38.3,2,0,0,0,0,0,positive,treat_at_home,0,,recovered
CASE-004752,2026-01-11,Bugesera,Mayange,CHW-BUG-03-02,112,male,37.8,1,0,0,0,0,0,negative,treat_at_home,0,,recovered
CASE-004753,2026-01-11,Bugesera,Ntarama,CHW-BUG-05-01,177,female,38.1,1,1,0,0,0,0,invalid,urgent_refer,1,4.4,recovered
CASE-004754,2026-01-11,Gasabo,Kimironko,CHW-GAS-01-02,159,female,38.8,3,0,0,0,0,0,positive,treat_at_home,0,,recovered
CASE-004755,2026-01-11,Nyagatare,Karangazi,CHW-NYG-02-02,54,male,38.1,4,0,0,0,0,0,positive,treat_at_home,0,,recovered
CASE-004756,2026-01-11,Nyagatare,Mimuri,CHW-NYG-05-04,55,male,38.7,2,0,0,0,0,0,positive,treat_at_home,0,,recovered
CASE-004757,2026-01-11,Rusizi,Kamembe,CHW-RUS-01-01,55,male,38.6,7,0,0,0,0,0,negative,refer,1,6.2,recovered
CASE-004758,2026-01-12,Gisagara,Gisagara,CHW-GIS-01-03,58,female,37.9,1,0,0,0,0,0,negative,treat_at_home,0,,recovered
CASE-004759,2026-01-12,Gisagara,Kibirizi,CHW-GIS-03-01,42,male,38.5,4,0,0,0,0,0,positive,treat_at_home,0,,recovered
CASE-004760,2026-01-12,Gisagara,Kibirizi,CHW-GIS-03-02,83,female,38.5,1,0,0,1,0,1,positive,refer,1,3.4,recovered
CASE-004761,2026-01-12,Kirehe,Kirehe,CHW-KIR-01-02,52,male,38.6,1,0,0,0,0,0,negative,treat_at_home,0,,recovered
CASE-004762,2026-01-12,Kirehe,Mahama,CHW-KIR-03-01,307,male,38.2,1,0,0,0,0,0,negative,treat_at_home,0,,recovered
CASE-004763,2026-01-13,Bugesera,Mareba,CHW-BUG-04-02,38,female,38.6,1,0,0,0,0,0,negative,treat_at_home,0,,recovered
CASE-004764,2026-01-13,Bugesera,Mareba,CHW-BUG-04-03,75,male,39.1,2,0,0,0,0,0,positive,treat_at_home,0,,recovered
CASE-004765,2026-01-13,Bugesera,Rilima,CHW-BUG-02-02,16,female,38.7,3,0,0,0,0,0,negative,refer,1,5.5,unknown
CASE-004766,2026-01-13,Gisagara,Save,CHW-GIS-02-02,70,male,38.4,2,0,0,0,0,0,positive,treat_at_home,0,,recovered
CASE-004767,2026-01-13,Kirehe,Gahara,CHW-KIR-02-04,100,female,38.3,3,0,0,1,0,0,positive,urgent_refer,1,9.3,recovered
CASE-004768,2026-01-13,Kirehe,Gahara,CHW-KIR-02-04,15,female,38.5,3,0,1,0,0,0,positive,urgent_refer,1,5.3,recovered
CASE-004769,2026-01-13,Kirehe,Kirehe,CHW-KIR-01-03,0,male,38.2,2,0,0,0,0,0,positive,urgent_refer,0,,recovered
CASE-004770,2026-01-13,Kirehe,Mahama,CHW-KIR-03-01,531,female,37.6,1,0,0,0,0,0,positive,treat_at_home,0,,recovered
CASE-004771,2026-01-13,Nyagatare,Mimuri,CHW-NYG-05-01,168,female,38.8,2,0,0,0,0,0,positive,treat_at_home,0,,recovered
CASE-004772,2026-01-13,Nyagatare,Mimuri,CHW-NYG-05-02,31,male,39.1,1,0,0,0,0,0,positive,treat_at_home,0,,recovered
CASE-004773,2026-01-14,Bugesera,Gashora,CHW-BUG-06-01,25,female,38.5,3,0,0,0,0,0,negative,refer,0,,complication
CASE-004774,2026-01-14,Bugesera,Ntarama,CHW-BUG-05-01,56,female,38.4,1,0,0,0,0,0,negative,treat_at_home,0,,recovered
CASE-004775,2026-01-14,Bugesera,Ntarama,CHW-BUG-05-01,673,male,38.7,1,0,0,0,0,0,positive,treat_at_home,0,,recovered
CASE-004776,2026-01-14,Gasabo,Remera,CHW-GAS-02-03,76,female,38.8,3,0,0,0,0,0,positive,treat_at_home,0,,recovered
CASE-004777,2026-01-14,Gasabo,Remera,CHW-GAS-02-04,83,male,38.4,5,0,0,0,0,0,positive,treat_at_home,0,,recovered
CASE-004778,2026-01-14,Gisagara,Kibirizi,CHW-GIS-03-02,21,female,38.3,4,0,0,0,0,0,positive,treat_at_home,0,,recovered
CASE-004779,2026-01-14,Kirehe,Gahara,CHW-KIR-02-01,25,female,36.7,0,0,0,0,0,0,negative,treat_at_home,0,,recovered
CASE-004780,2026-01-14,Kirehe,Gahara,CHW-KIR-02-04,122,female,38.6,4,0,0,0,0,0,positive,treat_at_home,0,,recovered
CASE-004781,2026-01-14,Kirehe,Kirehe,CHW-KIR-01-03,285,male,36.2,0,0,0,0,0,0,negative,refer,1,2.4,recovered
CASE-004782,2026-01-14,Nyagatare,Karangazi,CHW-NYG-02-04,11,female,38.1,2,0,0,0,0,0,positive,treat_at_home,0,,recovered
CASE-004783,2026-01-14,Nyagatare,Matimba,CHW-NYG-04-01,70,female,37.7,2,0,0,0,0,0,negative,treat_at_home,0,,recovered
CASE-004784,2026-01-14,Nyagatare,Mimuri,CHW-NYG-05-03,13,male,38.4,5,0,0,0,0,0,negative,refer,1,2.6,recovered
CASE-004785,2026-01-14,Nyagatare,Nyagatare,CHW-NYG-01-04,18,female,39.1,2,0,0,0,0,0,positive,treat_at_home,0,,recovered
CASE-004786,2026-01-14,Rusizi,Bugarama,CHW-RUS-02-04,110,male,38.6,6,0,0,0,0,0,negative,refer,0,,unknown
CASE-004787,2026-01-14,Rusizi,Kamembe,CHW-RUS-01-03,116,female,39.0,3,0,0,0,0,1,negative,urgent_refer,1,3.4,recovered
CASE-004788,2026-01-15,Bugesera,Rilima,CHW-BUG-02-03,59,female,38.6,4,0,0,1,0,0,invalid,urgent_refer,1,5.6,recovered
CASE-004789,2026-01-15,Gasabo,Kimironko,CHW-GAS-01-01,35,female,38.0,1,0,0,0,0,0,positive,refer,1,5.1,recovered
CASE-004790,2026-01-15,Kirehe,Gahara,CHW-KIR-02-02,1,female,38.3,7,0,0,0,0,0,positive,urgent_refer,1,1.8,recovered
CASE-004791,2026-01-15,Kirehe,Gahara,CHW-KIR-02-04,56,female,38.2,1,0,0,0,0,0,negative,treat_at_home,0,,recovered
CASE-004792,2026-01-15,Nyagatare,Karangazi,CHW-NYG-02-04,27,female,38.6,2,0,0,0,0,0,positive,treat_at_home,0,,recovered
CASE-004793,2026-01-15,Rusizi,Kamembe,CHW-RUS-01-02,75,male,38.8,4,0,0,0,0,0,invalid,refer,1,2.8,recovered
CASE-004794,2026-01-15,Rusizi,Kamembe,CHW-RUS-01-04,513,female,38.6,4,0,0,0,0,0,invalid,refer,1,3.4,recovered
CASE-004795,2026-01-16,Bugesera,Gashora,CHW-BUG-06-02,38,male,38.2,4,0,0,0,0,0,negative,refer,0,,recovered
CASE-004796,2026-01-16,Bugesera,Gashora,CHW-BUG-06-03,600,female,38.9,4,0,0,0,0,0,negative,refer,1,9.4,recovered
CASE-004797,2026-01-16,Bugesera,Ntarama,CHW-BUG-05-03,605,male,38.2,1,0,0,0,0,0,positive,treat_at_home,0,,recovered
CASE-004798,2026-01-16,Bugesera,Nyamata,CHW-BUG-01-02,52,male,38.2,4,0,0,0,1,0,negative,urgent_refer,1,4.2,recovered
CASE-004799,2026-01-16,Gisagara,Gisagara,CHW-GIS-01-04,19,male,38.7,2,0,0,0,0,0,positive,treat_at_home,0,,recovered
CASE-004800,2026-01-16,Gisagara,Kibirizi,CHW-GIS-03-03,1,male,38.6,4,0,0,0,0,0,positive,refer,0,,recovered
CASE-004801,2026-01-16,Gisagara,Save,CHW-GIS-02-02,15,male,38.5,1,0,0,0,0,0,negative,treat_at_home,0,,recovered
CASE-004802,2026-01-16,Gisagara,Save,CHW-GIS-02-04,78,male,38.0,1,0,0,0,0,0,positive,treat_at_home,0,,recovered
CASE-004803,2026-01-16,Kirehe,Gahara,CHW-KIR-02-02,28,male,37.8,2,0,0,0,0,0,positive,treat_at_home,0,,recovered
CASE-004804,2026-01-16,Nyagatare,Katabagemu,CHW-NYG-06-04,85,male,38.0,3,0,0,0,0,0,positive,treat_at_home,0,,recovered
CASE-004805,2026-01-16,Nyagatare,Matimba,CHW-NYG-04-04,34,female,38.2,1,0,0,0,0,0,negative,treat_at_home,0,,recovered
CASE-004806,2026-01-16,Nyagatare,Mimuri,CHW-NYG-05-01,20,female,37.9,1,0,0,0,0,0,invalid,refer,1,4.7,recovered
CASE-004807,2026-01-16,Rusizi,Gihundwe,CHW-RUS-03-02,22,female,38.4,2,0,0,0,0,0,positive,treat_at_home,0,,recovered
CASE-004808,2026-01-16,Rusizi,Kamembe,CHW-RUS-01-04,31,male,36.8,0,0,0,0,0,0,negative,treat_at_home,0,,recovered
CASE-004809,2026-01-17,Bugesera,Gashora,CHW-BUG-06-02,50,female,38.1,7,0,0,0,0,0,positive,treat_at_home,0,,recovered
CASE-004810,2026-01-17,Bugesera,Mayange,CHW-BUG-03-04,63,female,37.6,1,0,0,0,0,1,positive,urgent_refer,1,2.6,recovered
CASE-004811,2026-01-17,Bugesera,Ntarama,CHW-BUG-05-01,3,female,38.8,1,0,0,0,0,0,positive,treat_at_home,0,,recovered
CASE-004812,2026-01-17,Gasabo,Kimironko,CHW-GAS-01-01,28,female,38.5,5,0,0,0,0,0,negative,refer,1,11.9,recovered
CASE-004813,2026-01-17,Gisagara,Kibirizi,CHW-GIS-03-01,420,male,38.8,4,0,0,0,0,0,positive,treat_at_home,0,,recovered
CASE-004814,2026-01-17,Kirehe,Kirehe,CHW-KIR-01-03,176,male,38.1,2,0,0,0,0,0,negative,treat_at_home,0,,recovered
CASE-004815,2026-01-17,Nyagatare,Matimba,CHW-NYG-04-03,81,male,38.6,2,0,0,0,0,0,negative,treat_at_home,0,,recovered
CASE-004816,2026-01-17,Nyagatare,Nyagatare,CHW-NYG-01-04,35,female,39.0,3,0,0,0,0,0,positive,treat_at_home,0,,recovered
CASE-004817,2026-01-17,Rusizi,Bugarama,CHW-RUS-02-04,43,male,38.1,2,0,0,0,0,0,negative,refer,0,,recovered
CASE-004818,2026-01-18,Bugesera,Gashora,CHW-BUG-06-01,24,female,38.4,3,0,0,0,0,0,positive,treat_at_home,0,,recovered
CASE-004819,2026-01-18,Bugesera,Mareba,CHW-BUG-04-01,321,female,38.6,2,0,0,0,0,0,invalid,refer,1,11.5,recovered
CASE-004820,2026-01-18,Bugesera,Mareba,CHW-BUG-04-04,628,male,39.4,3,0,0,0,0,0,negative,refer,1,11.1,recovered
CASE-004821,2026-01-18,Bugesera,Ntarama,CHW-BUG-05-04,77,female,39.3,3,0,0,0,0,0,positive,treat_at_home,0,,recovered
CASE-004822,2026-01-18,Bugesera,Nyamata,CHW-BUG-01-03,57,male,38.2,1,0,0,0,0,0,positive,treat_at_home,0,,recovered
CASE-004823,2026-01-18,Gasabo,Kacyiru,CHW-GAS-03-01,659,male,38.5,1,0,0,0,0,0,positive,treat_at_home,0,,recovered
CASE-004824,2026-01-18,Gisagara,Gisagara,CHW-GIS-01-01,153,male,39.3,5,0,0,0,0,0,positive,treat_at_home,0,,recovered
CASE-004825,2026-01-18,Kirehe,Gahara,CHW-KIR-02-02,527,male,37.9,1,0,0,0,0,0,positive,treat_at_home,0,,recovered
CASE-004826,2026-01-18,Nyagatare,Matimba,CHW-NYG-04-01,46,female,37.9,2,0,0,0,0,0,positive,treat_at_home,0,,recovered
CASE-004827,2026-01-18,Nyagatare,Nyagatare,CHW-NYG-01-02,11,female,38.0,1,0,0,0,0,0,positive,treat_at_home,0,,complication
CASE-004828,2026-01-18,Nyagatare,Rwimiyaga,CHW-NYG-03-03,25,female,38.0,2,0,0,0,0,0,positive,treat_at_home,0,,recovered
CASE-004829,2026-01-19,Gisagara,Gisagara,CHW-GIS-01-03,267,male,36.6,0,0,0,0,0,0,negative,refer,1,4.7,recovered
CASE-004830,2026-01-19,Gisagara,Gisagara,CHW-GIS-01-04,565,male,37.7,4,0,0,0,0,0,negative,refer,1,3.7,recovered
CASE-004831,2026-01-19,Gisagara,Kibirizi,CHW-GIS-03-02,31,female,38.3,2,0,0,0,0,0,negative,refer,1,2.7,recovered
CASE-004832,2026-01-19,Kirehe,Mahama,CHW-KIR-03-01,113,male,38.3,2,0,0,0,1,1,positive,urgent_refer,1,2.3,recovered
CASE-004833,2026-01-19,Nyagatare,Rwimiyaga,CHW-NYG-03-03,175,female,38.4,3,0,0,0,0,0,positive,treat_at_home,0,,recovered
CASE-004834,2026-01-19,Rusizi,Kamembe,CHW-RUS-01-02,3,female,38.8,2,0,0,0,0,0,positive,treat_at_home,0,,recovered
CASE-004835,2026-01-19,Rusizi,Kamembe,CHW-RUS-01-03,24,female,39.1,3,0,0,0,0,0,positive,treat_at_home,0,,recovered
CASE-004836,2026-01-20,Bugesera,Gashora,CHW-BUG-06-04,45,female,38.0,1,0,0,0,0,0,negative,treat_at_home,0,,recovered
CASE-004837,2026-01-20,Gasabo,Remera,CHW-GAS-02-02,37,female,37.9,1,0,0,0,0,0,positive,treat_at_home,0,,recovered
CASE-004838,2026-01-20,Gisagara,Gisagara,CHW-GIS-01-01,180,male,38.0,2,0,0,0,0,0,negative,treat_at_home,0,,recovered
CASE-004839,2026-01-20,Nyagatare,Katabagemu,CHW-NYG-06-04,38,female,38.3,4,0,0,0,0,0,positive,treat_at_home,0,,recovered
CASE-004840,2026-01-20,Nyagatare,Mimuri,CHW-NYG-05-03,15,male,38.5,3,0,0,0,0,0,positive,treat_at_home,0,,recovered
CASE-004841,2026-01-21,Bugesera,Mareba,CHW-BUG-04-01,4,female,38.8,5,0,0,0,0,0,negative,refer,0,,recovered
CASE-004842,2026-01-21,Gisagara,Kibirizi,CHW-GIS-03-03,463,male,38.3,1,0,0,0,0,0,positive,treat_at_home,0,,recovered
CASE-004843,2026-01-21,Kirehe,Gahara,CHW-KIR-02-04,50,male,37.6,1,0,0,0,0,0,positive,treat_at_home,0,,recovered
CASE-004844,2026-01-21,Kirehe,Kirehe,CHW-KIR-01-01,58,female,38.4,2,0,0,0,0,0,negative,treat_at_home,0,,recovered
CASE-004845,2026-01-21,Kirehe,Mahama,CHW-KIR-03-03,31,female,38.9,1,0,0,0,0,0,positive,treat_at_home,0,,recovered
CASE-004846,2026-01-21,Nyagatare,Rwimiyaga,CHW-NYG-03-04,57,male,38.5,2,0,0,0,0,0,positive,treat_at_home,0,,recovered
CASE-004847,2026-01-21,Rusizi,Gihundwe,CHW-RUS-03-02,19,female,38.0,3,0,0,0,0,0,positive,treat_at_home,0,,recovered
CASE-004848,2026-01-22,Bugesera,Rilima,CHW-BUG-02-03,25,male,38.3,2,0,0,0,0,0,positive,treat_at_home,0,,recovered
CASE-004849,2026-01-22,Bugesera,Rilima,CHW-BUG-02-03,14,female,38.0,3,0,0,0,0,0,positive,treat_at_home,0,,recovered
CASE-004850,2026-01-22,Bugesera,Rilima,CHW-BUG-02-04,512,male,37.7,3,0,0,0,0,0,negative,refer,0,,recovered
CASE-004851,2026-01-22,Gasabo,Remera,CHW-GAS-02-04,62,male,39.3,3,0,0,0,0,0,positive,treat_at_home,0,,recovered
CASE-004852,2026-01-22,Kirehe,Mahama,CHW-KIR-03-02,387,female,39.3,2,0,0,0,0,0,positive,refer,1,14.8,recovered
CASE-004853,2026-01-22,Kirehe,Mahama,CHW-KIR-03-04,12,male,38.3,3,0,0,0,0,0,negative,refer,1,6.1,recovered
CASE-004854,2026-01-22,Nyagatare,Matimba,CHW-NYG-04-04,28,female,38.4,1,0,0,0,0,0,positive,treat_at_home,0,,recovered
CASE-004855,2026-01-22,Nyagatare,Mimuri,CHW-NYG-05-04,34,female,38.9,1,0,0,0,0,0,positive,treat_at_home,0,,recovered
CASE-004856,2026-01-22,Rusizi,Gihundwe,CHW-RUS-03-04,4,female,38.2,3,0,0,0,0,0,positive,treat_at_home,0,,recovered
CASE-004857,2026-01-22,Rusizi,Kamembe,CHW-RUS-01-03,153,male,38.0,3,0,0,0,0,0,positive,treat_at_home,0,,recovered
CASE-004858,2026-01-23,Bugesera,Gashora,CHW-BUG-06-04,26,male,38.1,1,0,0,0,0,0,negative,treat_at_home,0,,recovered
CASE-004859,2026-01-23,Bugesera,Mareba,CHW-BUG-04-02,23,female,36.6,0,0,0,0,0,0,negative,treat_at_home,0,,recovered
CASE-004860,2026-01-23,Bugesera,Nyamata,CHW-BUG-01-02,62,male,38.0,2,0,0,0,0,0,negative,refer,1,4.8,recovered
CASE-004861,2026-01-23,Gasabo,Kacyiru,CHW-GAS-03-04,39,male,39.6,3,0,0,0,0,0,positive,refer,1,13.2,recovered
CASE-004862,2026-01-23,Gasabo,Kimironko,CHW-GAS-01-01,8,male,38.4,2,0,0,0,0,0,invalid,refer,0,,unknown
CASE-004863,2026-01-23,Gisagara,Gisagara,CHW-GIS-01-04,122,female,38.2,1,0,0,0,0,0,positive,treat_at_home,0,,recovered
CASE-004864,2026-01-23,Gisagara,Save,CHW-GIS-02-01,42,female,38.2,3,0,0,0,0,0,negative,refer,1,7.6,unknown
CASE-004865,2026-01-23,Nyagatare,Katabagemu,CHW-NYG-06-04,28,female,37.6,1,0,0,0,0,0,positive,treat_at_home,0,,recovered
CASE-004866,2026-01-23,Nyagatare,Nyagatare,CHW-NYG-01-03,55,male,36.7,0,0,0,0,0,0,negative,treat_at_home,0,,recovered
CASE-004867,2026-01-24,Bugesera,Gashora,CHW-BUG-06-03,133,female,38.7,5,0,0,0,0,0,negative,treat_at_home,0,,recovered
CASE-004868,2026-01-24,Bugesera,Mayange,CHW-BUG-03-04,179,female,38.5,3,0,0,0,0,0,negative,refer,1,8.8,recovered
CASE-004869,2026-01-24,Gasabo,Remera,CHW-GAS-02-04,29,male,38.8,1,1,0,0,1,0,positive,urgent_refer,1,1.9,recovered
CASE-004870,2026-01-24,Gisagara,Save,CHW-GIS-02-01,707,female,38.3,1,0,0,0,0,0,negative,treat_at_home,0,,recovered
CASE-004871,2026-01-24,Kirehe,Mahama,CHW-KIR-03-04,83,male,38.1,1,0,0,0,0,0,positive,treat_at_home,0,,recovered
CASE-004872,2026-01-24,Nyagatare,Katabagemu,CHW-NYG-06-01,46,female,37.7,1,0,0,0,0,0,negative,treat_at_home,0,,recovered
CASE-004873,2026-01-24,Rusizi,Gihundwe,CHW-RUS-03-01,54,male,37.7,1,0,0,0,0,0,positive,treat_at_home,0,,recovered
CASE-004874,2026-01-25,Bugesera,Ntarama,CHW-BUG-05-04,8,male,37.9,1,0,0,0,0,0,invalid,refer,1,5.5,recovered
CASE-004875,2026-01-25,Gisagara,Save,CHW-GIS-02-02,65,female,37.9,3,0,0,0,0,0,negative,refer,1,3.3,recovered
CASE-004876,2026-01-25,Gisagara,Save,CHW-GIS-02-03,104,female,38.1,3,0,0,0,0,0,positive,treat_at_home,0,,recovered
CASE-004877,2026-01-25,Kirehe,Mahama,CHW-KIR-03-02,169,male,37.9,1,0,0,0,0,0,negative,treat_at_home,0,,recovered
CASE-004878,2026-01-25,Nyagatare,Katabagemu,CHW-NYG-06-03,269,female,38.8,1,0,0,0,0,0,positive,treat_at_home,0,,recovered
CASE-004879,2026-01-25,Nyagatare,Mimuri,CHW-NYG-05-02,6,female,36.5,0,0,0,0,0,0,negative,treat_at_home,0,,recovered
CASE-004880,2026-01-25,Rusizi,Bugarama,CHW-RUS-02-02,24,female,38.1,1,0,0,0,0,0,positive,treat_at_home,0,,recovered
CASE-004881,2026-01-25,Rusizi,Bugarama,CHW-RUS-02-02,484,female,38.5,3,0,0,0,0,0,negative,refer,1,8.7,recovered
CASE-004882,2026-01-25,Rusizi,Kamembe,CHW-RUS-01-04,34,female,38.1,1,0,0,0,0,0,positive,treat_at_home,0,,recovered
CASE-004883,2026-01-25,Rusizi,Kamembe,CHW-RUS-01-04,26,female,38.9,1,0,0,0,0,0,negative,treat_at_home,0,,recovered
CASE-004884,2026-01-26,Bugesera,Ntarama,CHW-BUG-05-01,15,male,36.8,0,0,0,0,0,0,negative,treat_at_home,0,,recovered
CASE-004885,2026-01-26,Bugesera,Nyamata,CHW-BUG-01-03,52,male,38.8,2,0,0,0,0,0,negative,treat_at_home,0,,recovered
CASE-004886,2026-01-26,Bugesera,Nyamata,CHW-BUG-01-03,50,female,38.6,1,0,0,0,0,0,negative,treat_at_home,0,,recovered
CASE-004887,2026-01-26,Gisagara,Gisagara,CHW-GIS-01-04,6,female,38.1,1,0,0,0,0,0,negative,treat_at_home,0,,recovered
CASE-004888,2026-01-26,Gisagara,Kibirizi,CHW-GIS-03-02,23,male,38.0,1,0,0,0,0,0,negative,treat_at_home,0,,recovered
CASE-004889,2026-01-26,Kirehe,Gahara,CHW-KIR-02-04,54,female,38.7,5,0,0,0,0,0,positive,treat_at_home,0,,recovered
CASE-004890,2026-01-26,Nyagatare,Nyagatare,CHW-NYG-01-02,27,male,38.0,1,0,0,0,0,0,negative,treat_at_home,0,,recovered
CASE-004891,2026-01-27,Gasabo,Remera,CHW-GAS-02-03,157,female,37.7,1,0,0,0,0,0,negative,treat_at_home,0,,recovered
CASE-004892,2026-01-27,Kirehe,Mahama,CHW-KIR-03-04,65,female,36.8,0,0,0,0,0,0,negative,treat_at_home,0,,recovered
CASE-004893,2026-01-27,Nyagatare,Karangazi,CHW-NYG-02-04,121,male,38.0,1,0,0,0,0,0,negative,treat_at_home,0,,recovered
CASE-004894,2026-01-28,Bugesera,Mayange,CHW-BUG-03-03,50,female,38.3,5,0,0,0,0,0,positive,treat_at_home,0,,recovered
CASE-004895,2026-01-28,Gasabo,Remera,CHW-GAS-02-02,45,male,38.2,1,1,0,0,0,0,negative,refer,1,7.7,recovered
CASE-004896,2026-01-28,Gisagara,Gisagara,CHW-GIS-01-03,3,male,38.2,1,0,0,0,0,0,negative,treat_at_home,0,,recovered
CASE-004897,2026-01-28,Gisagara,Save,CHW-GIS-02-03,7,male,38.4,2,0,0,1,0,1,invalid,treat_at_home,0,,recovered
CASE-004898,2026-01-28,Kirehe,Kirehe,CHW-KIR-01-03,403,male,38.1,1,0,0,0,0,0,positive,treat_at_home,0,,recovered
CASE-004899,2026-01-28,Nyagatare,Karangazi,CHW-NYG-02-04,283,female,37.8,1,0,0,0,0,0,positive,treat_at_home,0,,recovered
CASE-004900,2026-01-28,Nyagatare,Matimba,CHW-NYG-04-01,22,male,38.6,5,0,0,0,0,0,positive,treat_at_home,0,,recovered
CASE-004901,2026-01-28,Nyagatare,Matimba,CHW-NYG-04-01,39,female,38.7,2,0,0,0,0,0,negative,treat_at_home,0,,recovered
CASE-004902,2026-01-28,Nyagatare,Mimuri,CHW-NYG-05-03,261,male,38.2,1,0,0,0,0,0,positive,treat_at_home,0,,recovered
CASE-004903,2026-01-28,Nyagatare,Rwimiyaga,CHW-NYG-03-02,3,female,38.6,2,0,0,0,0,0,invalid,refer,0,,recovered
CASE-004904,2026-01-29,Bugesera,Gashora,CHW-BUG-06-03,25,male,38.6,2,0,0,0,0,0,positive,treat_at_home,0,,recovered
CASE-004905,2026-01-29,Bugesera,Ntarama,CHW-BUG-05-02,47,female,38.5,1,0,0,0,0,0,positive,treat_at_home,0,,recovered
CASE-004906,2026-01-29,Bugesera,Ntarama,CHW-BUG-05-04,151,male,36.9,0,0,0,0,0,0,invalid,refer,1,3.9,recovered
CASE-004907,2026-01-29,Gasabo,Kimironko,CHW-GAS-01-04,23,male,38.3,3,0,0,0,0,0,negative,refer,1,12.1,recovered
CASE-004908,2026-01-29,Gisagara,Kibirizi,CHW-GIS-03-02,26,female,37.9,1,0,0,0,0,0,positive,treat_at_home,0,,recovered
CASE-004909,2026-01-29,Gisagara,Save,CHW-GIS-02-03,57,female,38.2,3,0,0,0,0,0,positive,treat_at_home,0,,recovered
CASE-004910,2026-01-29,Kirehe,Mahama,CHW-KIR-03-01,2,male,38.5,1,1,0,0,0,1,positive,urgent_refer,1,2.8,complication
CASE-004911,2026-01-29,Nyagatare,Mimuri,CHW-NYG-05-03,184,female,38.0,1,0,0,0,0,0,positive,treat_at_home,0,,recovered
CASE-004912,2026-01-29,Nyagatare,Nyagatare,CHW-NYG-01-03,47,male,38.2,1,0,0,0,0,0,invalid,refer,1,4.5,recovered
CASE-004913,2026-01-29,Nyagatare,Rwimiyaga,CHW-NYG-03-03,33,male,37.7,2,0,0,0,0,0,positive,treat_at_home,0,,recovered
CASE-004914,2026-01-29,Nyagatare,Rwimiyaga,CHW-NYG-03-04,19,female,38.3,2,0,0,0,0,0,positive,treat_at_home,0,,recovered
CASE-004915,2026-01-30,Bugesera,Nyamata,CHW-BUG-01-02,651,male,38.4,1,0,0,0,0,0,negative,treat_at_home,0,,recovered
CASE-004916,2026-01-30,Kirehe,Kirehe,CHW-KIR-01-02,41,female,37.5,2,0,0,0,0,0,negative,refer,1,6.5,recovered
CASE-004917,2026-01-30,Nyagatare,Karangazi,CHW-NYG-02-01,8,male,38.3,4,0,0,0,0,0,positive,treat_at_home,0,,recovered
CASE-004918,2026-01-30,Nyagatare,Matimba,CHW-NYG-04-03,58,male,38.1,6,0,0,0,0,0,positive,treat_at_home,0,,recovered
CASE-004919,2026-01-30,Nyagatare,Nyagatare,CHW-NYG-01-03,20,male,39.3,2,0,0,0,0,0,positive,treat_at_home,0,,recovered
CASE-004920,2026-01-30,Nyagatare,Rwimiyaga,CHW-NYG-03-01,19,male,38.7,4,0,0,1,0,0,positive,urgent_refer,1,2.9,recovered
CASE-004921,2026-01-30,Nyagatare,Rwimiyaga,CHW-NYG-03-04,367,female,38.5,4,0,0,0,0,0,negative,treat_at_home,0,,recovered
CASE-004922,2026-01-31,Bugesera,Ntarama,CHW-BUG-05-01,91,female,38.1,7,0,0,0,0,0,positive,treat_at_home,0,,recovered
CASE-004923,2026-01-31,Gasabo,Kacyiru,CHW-GAS-03-01,39,male,37.9,3,0,0,0,0,0,negative,refer,1,10.2,recovered
CASE-004924,2026-01-31,Gisagara,Save,CHW-GIS-02-01,100,male,37.5,4,0,0,0,0,0,negative,refer,1,1.9,recovered
CASE-004925,2026-01-31,Gisagara,Save,CHW-GIS-02-02,176,female,38.7,3,0,1,0,0,1,negative,urgent_refer,1,2.3,recovered
CASE-004926,2026-01-31,Kirehe,Gahara,CHW-KIR-02-02,376,female,38.6,2,0,0,0,0,0,invalid,refer,1,4.6,recovered
CASE-004927,2026-01-31,Nyagatare,Rwimiyaga,CHW-NYG-03-02,52,male,39.4,3,0,0,0,0,1,positive,urgent_refer,0,,unknown
CASE-004928,2026-01-31,Rusizi,Kamembe,CHW-RUS-01-04,122,female,38.8,2,0,0,0,0,0,positive,treat_at_home,0,,recovered
CASE-004929,2026-02-01,Bugesera,Ntarama,CHW-BUG-05-03,90,male,39.2,6,0,0,0,0,0,positive,treat_at_home,0,,recovered
CASE-004930,2026-02-01,Kirehe,Kirehe,CHW-KIR-01-02,47,male,38.8,6,0,0,0,0,0,positive,treat_at_home,0,,recovered
CASE-004931,2026-02-01,Kirehe,Mahama,CHW-KIR-03-03,7,male,39.1,2,0,0,0,0,0,positive,treat_at_home,0,,recovered
CASE-004932,2026-02-01,Kirehe,Mahama,CHW-KIR-03-04,28,male,37.5,0,0,0,0,0,0,negative,treat_at_home,0,,recovered
CASE-004933,2026-02-01,Nyagatare,Katabagemu,CHW-NYG-06-01,23,male,37.8,2,0,0,0,0,0,negative,treat_at_home,0,,recovered
CASE-004934,2026-02-01,Nyagatare,Matimba,CHW-NYG-04-02,3,female,37.6,1,0,0,0,0,0,negative,treat_at_home,0,,recovered
CASE-004935,2026-02-01,Nyagatare,Rwimiyaga,CHW-NYG-03-04,22,female,38.7,2,0,0,0,0,0,positive,refer,1,9.4,recovered
CASE-004936,2026-02-01,Rusizi,Bugarama,CHW-RUS-02-01,19,female,36.6,0,0,0,0,0,0,negative,treat_at_home,0,,recovered
CASE-004937,2026-02-01,Rusizi,Gihundwe,CHW-RUS-03-03,4,female,37.8,5,0,0,0,0,0,negative,refer,1,6.6,recovered
CASE-004938,2026-02-01,Rusizi,Kamembe,CHW-RUS-01-02,140,male,38.4,3,0,0,0,0,0,positive,refer,1,6.3,recovered
CASE-004939,2026-02-02,Bugesera,Gashora,CHW-BUG-06-02,66,female,38.4,3,0,0,0,0,0,positive,treat_at_home,0,,recovered
CASE-004940,2026-02-02,Bugesera,Mareba,CHW-BUG-04-03,713,male,38.8,5,0,0,0,0,0,positive,refer,1,9.3,unknown
CASE-004941,2026-02-02,Bugesera,Ntarama,CHW-BUG-05-02,11,male,38.0,1,0,0,0,0,0,negative,treat_at_home,0,,recovered
CASE-004942,2026-02-02,Bugesera,Rilima,CHW-BUG-02-04,402,male,36.8,0,0,0,0,0,0,negative,treat_at_home,0,,recovered
CASE-004943,2026-02-02,Gisagara,Kibirizi,CHW-GIS-03-02,169,male,39.1,1,0,0,0,0,0,positive,refer,1,8.0,recovered
CASE-004944,2026-02-02,Gisagara,Save,CHW-GIS-02-01,35,female,37.4,1,0,0,0,0,0,invalid,refer,1,6.9,recovered
CASE-004945,2026-02-02,Gisagara,Save,CHW-GIS-02-02,18,male,38.2,6,0,0,0,0,0,negative,refer,1,1.8,recovered
CASE-004946,2026-02-02,Kirehe,Gahara,CHW-KIR-02-01,166,male,37.9,3,0,0,0,0,0,invalid,refer,0,,recovered
CASE-004947,2026-02-02,Kirehe,Gahara,CHW-KIR-02-01,299,male,38.1,2,0,0,0,0,0,negative,treat_at_home,0,,recovered
CASE-004948,2026-02-02,Kirehe,Gahara,CHW-KIR-02-03,149,female,39.0,1,0,0,0,0,0,negative,treat_at_home,0,,recovered
CASE-004949,2026-02-02,Kirehe,Kirehe,CHW-KIR-01-01,34,female,37.1,0,0,0,0,0,0,positive,treat_at_home,0,,recovered
CASE-004950,2026-02-02,Kirehe,Mahama,CHW-KIR-03-01,56,female,36.6,0,0,0,0,0,0,negative,treat_at_home,0,,recovered
CASE-004951,2026-02-02,Nyagatare,Karangazi,CHW-NYG-02-01,16,female,37.7,1,0,0,0,0,0,positive,treat_at_home,0,,recovered
CASE-004952,2026-02-02,Nyagatare,Katabagemu,CHW-NYG-06-03,158,male,39.2,4,0,0,0,0,0,negative,refer,0,,recovered
CASE-004953,2026-02-02,Rusizi,Gihundwe,CHW-RUS-03-04,1,male,37.7,1,0,0,0,0,0,positive,urgent_refer,1,2.8,recovered
CASE-004954,2026-02-02,Rusizi,Kamembe,CHW-RUS-01-02,12,male,37.6,1,0,0,0,0,0,invalid,refer,0,,recovered
CASE-004955,2026-02-02,Rusizi,Kamembe,CHW-RUS-01-02,97,female,38.3,4,0,0,1,1,0,positive,urgent_refer,1,2.8,recovered
CASE-004956,2026-02-03,Bugesera,Gashora,CHW-BUG-06-02,21,male,38.3,2,0,0,0,0,0,positive,treat_at_home,0,,recovered
CASE-004957,2026-02-03,Bugesera,Gashora,CHW-BUG-06-03,15,female,38.6,2,0,0,0,0,0,invalid,refer,1,6.3,recovered
CASE-004958,2026-02-03,Bugesera,Gashora,CHW-BUG-06-04,58,male,38.4,2,0,0,0,0,0,positive,refer,1,11.8,recovered
CASE-004959,2026-02-03,Gasabo,Kimironko,CHW-GAS-01-01,439,male,38.5,2,0,0,0,0,0,negative,treat_at_home,0,,recovered
CASE-004960,2026-02-03,Gasabo,Remera,CHW-GAS-02-04,48,male,38.4,1,0,0,0,0,0,positive,treat_at_home,0,,recovered
CASE-004961,2026-02-03,Gisagara,Gisagara,CHW-GIS-01-02,24,female,39.0,2,1,0,1,0,0,positive,urgent_refer,1,3.1,recovered
CASE-004962,2026-02-03,Gisagara,Kibirizi,CHW-GIS-03-04,18,male,38.6,6,0,0,0,0,0,negative,refer,1,8.0,recovered
CASE-004963,2026-02-03,Gisagara,Kibirizi,CHW-GIS-03-04,82,male,37.9,1,0,0,0,0,0,negative,treat_at_home,0,,recovered
CASE-004964,2026-02-04,Gasabo,Kimironko,CHW-GAS-01-04,34,female,38.5,1,0,0,0,0,0,negative,refer,1,6.0,recovered
CASE-004965,2026-02-04,Gisagara,Kibirizi,CHW-GIS-03-01,717,female,37.0,0,0,0,0,0,0,negative,treat_at_home,0,,recovered
CASE-004966,2026-02-04,Kirehe,Gahara,CHW-KIR-02-03,32,female,37.0,0,0,0,0,0,0,negative,treat_at_home,0,,recovered
CASE-004967,2026-02-04,Kirehe,Kirehe,CHW-KIR-01-04,33,female,37.7,4,0,0,0,0,0,positive,treat_at_home,0,,recovered
CASE-004968,2026-02-04,Nyagatare,Katabagemu,CHW-NYG-06-03,99,female,37.9,2,0,0,0,0,0,positive,treat_at_home,0,,recovered
CASE-004969,2026-02-05,Bugesera,Gashora,CHW-BUG-06-02,15,male,38.4,1,0,0,0,0,0,positive,refer,1,8.9,recovered
CASE-004970,2026-02-05,Bugesera,Gashora,CHW-BUG-06-03,40,female,38.4,1,0,0,0,0,0,positive,treat_at_home,0,,recovered
CASE-004971,2026-02-05,Bugesera,Mareba,CHW-BUG-04-04,27,female,37.8,2,0,0,0,0,0,positive,treat_at_home,0,,recovered
CASE-004972,2026-02-05,Bugesera,Mayange,CHW-BUG-03-02,28,female,37.7,3,0,0,0,0,0,positive,treat_at_home,0,,recovered
CASE-004973,2026-02-05,Kirehe,Kirehe,CHW-KIR-01-03,109,female,36.6,0,0,0,0,0,0,negative,treat_at_home,0,,recovered
CASE-004974,2026-02-05,Kirehe,Mahama,CHW-KIR-03-04,56,male,37.7,1,0,0,0,0,0,negative,treat_at_home,0,,recovered
CASE-004975,2026-02-05,Nyagatare,Karangazi,CHW-NYG-02-03,53,female,38.3,1,0,0,0,0,0,positive,treat_at_home,0,,recovered
CASE-004976,2026-02-06,Bugesera,Gashora,CHW-BUG-06-02,57,male,36.5,0,0,0,0,0,0,negative,treat_at_home,0,,complication
CASE-004977,2026-02-06,Bugesera,Gashora,CHW-BUG-06-03,42,female,38.8,4,0,0,0,0,0,negative,refer,0,,recovered
CASE-004978,2026-02-06,Bugesera,Nyamata,CHW-BUG-01-01,174,female,38.5,3,0,0,0,0,0,negative,treat_at_home,0,,recovered
CASE-004979,2026-02-06,Nyagatare,Karangazi,CHW-NYG-02-04,3,female,38.3,1,0,0,0,0,0,positive,treat_at_home,0,,recovered
CASE-004980,2026-02-06,Nyagatare,Matimba,CHW-NYG-04-01,17,female,38.3,5,0,0,0,0,0,positive,treat_at_home,0,,recovered
CASE-004981,2026-02-06,Nyagatare,Matimba,CHW-NYG-04-02,84,male,38.3,4,0,0,0,0,0,positive,treat_at_home,0,,complication
CASE-004982,2026-02-06,Nyagatare,Matimba,CHW-NYG-04-04,60,male,38.3,6,0,0,0,0,0,negative,refer,1,2.8,recovered
CASE-004983,2026-02-06,Nyagatare,Rwimiyaga,CHW-NYG-03-01,109,male,37.8,2,0,0,0,0,0,negative,treat_at_home,0,,recovered
CASE-004984,2026-02-06,Nyagatare,Rwimiyaga,CHW-NYG-03-04,0,male,37.7,2,0,0,0,0,0,negative,urgent_refer,1,3.5,recovered
CASE-004985,2026-02-07,Bugesera,Gashora,CHW-BUG-06-03,15,male,38.5,1,0,0,0,0,0,positive,treat_at_home,0,,recovered
CASE-004986,2026-02-07,Bugesera,Rilima,CHW-BUG-02-02,23,male,39.1,3,0,0,0,0,0,invalid,refer,1,10.4,recovered
CASE-004987,2026-02-07,Gisagara,Gisagara,CHW-GIS-01-03,633,female,38.4,2,0,0,0,0,0,negative,treat_at_home,0,,recovered
CASE-004988,2026-02-07,Gisagara,Save,CHW-GIS-02-01,36,female,39.0,4,0,0,0,0,0,positive,treat_at_home,0,,recovered
CASE-004989,2026-02-07,Rusizi,Bugarama,CHW-RUS-02-02,14,female,38.9,3,0,0,0,0,0,negative,refer,0,,recovered
CASE-004990,2026-02-08,Bugesera,Gashora,CHW-BUG-06-01,34,female,39.1,1,0,0,0,0,0,positive,treat_at_home,0,,complication
CASE-004991,2026-02-08,Bugesera,Mareba,CHW-BUG-04-04,122,male,39.0,3,0,0,0,0,0,positive,treat_at_home,0,,recovered
CASE-004992,2026-02-08,Bugesera,Rilima,CHW-BUG-02-01,165,female,38.2,1,0,0,0,0,0,negative,treat_at_home,0,,recovered
CASE-004993,2026-02-08,Gisagara,Kibirizi,CHW-GIS-03-02,46,female,37.7,1,0,0,0,0,0,positive,treat_at_home,0,,recovered
CASE-004994,2026-02-08,Kirehe,Kirehe,CHW-KIR-01-01,261,female,38.0,3,0,0,0,0,0,positive,treat_at_home,0,,recovered
CASE-004995,2026-02-08,Nyagatare,Katabagemu,CHW-NYG-06-01,8,female,38.3,2,0,0,0,0,0,negative,treat_at_home,0,,recovered
CASE-004996,2026-02-08,Nyagatare,Matimba,CHW-NYG-04-02,37,male,38.1,4,0,0,0,0,0,negative,refer,1,6.8,recovered
CASE-004997,2026-02-08,Nyagatare,Nyagatare,CHW-NYG-01-04,18,female,39.0,4,0,0,0,0,0,positive,treat_at_home,0,,recovered
CASE-004998,2026-02-08,Rusizi,Kamembe,CHW-RUS-01-03,8,female,37.7,3,0,0,0,0,0,positive,treat_at_home,0,,recovered
CASE-004999,2026-02-08,Rusizi,Kamembe,CHW-RUS-01-03,57,male,38.7,1,0,0,0,0,0,positive,treat_at_home,0,,recovered
CASE-005000,2026-02-09,Bugesera,Mareba,CHW-BUG-04-01,455,male,38.8,1,0,0,0,0,0,positive,treat_at_home,0,,recovered
CASE-005001,2026-02-09,Bugesera,Mareba,CHW-BUG-04-03,42,female,39.0,2,0,0,0,0,0,negative,treat_at_home,0,,recovered
CASE-005002,2026-02-09,Bugesera,Rilima,CHW-BUG-02-03,1,female,38.2,2,0,0,0,0,0,negative,urgent_refer,1,2.8,recovered
CASE-005003,2026-02-09,Gisagara,Gisagara,CHW-GIS-01-02,454,female,39.2,4,0,0,0,0,0,positive,treat_at_home,0,,recovered
CASE-005004,2026-02-09,Gisagara,Kibirizi,CHW-GIS-03-01,66,male,38.6,1,0,0,0,0,0,negative,treat_at_home,0,,recovered
CASE-005005,2026-02-09,Kirehe,Gahara,CHW-KIR-02-02,22,female,37.7,1,0,0,0,0,0,positive,treat_at_home,0,,recovered
CASE-005006,2026-02-09,Nyagatare,Mimuri,CHW-NYG-05-01,155,male,36.1,0,0,0,0,0,0,negative,treat_at_home,0,,recovered
CASE-005007,2026-02-09,Nyagatare,Rwimiyaga,CHW-NYG-03-03,45,male,38.5,2,0,0,0,0,0,positive,treat_at_home,0,,recovered
CASE-005008,2026-02-09,Rusizi,Gihundwe,CHW-RUS-03-03,61,female,38.4,1,0,0,0,0,0,negative,treat_at_home,0,,recovered
CASE-005009,2026-02-10,Bugesera,Mareba,CHW-BUG-04-04,59,male,39.7,5,0,0,0,0,0,negative,refer,1,3.7,recovered
CASE-005010,2026-02-10,Gasabo,Kimironko,CHW-GAS-01-02,9,male,38.4,3,0,0,0,0,0,positive,treat_at_home,0,,unknown
CASE-005011,2026-02-10,Gasabo,Remera,CHW-GAS-02-03,19,male,37.6,2,0,0,0,0,0,positive,treat_at_home,0,,recovered
CASE-005012,2026-02-10,Gisagara,Gisagara,CHW-GIS-01-03,92,female,38.7,3,0,0,0,0,0,positive,treat_at_home,0,,recovered
CASE-005013,2026-02-10,Gisagara,Kibirizi,CHW-GIS-03-02,3,male,38.6,1,0,0,0,0,0,negative,treat_at_home,0,,recovered
CASE-005014,2026-02-10,Kirehe,Kirehe,CHW-KIR-01-03,42,male,38.6,3,0,0,0,0,0,positive,treat_at_home,0,,recovered
CASE-005015,2026-02-10,Nyagatare,Karangazi,CHW-NYG-02-03,127,male,38.5,1,0,0,0,0,0,positive,treat_at_home,0,,recovered
CASE-005016,2026-02-10,Nyagatare,Matimba,CHW-NYG-04-02,126,male,38.6,5,0,0,0,0,0,positive,treat_at_home,0,,recovered
CASE-005017,2026-02-10,Nyagatare,Mimuri,CHW-NYG-05-02,35,male,38.1,3,0,0,1,0,0,positive,urgent_refer,1,2.1,recovered
CASE-005018,2026-02-10,Nyagatare,Rwimiyaga,CHW-NYG-03-02,13,female,38.5,1,0,1,1,0,0,positive,urgent_refer,0,,recovered
CASE-005019,2026-02-11,Bugesera,Rilima,CHW-BUG-02-01,672,male,38.4,3,0,0,0,0,0,positive,treat_at_home,0,,recovered
CASE-005020,2026-02-11,Gisagara,Kibirizi,CHW-GIS-03-01,295,female,38.5,2,0,0,0,0,0,positive,treat_at_home,0,,recovered
CASE-005021,2026-02-11,Gisagara,Kibirizi,CHW-GIS-03-03,55,female,38.5,1,0,0,0,0,0,negative,treat_at_home,0,,recovered
CASE-005022,2026-02-11,Gisagara,Kibirizi,CHW-GIS-03-04,388,male,38.6,3,0,0,0,0,0,positive,treat_at_home,0,,recovered
CASE-005023,2026-02-11,Kirehe,Gahara,CHW-KIR-02-02,124,female,38.3,2,0,0,0,0,0,negative,treat_at_home,0,,recovered
CASE-005024,2026-02-11,Nyagatare,Karangazi,CHW-NYG-02-02,25,female,38.8,1,0,0,0,0,0,negative,treat_at_home,0,,recovered
CASE-005025,2026-02-11,Rusizi,Gihundwe,CHW-RUS-03-01,40,male,37.5,1,0,0,0,0,0,positive,treat_at_home,0,,recovered
CASE-005026,2026-02-12,Bugesera,Gashora,CHW-BUG-06-01,20,female,38.7,1,0,1,0,0,0,positive,urgent_refer,0,,recovered
CASE-005027,2026-02-12,Bugesera,Mayange,CHW-BUG-03-03,191,female,39.4,3,0,0,0,0,0,positive,treat_at_home,0,,recovered
CASE-005028,2026-02-12,Bugesera,Rilima,CHW-BUG-02-01,150,female,38.9,2,0,0,0,0,0,positive,treat_at_home,0,,recovered
CASE-005029,2026-02-12,Bugesera,Rilima,CHW-BUG-02-04,19,female,38.6,3,0,0,0,0,0,positive,treat_at_home,0,,recovered
CASE-005030,2026-02-12,Gasabo,Kimironko,CHW-GAS-01-01,26,male,39.0,4,0,0,0,0,0,positive,treat_at_home,0,,recovered
CASE-005031,2026-02-12,Gisagara,Gisagara,CHW-GIS-01-01,117,male,37.4,1,0,0,0,0,0,positive,treat_at_home,0,,recovered
CASE-005032,2026-02-12,Gisagara,Gisagara,CHW-GIS-01-02,57,female,38.9,4,0,0,0,0,0,positive,treat_at_home,0,,recovered
CASE-005033,2026-02-12,Gisagara,Kibirizi,CHW-GIS-03-02,21,male,38.4,2,0,0,0,0,0,negative,treat_at_home,0,,recovered
CASE-005034,2026-02-12,Kirehe,Gahara,CHW-KIR-02-01,147,male,38.4,2,0,0,0,0,0,positive,treat_at_home,0,,recovered
CASE-005035,2026-02-12,Kirehe,Gahara,CHW-KIR-02-04,55,male,39.2,3,0,0,0,0,0,positive,treat_at_home,0,,recovered
CASE-005036,2026-02-12,Kirehe,Mahama,CHW-KIR-03-01,48,female,38.0,3,0,0,0,0,0,positive,treat_at_home,0,,recovered
CASE-005037,2026-02-12,Nyagatare,Mimuri,CHW-NYG-05-01,143,male,38.6,1,0,0,0,0,0,positive,treat_at_home,0,,recovered
CASE-005038,2026-02-12,Nyagatare,Rwimiyaga,CHW-NYG-03-04,46,female,38.5,1,0,0,0,0,0,negative,treat_at_home,0,,recovered
CASE-005039,2026-02-12,Rusizi,Gihundwe,CHW-RUS-03-03,43,male,37.4,2,0,0,0,0,0,positive,treat_at_home,0,,recovered
CASE-005040,2026-02-13,Bugesera,Mayange,CHW-BUG-03-02,18,female,38.4,1,1,0,0,1,0,negative,urgent_refer,1,2.3,recovered
CASE-005041,2026-02-13,Bugesera,Rilima,CHW-BUG-02-01,53,male,38.4,2,0,0,0,0,0,invalid,refer,0,,complication
CASE-005042,2026-02-13,Gisagara,Save,CHW-GIS-02-03,440,female,39.0,4,0,0,0,0,0,negative,refer,1,3.1,recovered
CASE-005043,2026-02-13,Nyagatare,Katabagemu,CHW-NYG-06-03,34,male,38.9,2,0,0,0,0,0,positive,treat_at_home,0,,recovered
CASE-005044,2026-02-13,Nyagatare,Katabagemu,CHW-NYG-06-04,49,female,38.2,2,0,0,0,0,0,positive,treat_at_home,0,,recovered
CASE-005045,2026-02-13,Nyagatare,Rwimiyaga,CHW-NYG-03-04,48,female,38.4,4,0,0,1,0,0,positive,urgent_refer,1,5.5,recovered
CASE-005046,2026-02-13,Rusizi,Kamembe,CHW-RUS-01-01,203,male,39.1,2,0,0,0,0,0,invalid,refer,1,6.1,recovered
CASE-005047,2026-02-13,Rusizi,Kamembe,CHW-RUS-01-04,22,male,36.4,0,0,0,0,0,0,negative,treat_at_home,0,,recovered
CASE-005048,2026-02-14,Bugesera,Gashora,CHW-BUG-06-01,9,male,38.2,2,0,0,0,0,0,negative,treat_at_home,0,,recovered
CASE-005049,2026-02-14,Bugesera,Gashora,CHW-BUG-06-02,10,male,38.8,1,0,0,0,0,0,negative,treat_at_home,0,,recovered
CASE-005050,2026-02-14,Bugesera,Mareba,CHW-BUG-04-02,42,male,38.3,1,0,0,0,0,0,negative,treat_at_home,0,,recovered
CASE-005051,2026-02-14,Bugesera,Mayange,CHW-BUG-03-03,55,female,39.2,1,0,0,0,0,0,positive,treat_at_home,0,,recovered
CASE-005052,2026-02-14,Bugesera,Nyamata,CHW-BUG-01-04,56,female,38.0,6,0,0,0,0,0,positive,treat_at_home,0,,recovered
CASE-005053,2026-02-14,Gasabo,Kimironko,CHW-GAS-01-04,145,male,38.3,1,0,0,0,1,1,negative,urgent_refer,1,5.6,recovered
CASE-005054,2026-02-14,Kirehe,Gahara,CHW-KIR-02-03,458,male,36.2,0,0,0,0,0,0,negative,treat_at_home,0,,recovered
CASE-005055,2026-02-14,Nyagatare,Matimba,CHW-NYG-04-04,3,male,38.2,4,0,0,1,0,1,positive,urgent_refer,1,3.5,recovered
CASE-005056,2026-02-14,Nyagatare,Mimuri,CHW-NYG-05-03,16,male,38.1,1,0,0,0,0,0,negative,refer,1,6.1,recovered
CASE-005057,2026-02-14,Nyagatare,Mimuri,CHW-NYG-05-04,336,male,37.1,0,0,0,0,0,0,negative,treat_at_home,0,,recovered
CASE-005058,2026-02-15,Bugesera,Ntarama,CHW-BUG-05-04,19,female,38.7,1,0,0,0,0,0,negative,treat_at_home,0,,recovered
CASE-005059,2026-02-15,Kirehe,Kirehe,CHW-KIR-01-03,77,female,38.4,2,0,1,1,0,0,positive,urgent_refer,1,2.5,recovered
CASE-005060,2026-02-15,Nyagatare,Karangazi,CHW-NYG-02-04,614,female,38.3,6,0,0,0,0,0,positive,treat_at_home,0,,recovered
CASE-005061,2026-02-15,Nyagatare,Katabagemu,CHW-NYG-06-03,50,male,37.5,4,0,0,0,0,0,positive,treat_at_home,0,,recovered
CASE-005062,2026-02-15,Nyagatare,Matimba,CHW-NYG-04-02,55,female,36.7,0,0,0,0,0,0,invalid,refer,1,8.5,recovered
CASE-005063,2026-02-15,Nyagatare,Nyagatare,CHW-NYG-01-03,488,male,37.3,1,0,0,0,0,0,negative,treat_at_home,0,,recovered
CASE-005064,2026-02-15,Nyagatare,Rwimiyaga,CHW-NYG-03-01,1,male,39.3,1,0,0,0,0,0,positive,urgent_refer,0,,recovered
CASE-005065,2026-02-15,Rusizi,Gihundwe,CHW-RUS-03-02,499,male,38.1,6,0,0,0,0,0,negative,refer,1,8.0,recovered
CASE-005066,2026-02-15,Rusizi,Gihundwe,CHW-RUS-03-02,4,female,37.5,2,0,0,0,0,0,negative,treat_at_home,0,,unknown
CASE-005067,2026-02-15,Rusizi,Gihundwe,CHW-RUS-03-03,20,female,38.3,1,0,0,0,0,0,negative,treat_at_home,0,,recovered
CASE-005068,2026-02-16,Bugesera,Gashora,CHW-BUG-06-01,15,male,38.7,1,0,0,0,0,0,negative,treat_at_home,0,,recovered
CASE-005069,2026-02-16,Bugesera,Rilima,CHW-BUG-02-02,59,male,38.4,5,0,0,0,0,0,negative,refer,1,11.4,recovered
CASE-005070,2026-02-16,Kirehe,Kirehe,CHW-KIR-01-02,13,male,37.8,4,0,0,0,0,0,positive,treat_at_home,0,,recovered
CASE-005071,2026-02-16,Nyagatare,Karangazi,CHW-NYG-02-03,18,female,37.6,1,0,0,0,0,0,negative,treat_at_home,0,,recovered
CASE-005072,2026-02-16,Nyagatare,Mimuri,CHW-NYG-05-02,44,female,39.0,2,0,0,0,0,0,positive,treat_at_home,0,,recovered
CASE-005073,2026-02-16,Rusizi,Bugarama,CHW-RUS-02-04,30,female,36.6,0,0,0,0,0,0,negative,treat_at_home,0,,recovered
CASE-005074,2026-02-17,Bugesera,Gashora,CHW-BUG-06-01,226,male,36.1,0,0,0,0,0,0,negative,treat_at_home,0,,recovered
CASE-005075,2026-02-17,Gasabo,Kacyiru,CHW-GAS-03-02,20,female,38.5,1,0,0,0,1,0,negative,urgent_refer,0,,complication
CASE-005076,2026-02-17,Gisagara,Gisagara,CHW-GIS-01-02,148,female,38.4,3,0,0,0,0,0,negative,refer,1,9.1,recovered
CASE-005077,2026-02-17,Nyagatare,Karangazi,CHW-NYG-02-02,118,male,38.5,2,0,0,0,0,0,positive,treat_at_home,0,,recovered
CASE-005078,2026-02-17,Nyagatare,Mimuri,CHW-NYG-05-04,31,female,38.5,2,0,0,0,0,0,negative,treat_at_home,0,,recovered
CASE-005079,2026-02-17,Rusizi,Bugarama,CHW-RUS-02-01,49,female,38.2,4,0,0,0,0,0,negative,refer,0,,recovered
CASE-005080,2026-02-17,Rusizi,Gihundwe,CHW-RUS-03-03,6,female,38.3,1,0,0,0,0,0,negative,treat_at_home,0,,recovered
CASE-005081,2026-02-17,Rusizi,Kamembe,CHW-RUS-01-02,107,male,38.4,7,0,0,0,0,0,positive,treat_at_home,0,,recovered
CASE-005082,2026-02-18,Bugesera,Nyamata,CHW-BUG-01-01,335,male,38.2,2,0,0,0,0,0,negative,refer,1,4.3,complication
CASE-005083,2026-02-18,Bugesera,Nyamata,CHW-BUG-01-03,13,female,39.3,3,0,0,0,0,0,positive,treat_at_home,0,,recovered
CASE-005084,2026-02-18,Gasabo,Kacyiru,CHW-GAS-03-04,159,female,38.5,1,0,0,0,0,0,positive,treat_at_home,0,,recovered
CASE-005085,2026-02-18,Gasabo,Kimironko,CHW-GAS-01-02,489,female,38.1,5,0,0,0,0,0,negative,refer,1,4.6,recovered
CASE-005086,2026-02-18,Gasabo,Kimironko,CHW-GAS-01-02,47,male,37.8,3,0,0,0,0,0,positive,treat_at_home,0,,recovered
CASE-005087,2026-02-18,Gasabo,Remera,CHW-GAS-02-01,264,male,39.0,2,0,0,0,0,0,negative,treat_at_home,0,,recovered
CASE-005088,2026-02-18,Kirehe,Kirehe,CHW-KIR-01-01,74,female,38.9,4,0,0,0,0,0,positive,treat_at_home,0,,recovered
CASE-005089,2026-02-18,Kirehe,Mahama,CHW-KIR-03-02,25,female,38.3,1,0,0,0,0,0,positive,treat_at_home,0,,recovered
CASE-005090,2026-02-18,Nyagatare,Karangazi,CHW-NYG-02-04,16,male,39.4,1,0,0,0,0,0,positive,treat_at_home,0,,recovered
CASE-005091,2026-02-18,Nyagatare,Karangazi,CHW-NYG-02-04,377,male,37.8,2,0,0,0,0,0,negative,treat_at_home,0,,recovered
CASE-005092,2026-02-18,Nyagatare,Katabagemu,CHW-NYG-06-03,61,male,38.0,2,0,0,0,0,0,positive,treat_at_home,0,,recovered
CASE-005093,2026-02-18,Rusizi,Kamembe,CHW-RUS-01-04,434,female,36.3,0,0,0,0,0,0,negative,treat_at_home,0,,recovered
CASE-005094,2026-02-19,Bugesera,Mareba,CHW-BUG-04-02,22,female,38.8,7,0,0,0,0,0,positive,treat_at_home,0,,recovered
CASE-005095,2026-02-19,Bugesera,Mareba,CHW-BUG-04-02,10,male,38.1,1,0,0,0,0,0,positive,treat_at_home,0,,recovered
CASE-005096,2026-02-19,Bugesera,Nyamata,CHW-BUG-01-04,59,female,37.5,1,0,0,0,0,0,negative,treat_at_home,0,,recovered
CASE-005097,2026-02-19,Kirehe,Mahama,CHW-KIR-03-04,670,female,38.5,2,0,0,0,0,0,positive,treat_at_home,0,,recovered
CASE-005098,2026-02-19,Nyagatare,Katabagemu,CHW-NYG-06-03,289,female,38.8,1,0,0,0,0,0,positive,treat_at_home,0,,recovered
CASE-005099,2026-02-19,Nyagatare,Katabagemu,CHW-NYG-06-04,93,male,38.6,2,0,0,0,0,0,positive,treat_at_home,0,,recovered
CASE-005100,2026-02-19,Nyagatare,Matimba,CHW-NYG-04-01,50,female,38.5,1,0,0,0,0,0,positive,treat_at_home,0,,recovered
CASE-005101,2026-02-19,Nyagatare,Mimuri,CHW-NYG-05-03,570,male,38.6,3,0,0,0,0,0,negative,refer,1,7.2,recovered
CASE-005102,2026-02-19,Nyagatare,Rwimiyaga,CHW-NYG-03-04,30,male,38.7,7,0,0,0,0,0,positive,treat_at_home,0,,recovered
CASE-005103,2026-02-19,Rusizi,Bugarama,CHW-RUS-02-03,42,male,38.6,5,0,0,0,0,0,positive,treat_at_home,0,,recovered
CASE-005104,2026-02-19,Rusizi,Kamembe,CHW-RUS-01-02,45,female,38.2,5,0,0,0,0,0,positive,refer,1,6.9,recovered
CASE-005105,2026-02-20,Bugesera,Ntarama,CHW-BUG-05-04,93,male,38.7,2,0,0,0,0,0,positive,treat_at_home,0,,recovered
CASE-005106,2026-02-20,Bugesera,Nyamata,CHW-BUG-01-02,244,male,37.2,1,0,0,0,0,0,negative,treat_at_home,0,,recovered
CASE-005107,2026-02-20,Gasabo,Remera,CHW-GAS-02-03,407,female,38.5,1,0,0,0,0,0,negative,treat_at_home,0,,recovered
CASE-005108,2026-02-20,Gisagara,Save,CHW-GIS-02-02,66,female,38.4,1,0,0,0,0,0,negative,treat_at_home,0,,recovered
CASE-005109,2026-02-20,Kirehe,Kirehe,CHW-KIR-01-01,209,female,38.5,3,0,0,0,0,0,negative,refer,1,3.1,recovered
CASE-005110,2026-02-20,Nyagatare,Matimba,CHW-NYG-04-01,39,male,38.2,1,0,0,0,0,0,positive,refer,1,5.3,recovered
CASE-005111,2026-02-21,Gasabo,Kimironko,CHW-GAS-01-01,318,female,37.9,1,0,0,0,0,0,positive,treat_at_home,0,,recovered
CASE-005112,2026-02-21,Nyagatare,Karangazi,CHW-NYG-02-03,124,female,37.7,2,0,0,0,0,0,positive,treat_at_home,0,,recovered
CASE-005113,2026-02-21,Nyagatare,Katabagemu,CHW-NYG-06-01,32,female,37.9,1,0,0,0,0,0,positive,treat_at_home,0,,recovered
CASE-005114,2026-02-21,Rusizi,Gihundwe,CHW-RUS-03-01,70,female,38.8,1,0,0,0,0,0,positive,treat_at_home,0,,complication
CASE-005115,2026-02-22,Bugesera,Ntarama,CHW-BUG-05-04,28,male,38.2,2,0,0,0,0,0,positive,treat_at_home,0,,recovered
CASE-005116,2026-02-22,Bugesera,Rilima,CHW-BUG-02-02,102,female,39.0,3,0,0,0,0,0,positive,treat_at_home,0,,recovered
CASE-005117,2026-02-22,Gasabo,Kimironko,CHW-GAS-01-02,681,male,38.5,3,0,0,0,0,0,positive,treat_at_home,0,,recovered
CASE-005118,2026-02-22,Gasabo,Remera,CHW-GAS-02-04,706,female,40.1,3,0,0,0,0,0,positive,refer,1,3.8,recovered
CASE-005119,2026-02-22,Gisagara,Gisagara,CHW-GIS-01-01,4,male,38.3,1,0,0,0,0,0,positive,treat_at_home,0,,recovered
CASE-005120,2026-02-22,Gisagara,Gisagara,CHW-GIS-01-04,100,male,38.3,5,0,0,0,0,0,negative,refer,1,5.5,recovered
CASE-005121,2026-02-22,Kirehe,Kirehe,CHW-KIR-01-04,7,male,38.6,3,0,0,0,0,0,negative,refer,1,6.7,recovered
CASE-005122,2026-02-22,Nyagatare,Nyagatare,CHW-NYG-01-04,53,female,38.3,1,0,0,0,0,1,negative,urgent_refer,0,,complication
CASE-005123,2026-02-22,Rusizi,Bugarama,CHW-RUS-02-01,426,female,38.2,2,0,0,0,0,0,negative,treat_at_home,0,,recovered
CASE-005124,2026-02-22,Rusizi,Gihundwe,CHW-RUS-03-03,152,female,37.4,0,0,0,0,0,0,negative,treat_at_home,0,,recovered
CASE-005125,2026-02-22,Rusizi,Kamembe,CHW-RUS-01-01,162,male,38.8,3,0,0,0,0,0,positive,treat_at_home,0,,recovered
CASE-005126,2026-02-23,Bugesera,Nyamata,CHW-BUG-01-03,22,male,37.9,2,0,0,0,0,0,negative,treat_at_home,0,,recovered
CASE-005127,2026-02-23,Gisagara,Gisagara,CHW-GIS-01-04,52,male,38.3,1,0,0,0,0,0,negative,treat_at_home,0,,recovered
CASE-005128,2026-02-23,Gisagara,Save,CHW-GIS-02-04,124,female,38.0,1,0,0,0,0,0,positive,treat_at_home,0,,recovered
CASE-005129,2026-02-23,Kirehe,Mahama,CHW-KIR-03-04,147,male,37.8,1,0,0,0,0,0,negative,treat_at_home,0,,recovered
CASE-005130,2026-02-23,Nyagatare,Karangazi,CHW-NYG-02-03,54,male,39.4,6,0,0,0,0,0,positive,treat_at_home,0,,recovered
CASE-005131,2026-02-23,Nyagatare,Katabagemu,CHW-NYG-06-02,53,female,38.8,1,0,0,0,0,0,negative,treat_at_home,0,,recovered
CASE-005132,2026-02-23,Nyagatare,Mimuri,CHW-NYG-05-01,7,male,38.5,6,0,0,0,0,0,negative,treat_at_home,0,,recovered
CASE-005133,2026-02-23,Rusizi,Bugarama,CHW-RUS-02-02,45,male,38.7,3,0,0,0,0,0,negative,refer,1,9.0,recovered
CASE-005134,2026-02-23,Rusizi,Bugarama,CHW-RUS-02-04,27,male,38.5,1,0,0,0,0,0,negative,treat_at_home,0,,recovered
CASE-005135,2026-02-24,Gasabo,Kacyiru,CHW-GAS-03-04,0,female,38.8,1,0,1,0,0,0,negative,urgent_refer,0,,unknown
CASE-005136,2026-02-24,Gisagara,Kibirizi,CHW-GIS-03-03,3,female,38.6,2,0,0,0,0,0,positive,treat_at_home,0,,recovered
CASE-005137,2026-02-24,Gisagara,Save,CHW-GIS-02-02,31,male,38.0,3,0,0,0,0,0,positive,treat_at_home,0,,recovered
CASE-005138,2026-02-24,Kirehe,Gahara,CHW-KIR-02-01,507,female,38.4,2,0,0,0,0,0,positive,treat_at_home,0,,recovered
CASE-005139,2026-02-24,Kirehe,Kirehe,CHW-KIR-01-01,3,male,37.8,1,0,0,0,0,0,positive,treat_at_home,0,,recovered
CASE-005140,2026-02-24,Kirehe,Kirehe,CHW-KIR-01-03,53,female,38.2,1,0,0,0,0,0,negative,treat_at_home,0,,recovered
CASE-005141,2026-02-24,Nyagatare,Karangazi,CHW-NYG-02-03,16,female,38.0,1,0,0,0,0,0,positive,treat_at_home,0,,recovered
CASE-005142,2026-02-24,Nyagatare,Katabagemu,CHW-NYG-06-02,44,female,38.3,4,0,0,0,0,0,positive,treat_at_home,0,,recovered
CASE-005143,2026-02-24,Nyagatare,Katabagemu,CHW-NYG-06-04,149,female,37.9,2,0,0,0,0,0,negative,treat_at_home,0,,recovered
CASE-005144,2026-02-24,Nyagatare,Mimuri,CHW-NYG-05-02,28,female,38.5,1,0,0,0,0,0,positive,treat_at_home,0,,recovered
CASE-005145,2026-02-24,Nyagatare,Rwimiyaga,CHW-NYG-03-01,24,male,38.8,3,0,0,0,0,0,positive,treat_at_home,0,,recovered
CASE-005146,2026-02-24,Rusizi,Gihundwe,CHW-RUS-03-02,55,male,37.9,2,0,0,0,0,0,invalid,refer,1,5.2,recovered
CASE-005147,2026-02-25,Bugesera,Gashora,CHW-BUG-06-01,28,male,38.7,3,0,0,0,0,0,negative,refer,0,,complication
CASE-005148,2026-02-25,Gasabo,Kacyiru,CHW-GAS-03-04,58,female,38.8,5,0,0,0,0,0,positive,refer,1,5.1,recovered
CASE-005149,2026-02-25,Gasabo,Kimironko,CHW-GAS-01-01,21,male,38.3,1,0,0,0,0,0,negative,treat_at_home,0,,recovered
CASE-005150,2026-02-25,Gisagara,Gisagara,CHW-GIS-01-01,22,male,37.9,1,0,0,0,0,0,positive,treat_at_home,0,,recovered
CASE-005151,2026-02-25,Gisagara,Kibirizi,CHW-GIS-03-04,85,female,38.0,2,0,0,0,0,0,invalid,refer,1,2.9,recovered
CASE-005152,2026-02-25,Kirehe,Gahara,CHW-KIR-02-02,104,male,37.8,4,0,0,0,0,0,positive,treat_at_home,0,,recovered
CASE-005153,2026-02-25,Kirehe,Kirehe,CHW-KIR-01-04,20,male,38.8,1,0,0,0,0,0,positive,treat_at_home,0,,recovered
CASE-005154,2026-02-25,Kirehe,Kirehe,CHW-KIR-01-04,26,female,38.4,1,0,0,0,0,0,positive,treat_at_home,0,,recovered
CASE-005155,2026-02-25,Kirehe,Kirehe,CHW-KIR-01-04,96,female,38.5,2,0,0,0,0,0,negative,treat_at_home,0,,recovered
CASE-005156,2026-02-25,Nyagatare,Matimba,CHW-NYG-04-04,406,male,37.9,1,0,0,0,0,0,negative,treat_at_home,0,,recovered
CASE-005157,2026-02-25,Nyagatare,Mimuri,CHW-NYG-05-02,157,female,38.9,5,0,1,1,0,0,positive,urgent_refer,1,5.3,recovered
CASE-005158,2026-02-25,Nyagatare,Mimuri,CHW-NYG-05-04,285,male,36.6,0,0,0,0,0,0,negative,treat_at_home,0,,recovered
CASE-005159,2026-02-25,Nyagatare,Rwimiyaga,CHW-NYG-03-01,9,male,39.0,3,0,0,0,0,0,positive,treat_at_home,0,,recovered
CASE-005160,2026-02-25,Rusizi,Bugarama,CHW-RUS-02-01,5,male,37.7,3,0,1,0,0,0,positive,urgent_refer,0,,recovered
CASE-005161,2026-02-25,Rusizi,Bugarama,CHW-RUS-02-04,21,female,38.6,1,0,0,0,0,0,negative,treat_at_home,0,,recovered
CASE-005162,2026-02-25,Rusizi,Kamembe,CHW-RUS-01-03,73,male,38.1,2,0,0,0,0,0,positive,treat_at_home,0,,recovered
CASE-005163,2026-02-26,Bugesera,Mayange,CHW-BUG-03-02,27,female,39.1,2,0,0,0,0,0,positive,treat_at_home,0,,recovered
CASE-005164,2026-02-26,Bugesera,Mayange,CHW-BUG-03-03,29,female,39.0,6,0,0,0,0,0,invalid,refer,1,7.1,recovered
CASE-005165,2026-02-26,Bugesera,Mayange,CHW-BUG-03-04,113,female,38.3,4,0,0,0,0,0,positive,treat_at_home,0,,recovered
CASE-005166,2026-02-26,Gisagara,Save,CHW-GIS-02-03,318,male,38.0,4,0,0,0,0,0,positive,treat_at_home,0,,recovered
CASE-005167,2026-02-26,Kirehe,Gahara,CHW-KIR-02-03,583,male,38.1,2,0,0,0,0,1,negative,urgent_refer,1,7.4,recovered
CASE-005168,2026-02-26,Kirehe,Kirehe,CHW-KIR-01-01,26,male,37.7,1,0,0,0,0,0,negative,treat_at_home,0,,recovered
CASE-005169,2026-02-26,Kirehe,Kirehe,CHW-KIR-01-03,22,male,37.9,5,0,0,0,0,0,negative,refer,0,,unknown
CASE-005170,2026-02-26,Nyagatare,Nyagatare,CHW-NYG-01-03,55,female,38.4,4,0,0,0,0,0,positive,treat_at_home,0,,recovered
CASE-005171,2026-02-26,Rusizi,Kamembe,CHW-RUS-01-03,133,male,39.1,1,0,0,0,0,0,negative,treat_at_home,0,,complication
CASE-005172,2026-02-27,Bugesera,Gashora,CHW-BUG-06-01,11,male,38.6,1,0,0,0,0,0,positive,treat_at_home,0,,recovered
CASE-005173,2026-02-27,Bugesera,Gashora,CHW-BUG-06-02,51,female,38.4,1,0,0,0,0,0,positive,treat_at_home,0,,recovered
CASE-005174,2026-02-27,Bugesera,Ntarama,CHW-BUG-05-04,15,female,38.2,4,0,0,0,0,0,positive,treat_at_home,0,,recovered
CASE-005175,2026-02-27,Gasabo,Kimironko,CHW-GAS-01-02,549,female,38.7,2,0,0,0,0,0,positive,treat_at_home,0,,recovered
CASE-005176,2026-02-27,Gisagara,Gisagara,CHW-GIS-01-01,142,male,38.6,3,0,0,0,0,0,invalid,refer,0,,recovered
CASE-005177,2026-02-27,Gisagara,Save,CHW-GIS-02-01,18,male,39.0,4,0,0,0,0,0,positive,treat_at_home,0,,recovered
CASE-005178,2026-02-27,Kirehe,Kirehe,CHW-KIR-01-04,332,male,38.5,6,0,0,0,0,0,positive,refer,1,4.6,recovered
CASE-005179,2026-02-27,Kirehe,Mahama,CHW-KIR-03-02,25,male,38.8,7,0,0,0,0,0,positive,treat_at_home,0,,recovered
CASE-005180,2026-02-27,Nyagatare,Matimba,CHW-NYG-04-04,25,male,37.8,6,0,0,0,0,0,positive,treat_at_home,0,,recovered
CASE-005181,2026-02-27,Nyagatare,Nyagatare,CHW-NYG-01-04,56,male,38.4,2,0,0,0,0,0,negative,treat_at_home,0,,recovered
CASE-005182,2026-02-27,Rusizi,Bugarama,CHW-RUS-02-04,35,male,39.3,4,0,0,1,1,0,positive,urgent_refer,1,13.3,recovered
CASE-005183,2026-02-27,Rusizi,Kamembe,CHW-RUS-01-01,24,male,37.7,1,0,0,0,0,0,positive,treat_at_home,0,,recovered
CASE-005184,2026-02-28,Bugesera,Mareba,CHW-BUG-04-02,27,female,38.4,1,0,0,0,0,0,positive,treat_at_home,0,,recovered
CASE-005185,2026-02-28,Bugesera,Mayange,CHW-BUG-03-03,2,male,38.6,2,0,0,0,0,0,negative,treat_at_home,0,,recovered
CASE-005186,2026-02-28,Bugesera,Nyamata,CHW-BUG-01-04,11,male,38.5,6,0,0,0,0,0,positive,treat_at_home,0,,recovered
CASE-005187,2026-02-28,Bugesera,Rilima,CHW-BUG-02-01,98,male,38.0,1,0,0,0,0,0,positive,treat_at_home,0,,recovered
CASE-005188,2026-02-28,Gasabo,Kacyiru,CHW-GAS-03-04,6,male,38.4,2,0,0,0,0,0,negative,treat_at_home,0,,recovered
CASE-005189,2026-02-28,Gasabo,Remera,CHW-GAS-02-02,39,male,38.3,2,0,0,0,0,0,positive,treat_at_home,0,,recovered
CASE-005190,2026-02-28,Kirehe,Mahama,CHW-KIR-03-03,37,male,38.7,6,0,0,0,0,0,positive,treat_at_home,0,,recovered
CASE-005191,2026-02-28,Nyagatare,Karangazi,CHW-NYG-02-04,34,female,38.4,4,0,0,0,0,0,negative,refer,1,9.1,recovered
CASE-005192,2026-02-28,Nyagatare,Mimuri,CHW-NYG-05-03,23,female,37.9,1,0,0,0,0,0,positive,treat_at_home,0,,recovered
CASE-005193,2026-02-28,Rusizi,Kamembe,CHW-RUS-01-01,54,male,38.6,2,0,0,0,0,0,positive,treat_at_home,0,,recovered
CASE-005194,2026-03-01,Bugesera,Gashora,CHW-BUG-06-01,29,female,38.7,5,0,0,0,0,0,positive,treat_at_home,0,,recovered
CASE-005195,2026-03-01,Bugesera,Gashora,CHW-BUG-06-02,170,male,38.5,2,1,0,0,0,1,positive,urgent_refer,0,,complication
CASE-005196,2026-03-01,Bugesera,Mareba,CHW-BUG-04-03,33,female,38.8,2,0,0,0,0,0,negative,treat_at_home,0,,recovered
CASE-005197,2026-03-01,Bugesera,Mayange,CHW-BUG-03-02,0,male,37.1,2,0,0,0,0,0,negative,urgent_refer,1,2.8,recovered
CASE-005198,2026-03-01,Gisagara,Save,CHW-GIS-02-03,82,female,38.6,1,0,0,0,0,0,negative,treat_at_home,0,,recovered
CASE-005199,2026-03-01,Kirehe,Gahara,CHW-KIR-02-01,386,female,38.0,1,0,0,0,0,0,negative,treat_at_home,0,,recovered
CASE-005200,2026-03-01,Kirehe,Mahama,CHW-KIR-03-01,52,female,37.8,1,0,0,0,0,0,positive,treat_at_home,0,,recovered
CASE-005201,2026-03-01,Nyagatare,Katabagemu,CHW-NYG-06-02,8,female,38.3,1,0,0,0,0,0,negative,treat_at_home,0,,recovered
CASE-005202,2026-03-01,Nyagatare,Nyagatare,CHW-NYG-01-03,53,male,37.9,1,0,0,0,0,0,positive,treat_at_home,0,,recovered
CASE-005203,2026-03-01,Rusizi,Gihundwe,CHW-RUS-03-01,465,female,38.2,7,0,0,0,0,0,negative,refer,0,,unknown
CASE-005204,2026-03-02,Bugesera,Gashora,CHW-BUG-06-01,59,male,37.8,2,0,0,0,0,0,negative,treat_at_home,0,,recovered
CASE-005205,2026-03-02,Bugesera,Ntarama,CHW-BUG-05-02,40,female,37.8,1,0,0,0,0,0,positive,treat_at_home,0,,recovered
CASE-005206,2026-03-02,Gasabo,Kacyiru,CHW-GAS-03-04,16,male,38.0,7,0,0,0,0,0,negative,refer,0,,recovered
CASE-005207,2026-03-02,Kirehe,Kirehe,CHW-KIR-01-04,39,male,38.4,1,0,0,0,0,0,invalid,refer,1,4.4,recovered
CASE-005208,2026-03-02,Nyagatare,Karangazi,CHW-NYG-02-03,34,male,38.0,2,0,0,0,0,1,positive,urgent_refer,1,7.7,recovered
CASE-005209,2026-03-02,Nyagatare,Nyagatare,CHW-NYG-01-01,58,male,36.8,0,0,0,0,0,0,negative,refer,1,5.4,recovered
CASE-005210,2026-03-02,Rusizi,Bugarama,CHW-RUS-02-01,448,male,36.7,0,0,0,0,0,0,negative,treat_at_home,0,,recovered
CASE-005211,2026-03-02,Rusizi,Kamembe,CHW-RUS-01-02,46,female,38.1,1,0,0,0,0,0,positive,treat_at_home,0,,recovered
CASE-005212,2026-03-03,Bugesera,Mareba,CHW-BUG-04-01,6,male,37.7,1,0,0,0,0,0,negative,treat_at_home,0,,recovered
CASE-005213,2026-03-03,Bugesera,Mareba,CHW-BUG-04-03,50,female,38.1,1,0,0,0,0,0,positive,treat_at_home,0,,recovered
CASE-005214,2026-03-03,Bugesera,Ntarama,CHW-BUG-05-01,82,male,38.3,2,0,0,0,0,0,positive,treat_at_home,0,,recovered
CASE-005215,2026-03-03,Bugesera,Ntarama,CHW-BUG-05-04,32,male,38.3,1,0,0,0,0,0,positive,treat_at_home,0,,recovered
CASE-005216,2026-03-03,Bugesera,Nyamata,CHW-BUG-01-01,71,female,38.3,5,0,0,0,1,0,positive,urgent_refer,1,6.3,recovered
CASE-005217,2026-03-03,Gasabo,Remera,CHW-GAS-02-02,40,male,37.8,1,0,0,0,0,0,negative,treat_at_home,0,,recovered
CASE-005218,2026-03-03,Gisagara,Kibirizi,CHW-GIS-03-04,58,female,37.4,2,1,0,0,1,0,positive,urgent_refer,1,9.3,recovered
CASE-005219,2026-03-03,Kirehe,Gahara,CHW-KIR-02-04,440,female,39.1,4,0,0,0,0,0,negative,refer,0,,recovered
CASE-005220,2026-03-03,Kirehe,Kirehe,CHW-KIR-01-03,41,female,39.1,4,0,0,0,0,0,positive,treat_at_home,0,,recovered
CASE-005221,2026-03-03,Kirehe,Mahama,CHW-KIR-03-04,12,female,38.9,1,0,0,0,0,0,positive,treat_at_home,0,,recovered
CASE-005222,2026-03-03,Nyagatare,Matimba,CHW-NYG-04-03,1,male,38.3,2,0,0,0,0,0,positive,urgent_refer,1,5.8,recovered
CASE-005223,2026-03-03,Nyagatare,Mimuri,CHW-NYG-05-01,54,female,37.7,2,0,0,0,0,0,negative,treat_at_home,0,,recovered
CASE-005224,2026-03-03,Nyagatare,Nyagatare,CHW-NYG-01-02,14,male,36.5,0,0,0,0,0,0,positive,treat_at_home,0,,recovered
CASE-005225,2026-03-04,Bugesera,Gashora,CHW-BUG-06-01,42,female,38.7,5,0,0,0,0,0,positive,treat_at_home,0,,recovered
CASE-005226,2026-03-04,Bugesera,Mayange,CHW-BUG-03-01,9,male,37.1,2,0,0,0,0,0,positive,treat_at_home,0,,recovered
CASE-005227,2026-03-04,Bugesera,Ntarama,CHW-BUG-05-03,651,male,38.6,1,0,0,0,0,0,positive,treat_at_home,0,,recovered
CASE-005228,2026-03-04,Bugesera,Nyamata,CHW-BUG-01-01,26,male,38.4,1,0,0,0,0,0,negative,treat_at_home,0,,recovered
CASE-005229,2026-03-04,Bugesera,Rilima,CHW-BUG-02-03,145,female,38.2,1,0,0,0,0,0,positive,treat_at_home,0,,recovered
CASE-005230,2026-03-04,Gisagara,Kibirizi,CHW-GIS-03-03,114,female,38.4,6,0,0,0,0,0,invalid,refer,1,1.8,recovered
CASE-005231,2026-03-04,Gisagara,Save,CHW-GIS-02-04,161,male,38.6,4,0,0,0,0,0,positive,treat_at_home,0,,recovered
CASE-005232,2026-03-04,Kirehe,Kirehe,CHW-KIR-01-04,148,male,37.9,3,0,0,1,1,0,negative,refer,1,7.1,recovered
CASE-005233,2026-03-04,Kirehe,Kirehe,CHW-KIR-01-04,152,female,38.6,5,0,0,0,0,0,positive,refer,1,9.9,recovered
CASE-005234,2026-03-04,Kirehe,Mahama,CHW-KIR-03-01,434,male,38.3,1,0,0,0,0,1,negative,urgent_refer,0,,recovered
CASE-005235,2026-03-04,Nyagatare,Katabagemu,CHW-NYG-06-01,378,female,38.5,3,0,0,0,0,0,positive,treat_at_home,0,,recovered
CASE-005236,2026-03-04,Nyagatare,Katabagemu,CHW-NYG-06-03,17,female,38.4,2,0,0,0,0,0,negative,treat_at_home,0,,recovered
CASE-005237,2026-03-04,Nyagatare,Katabagemu,CHW-NYG-06-04,133,female,38.4,1,0,0,0,0,0,positive,treat_at_home,0,,unknown
CASE-005238,2026-03-04,Nyagatare,Nyagatare,CHW-NYG-01-01,11,female,36.6,0,0,0,0,0,0,negative,treat_at_home,0,,recovered
CASE-005239,2026-03-04,Nyagatare,Nyagatare,CHW-NYG-01-01,36,male,37.7,2,0,0,0,0,0,positive,refer,0,,recovered
CASE-005240,2026-03-04,Nyagatare,Rwimiyaga,CHW-NYG-03-02,29,male,36.9,0,0,0,0,0,0,negative,treat_at_home,0,,recovered
CASE-005241,2026-03-04,Rusizi,Gihundwe,CHW-RUS-03-01,55,female,38.3,3,0,0,0,0,0,positive,treat_at_home,0,,recovered
CASE-005242,2026-03-05,Bugesera,Gashora,CHW-BUG-06-01,20,female,37.7,1,0,0,0,0,0,invalid,refer,1,7.1,recovered
CASE-005243,2026-03-05,Bugesera,Nyamata,CHW-BUG-01-01,31,female,37.4,3,0,0,0,0,0,positive,treat_at_home,0,,recovered
CASE-005244,2026-03-05,Bugesera,Rilima,CHW-BUG-02-04,130,female,38.3,2,0,0,0,0,1,negative,urgent_refer,1,3.4,recovered
CASE-005245,2026-03-05,Gisagara,Kibirizi,CHW-GIS-03-02,24,male,39.1,1,0,0,0,0,0,negative,treat_at_home,0,,recovered
CASE-005246,2026-03-05,Gisagara,Save,CHW-GIS-02-02,205,female,38.7,4,0,0,0,0,0,positive,treat_at_home,0,,recovered
CASE-005247,2026-03-05,Kirehe,Gahara,CHW-KIR-02-03,370,male,37.0,0,0,0,0,0,0,negative,treat_at_home,0,,recovered
CASE-005248,2026-03-05,Kirehe,Kirehe,CHW-KIR-01-03,35,male,38.6,4,0,0,0,1,0,negative,urgent_refer,1,3.9,recovered
CASE-005249,2026-03-05,Kirehe,Kirehe,CHW-KIR-01-04,15,female,37.5,2,0,0,0,0,0,positive,treat_at_home,0,,recovered
CASE-005250,2026-03-05,Nyagatare,Karangazi,CHW-NYG-02-01,49,male,38.1,1,0,0,0,0,0,positive,treat_at_home,0,,recovered
CASE-005251,2026-03-05,Nyagatare,Katabagemu,CHW-NYG-06-03,19,female,36.5,0,0,0,0,0,0,negative,treat_at_home,0,,recovered
CASE-005252,2026-03-05,Nyagatare,Matimba,CHW-NYG-04-03,51,male,38.2,3,0,0,0,0,0,invalid,refer,1,26.9,recovered
CASE-005253,2026-03-05,Nyagatare,Matimba,CHW-NYG-04-04,28,female,38.3,4,0,0,0,0,0,negative,refer,0,,recovered
CASE-005254,2026-03-05,Nyagatare,Mimuri,CHW-NYG-05-04,18,male,38.4,7,0,0,0,0,0,negative,refer,1,5.1,recovered
CASE-005255,2026-03-05,Nyagatare,Nyagatare,CHW-NYG-01-04,14,female,39.0,5,0,1,1,0,0,positive,urgent_refer,0,,recovered
CASE-005256,2026-03-05,Rusizi,Bugarama,CHW-RUS-02-03,37,female,38.0,2,0,0,0,0,0,negative,treat_at_home,0,,recovered
CASE-005257,2026-03-06,Bugesera,Gashora,CHW-BUG-06-01,30,female,37.9,1,0,0,0,0,0,positive,treat_at_home,0,,recovered
CASE-005258,2026-03-06,Bugesera,Gashora,CHW-BUG-06-04,288,female,38.7,1,0,0,0,0,0,positive,treat_at_home,0,,recovered
CASE-005259,2026-03-06,Bugesera,Mayange,CHW-BUG-03-02,6,female,38.7,1,0,0,0,0,0,positive,treat_at_home,0,,recovered
CASE-005260,2026-03-06,Bugesera,Mayange,CHW-BUG-03-04,156,female,38.0,6,0,0,0,0,0,positive,treat_at_home,0,,recovered
CASE-005261,2026-03-06,Bugesera,Ntarama,CHW-BUG-05-02,524,male,38.2,1,0,0,0,0,0,negative,treat_at_home,0,,recovered
CASE-005262,2026-03-06,Bugesera,Rilima,CHW-BUG-02-03,111,female,38.3,1,0,0,0,0,0,positive,treat_at_home,0,,recovered
CASE-005263,2026-03-06,Gisagara,Kibirizi,CHW-GIS-03-02,58,male,39.0,4,0,0,0,0,0,positive,treat_at_home,0,,recovered
CASE-005264,2026-03-06,Gisagara,Kibirizi,CHW-GIS-03-03,38,male,38.8,1,0,0,0,0,0,invalid,refer,1,4.4,recovered
CASE-005265,2026-03-06,Gisagara,Save,CHW-GIS-02-02,5,female,38.3,1,0,0,0,0,0,negative,treat_at_home,0,,recovered
CASE-005266,2026-03-06,Kirehe,Gahara,CHW-KIR-02-01,44,female,36.9,0,0,0,0,0,0,negative,treat_at_home,0,,recovered
CASE-005267,2026-03-06,Kirehe,Kirehe,CHW-KIR-01-04,17,male,38.0,3,0,0,0,0,0,positive,treat_at_home,0,,recovered
CASE-005268,2026-03-06,Nyagatare,Katabagemu,CHW-NYG-06-02,39,male,37.8,1,0,0,0,0,0,negative,treat_at_home,0,,recovered
CASE-005269,2026-03-06,Nyagatare,Katabagemu,CHW-NYG-06-04,19,female,38.8,2,0,0,0,0,0,negative,refer,1,11.3,recovered
CASE-005270,2026-03-06,Nyagatare,Matimba,CHW-NYG-04-04,36,male,38.7,2,0,0,0,0,0,positive,treat_at_home,0,,recovered
CASE-005271,2026-03-07,Bugesera,Mayange,CHW-BUG-03-01,26,female,39.2,4,0,0,0,0,0,positive,treat_at_home,0,,recovered
CASE-005272,2026-03-07,Bugesera,Mayange,CHW-BUG-03-03,57,male,38.0,2,0,0,0,0,0,positive,treat_at_home,0,,recovered
CASE-005273,2026-03-07,Bugesera,Ntarama,CHW-BUG-05-01,18,female,38.1,1,0,0,0,0,0,positive,refer,0,,recovered
CASE-005274,2026-03-07,Bugesera,Ntarama,CHW-BUG-05-01,54,male,38.4,1,0,0,0,0,0,negative,treat_at_home,0,,recovered
CASE-005275,2026-03-07,Bugesera,Ntarama,CHW-BUG-05-04,10,female,38.8,2,0,0,0,0,0,negative,treat_at_home,0,,recovered
CASE-005276,2026-03-07,Bugesera,Nyamata,CHW-BUG-01-04,167,male,38.6,1,1,0,0,0,0,positive,treat_at_home,0,,recovered
CASE-005277,2026-03-07,Gasabo,Kimironko,CHW-GAS-01-01,18,female,38.5,2,0,0,0,0,0,positive,refer,1,5.3,recovered
CASE-005278,2026-03-07,Gisagara,Gisagara,CHW-GIS-01-04,57,female,38.7,5,0,0,0,1,0,positive,urgent_refer,0,,recovered
CASE-005279,2026-03-07,Kirehe,Gahara,CHW-KIR-02-01,132,female,38.6,6,0,0,0,0,0,negative,refer,1,6.4,recovered
CASE-005280,2026-03-08,Bugesera,Gashora,CHW-BUG-06-02,151,male,38.4,2,0,0,0,0,0,positive,treat_at_home,0,,recovered
CASE-005281,2026-03-08,Bugesera,Mareba,CHW-BUG-04-03,36,male,38.0,2,0,0,0,0,0,negative,treat_at_home,0,,recovered
CASE-005282,2026-03-08,Bugesera,Mayange,CHW-BUG-03-02,691,male,37.6,2,0,0,0,0,0,positive,treat_at_home,0,,recovered
CASE-005283,2026-03-08,Bugesera,Mayange,CHW-BUG-03-04,74,female,37.8,5,0,0,0,0,0,positive,treat_at_home,0,,recovered
CASE-005284,2026-03-08,Bugesera,Rilima,CHW-BUG-02-02,25,female,38.8,4,0,0,0,0,0,positive,treat_at_home,0,,recovered
CASE-005285,2026-03-08,Bugesera,Rilima,CHW-BUG-02-02,37,female,38.3,2,0,0,0,0,0,positive,treat_at_home,0,,recovered
CASE-005286,2026-03-08,Gasabo,Kacyiru,CHW-GAS-03-01,30,female,39.1,3,0,0,0,0,0,negative,refer,0,,recovered
CASE-005287,2026-03-08,Gasabo,Kimironko,CHW-GAS-01-03,17,male,38.4,3,0,0,0,0,0,positive,treat_at_home,0,,recovered
CASE-005288,2026-03-08,Kirehe,Gahara,CHW-KIR-02-03,51,female,37.8,3,0,0,0,0,0,invalid,refer,0,,recovered
CASE-005289,2026-03-08,Kirehe,Gahara,CHW-KIR-02-03,123,female,38.1,3,0,0,0,0,0,positive,treat_at_home,0,,recovered
CASE-005290,2026-03-08,Rusizi,Bugarama,CHW-RUS-02-01,58,male,36.4,0,0,0,0,0,0,negative,treat_at_home,0,,recovered
CASE-005291,2026-03-08,Rusizi,Gihundwe,CHW-RUS-03-04,20,female,38.3,1,0,0,0,0,0,positive,treat_at_home,0,,recovered
CASE-005292,2026-03-09,Bugesera,Mayange,CHW-BUG-03-03,45,female,38.7,3,0,0,0,0,0,positive,treat_at_home,0,,recovered
CASE-005293,2026-03-09,Bugesera,Mayange,CHW-BUG-03-03,28,female,38.6,4,0,0,0,0,0,negative,refer,1,8.2,recovered
CASE-005294,2026-03-09,Bugesera,Nyamata,CHW-BUG-01-02,25,male,37.9,2,0,0,0,0,0,negative,treat_at_home,0,,recovered
CASE-005295,2026-03-09,Bugesera,Rilima,CHW-BUG-02-04,79,male,38.5,2,0,0,0,0,0,positive,treat_at_home,0,,recovered
CASE-005296,2026-03-09,Gisagara,Gisagara,CHW-GIS-01-01,152,female,38.5,2,0,0,0,0,0,positive,treat_at_home,0,,complication
CASE-005297,2026-03-09,Kirehe,Gahara,CHW-KIR-02-04,19,female,38.8,4,0,0,0,0,0,negative,refer,1,5.7,unknown
CASE-005298,2026-03-09,Kirehe,Mahama,CHW-KIR-03-04,38,female,39.1,5,0,0,0,0,0,positive,treat_at_home,0,,recovered
CASE-005299,2026-03-09,Nyagatare,Karangazi,CHW-NYG-02-02,30,female,38.1,1,0,0,0,0,0,negative,treat_at_home,0,,recovered
CASE-005300,2026-03-09,Nyagatare,Katabagemu,CHW-NYG-06-02,250,male,38.2,1,0,0,0,0,0,positive,treat_at_home,0,,recovered
CASE-005301,2026-03-09,Nyagatare,Matimba,CHW-NYG-04-03,378,female,39.6,6,0,0,0,0,0,negative,refer,1,5.6,recovered
CASE-005302,2026-03-09,Nyagatare,Mimuri,CHW-NYG-05-03,106,male,37.9,2,0,0,0,0,0,positive,treat_at_home,0,,recovered
CASE-005303,2026-03-09,Nyagatare,Mimuri,CHW-NYG-05-04,535,male,38.2,1,0,0,0,0,0,positive,treat_at_home,0,,recovered
CASE-005304,2026-03-09,Nyagatare,Nyagatare,CHW-NYG-01-01,46,male,38.1,6,0,0,0,0,0,negative,refer,0,,died
CASE-005305,2026-03-09,Nyagatare,Nyagatare,CHW-NYG-01-02,42,female,39.3,5,0,0,0,0,0,positive,treat_at_home,0,,recovered
CASE-005306,2026-03-09,Nyagatare,Nyagatare,CHW-NYG-01-04,19,female,38.2,2,0,0,0,0,0,negative,refer,1,7.5,recovered
CASE-005307,2026-03-09,Rusizi,Gihundwe,CHW-RUS-03-04,317,female,37.7,2,0,0,0,0,0,positive,treat_at_home,0,,recovered
CASE-005308,2026-03-09,Rusizi,Kamembe,CHW-RUS-01-02,78,male,36.8,0,0,0,0,0,0,negative,treat_at_home,0,,recovered
CASE-005309,2026-03-10,Bugesera,Gashora,CHW-BUG-06-04,4,female,38.5,1,0,0,0,1,0,positive,urgent_refer,1,9.0,recovered
CASE-005310,2026-03-10,Gisagara,Gisagara,CHW-GIS-01-03,169,male,39.2,6,0,0,0,0,0,positive,treat_at_home,0,,recovered
CASE-005311,2026-03-10,Gisagara,Save,CHW-GIS-02-01,496,male,38.1,1,0,0,1,1,0,positive,urgent_refer,1,3.2,recovered
CASE-005312,2026-03-10,Gisagara,Save,CHW-GIS-02-04,39,male,38.4,2,0,0,0,0,0,positive,treat_at_home,0,,recovered
CASE-005313,2026-03-10,Kirehe,Kirehe,CHW-KIR-01-02,86,male,38.3,1,0,0,0,0,0,negative,treat_at_home,0,,recovered
CASE-005314,2026-03-10,Kirehe,Kirehe,CHW-KIR-01-02,19,female,37.7,1,0,0,0,0,0,positive,treat_at_home,0,,recovered
CASE-005315,2026-03-10,Kirehe,Kirehe,CHW-KIR-01-03,15,female,39.5,1,0,0,0,0,0,negative,treat_at_home,0,,recovered
CASE-005316,2026-03-10,Kirehe,Kirehe,CHW-KIR-01-04,42,female,38.5,2,0,0,0,0,0,positive,treat_at_home,0,,recovered
CASE-005317,2026-03-10,Nyagatare,Karangazi,CHW-NYG-02-04,309,female,38.4,3,0,0,0,0,0,positive,treat_at_home,0,,recovered
CASE-005318,2026-03-10,Rusizi,Bugarama,CHW-RUS-02-02,51,male,37.1,0,0,0,0,0,0,negative,treat_at_home,0,,recovered
CASE-005319,2026-03-10,Rusizi,Bugarama,CHW-RUS-02-02,394,female,38.6,2,0,0,0,0,0,positive,treat_at_home,0,,recovered
CASE-005320,2026-03-10,Rusizi,Bugarama,CHW-RUS-02-03,33,male,38.6,1,0,0,0,0,0,positive,treat_at_home,0,,complication
CASE-005321,2026-03-10,Rusizi,Gihundwe,CHW-RUS-03-03,47,female,38.6,3,1,1,0,0,0,negative,urgent_refer,1,6.1,recovered
CASE-005322,2026-03-11,Bugesera,Mayange,CHW-BUG-03-01,6,male,37.6,1,0,0,0,0,0,positive,treat_at_home,0,,recovered
CASE-005323,2026-03-11,Bugesera,Ntarama,CHW-BUG-05-02,12,female,37.8,3,0,0,0,0,0,positive,treat_at_home,0,,recovered
CASE-005324,2026-03-11,Bugesera,Nyamata,CHW-BUG-01-02,32,male,38.4,2,0,0,0,0,0,positive,treat_at_home,0,,recovered
CASE-005325,2026-03-11,Bugesera,Nyamata,CHW-BUG-01-03,167,female,38.4,1,0,1,0,0,0,positive,treat_at_home,0,,recovered
CASE-005326,2026-03-11,Bugesera,Rilima,CHW-BUG-02-02,0,female,38.4,3,0,0,0,1,0,negative,urgent_refer,1,4.2,recovered
CASE-005327,2026-03-11,Gasabo,Kimironko,CHW-GAS-01-01,9,male,38.3,3,0,0,0,0,0,positive,treat_at_home,0,,recovered
CASE-005328,2026-03-11,Gisagara,Kibirizi,CHW-GIS-03-02,3,female,38.8,3,0,0,0,0,0,positive,treat_at_home,0,,recovered
CASE-005329,2026-03-11,Kirehe,Gahara,CHW-KIR-02-03,291,female,38.4,2,0,0,0,0,0,negative,treat_at_home,0,,recovered
CASE-005330,2026-03-11,Kirehe,Gahara,CHW-KIR-02-03,5,male,38.9,3,0,0,0,0,0,positive,treat_at_home,0,,recovered
CASE-005331,2026-03-11,Kirehe,Kirehe,CHW-KIR-01-04,142,female,36.7,0,0,0,0,0,0,negative,treat_at_home,0,,recovered
CASE-005332,2026-03-11,Nyagatare,Katabagemu,CHW-NYG-06-01,144,male,37.4,2,0,0,0,0,0,positive,treat_at_home,0,,recovered
CASE-005333,2026-03-11,Nyagatare,Matimba,CHW-NYG-04-03,32,male,38.7,2,0,0,0,0,0,positive,treat_at_home,0,,recovered
CASE-005334,2026-03-11,Rusizi,Gihundwe,CHW-RUS-03-04,46,male,38.1,7,0,0,0,0,0,positive,treat_at_home,0,,recovered
CASE-005335,2026-03-12,Bugesera,Ntarama,CHW-BUG-05-01,12,female,38.8,7,0,0,0,0,0,negative,refer,0,,recovered
CASE-005336,2026-03-12,Gasabo,Kacyiru,CHW-GAS-03-04,29,male,37.7,2,0,0,0,0,0,positive,treat_at_home,0,,recovered
CASE-005337,2026-03-12,Gisagara,Gisagara,CHW-GIS-01-01,644,male,37.7,1,0,0,0,0,0,positive,refer,1,7.6,recovered
CASE-005338,2026-03-12,Gisagara,Kibirizi,CHW-GIS-03-04,32,male,38.5,1,0,0,0,0,0,positive,treat_at_home,0,,recovered
CASE-005339,2026-03-12,Kirehe,Gahara,CHW-KIR-02-02,55,male,38.4,2,0,0,0,0,0,positive,treat_at_home,0,,recovered
CASE-005340,2026-03-12,Kirehe,Kirehe,CHW-KIR-01-01,139,female,38.7,3,0,0,0,0,0,positive,treat_at_home,0,,recovered
CASE-005341,2026-03-12,Kirehe,Mahama,CHW-KIR-03-01,70,male,37.8,7,0,0,0,0,0,negative,refer,1,15.3,recovered
CASE-005342,2026-03-12,Kirehe,Mahama,CHW-KIR-03-01,20,female,38.1,7,0,0,0,0,0,negative,refer,0,,recovered
CASE-005343,2026-03-12,Nyagatare,Karangazi,CHW-NYG-02-04,24,male,37.9,2,0,0,0,0,0,invalid,refer,0,,unknown
CASE-005344,2026-03-13,Bugesera,Mareba,CHW-BUG-04-01,49,female,38.1,1,0,0,0,0,0,positive,treat_at_home,0,,recovered
CASE-005345,2026-03-13,Bugesera,Mareba,CHW-BUG-04-02,163,female,38.7,2,0,0,0,0,0,positive,treat_at_home,0,,recovered
CASE-005346,2026-03-13,Bugesera,Mareba,CHW-BUG-04-03,11,female,38.4,2,0,0,0,0,0,positive,treat_at_home,0,,recovered
CASE-005347,2026-03-13,Bugesera,Mayange,CHW-BUG-03-03,65,male,38.3,1,0,0,0,0,0,positive,treat_at_home,0,,recovered
CASE-005348,2026-03-13,Bugesera,Nyamata,CHW-BUG-01-02,34,male,37.9,3,0,0,0,0,0,positive,treat_at_home,0,,recovered
CASE-005349,2026-03-13,Gasabo,Kimironko,CHW-GAS-01-03,30,female,36.9,0,0,0,0,0,0,positive,treat_at_home,0,,recovered
CASE-005350,2026-03-13,Gasabo,Remera,CHW-GAS-02-04,48,male,38.1,2,0,0,0,0,0,positive,treat_at_home,0,,recovered
CASE-005351,2026-03-13,Gisagara,Gisagara,CHW-GIS-01-02,4,female,37.9,2,0,0,0,0,0,negative,treat_at_home,0,,recovered
CASE-005352,2026-03-13,Kirehe,Mahama,CHW-KIR-03-02,692,male,39.0,2,0,0,0,0,0,positive,treat_at_home,0,,recovered
CASE-005353,2026-03-13,Kirehe,Mahama,CHW-KIR-03-03,244,male,37.7,1,0,0,0,0,0,positive,treat_at_home,0,,recovered
CASE-005354,2026-03-13,Nyagatare,Mimuri,CHW-NYG-05-04,5,female,38.2,1,1,0,0,0,0,positive,urgent_refer,1,4.4,complication
CASE-005355,2026-03-14,Bugesera,Gashora,CHW-BUG-06-02,702,female,37.0,0,0,0,0,0,0,negative,treat_at_home,0,,recovered
CASE-005356,2026-03-14,Bugesera,Mayange,CHW-BUG-03-02,46,male,39.0,3,0,0,0,0,0,positive,treat_at_home,0,,recovered
CASE-005357,2026-03-14,Bugesera,Mayange,CHW-BUG-03-02,4,female,38.1,3,0,0,0,0,0,positive,treat_at_home,0,,recovered
CASE-005358,2026-03-14,Bugesera,Ntarama,CHW-BUG-05-02,7,female,38.5,4,0,0,0,0,0,positive,treat_at_home,0,,recovered
CASE-005359,2026-03-14,Gisagara,Gisagara,CHW-GIS-01-04,445,female,38.9,2,0,1,0,1,0,positive,urgent_refer,0,,recovered
CASE-005360,2026-03-14,Gisagara,Kibirizi,CHW-GIS-03-04,14,female,38.7,6,0,0,0,0,0,negative,refer,1,6.5,recovered
CASE-005361,2026-03-14,Kirehe,Kirehe,CHW-KIR-01-02,51,male,38.7,2,0,0,0,0,0,positive,treat_at_home,0,,recovered
CASE-005362,2026-03-14,Nyagatare,Katabagemu,CHW-NYG-06-03,32,male,38.5,6,0,0,0,0,0,negative,refer,1,16.0,recovered
CASE-005363,2026-03-14,Nyagatare,Katabagemu,CHW-NYG-06-04,30,female,38.7,5,0,0,0,0,0,negative,treat_at_home,0,,recovered
CASE-005364,2026-03-14,Nyagatare,Mimuri,CHW-NYG-05-01,47,male,38.9,3,0,0,0,0,0,positive,treat_at_home,0,,recovered
CASE-005365,2026-03-15,Bugesera,Nyamata,CHW-BUG-01-02,37,male,37.0,0,0,0,0,0,0,negative,treat_at_home,0,,recovered
CASE-005366,2026-03-15,Bugesera,Rilima,CHW-BUG-02-01,35,female,38.7,4,0,0,0,0,0,positive,treat_at_home,0,,recovered
CASE-005367,2026-03-15,Bugesera,Rilima,CHW-BUG-02-02,55,female,37.9,1,0,0,0,0,0,positive,treat_at_home,0,,recovered
CASE-005368,2026-03-15,Bugesera,Rilima,CHW-BUG-02-03,98,female,38.6,5,0,0,0,0,0,negative,refer,1,4.2,recovered
CASE-005369,2026-03-15,Gisagara,Save,CHW-GIS-02-04,23,female,38.6,4,0,0,0,0,0,negative,refer,1,7.6,recovered
CASE-005370,2026-03-15,Kirehe,Gahara,CHW-KIR-02-03,21,female,38.1,4,0,0,0,0,0,positive,treat_at_home,0,,recovered
CASE-005371,2026-03-15,Kirehe,Mahama,CHW-KIR-03-01,163,male,37.6,2,0,0,0,0,0,positive,treat_at_home,0,,recovered
CASE-005372,2026-03-15,Kirehe,Mahama,CHW-KIR-03-02,35,female,38.0,1,0,0,0,0,0,positive,treat_at_home,0,,recovered
CASE-005373,2026-03-15,Rusizi,Bugarama,CHW-RUS-02-02,16,male,38.8,3,0,0,0,0,0,negative,refer,1,8.1,recovered
CASE-005374,2026-03-15,Rusizi,Gihundwe,CHW-RUS-03-03,133,male,37.5,1,0,0,0,0,0,positive,treat_at_home,0,,recovered
CASE-005375,2026-03-15,Rusizi,Gihundwe,CHW-RUS-03-03,41,female,37.8,1,0,0,0,0,0,positive,treat_at_home,0,,recovered
CASE-005376,2026-03-15,Rusizi,Kamembe,CHW-RUS-01-02,87,male,37.9,5,0,0,0,0,0,positive,treat_at_home,0,,recovered
CASE-005377,2026-03-16,Bugesera,Gashora,CHW-BUG-06-03,33,male,38.4,1,0,0,0,0,0,positive,treat_at_home,0,,recovered
CASE-005378,2026-03-16,Bugesera,Mareba,CHW-BUG-04-03,48,male,38.0,1,0,0,0,0,0,positive,refer,1,8.5,recovered
CASE-005379,2026-03-16,Bugesera,Mayange,CHW-BUG-03-02,37,female,37.9,1,0,0,0,0,0,negative,treat_at_home,0,,recovered
CASE-005380,2026-03-16,Bugesera,Nyamata,CHW-BUG-01-01,96,female,38.2,2,0,0,0,0,0,positive,treat_at_home,0,,recovered
CASE-005381,2026-03-16,Gisagara,Gisagara,CHW-GIS-01-02,14,male,38.7,1,0,0,0,0,0,invalid,refer,1,14.4,unknown
CASE-005382,2026-03-16,Gisagara,Kibirizi,CHW-GIS-03-04,92,female,37.9,1,0,0,0,0,0,invalid,refer,1,6.0,recovered
CASE-005383,2026-03-16,Gisagara,Save,CHW-GIS-02-02,25,male,37.8,3,0,0,0,0,0,positive,treat_at_home,0,,unknown
CASE-005384,2026-03-16,Gisagara,Save,CHW-GIS-02-03,23,female,38.4,3,0,0,0,0,0,positive,treat_at_home,0,,recovered
CASE-005385,2026-03-16,Kirehe,Gahara,CHW-KIR-02-01,348,male,38.6,2,0,0,0,0,0,negative,treat_at_home,0,,recovered
CASE-005386,2026-03-16,Kirehe,Gahara,CHW-KIR-02-01,29,female,38.6,2,0,0,0,0,0,positive,treat_at_home,0,,recovered
CASE-005387,2026-03-16,Kirehe,Kirehe,CHW-KIR-01-01,31,female,38.6,1,0,0,0,0,0,invalid,refer,1,14.1,recovered
CASE-005388,2026-03-16,Kirehe,Kirehe,CHW-KIR-01-04,42,female,38.3,3,0,0,0,0,0,positive,treat_at_home,0,,recovered
CASE-005389,2026-03-16,Kirehe,Mahama,CHW-KIR-03-04,32,female,38.4,1,0,0,0,0,0,negative,treat_at_home,0,,recovered
CASE-005390,2026-03-16,Nyagatare,Karangazi,CHW-NYG-02-03,52,male,38.1,1,0,0,0,0,0,positive,treat_at_home,0,,recovered
CASE-005391,2026-03-16,Nyagatare,Mimuri,CHW-NYG-05-04,44,female,38.2,1,0,0,1,0,0,negative,urgent_refer,1,4.6,recovered
CASE-005392,2026-03-16,Nyagatare,Nyagatare,CHW-NYG-01-04,26,female,38.9,1,0,0,0,0,0,negative,treat_at_home,0,,recovered
CASE-005393,2026-03-16,Rusizi,Gihundwe,CHW-RUS-03-03,40,female,36.9,0,0,0,0,0,0,positive,treat_at_home,0,,recovered
CASE-005394,2026-03-16,Rusizi,Gihundwe,CHW-RUS-03-03,99,male,39.2,3,0,0,0,0,0,negative,refer,1,4.1,recovered
CASE-005395,2026-03-17,Bugesera,Gashora,CHW-BUG-06-01,33,male,38.6,2,0,0,0,0,0,positive,treat_at_home,0,,recovered
CASE-005396,2026-03-17,Gisagara,Gisagara,CHW-GIS-01-01,14,male,38.0,1,0,0,0,0,0,invalid,refer,1,11.7,recovered
CASE-005397,2026-03-17,Gisagara,Kibirizi,CHW-GIS-03-02,58,female,37.8,2,0,0,0,0,0,negative,treat_at_home,0,,recovered
CASE-005398,2026-03-17,Gisagara,Kibirizi,CHW-GIS-03-03,9,female,38.3,2,0,0,0,0,0,positive,treat_at_home,0,,recovered
CASE-005399,2026-03-17,Gisagara,Save,CHW-GIS-02-04,69,male,38.7,2,0,0,0,0,1,positive,urgent_refer,1,4.6,complication
CASE-005400,2026-03-17,Kirehe,Gahara,CHW-KIR-02-01,103,female,38.5,6,0,0,0,0,0,negative,refer,0,,recovered
CASE-005401,2026-03-17,Kirehe,Gahara,CHW-KIR-02-03,23,female,38.2,2,0,0,0,0,0,positive,treat_at_home,0,,recovered
CASE-005402,2026-03-17,Nyagatare,Katabagemu,CHW-NYG-06-03,28,male,37.7,1,0,0,0,0,0,negative,treat_at_home,0,,recovered
CASE-005403,2026-03-17,Nyagatare,Nyagatare,CHW-NYG-01-04,31,male,38.6,3,0,0,0,0,0,invalid,refer,0,,recovered
CASE-005404,2026-03-17,Nyagatare,Rwimiyaga,CHW-NYG-03-01,45,male,38.6,2,0,1,0,0,1,negative,urgent_refer,1,9.2,unknown
CASE-005405,2026-03-17,Rusizi,Bugarama,CHW-RUS-02-02,19,female,38.6,2,0,0,0,0,0,positive,treat_at_home,0,,recovered
CASE-005406,2026-03-18,Bugesera,Gashora,CHW-BUG-06-01,5,female,38.7,6,0,0,0,0,0,positive,treat_at_home,0,,recovered
CASE-005407,2026-03-18,Bugesera,Mayange,CHW-BUG-03-03,40,female,36.5,0,0,0,0,0,0,negative,treat_at_home,0,,recovered
CASE-005408,2026-03-18,Gasabo,Kimironko,CHW-GAS-01-02,23,female,38.8,6,0,0,0,0,0,positive,treat_at_home,0,,recovered
CASE-005409,2026-03-18,Gisagara,Gisagara,CHW-GIS-01-03,172,female,38.5,1,0,0,0,0,0,positive,treat_at_home,0,,recovered
CASE-005410,2026-03-18,Gisagara,Kibirizi,CHW-GIS-03-04,26,male,39.7,6,0,0,0,0,0,negative,refer,1,9.2,recovered
CASE-005411,2026-03-18,Gisagara,Save,CHW-GIS-02-04,141,female,38.1,6,0,0,0,0,0,positive,refer,0,,recovered
CASE-005412,2026-03-18,Kirehe,Gahara,CHW-KIR-02-02,292,male,38.8,6,0,0,0,0,0,positive,treat_at_home,0,,recovered
CASE-005413,2026-03-18,Kirehe,Kirehe,CHW-KIR-01-01,152,male,38.8,2,0,0,1,0,1,positive,urgent_refer,1,3.1,recovered
CASE-005414,2026-03-18,Kirehe,Kirehe,CHW-KIR-01-03,11,female,38.2,4,0,0,0,0,0,negative,refer,1,2.7,recovered
CASE-005415,2026-03-18,Nyagatare,Karangazi,CHW-NYG-02-04,48,male,39.2,3,0,0,0,0,0,negative,refer,1,8.1,recovered
CASE-005416,2026-03-18,Nyagatare,Matimba,CHW-NYG-04-02,38,male,38.3,5,0,0,0,0,0,positive,treat_at_home,0,,recovered
CASE-005417,2026-03-18,Nyagatare,Nyagatare,CHW-NYG-01-04,113,male,37.8,1,0,0,0,0,0,positive,treat_at_home,0,,recovered
CASE-005418,2026-03-19,Bugesera,Mareba,CHW-BUG-04-01,15,male,36.9,0,0,0,0,0,0,negative,treat_at_home,0,,recovered
CASE-005419,2026-03-19,Bugesera,Mayange,CHW-BUG-03-01,258,male,36.4,0,0,0,0,0,0,positive,treat_at_home,0,,recovered
CASE-005420,2026-03-19,Kirehe,Gahara,CHW-KIR-02-02,120,female,38.2,4,0,0,0,0,0,negative,refer,1,6.1,recovered
CASE-005421,2026-03-19,Kirehe,Mahama,CHW-KIR-03-02,55,female,38.0,1,0,0,0,0,0,positive,treat_at_home,0,,recovered
CASE-005422,2026-03-19,Nyagatare,Karangazi,CHW-NYG-02-02,42,female,37.2,0,0,0,1,1,0,negative,urgent_refer,1,5.4,recovered
CASE-005423,2026-03-19,Nyagatare,Matimba,CHW-NYG-04-03,573,female,37.9,1,0,0,0,0,0,positive,treat_at_home,0,,recovered
CASE-005424,2026-03-19,Nyagatare,Nyagatare,CHW-NYG-01-02,142,female,38.8,1,0,1,0,0,0,negative,urgent_refer,1,6.1,unknown
CASE-005425,2026-03-19,Rusizi,Kamembe,CHW-RUS-01-03,25,male,37.8,2,0,0,0,0,0,positive,treat_at_home,0,,recovered
CASE-005426,2026-03-20,Bugesera,Gashora,CHW-BUG-06-03,21,male,36.7,0,0,0,0,0,0,negative,treat_at_home,0,,recovered
CASE-005427,2026-03-20,Bugesera,Gashora,CHW-BUG-06-04,623,female,38.1,2,0,0,0,0,0,positive,treat_at_home,0,,recovered
CASE-005428,2026-03-20,Bugesera,Mareba,CHW-BUG-04-03,41,male,38.3,3,0,0,0,0,0,negative,refer,1,11.8,recovered
CASE-005429,2026-03-20,Bugesera,Ntarama,CHW-BUG-05-03,5,female,36.5,0,0,0,1,1,0,negative,urgent_refer,0,,recovered
CASE-005430,2026-03-20,Bugesera,Ntarama,CHW-BUG-05-04,32,female,38.8,2,0,0,0,0,0,negative,treat_at_home,0,,recovered
CASE-005431,2026-03-20,Bugesera,Nyamata,CHW-BUG-01-04,9,male,38.5,2,0,0,0,0,0,negative,treat_at_home,0,,recovered
CASE-005432,2026-03-20,Gasabo,Kimironko,CHW-GAS-01-02,134,female,38.2,2,0,0,0,0,0,negative,treat_at_home,0,,recovered
CASE-005433,2026-03-20,Kirehe,Gahara,CHW-KIR-02-01,40,female,37.8,2,0,0,0,0,0,negative,treat_at_home,0,,recovered
CASE-005434,2026-03-20,Nyagatare,Katabagemu,CHW-NYG-06-01,47,male,38.4,1,0,0,0,0,0,negative,treat_at_home,0,,recovered
CASE-005435,2026-03-20,Nyagatare,Matimba,CHW-NYG-04-01,83,male,38.1,5,0,0,0,0,0,positive,treat_at_home,0,,recovered
CASE-005436,2026-03-20,Nyagatare,Nyagatare,CHW-NYG-01-01,637,female,38.6,1,0,0,0,0,0,positive,treat_at_home,0,,recovered
CASE-005437,2026-03-21,Bugesera,Mareba,CHW-BUG-04-02,74,female,38.6,2,0,1,1,0,0,positive,urgent_refer,1,3.0,recovered
CASE-005438,2026-03-21,Bugesera,Mareba,CHW-BUG-04-03,9,male,38.4,2,0,0,0,0,0,positive,treat_at_home,0,,recovered
CASE-005439,2026-03-21,Bugesera,Rilima,CHW-BUG-02-04,32,male,38.7,2,0,0,0,0,0,positive,treat_at_home,0,,recovered
CASE-005440,2026-03-21,Gisagara,Gisagara,CHW-GIS-01-01,23,female,36.8,0,0,0,0,0,0,positive,treat_at_home,0,,recovered
CASE-005441,2026-03-21,Gisagara,Gisagara,CHW-GIS-01-02,4,female,38.4,1,0,0,0,0,1,negative,urgent_refer,1,2.4,recovered
CASE-005442,2026-03-21,Gisagara,Gisagara,CHW-GIS-01-04,126,female,37.7,1,1,0,0,0,0,positive,urgent_refer,0,,recovered
CASE-005443,2026-03-21,Gisagara,Kibirizi,CHW-GIS-03-01,35,female,38.6,6,1,0,0,0,0,negative,refer,0,,recovered
CASE-005444,2026-03-21,Kirehe,Kirehe,CHW-KIR-01-02,48,male,39.3,2,0,0,0,0,0,invalid,refer,1,10.8,recovered
CASE-005445,2026-03-21,Nyagatare,Karangazi,CHW-NYG-02-01,18,male,39.0,3,0,0,0,0,0,positive,treat_at_home,0,,recovered
CASE-005446,2026-03-21,Nyagatare,Katabagemu,CHW-NYG-06-01,3,female,38.3,1,0,0,0,1,0,invalid,urgent_refer,1,3.2,recovered
CASE-005447,2026-03-21,Nyagatare,Matimba,CHW-NYG-04-02,28,female,38.5,4,0,0,0,0,0,positive,treat_at_home,0,,recovered
CASE-005448,2026-03-21,Nyagatare,Mimuri,CHW-NYG-05-01,349,male,38.9,1,0,0,0,0,0,negative,treat_at_home,0,,recovered
CASE-005449,2026-03-21,Nyagatare,Nyagatare,CHW-NYG-01-03,72,male,38.7,2,0,0,0,0,0,positive,treat_at_home,0,,recovered
CASE-005450,2026-03-21,Rusizi,Bugarama,CHW-RUS-02-04,3,female,37.8,4,0,0,0,0,0,positive,treat_at_home,0,,recovered
CASE-005451,2026-03-22,Bugesera,Ntarama,CHW-BUG-05-03,98,female,38.8,2,0,0,0,0,0,positive,treat_at_home,0,,recovered
CASE-005452,2026-03-22,Gasabo,Kacyiru,CHW-GAS-03-02,103,female,38.4,2,0,0,0,0,0,positive,treat_at_home,0,,recovered
CASE-005453,2026-03-22,Gisagara,Kibirizi,CHW-GIS-03-01,56,male,38.3,1,0,0,0,0,0,positive,treat_at_home,0,,recovered
CASE-005454,2026-03-22,Gisagara,Save,CHW-GIS-02-04,34,female,38.6,4,1,0,0,0,1,positive,urgent_refer,0,,recovered
CASE-005455,2026-03-22,Kirehe,Gahara,CHW-KIR-02-02,91,male,38.3,2,0,0,0,0,0,negative,treat_at_home,0,,recovered
CASE-005456,2026-03-22,Kirehe,Gahara,CHW-KIR-02-02,36,female,37.6,1,0,0,0,0,0,negative,treat_at_home,0,,recovered
CASE-005457,2026-03-22,Nyagatare,Nyagatare,CHW-NYG-01-03,50,female,37.8,4,0,0,0,0,0,invalid,refer,0,,unknown
CASE-005458,2026-03-22,Nyagatare,Rwimiyaga,CHW-NYG-03-02,7,male,37.4,1,0,0,0,0,0,positive,treat_at_home,0,,recovered
CASE-005459,2026-03-22,Rusizi,Kamembe,CHW-RUS-01-02,33,male,37.6,1,0,0,0,0,0,negative,treat_at_home,0,,recovered
CASE-005460,2026-03-23,Bugesera,Rilima,CHW-BUG-02-02,35,male,36.2,0,0,0,0,0,0,negative,treat_at_home,0,,recovered
CASE-005461,2026-03-23,Gisagara,Kibirizi,CHW-GIS-03-02,15,male,39.0,3,0,0,0,0,0,positive,treat_at_home,0,,recovered
CASE-005462,2026-03-23,Kirehe,Kirehe,CHW-KIR-01-03,46,male,37.8,1,0,0,0,0,0,positive,treat_at_home,0,,recovered
CASE-005463,2026-03-23,Nyagatare,Karangazi,CHW-NYG-02-03,284,female,38.1,4,0,0,0,0,0,negative,refer,0,,recovered
CASE-005464,2026-03-23,Nyagatare,Katabagemu,CHW-NYG-06-01,93,male,38.5,6,0,0,0,0,0,positive,treat_at_home,0,,recovered
CASE-005465,2026-03-23,Nyagatare,Rwimiyaga,CHW-NYG-03-04,5,male,38.4,2,0,0,0,0,0,positive,treat_at_home,0,,recovered
CASE-005466,2026-03-23,Rusizi,Gihundwe,CHW-RUS-03-04,142,female,38.3,1,0,0,0,0,0,negative,treat_at_home,0,,recovered
CASE-005467,2026-03-24,Bugesera,Mayange,CHW-BUG-03-03,273,female,38.8,1,0,0,0,0,0,positive,treat_at_home,0,,recovered
CASE-005468,2026-03-24,Bugesera,Mayange,CHW-BUG-03-04,117,female,38.5,2,0,0,0,0,0,positive,treat_at_home,0,,recovered
CASE-005469,2026-03-24,Bugesera,Ntarama,CHW-BUG-05-04,2,female,37.6,1,0,0,0,0,0,positive,treat_at_home,0,,recovered
CASE-005470,2026-03-24,Bugesera,Nyamata,CHW-BUG-01-02,47,female,38.4,2,0,0,0,0,0,positive,treat_at_home,0,,recovered
CASE-005471,2026-03-24,Bugesera,Rilima,CHW-BUG-02-04,65,female,37.7,2,0,0,0,0,0,positive,treat_at_home,0,,recovered
CASE-005472,2026-03-24,Gasabo,Kimironko,CHW-GAS-01-04,45,female,38.4,4,0,0,0,0,0,positive,treat_at_home,0,,recovered
CASE-005473,2026-03-24,Gisagara,Gisagara,CHW-GIS-01-02,176,male,38.1,2,0,0,0,0,0,positive,treat_at_home,0,,complication
CASE-005474,2026-03-24,Gisagara,Save,CHW-GIS-02-03,61,female,38.6,1,0,0,1,0,1,negative,urgent_refer,1,6.4,recovered
CASE-005475,2026-03-24,Kirehe,Mahama,CHW-KIR-03-04,125,female,37.8,2,0,0,0,0,0,positive,treat_at_home,0,,recovered
CASE-005476,2026-03-24,Nyagatare,Katabagemu,CHW-NYG-06-03,20,female,38.3,1,0,0,0,1,1,positive,refer,0,,recovered
CASE-005477,2026-03-24,Nyagatare,Nyagatare,CHW-NYG-01-02,17,male,38.8,3,0,1,0,0,0,negative,urgent_refer,0,,recovered
CASE-005478,2026-03-24,Nyagatare,Nyagatare,CHW-NYG-01-03,93,female,38.2,1,0,0,0,0,0,negative,treat_at_home,0,,recovered
CASE-005479,2026-03-25,Bugesera,Mareba,CHW-BUG-04-01,1,male,38.7,1,0,0,0,0,0,positive,urgent_refer,1,6.9,complication
CASE-005480,2026-03-25,Bugesera,Mareba,CHW-BUG-04-04,0,female,38.6,1,0,0,0,0,0,negative,urgent_refer,0,,recovered
CASE-005481,2026-03-25,Gisagara,Save,CHW-GIS-02-01,146,male,37.2,0,0,0,0,0,0,negative,treat_at_home,0,,recovered
CASE-005482,2026-03-25,Kirehe,Kirehe,CHW-KIR-01-02,18,male,38.1,7,0,0,0,0,0,positive,treat_at_home,0,,recovered
CASE-005483,2026-03-25,Nyagatare,Katabagemu,CHW-NYG-06-04,43,female,38.7,7,0,0,0,0,0,positive,treat_at_home,0,,recovered
CASE-005484,2026-03-25,Rusizi,Bugarama,CHW-RUS-02-04,138,male,37.7,3,0,0,0,0,0,positive,treat_at_home,0,,recovered
CASE-005485,2026-03-25,Rusizi,Kamembe,CHW-RUS-01-01,76,female,38.8,5,0,0,0,0,0,positive,treat_at_home,0,,recovered
CASE-005486,2026-03-25,Rusizi,Kamembe,CHW-RUS-01-02,312,female,36.6,0,0,0,0,0,0,negative,refer,1,13.5,recovered
CASE-005487,2026-03-26,Bugesera,Nyamata,CHW-BUG-01-02,2,male,39.3,4,0,0,0,0,0,positive,treat_at_home,0,,recovered
CASE-005488,2026-03-26,Gisagara,Gisagara,CHW-GIS-01-03,37,female,38.6,4,0,0,0,0,0,positive,treat_at_home,0,,recovered
CASE-005489,2026-03-26,Gisagara,Gisagara,CHW-GIS-01-04,92,female,38.6,4,0,0,0,0,0,positive,treat_at_home,0,,recovered
CASE-005490,2026-03-26,Kirehe,Gahara,CHW-KIR-02-04,9,female,36.4,0,0,0,0,0,0,negative,treat_at_home,0,,recovered
CASE-005491,2026-03-26,Kirehe,Mahama,CHW-KIR-03-01,31,female,38.7,1,0,0,0,0,0,negative,treat_at_home,0,,recovered
CASE-005492,2026-03-26,Nyagatare,Matimba,CHW-NYG-04-01,2,male,38.5,1,0,0,0,0,0,positive,treat_at_home,0,,recovered
CASE-005493,2026-03-26,Nyagatare,Mimuri,CHW-NYG-05-01,36,male,38.8,1,0,0,0,0,0,positive,treat_at_home,0,,recovered
CASE-005494,2026-03-26,Nyagatare,Rwimiyaga,CHW-NYG-03-03,33,female,38.6,3,0,0,0,0,0,positive,refer,0,,complication
CASE-005495,2026-03-27,Gasabo,Remera,CHW-GAS-02-01,51,male,38.7,2,0,0,0,0,0,positive,treat_at_home,0,,recovered
CASE-005496,2026-03-27,Gisagara,Save,CHW-GIS-02-01,448,female,36.6,0,0,0,0,0,0,positive,treat_at_home,0,,recovered
CASE-005497,2026-03-27,Kirehe,Mahama,CHW-KIR-03-01,65,female,39.0,3,0,0,0,0,0,positive,treat_at_home,0,,recovered
CASE-005498,2026-03-27,Nyagatare,Karangazi,CHW-NYG-02-02,49,male,38.7,1,0,0,0,0,0,negative,treat_at_home,0,,recovered
CASE-005499,2026-03-27,Nyagatare,Rwimiyaga,CHW-NYG-03-03,706,female,38.0,2,0,0,0,0,0,negative,treat_at_home,0,,recovered
CASE-005500,2026-03-27,Rusizi,Bugarama,CHW-RUS-02-01,7,female,38.9,4,0,0,0,0,0,negative,refer,0,,recovered
CASE-005501,2026-03-27,Rusizi,Gihundwe,CHW-RUS-03-04,42,female,38.5,1,0,0,0,0,0,negative,treat_at_home,0,,recovered
CASE-005502,2026-03-28,Bugesera,Gashora,CHW-BUG-06-01,86,female,38.2,1,0,0,0,0,0,positive,treat_at_home,0,,recovered
CASE-005503,2026-03-28,Bugesera,Mareba,CHW-BUG-04-02,44,male,38.9,3,0,0,0,0,0,positive,treat_at_home,0,,recovered
CASE-005504,2026-03-28,Bugesera,Mareba,CHW-BUG-04-04,43,male,36.5,0,0,0,0,0,0,negative,treat_at_home,0,,recovered
CASE-005505,2026-03-28,Bugesera,Mayange,CHW-BUG-03-04,49,female,39.1,2,0,0,0,0,0,positive,treat_at_home,0,,recovered
CASE-005506,2026-03-28,Gisagara,Save,CHW-GIS-02-03,28,female,38.4,1,0,0,0,0,0,invalid,refer,0,,recovered
CASE-005507,2026-03-28,Kirehe,Gahara,CHW-KIR-02-03,93,male,37.7,1,0,0,0,0,0,positive,treat_at_home,0,,recovered
CASE-005508,2026-03-28,Kirehe,Gahara,CHW-KIR-02-04,75,male,38.7,1,0,0,0,0,0,positive,treat_at_home,0,,recovered
CASE-005509,2026-03-28,Kirehe,Kirehe,CHW-KIR-01-01,55,male,38.2,2,0,0,0,0,0,positive,treat_at_home,0,,recovered
CASE-005510,2026-03-28,Nyagatare,Karangazi,CHW-NYG-02-02,56,female,37.8,1,0,0,0,0,0,positive,treat_at_home,0,,recovered
CASE-005511,2026-03-28,Nyagatare,Karangazi,CHW-NYG-02-02,124,male,38.3,1,0,0,0,0,0,positive,treat_at_home,0,,recovered
CASE-005512,2026-03-28,Nyagatare,Nyagatare,CHW-NYG-01-02,135,female,38.6,1,0,0,0,0,0,positive,refer,1,5.8,recovered
CASE-005513,2026-03-28,Nyagatare,Rwimiyaga,CHW-NYG-03-02,46,male,39.3,2,0,0,0,0,0,negative,treat_at_home,0,,recovered
CASE-005514,2026-03-28,Nyagatare,Rwimiyaga,CHW-NYG-03-04,49,male,38.7,2,0,0,0,0,0,positive,treat_at_home,0,,recovered
CASE-005515,2026-03-28,Rusizi,Gihundwe,CHW-RUS-03-01,38,male,38.6,2,0,0,0,0,0,positive,treat_at_home,0,,recovered
CASE-005516,2026-03-28,Rusizi,Gihundwe,CHW-RUS-03-02,622,male,38.1,4,0,0,0,0,0,positive,treat_at_home,0,,recovered
CASE-005517,2026-03-29,Bugesera,Mareba,CHW-BUG-04-01,58,female,38.7,2,0,0,0,0,0,positive,treat_at_home,0,,recovered
CASE-005518,2026-03-29,Bugesera,Ntarama,CHW-BUG-05-01,225,female,38.9,6,0,0,0,0,0,positive,treat_at_home,0,,recovered
CASE-005519,2026-03-29,Bugesera,Nyamata,CHW-BUG-01-03,6,male,37.9,1,0,0,0,0,0,positive,treat_at_home,0,,recovered
CASE-005520,2026-03-29,Bugesera,Rilima,CHW-BUG-02-02,79,female,38.6,1,0,0,0,0,0,positive,treat_at_home,0,,recovered
CASE-005521,2026-03-29,Bugesera,Rilima,CHW-BUG-02-03,56,female,38.6,2,0,0,0,0,0,positive,treat_at_home,0,,recovered
CASE-005522,2026-03-29,Gisagara,Gisagara,CHW-GIS-01-03,44,male,38.4,2,0,0,0,0,0,positive,treat_at_home,0,,recovered
CASE-005523,2026-03-29,Kirehe,Gahara,CHW-KIR-02-03,5,male,38.1,3,0,0,0,0,0,positive,treat_at_home,0,,recovered
CASE-005524,2026-03-29,Kirehe,Kirehe,CHW-KIR-01-01,45,male,38.7,1,0,0,0,0,0,positive,treat_at_home,0,,recovered
CASE-005525,2026-03-29,Kirehe,Mahama,CHW-KIR-03-03,17,female,38.3,4,0,0,0,0,0,negative,refer,1,5.5,recovered
CASE-005526,2026-03-29,Nyagatare,Matimba,CHW-NYG-04-01,55,female,38.2,4,0,0,0,0,0,negative,refer,0,,complication
CASE-005527,2026-03-29,Nyagatare,Mimuri,CHW-NYG-05-01,160,female,38.5,1,0,0,0,0,0,positive,treat_at_home,0,,recovered
CASE-005528,2026-03-29,Nyagatare,Nyagatare,CHW-NYG-01-01,56,female,38.1,1,0,0,0,0,0,negative,treat_at_home,0,,recovered
CASE-005529,2026-03-29,Nyagatare,Nyagatare,CHW-NYG-01-01,37,male,38.0,1,0,0,0,0,0,positive,treat_at_home,0,,recovered
CASE-005530,2026-03-29,Rusizi,Bugarama,CHW-RUS-02-04,42,female,38.8,2,0,0,0,0,0,negative,refer,1,13.9,complication
CASE-005531,2026-03-29,Rusizi,Kamembe,CHW-RUS-01-01,55,female,38.4,4,0,0,0,0,0,negative,refer,0,,complication
CASE-005532,2026-03-29,Rusizi,Kamembe,CHW-RUS-01-02,168,female,38.9,5,0,0,0,0,0,positive,treat_at_home,0,,recovered
CASE-005533,2026-03-30,Bugesera,Mareba,CHW-BUG-04-04,67,male,37.8,1,0,0,0,0,0,positive,treat_at_home,0,,recovered
CASE-005534,2026-03-30,Bugesera,Mayange,CHW-BUG-03-01,516,male,38.7,4,0,0,0,0,0,positive,treat_at_home,0,,recovered
CASE-005535,2026-03-30,Bugesera,Mayange,CHW-BUG-03-04,80,female,38.9,1,0,0,0,0,0,positive,treat_at_home,0,,recovered
CASE-005536,2026-03-30,Kirehe,Gahara,CHW-KIR-02-02,19,female,38.4,1,0,0,0,0,0,positive,treat_at_home,0,,recovered
CASE-005537,2026-03-30,Kirehe,Gahara,CHW-KIR-02-03,43,female,38.2,2,0,0,0,0,0,positive,treat_at_home,0,,recovered
CASE-005538,2026-03-30,Kirehe,Kirehe,CHW-KIR-01-01,19,male,36.8,0,0,0,0,0,0,negative,treat_at_home,0,,recovered
CASE-005539,2026-03-30,Kirehe,Mahama,CHW-KIR-03-02,89,female,38.5,5,0,1,1,0,0,positive,urgent_refer,0,,complication
CASE-005540,2026-03-30,Nyagatare,Katabagemu,CHW-NYG-06-04,507,female,37.9,1,0,0,0,0,0,positive,treat_at_home,0,,complication
CASE-005541,2026-03-30,Nyagatare,Matimba,CHW-NYG-04-01,35,female,38.6,6,0,0,0,0,0,positive,treat_at_home,0,,recovered
CASE-005542,2026-03-30,Nyagatare,Matimba,CHW-NYG-04-02,42,female,38.3,4,1,0,0,0,0,positive,urgent_refer,1,2.5,recovered
CASE-005543,2026-03-30,Rusizi,Gihundwe,CHW-RUS-03-03,1,female,38.1,4,0,0,0,0,0,positive,urgent_refer,1,4.6,recovered
CASE-005544,2026-03-31,Bugesera,Mayange,CHW-BUG-03-01,140,female,39.3,6,0,0,0,0,1,positive,urgent_refer,1,3.2,recovered
CASE-005545,2026-03-31,Bugesera,Mayange,CHW-BUG-03-04,25,female,39.4,1,0,0,0,0,0,positive,treat_at_home,0,,recovered
CASE-005546,2026-03-31,Bugesera,Nyamata,CHW-BUG-01-02,21,male,36.9,0,0,0,0,0,0,negative,treat_at_home,0,,recovered
CASE-005547,2026-03-31,Bugesera,Rilima,CHW-BUG-02-04,529,male,38.9,3,0,0,0,0,0,invalid,refer,1,6.6,unknown
CASE-005548,2026-03-31,Gisagara,Gisagara,CHW-GIS-01-04,332,male,38.5,2,0,0,0,0,0,negative,treat_at_home,0,,recovered
CASE-005549,2026-03-31,Gisagara,Gisagara,CHW-GIS-01-04,49,male,38.1,2,0,0,0,0,0,negative,refer,1,9.1,unknown
CASE-005550,2026-03-31,Gisagara,Gisagara,CHW-GIS-01-04,1,male,38.4,2,0,0,0,0,0,negative,urgent_refer,1,6.4,recovered
CASE-005551,2026-03-31,Gisagara,Kibirizi,CHW-GIS-03-04,48,male,38.1,3,0,0,0,0,0,positive,treat_at_home,0,,recovered
CASE-005552,2026-03-31,Kirehe,Gahara,CHW-KIR-02-01,59,male,37.8,1,0,0,0,0,0,positive,treat_at_home,0,,recovered
CASE-005553,2026-03-31,Kirehe,Mahama,CHW-KIR-03-03,114,male,38.5,4,0,0,0,0,0,positive,treat_at_home,0,,recovered
CASE-005554,2026-03-31,Nyagatare,Mimuri,CHW-NYG-05-01,258,male,38.0,1,0,0,0,0,0,positive,treat_at_home,0,,recovered
CASE-005555,2026-03-31,Rusizi,Bugarama,CHW-RUS-02-04,50,female,38.6,1,0,0,0,0,0,negative,treat_at_home,0,,recovered
CASE-005556,2026-04-01,Bugesera,Ntarama,CHW-BUG-05-04,76,female,38.6,1,0,0,0,0,0,positive,treat_at_home,0,,recovered
CASE-005557,2026-04-01,Bugesera,Nyamata,CHW-BUG-01-02,160,female,38.8,2,0,0,0,0,0,positive,treat_at_home,0,,recovered
CASE-005558,2026-04-01,Gisagara,Save,CHW-GIS-02-04,39,female,38.5,5,0,0,0,0,0,positive,treat_at_home,0,,recovered
CASE-005559,2026-04-01,Kirehe,Kirehe,CHW-KIR-01-02,19,female,38.5,1,0,0,0,0,1,positive,urgent_refer,1,5.0,recovered
CASE-005560,2026-04-01,Nyagatare,Matimba,CHW-NYG-04-02,31,male,38.1,2,0,0,0,0,0,positive,treat_at_home,0,,recovered
CASE-005561,2026-04-01,Nyagatare,Matimba,CHW-NYG-04-02,178,female,38.6,3,0,0,0,0,0,positive,refer,0,,recovered
CASE-005562,2026-04-01,Nyagatare,Mimuri,CHW-NYG-05-01,19,male,38.2,1,0,0,0,0,0,positive,treat_at_home,0,,recovered
CASE-005563,2026-04-01,Nyagatare,Mimuri,CHW-NYG-05-03,152,male,37.8,1,0,0,0,0,0,negative,treat_at_home,0,,recovered
CASE-005564,2026-04-01,Nyagatare,Mimuri,CHW-NYG-05-04,32,female,38.2,1,0,0,0,0,0,invalid,refer,1,6.9,recovered
CASE-005565,2026-04-01,Nyagatare,Nyagatare,CHW-NYG-01-01,12,male,38.4,4,0,0,0,0,0,positive,treat_at_home,0,,recovered
CASE-005566,2026-04-01,Nyagatare,Nyagatare,CHW-NYG-01-02,53,male,38.2,5,0,0,0,0,0,positive,treat_at_home,0,,recovered
CASE-005567,2026-04-01,Rusizi,Gihundwe,CHW-RUS-03-02,52,male,38.1,1,0,0,0,0,0,positive,treat_at_home,0,,recovered
CASE-005568,2026-04-01,Rusizi,Kamembe,CHW-RUS-01-01,19,female,38.4,1,0,0,0,0,0,positive,treat_at_home,0,,recovered
CASE-005569,2026-04-01,Rusizi,Kamembe,CHW-RUS-01-04,26,female,38.3,2,0,0,0,0,0,positive,treat_at_home,0,,recovered
CASE-005570,2026-04-02,Bugesera,Mayange,CHW-BUG-03-02,76,male,38.4,1,0,0,0,0,0,positive,treat_at_home,0,,recovered
CASE-005571,2026-04-02,Gisagara,Save,CHW-GIS-02-03,42,male,37.5,5,0,0,0,0,0,negative,refer,1,8.4,recovered
CASE-005572,2026-04-02,Kirehe,Gahara,CHW-KIR-02-03,57,female,39.0,2,0,0,0,0,0,positive,treat_at_home,0,,recovered
CASE-005573,2026-04-02,Kirehe,Gahara,CHW-KIR-02-03,225,female,38.8,1,0,0,0,0,0,positive,refer,1,4.4,recovered
CASE-005574,2026-04-02,Kirehe,Mahama,CHW-KIR-03-02,0,female,36.6,0,0,0,0,0,0,negative,urgent_refer,1,9.1,recovered
CASE-005575,2026-04-02,Kirehe,Mahama,CHW-KIR-03-04,30,female,38.8,2,0,0,1,0,1,positive,urgent_refer,0,,recovered
CASE-005576,2026-04-02,Nyagatare,Matimba,CHW-NYG-04-01,18,female,38.9,3,0,0,0,0,0,positive,treat_at_home,0,,recovered
CASE-005577,2026-04-02,Nyagatare,Matimba,CHW-NYG-04-02,54,female,37.6,4,0,0,0,0,0,positive,treat_at_home,0,,recovered
CASE-005578,2026-04-02,Nyagatare,Nyagatare,CHW-NYG-01-01,546,female,38.3,5,0,0,0,0,0,positive,treat_at_home,0,,recovered
CASE-005579,2026-04-02,Rusizi,Bugarama,CHW-RUS-02-01,46,female,38.8,2,0,0,0,0,0,negative,treat_at_home,0,,recovered
CASE-005580,2026-04-02,Rusizi,Bugarama,CHW-RUS-02-03,46,male,38.7,5,0,0,0,0,0,positive,treat_at_home,0,,recovered
CASE-005581,2026-04-02,Rusizi,Kamembe,CHW-RUS-01-02,27,male,38.4,1,0,0,0,0,0,positive,treat_at_home,0,,recovered
CASE-005582,2026-04-02,Rusizi,Kamembe,CHW-RUS-01-04,123,female,37.2,1,0,0,0,0,0,positive,refer,1,8.3,recovered
CASE-005583,2026-04-03,Bugesera,Mayange,CHW-BUG-03-01,47,male,38.3,2,0,0,0,0,0,positive,treat_at_home,0,,recovered
CASE-005584,2026-04-03,Bugesera,Nyamata,CHW-BUG-01-02,2,male,38.8,4,1,0,0,0,1,invalid,urgent_refer,1,6.0,recovered
CASE-005585,2026-04-03,Gasabo,Kacyiru,CHW-GAS-03-01,47,male,38.4,1,1,0,0,0,0,negative,urgent_refer,1,3.2,recovered
CASE-005586,2026-04-03,Gasabo,Kimironko,CHW-GAS-01-03,113,female,38.5,1,0,0,0,0,0,positive,treat_at_home,0,,recovered
CASE-005587,2026-04-03,Gisagara,Kibirizi,CHW-GIS-03-04,71,female,38.4,3,0,0,0,0,0,positive,treat_at_home,0,,recovered
CASE-005588,2026-04-03,Kirehe,Kirehe,CHW-KIR-01-02,185,female,37.9,5,0,0,0,0,0,negative,refer,1,9.4,recovered
CASE-005589,2026-04-03,Kirehe,Mahama,CHW-KIR-03-01,15,male,37.9,5,0,0,0,0,0,positive,treat_at_home,0,,recovered
CASE-005590,2026-04-03,Nyagatare,Karangazi,CHW-NYG-02-03,32,male,37.9,1,0,1,0,1,0,positive,urgent_refer,1,7.2,recovered
CASE-005591,2026-04-03,Nyagatare,Katabagemu,CHW-NYG-06-02,30,female,36.2,0,0,0,0,0,0,negative,treat_at_home,0,,recovered
CASE-005592,2026-04-03,Nyagatare,Mimuri,CHW-NYG-05-02,84,male,38.6,2,0,0,0,0,0,positive,treat_at_home,0,,recovered
CASE-005593,2026-04-04,Bugesera,Ntarama,CHW-BUG-05-04,21,male,37.0,0,0,0,0,0,0,negative,treat_at_home,0,,recovered
CASE-005594,2026-04-04,Bugesera,Nyamata,CHW-BUG-01-03,126,female,38.5,3,0,0,0,0,0,negative,refer,1,4.5,recovered
CASE-005595,2026-04-04,Gasabo,Kacyiru,CHW-GAS-03-01,25,male,38.3,5,0,0,0,0,0,negative,refer,1,6.5,recovered
CASE-005596,2026-04-04,Gisagara,Kibirizi,CHW-GIS-03-02,214,male,36.7,0,0,0,0,0,0,negative,treat_at_home,0,,recovered
CASE-005597,2026-04-04,Gisagara,Kibirizi,CHW-GIS-03-04,1,female,37.9,2,0,0,0,0,0,positive,treat_at_home,0,,recovered
CASE-005598,2026-04-04,Kirehe,Kirehe,CHW-KIR-01-03,22,male,38.5,1,0,0,0,0,0,negative,treat_at_home,0,,recovered
CASE-005599,2026-04-04,Kirehe,Kirehe,CHW-KIR-01-04,127,female,38.9,3,0,0,0,0,0,positive,treat_at_home,0,,recovered
CASE-005600,2026-04-04,Kirehe,Mahama,CHW-KIR-03-03,403,male,38.0,7,0,0,0,0,0,positive,treat_at_home,0,,recovered
CASE-005601,2026-04-04,Nyagatare,Katabagemu,CHW-NYG-06-01,4,female,38.1,2,0,0,0,0,0,positive,treat_at_home,0,,recovered
CASE-005602,2026-04-04,Nyagatare,Katabagemu,CHW-NYG-06-04,7,female,37.7,3,0,0,0,0,0,positive,treat_at_home,0,,recovered
CASE-005603,2026-04-04,Nyagatare,Nyagatare,CHW-NYG-01-02,169,female,38.7,1,0,0,0,0,0,positive,treat_at_home,0,,recovered
CASE-005604,2026-04-04,Rusizi,Kamembe,CHW-RUS-01-01,27,male,38.6,4,0,1,0,0,1,positive,urgent_refer,1,4.6,unknown
CASE-005605,2026-04-05,Bugesera,Mayange,CHW-BUG-03-04,57,female,38.3,2,0,0,0,0,0,positive,treat_at_home,0,,recovered
CASE-005606,2026-04-05,Bugesera,Ntarama,CHW-BUG-05-03,10,female,38.7,3,0,0,0,0,0,negative,refer,1,5.9,recovered
CASE-005607,2026-04-05,Bugesera,Nyamata,CHW-BUG-01-01,0,female,38.2,2,0,0,0,0,0,positive,urgent_refer,0,,recovered
CASE-005608,2026-04-05,Bugesera,Rilima,CHW-BUG-02-01,24,male,39.1,4,0,0,0,0,0,positive,treat_at_home,0,,recovered
CASE-005609,2026-04-05,Gisagara,Kibirizi,CHW-GIS-03-01,632,female,38.0,3,0,0,0,0,0,positive,treat_at_home,0,,recovered
CASE-005610,2026-04-05,Gisagara,Save,CHW-GIS-02-02,63,female,38.2,1,0,0,0,0,0,positive,treat_at_home,0,,complication
CASE-005611,2026-04-05,Kirehe,Kirehe,CHW-KIR-01-02,76,male,38.9,3,0,0,0,0,0,positive,treat_at_home,0,,recovered
CASE-005612,2026-04-05,Kirehe,Kirehe,CHW-KIR-01-03,21,male,38.4,2,0,0,0,0,0,negative,treat_at_home,0,,recovered
CASE-005613,2026-04-05,Nyagatare,Karangazi,CHW-NYG-02-02,544,male,39.3,5,1,0,0,1,0,positive,urgent_refer,0,,unknown
CASE-005614,2026-04-05,Nyagatare,Katabagemu,CHW-NYG-06-04,438,male,38.1,1,0,0,0,0,0,negative,treat_at_home,0,,recovered
CASE-005615,2026-04-05,Nyagatare,Matimba,CHW-NYG-04-04,14,male,38.0,1,0,0,0,0,0,positive,treat_at_home,0,,recovered
CASE-005616,2026-04-05,Nyagatare,Mimuri,CHW-NYG-05-01,17,male,38.8,3,0,0,0,0,1,invalid,urgent_refer,1,4.0,recovered
CASE-005617,2026-04-05,Nyagatare,Mimuri,CHW-NYG-05-04,22,male,38.5,1,0,0,0,0,0,positive,treat_at_home,0,,recovered
CASE-005618,2026-04-05,Nyagatare,Rwimiyaga,CHW-NYG-03-03,21,female,38.1,1,0,0,0,0,0,positive,treat_at_home,0,,recovered
CASE-005619,2026-04-05,Nyagatare,Rwimiyaga,CHW-NYG-03-04,2,female,38.2,3,0,0,0,0,0,positive,treat_at_home,0,,recovered
CASE-005620,2026-04-05,Rusizi,Gihundwe,CHW-RUS-03-02,21,male,37.7,2,0,0,0,0,0,negative,treat_at_home,0,,recovered
CASE-005621,2026-04-06,Bugesera,Gashora,CHW-BUG-06-03,162,male,38.6,2,0,0,0,0,0,positive,treat_at_home,0,,recovered
CASE-005622,2026-04-06,Bugesera,Mayange,CHW-BUG-03-04,175,female,39.4,6,0,0,0,0,0,positive,treat_at_home,0,,recovered
CASE-005623,2026-04-06,Bugesera,Ntarama,CHW-BUG-05-01,53,female,37.8,1,0,0,0,0,0,positive,treat_at_home,0,,recovered
CASE-005624,2026-04-06,Bugesera,Ntarama,CHW-BUG-05-03,60,male,36.5,0,0,0,0,0,0,negative,treat_at_home,0,,recovered
CASE-005625,2026-04-06,Bugesera,Nyamata,CHW-BUG-01-01,255,female,38.1,1,0,0,0,0,0,positive,refer,1,4.7,recovered
CASE-005626,2026-04-06,Bugesera,Rilima,CHW-BUG-02-03,36,male,38.5,1,0,0,0,0,0,positive,treat_at_home,0,,recovered
CASE-005627,2026-04-06,Gisagara,Gisagara,CHW-GIS-01-02,13,male,38.5,6,0,0,0,0,0,positive,treat_at_home,0,,recovered
CASE-005628,2026-04-06,Gisagara,Kibirizi,CHW-GIS-03-01,59,male,38.0,1,0,0,0,0,0,negative,treat_at_home,0,,recovered
CASE-005629,2026-04-06,Kirehe,Gahara,CHW-KIR-02-02,104,female,38.3,2,0,0,0,0,0,positive,treat_at_home,0,,recovered
CASE-005630,2026-04-06,Kirehe,Mahama,CHW-KIR-03-01,169,female,38.4,1,0,0,0,0,0,positive,treat_at_home,0,,recovered
CASE-005631,2026-04-06,Nyagatare,Karangazi,CHW-NYG-02-01,19,female,39.6,4,0,0,1,1,0,positive,urgent_refer,0,,complication
CASE-005632,2026-04-06,Nyagatare,Karangazi,CHW-NYG-02-04,3,female,38.5,1,1,0,0,0,1,positive,urgent_refer,0,,recovered
CASE-005633,2026-04-06,Nyagatare,Mimuri,CHW-NYG-05-03,4,male,37.5,1,0,0,0,0,0,negative,treat_at_home,0,,recovered
CASE-005634,2026-04-06,Nyagatare,Nyagatare,CHW-NYG-01-02,54,female,36.7,0,0,0,0,0,0,negative,treat_at_home,0,,recovered
CASE-005635,2026-04-06,Nyagatare,Nyagatare,CHW-NYG-01-04,13,male,38.3,1,0,0,0,0,0,positive,treat_at_home,0,,recovered
CASE-005636,2026-04-06,Nyagatare,Rwimiyaga,CHW-NYG-03-01,50,male,38.4,1,0,0,0,0,0,positive,treat_at_home,0,,recovered
CASE-005637,2026-04-06,Nyagatare,Rwimiyaga,CHW-NYG-03-04,55,female,38.0,1,0,0,0,0,0,negative,treat_at_home,0,,recovered
CASE-005638,2026-04-06,Rusizi,Kamembe,CHW-RUS-01-03,52,male,38.7,1,0,0,0,0,0,positive,treat_at_home,0,,recovered
CASE-005639,2026-04-06,Rusizi,Kamembe,CHW-RUS-01-03,514,female,37.2,0,0,0,0,0,0,negative,treat_at_home,0,,recovered
CASE-005640,2026-04-07,Bugesera,Gashora,CHW-BUG-06-03,2,male,37.8,3,0,0,0,0,0,invalid,treat_at_home,0,,recovered
CASE-005641,2026-04-07,Bugesera,Mareba,CHW-BUG-04-01,28,male,38.8,1,0,0,0,0,0,invalid,refer,0,,recovered
CASE-005642,2026-04-07,Bugesera,Ntarama,CHW-BUG-05-04,20,male,38.3,4,0,0,0,0,0,negative,refer,1,3.2,recovered
CASE-005643,2026-04-07,Bugesera,Nyamata,CHW-BUG-01-01,123,female,38.4,2,0,0,0,0,0,negative,treat_at_home,0,,recovered
CASE-005644,2026-04-07,Gasabo,Kacyiru,CHW-GAS-03-02,12,female,37.9,5,0,0,0,0,0,negative,refer,1,9.9,recovered
CASE-005645,2026-04-07,Gasabo,Remera,CHW-GAS-02-02,68,female,38.8,3,0,0,0,0,0,invalid,refer,1,6.9,recovered
CASE-005646,2026-04-07,Kirehe,Gahara,CHW-KIR-02-02,2,female,38.6,2,0,0,0,0,0,positive,refer,0,,recovered
CASE-005647,2026-04-07,Kirehe,Gahara,CHW-KIR-02-03,47,female,38.2,4,0,0,0,0,0,negative,refer,1,7.2,recovered
CASE-005648,2026-04-07,Kirehe,Kirehe,CHW-KIR-01-02,127,male,38.7,4,0,0,0,0,0,negative,refer,0,,recovered
CASE-005649,2026-04-07,Kirehe,Kirehe,CHW-KIR-01-02,55,male,38.2,1,0,0,0,0,0,negative,treat_at_home,0,,recovered
CASE-005650,2026-04-07,Kirehe,Kirehe,CHW-KIR-01-04,46,female,38.3,2,0,0,0,0,0,positive,treat_at_home,0,,recovered
CASE-005651,2026-04-07,Kirehe,Mahama,CHW-KIR-03-03,47,male,37.7,4,0,0,0,0,0,positive,treat_at_home,0,,recovered
CASE-005652,2026-04-07,Kirehe,Mahama,CHW-KIR-03-04,30,male,38.5,2,0,0,0,0,0,negative,treat_at_home,0,,recovered
CASE-005653,2026-04-07,Nyagatare,Mimuri,CHW-NYG-05-01,371,male,38.9,4,0,0,0,0,0,positive,treat_at_home,0,,recovered
CASE-005654,2026-04-07,Nyagatare,Rwimiyaga,CHW-NYG-03-03,164,male,37.9,1,0,0,0,0,0,positive,treat_at_home,0,,recovered
CASE-005655,2026-04-08,Bugesera,Mareba,CHW-BUG-04-01,38,male,38.1,1,0,0,0,0,0,positive,treat_at_home,0,,recovered
CASE-005656,2026-04-08,Gasabo,Kimironko,CHW-GAS-01-02,370,male,39.4,4,0,0,0,0,0,negative,refer,1,5.0,recovered
CASE-005657,2026-04-08,Gisagara,Gisagara,CHW-GIS-01-03,594,male,38.7,2,0,0,1,0,0,positive,urgent_refer,1,2.8,recovered
CASE-005658,2026-04-08,Gisagara,Gisagara,CHW-GIS-01-04,39,male,38.0,6,0,1,1,0,0,positive,urgent_refer,1,4.5,recovered
CASE-005659,2026-04-08,Gisagara,Kibirizi,CHW-GIS-03-04,52,female,38.3,1,0,0,0,0,0,negative,treat_at_home,0,,recovered
CASE-005660,2026-04-08,Kirehe,Mahama,CHW-KIR-03-02,178,male,38.6,1,0,0,0,0,0,negative,treat_at_home,0,,recovered
CASE-005661,2026-04-08,Nyagatare,Mimuri,CHW-NYG-05-03,5,female,38.6,3,0,0,0,0,0,positive,treat_at_home,0,,recovered
CASE-005662,2026-04-08,Nyagatare,Nyagatare,CHW-NYG-01-03,59,female,39.2,2,0,0,0,0,0,positive,treat_at_home,0,,recovered
CASE-005663,2026-04-08,Nyagatare,Rwimiyaga,CHW-NYG-03-01,49,female,37.9,1,0,0,0,0,0,negative,treat_at_home,0,,recovered
CASE-005664,2026-04-08,Nyagatare,Rwimiyaga,CHW-NYG-03-03,537,male,38.4,4,0,0,0,0,0,negative,refer,0,,recovered
CASE-005665,2026-04-08,Nyagatare,Rwimiyaga,CHW-NYG-03-04,145,female,36.7,0,0,0,0,0,0,negative,treat_at_home,0,,recovered
CASE-005666,2026-04-08,Rusizi,Bugarama,CHW-RUS-02-01,44,female,38.8,1,0,0,0,0,0,positive,treat_at_home,0,,recovered
CASE-005667,2026-04-08,Rusizi,Gihundwe,CHW-RUS-03-03,188,female,38.8,2,0,0,0,1,0,positive,urgent_refer,1,5.9,recovered
CASE-005668,2026-04-08,Rusizi,Gihundwe,CHW-RUS-03-03,59,female,38.4,1,0,0,0,0,0,positive,treat_at_home,0,,recovered
CASE-005669,2026-04-09,Bugesera,Mayange,CHW-BUG-03-01,479,male,38.5,1,0,0,0,0,0,positive,treat_at_home,0,,recovered
CASE-005670,2026-04-09,Gisagara,Gisagara,CHW-GIS-01-03,133,female,38.2,1,0,0,0,0,0,positive,treat_at_home,0,,recovered
CASE-005671,2026-04-09,Kirehe,Mahama,CHW-KIR-03-03,55,male,38.3,3,1,0,0,0,0,negative,urgent_refer,1,6.9,recovered
CASE-005672,2026-04-09,Nyagatare,Katabagemu,CHW-NYG-06-03,542,female,38.7,5,0,0,1,0,0,negative,urgent_refer,0,,recovered
CASE-005673,2026-04-09,Nyagatare,Matimba,CHW-NYG-04-04,164,female,39.2,1,0,0,0,0,0,positive,treat_at_home,0,,recovered
CASE-005674,2026-04-09,Nyagatare,Mimuri,CHW-NYG-05-01,37,male,37.3,2,0,0,0,0,0,positive,treat_at_home,0,,recovered
CASE-005675,2026-04-09,Nyagatare,Nyagatare,CHW-NYG-01-03,10,female,38.3,6,0,0,0,0,0,positive,treat_at_home,0,,recovered
CASE-005676,2026-04-09,Nyagatare,Rwimiyaga,CHW-NYG-03-03,20,female,38.6,1,0,0,0,0,0,positive,treat_at_home,0,,recovered
CASE-005677,2026-04-09,Rusizi,Bugarama,CHW-RUS-02-02,4,female,38.4,2,0,0,0,0,0,negative,treat_at_home,0,,recovered
CASE-005678,2026-04-09,Rusizi,Gihundwe,CHW-RUS-03-03,52,female,39.2,2,0,1,0,0,0,positive,urgent_refer,0,,complication
CASE-005679,2026-04-09,Rusizi,Gihundwe,CHW-RUS-03-04,6,male,38.1,4,0,0,0,0,0,positive,treat_at_home,0,,recovered
CASE-005680,2026-04-10,Bugesera,Mareba,CHW-BUG-04-04,632,male,38.4,2,1,0,0,1,0,positive,urgent_refer,0,,recovered
CASE-005681,2026-04-10,Bugesera,Ntarama,CHW-BUG-05-01,10,male,37.8,6,0,0,0,0,0,positive,refer,1,6.8,recovered
CASE-005682,2026-04-10,Gisagara,Kibirizi,CHW-GIS-03-01,277,male,38.7,1,0,0,0,0,0,positive,refer,1,6.9,recovered
CASE-005683,2026-04-10,Gisagara,Save,CHW-GIS-02-02,57,male,39.1,1,0,0,1,0,0,negative,urgent_refer,1,3.5,recovered
CASE-005684,2026-04-10,Kirehe,Gahara,CHW-KIR-02-03,143,female,38.9,4,0,0,0,0,0,negative,refer,1,4.8,recovered
CASE-005685,2026-04-10,Kirehe,Kirehe,CHW-KIR-01-03,29,female,38.2,5,0,0,0,0,0,positive,treat_at_home,0,,recovered
CASE-005686,2026-04-10,Kirehe,Mahama,CHW-KIR-03-03,312,male,38.6,2,0,0,0,0,0,positive,treat_at_home,0,,recovered
CASE-005687,2026-04-10,Kirehe,Mahama,CHW-KIR-03-04,30,male,39.1,6,0,0,0,0,0,positive,treat_at_home,0,,recovered
CASE-005688,2026-04-10,Nyagatare,Karangazi,CHW-NYG-02-03,43,male,39.0,1,1,0,0,1,0,positive,urgent_refer,1,5.3,recovered
CASE-005689,2026-04-10,Nyagatare,Katabagemu,CHW-NYG-06-01,522,female,39.2,7,0,0,0,0,0,positive,treat_at_home,0,,recovered
CASE-005690,2026-04-10,Nyagatare,Katabagemu,CHW-NYG-06-04,12,male,37.8,1,0,0,0,0,0,invalid,refer,0,,recovered
CASE-005691,2026-04-10,Nyagatare,Mimuri,CHW-NYG-05-04,30,female,38.6,6,0,0,0,0,0,positive,treat_at_home,0,,recovered
CASE-005692,2026-04-10,Nyagatare,Rwimiyaga,CHW-NYG-03-02,389,male,38.1,3,0,0,0,0,0,positive,treat_at_home,0,,recovered
CASE-005693,2026-04-10,Rusizi,Kamembe,CHW-RUS-01-02,12,male,38.6,7,0,0,0,0,0,positive,treat_at_home,0,,recovered
CASE-005694,2026-04-11,Bugesera,Mareba,CHW-BUG-04-03,17,male,38.7,5,0,0,0,0,0,positive,treat_at_home,0,,recovered
CASE-005695,2026-04-11,Bugesera,Ntarama,CHW-BUG-05-02,635,female,38.2,3,0,0,0,0,0,positive,treat_at_home,0,,recovered
CASE-005696,2026-04-11,Bugesera,Rilima,CHW-BUG-02-03,6,male,38.9,3,0,0,0,0,0,positive,treat_at_home,0,,recovered
CASE-005697,2026-04-11,Gasabo,Kacyiru,CHW-GAS-03-04,48,male,37.7,1,0,0,0,0,0,invalid,refer,1,5.4,recovered
CASE-005698,2026-04-11,Gasabo,Kimironko,CHW-GAS-01-03,43,female,39.3,3,0,0,0,0,0,positive,treat_at_home,0,,recovered
CASE-005699,2026-04-11,Gasabo,Remera,CHW-GAS-02-04,147,female,39.1,4,0,0,0,0,0,positive,treat_at_home,0,,recovered
CASE-005700,2026-04-11,Gisagara,Gisagara,CHW-GIS-01-03,9,female,38.5,1,0,1,0,1,0,positive,urgent_refer,1,3.9,unknown
CASE-005701,2026-04-11,Gisagara,Save,CHW-GIS-02-04,16,male,38.4,1,0,0,0,0,0,positive,treat_at_home,0,,recovered
CASE-005702,2026-04-11,Kirehe,Kirehe,CHW-KIR-01-03,145,male,38.5,2,0,0,0,0,0,positive,treat_at_home,0,,recovered
CASE-005703,2026-04-11,Kirehe,Mahama,CHW-KIR-03-01,31,female,37.8,2,0,0,0,0,0,negative,treat_at_home,0,,recovered
CASE-005704,2026-04-11,Nyagatare,Karangazi,CHW-NYG-02-01,42,female,38.1,1,0,0,0,0,0,positive,treat_at_home,0,,recovered
CASE-005705,2026-04-11,Nyagatare,Katabagemu,CHW-NYG-06-04,92,male,36.7,0,0,0,0,0,0,negative,refer,1,18.9,complication
CASE-005706,2026-04-11,Nyagatare,Mimuri,CHW-NYG-05-03,3,female,38.2,1,0,0,0,0,0,positive,treat_at_home,0,,recovered
CASE-005707,2026-04-11,Nyagatare,Nyagatare,CHW-NYG-01-03,166,female,37.8,4,0,0,0,0,0,positive,treat_at_home,0,,recovered
CASE-005708,2026-04-11,Nyagatare,Rwimiyaga,CHW-NYG-03-01,49,female,38.9,2,0,0,0,0,0,positive,treat_at_home,0,,recovered
CASE-005709,2026-04-11,Rusizi,Gihundwe,CHW-RUS-03-01,26,female,38.6,2,0,0,0,0,0,positive,treat_at_home,0,,recovered
CASE-005710,2026-04-11,Rusizi,Gihundwe,CHW-RUS-03-02,55,female,37.3,2,0,0,0,0,0,invalid,refer,1,9.1,unknown
CASE-005711,2026-04-11,Rusizi,Kamembe,CHW-RUS-01-02,181,female,38.8,3,0,0,0,0,0,positive,treat_at_home,0,,recovered
CASE-005712,2026-04-11,Rusizi,Kamembe,CHW-RUS-01-02,9,female,38.3,1,0,0,0,0,0,positive,treat_at_home,0,,recovered
CASE-005713,2026-04-12,Bugesera,Gashora,CHW-BUG-06-04,552,male,38.9,6,0,1,0,0,0,negative,urgent_refer,1,3.5,recovered
CASE-005714,2026-04-12,Bugesera,Mayange,CHW-BUG-03-03,558,male,36.1,0,0,0,0,0,0,negative,treat_at_home,0,,recovered
CASE-005715,2026-04-12,Bugesera,Nyamata,CHW-BUG-01-03,19,male,38.3,2,0,0,0,0,0,invalid,refer,1,7.3,complication
CASE-005716,2026-04-12,Bugesera,Nyamata,CHW-BUG-01-04,2,male,39.6,3,0,1,0,0,0,positive,urgent_refer,1,4.3,recovered
CASE-005717,2026-04-12,Gasabo,Kacyiru,CHW-GAS-03-04,513,male,38.1,1,0,0,0,0,0,positive,treat_at_home,0,,recovered
CASE-005718,2026-04-12,Gasabo,Kimironko,CHW-GAS-01-03,17,female,38.0,3,0,0,0,0,0,positive,treat_at_home,0,,recovered
CASE-005719,2026-04-12,Gasabo,Remera,CHW-GAS-02-04,52,female,37.9,1,0,1,0,0,0,positive,urgent_refer,1,5.4,complication
CASE-005720,2026-04-12,Gisagara,Gisagara,CHW-GIS-01-03,12,male,38.7,2,0,0,0,0,0,positive,treat_at_home,0,,recovered
CASE-005721,2026-04-12,Kirehe,Gahara,CHW-KIR-02-03,22,male,38.1,3,0,0,0,0,0,positive,treat_at_home,0,,recovered
CASE-005722,2026-04-12,Kirehe,Gahara,CHW-KIR-02-04,55,female,38.8,1,0,0,0,0,0,positive,treat_at_home,0,,recovered
CASE-005723,2026-04-12,Kirehe,Kirehe,CHW-KIR-01-02,40,female,37.9,2,0,0,0,0,0,positive,treat_at_home,0,,recovered
CASE-005724,2026-04-12,Kirehe,Mahama,CHW-KIR-03-04,521,female,38.2,1,0,0,0,0,0,positive,treat_at_home,0,,recovered
CASE-005725,2026-04-12,Nyagatare,Katabagemu,CHW-NYG-06-01,104,male,36.7,0,0,0,0,0,0,negative,treat_at_home,0,,recovered
CASE-005726,2026-04-12,Nyagatare,Katabagemu,CHW-NYG-06-02,18,female,38.9,5,0,0,0,0,0,positive,refer,0,,complication
CASE-005727,2026-04-12,Nyagatare,Matimba,CHW-NYG-04-02,318,female,38.1,2,0,0,0,0,0,negative,treat_at_home,0,,recovered
CASE-005728,2026-04-12,Nyagatare,Matimba,CHW-NYG-04-04,147,male,38.9,4,0,1,0,0,0,positive,refer,1,7.2,recovered
CASE-005729,2026-04-12,Nyagatare,Mimuri,CHW-NYG-05-04,48,female,38.3,4,0,0,0,0,0,positive,treat_at_home,0,,recovered
CASE-005730,2026-04-12,Nyagatare,Nyagatare,CHW-NYG-01-04,67,female,37.5,2,0,0,0,0,0,positive,treat_at_home,0,,recovered
CASE-005731,2026-04-12,Nyagatare,Rwimiyaga,CHW-NYG-03-01,274,female,38.8,2,0,0,0,0,0,positive,treat_at_home,0,,recovered
CASE-005732,2026-04-12,Rusizi,Bugarama,CHW-RUS-02-02,3,female,38.1,2,0,0,0,0,0,negative,treat_at_home,0,,recovered
CASE-005733,2026-04-13,Bugesera,Mareba,CHW-BUG-04-02,713,female,38.4,2,0,0,0,0,0,positive,treat_at_home,0,,recovered
CASE-005734,2026-04-13,Bugesera,Mayange,CHW-BUG-03-01,90,male,36.7,0,0,0,0,0,0,negative,treat_at_home,0,,recovered
CASE-005735,2026-04-13,Bugesera,Ntarama,CHW-BUG-05-02,74,male,36.9,0,0,0,0,0,0,negative,treat_at_home,0,,recovered
CASE-005736,2026-04-13,Gisagara,Kibirizi,CHW-GIS-03-01,164,male,38.4,2,0,1,0,0,0,positive,urgent_refer,1,5.0,recovered
CASE-005737,2026-04-13,Gisagara,Save,CHW-GIS-02-01,52,male,38.6,2,0,0,0,0,0,positive,treat_at_home,0,,recovered
CASE-005738,2026-04-13,Gisagara,Save,CHW-GIS-02-03,27,female,38.3,5,0,0,0,0,0,negative,treat_at_home,0,,recovered
CASE-005739,2026-04-13,Kirehe,Kirehe,CHW-KIR-01-01,250,male,37.9,1,0,0,0,0,0,negative,treat_at_home,0,,recovered
CASE-005740,2026-04-13,Nyagatare,Mimuri,CHW-NYG-05-01,65,male,38.1,1,0,0,0,1,0,positive,urgent_refer,1,4.8,recovered
CASE-005741,2026-04-13,Nyagatare,Mimuri,CHW-NYG-05-03,57,male,38.5,2,0,0,0,0,0,positive,treat_at_home,0,,recovered
CASE-005742,2026-04-13,Nyagatare,Rwimiyaga,CHW-NYG-03-02,318,male,38.4,2,1,1,0,0,0,positive,urgent_refer,0,,complication
CASE-005743,2026-04-14,Bugesera,Gashora,CHW-BUG-06-01,53,male,38.1,4,0,0,0,0,0,positive,refer,0,,recovered
CASE-005744,2026-04-14,Bugesera,Mareba,CHW-BUG-04-03,617,male,38.5,1,1,0,0,0,1,positive,urgent_refer,0,,complication
CASE-005745,2026-04-14,Bugesera,Ntarama,CHW-BUG-05-03,35,male,38.7,1,0,0,0,0,0,positive,treat_at_home,0,,recovered
CASE-005746,2026-04-14,Bugesera,Nyamata,CHW-BUG-01-04,28,female,39.6,1,0,0,0,0,0,positive,treat_at_home,0,,recovered
CASE-005747,2026-04-14,Bugesera,Nyamata,CHW-BUG-01-04,91,female,38.3,1,0,0,0,0,0,negative,treat_at_home,0,,recovered
CASE-005748,2026-04-14,Gisagara,Kibirizi,CHW-GIS-03-02,124,male,36.7,0,0,0,0,0,0,negative,treat_at_home,0,,recovered
CASE-005749,2026-04-14,Kirehe,Gahara,CHW-KIR-02-02,56,female,38.1,1,0,0,0,0,0,positive,treat_at_home,0,,recovered
CASE-005750,2026-04-14,Kirehe,Gahara,CHW-KIR-02-04,616,female,38.8,4,0,0,0,0,0,positive,treat_at_home,0,,recovered
CASE-005751,2026-04-14,Kirehe,Kirehe,CHW-KIR-01-01,163,male,38.6,2,0,0,0,0,0,positive,treat_at_home,0,,recovered
CASE-005752,2026-04-14,Kirehe,Kirehe,CHW-KIR-01-04,19,female,38.9,5,0,0,0,0,0,positive,refer,0,,recovered
CASE-005753,2026-04-14,Kirehe,Mahama,CHW-KIR-03-01,21,female,38.6,2,0,0,0,0,0,positive,treat_at_home,0,,complication
CASE-005754,2026-04-14,Nyagatare,Matimba,CHW-NYG-04-01,28,female,39.0,2,0,0,0,0,0,positive,treat_at_home,0,,recovered
CASE-005755,2026-04-14,Nyagatare,Mimuri,CHW-NYG-05-02,16,female,37.8,2,0,0,0,0,0,positive,treat_at_home,0,,recovered
CASE-005756,2026-04-14,Rusizi,Bugarama,CHW-RUS-02-03,57,female,38.4,3,0,0,0,0,0,invalid,refer,0,,recovered
CASE-005757,2026-04-15,Bugesera,Mareba,CHW-BUG-04-03,34,female,39.0,1,0,1,0,0,0,positive,urgent_refer,1,5.6,complication
CASE-005758,2026-04-15,Gasabo,Kacyiru,CHW-GAS-03-01,592,female,39.1,6,0,0,0,0,0,negative,refer,1,6.8,recovered
CASE-005759,2026-04-15,Gasabo,Remera,CHW-GAS-02-02,114,male,39.0,4,0,0,0,0,0,positive,treat_at_home,0,,recovered
CASE-005760,2026-04-15,Gisagara,Gisagara,CHW-GIS-01-01,10,female,39.2,4,0,0,0,0,0,negative,refer,1,6.6,recovered
CASE-005761,2026-04-15,Gisagara,Save,CHW-GIS-02-04,1,male,38.6,1,0,0,0,0,0,negative,urgent_refer,1,4.1,recovered
CASE-005762,2026-04-15,Kirehe,Gahara,CHW-KIR-02-03,25,male,38.4,1,0,0,0,0,0,positive,refer,1,10.0,recovered
CASE-005763,2026-04-15,Kirehe,Gahara,CHW-KIR-02-03,74,male,38.5,2,0,0,0,0,0,positive,treat_at_home,0,,recovered
CASE-005764,2026-04-15,Kirehe,Kirehe,CHW-KIR-01-01,45,male,38.2,1,0,0,0,0,0,positive,treat_at_home,0,,recovered
CASE-005765,2026-04-15,Nyagatare,Karangazi,CHW-NYG-02-03,704,female,38.0,2,0,0,0,0,0,positive,treat_at_home,0,,recovered
CASE-005766,2026-04-15,Nyagatare,Matimba,CHW-NYG-04-04,660,male,38.5,5,0,0,0,0,0,positive,treat_at_home,0,,recovered
CASE-005767,2026-04-16,Bugesera,Gashora,CHW-BUG-06-04,0,female,38.3,2,0,0,0,0,0,negative,urgent_refer,1,9.6,recovered
CASE-005768,2026-04-16,Bugesera,Nyamata,CHW-BUG-01-03,662,male,36.5,0,0,0,0,0,0,positive,treat_at_home,0,,recovered
CASE-005769,2026-04-16,Bugesera,Rilima,CHW-BUG-02-01,35,male,38.2,3,0,0,0,0,0,negative,refer,1,17.3,recovered
CASE-005770,2026-04-16,Bugesera,Rilima,CHW-BUG-02-02,469,male,37.9,2,0,0,0,0,0,negative,treat_at_home,0,,recovered
CASE-005771,2026-04-16,Bugesera,Rilima,CHW-BUG-02-04,52,female,37.8,1,0,0,0,0,0,positive,treat_at_home,0,,recovered
CASE-005772,2026-04-16,Gasabo,Kacyiru,CHW-GAS-03-01,10,female,37.9,1,0,0,0,0,0,negative,treat_at_home,0,,complication
CASE-005773,2026-04-16,Gasabo,Kacyiru,CHW-GAS-03-03,38,female,38.5,1,0,0,0,0,0,positive,treat_at_home,0,,recovered
CASE-005774,2026-04-16,Gasabo,Kacyiru,CHW-GAS-03-04,182,female,36.9,0,0,1,0,0,0,invalid,refer,0,,recovered
CASE-005775,2026-04-16,Gisagara,Gisagara,CHW-GIS-01-04,33,male,38.8,3,0,0,0,0,0,negative,refer,1,3.5,recovered
CASE-005776,2026-04-16,Kirehe,Kirehe,CHW-KIR-01-02,53,male,39.3,3,0,0,0,0,0,positive,treat_at_home,0,,recovered
CASE-005777,2026-04-16,Nyagatare,Katabagemu,CHW-NYG-06-03,58,female,38.6,1,0,0,0,0,0,positive,treat_at_home,0,,recovered
CASE-005778,2026-04-16,Nyagatare,Mimuri,CHW-NYG-05-01,20,female,38.2,6,0,0,0,0,0,positive,treat_at_home,0,,recovered
CASE-005779,2026-04-16,Nyagatare,Mimuri,CHW-NYG-05-04,46,female,38.3,4,0,1,0,0,1,positive,urgent_refer,0,,complication
CASE-005780,2026-04-16,Nyagatare,Nyagatare,CHW-NYG-01-03,48,female,38.6,2,0,0,0,0,0,positive,treat_at_home,0,,recovered
CASE-005781,2026-04-16,Nyagatare,Rwimiyaga,CHW-NYG-03-01,48,male,38.7,3,0,0,0,0,0,negative,refer,1,22.8,recovered
CASE-005782,2026-04-16,Rusizi,Bugarama,CHW-RUS-02-01,22,female,37.5,2,0,0,0,0,0,positive,treat_at_home,0,,recovered
CASE-005783,2026-04-16,Rusizi,Gihundwe,CHW-RUS-03-03,16,male,38.6,1,0,0,0,0,0,negative,treat_at_home,0,,recovered
CASE-005784,2026-04-17,Bugesera,Gashora,CHW-BUG-06-01,23,male,37.9,1,0,0,0,0,0,positive,treat_at_home,0,,recovered
CASE-005785,2026-04-17,Bugesera,Mareba,CHW-BUG-04-03,22,male,38.0,1,0,0,0,0,0,negative,treat_at_home,0,,recovered
CASE-005786,2026-04-17,Bugesera,Mayange,CHW-BUG-03-04,8,male,38.1,1,0,0,0,0,0,positive,treat_at_home,0,,recovered
CASE-005787,2026-04-17,Bugesera,Ntarama,CHW-BUG-05-02,104,female,38.3,1,0,0,0,0,0,positive,treat_at_home,0,,recovered
CASE-005788,2026-04-17,Gisagara,Kibirizi,CHW-GIS-03-03,305,female,37.4,5,0,0,0,0,0,negative,refer,1,17.4,recovered
CASE-005789,2026-04-17,Kirehe,Gahara,CHW-KIR-02-01,39,female,38.3,3,0,0,0,0,0,positive,treat_at_home,0,,recovered
CASE-005790,2026-04-17,Nyagatare,Karangazi,CHW-NYG-02-01,32,female,39.6,6,0,0,0,0,0,negative,refer,0,,recovered
CASE-005791,2026-04-17,Nyagatare,Karangazi,CHW-NYG-02-04,164,female,38.4,1,0,0,0,0,0,negative,treat_at_home,0,,recovered
CASE-005792,2026-04-17,Nyagatare,Nyagatare,CHW-NYG-01-03,156,male,38.6,2,0,0,0,0,0,positive,treat_at_home,0,,complication
CASE-005793,2026-04-17,Nyagatare,Rwimiyaga,CHW-NYG-03-01,62,female,38.2,1,0,1,0,0,0,positive,urgent_refer,1,7.9,recovered
CASE-005794,2026-04-17,Rusizi,Bugarama,CHW-RUS-02-03,7,male,38.0,3,0,0,0,0,0,positive,treat_at_home,0,,recovered
CASE-005795,2026-04-17,Rusizi,Kamembe,CHW-RUS-01-01,14,female,38.2,1,0,0,0,0,0,negative,treat_at_home,0,,recovered
CASE-005796,2026-04-18,Bugesera,Gashora,CHW-BUG-06-02,105,female,38.1,6,0,0,0,0,0,positive,treat_at_home,0,,recovered
CASE-005797,2026-04-18,Bugesera,Gashora,CHW-BUG-06-04,55,female,38.7,4,0,0,0,0,0,positive,treat_at_home,0,,recovered
CASE-005798,2026-04-18,Bugesera,Ntarama,CHW-BUG-05-04,24,female,37.8,1,0,0,0,0,0,positive,treat_at_home,0,,recovered
CASE-005799,2026-04-18,Bugesera,Rilima,CHW-BUG-02-01,58,female,38.1,1,0,0,0,0,0,positive,treat_at_home,0,,recovered
CASE-005800,2026-04-18,Gisagara,Kibirizi,CHW-GIS-03-03,34,male,36.4,0,0,0,0,0,0,negative,treat_at_home,0,,recovered
CASE-005801,2026-04-18,Kirehe,Gahara,CHW-KIR-02-04,6,male,38.1,3,0,0,0,0,0,positive,treat_at_home,0,,recovered
CASE-005802,2026-04-18,Nyagatare,Nyagatare,CHW-NYG-01-01,1,male,39.0,5,0,0,0,0,0,positive,urgent_refer,0,,recovered
CASE-005803,2026-04-18,Nyagatare,Nyagatare,CHW-NYG-01-03,516,male,36.3,0,0,0,0,0,0,negative,treat_at_home,0,,recovered
CASE-005804,2026-04-18,Nyagatare,Rwimiyaga,CHW-NYG-03-02,1,male,39.6,2,0,0,1,0,0,positive,urgent_refer,0,,recovered
CASE-005805,2026-04-18,Rusizi,Bugarama,CHW-RUS-02-02,25,male,38.0,1,0,0,0,0,0,positive,refer,0,,recovered
CASE-005806,2026-04-19,Bugesera,Mareba,CHW-BUG-04-02,86,female,38.7,3,0,0,0,0,0,positive,treat_at_home,0,,recovered
CASE-005807,2026-04-19,Bugesera,Mayange,CHW-BUG-03-01,37,female,39.2,1,0,0,0,0,0,negative,treat_at_home,0,,recovered
CASE-005808,2026-04-19,Kirehe,Gahara,CHW-KIR-02-04,1,male,38.8,6,0,0,0,0,0,positive,urgent_refer,1,4.8,recovered
CASE-005809,2026-04-19,Kirehe,Kirehe,CHW-KIR-01-01,96,female,37.4,2,0,0,0,0,0,negative,treat_at_home,0,,recovered
CASE-005810,2026-04-19,Kirehe,Kirehe,CHW-KIR-01-02,87,male,38.8,6,0,0,0,0,0,positive,treat_at_home,0,,recovered
CASE-005811,2026-04-19,Kirehe,Kirehe,CHW-KIR-01-03,11,female,37.7,3,0,0,0,0,0,negative,refer,1,3.6,recovered
CASE-005812,2026-04-19,Kirehe,Mahama,CHW-KIR-03-04,51,male,39.0,6,0,0,0,0,0,positive,treat_at_home,0,,recovered
CASE-005813,2026-04-19,Nyagatare,Karangazi,CHW-NYG-02-02,55,male,37.8,4,0,0,0,0,0,positive,treat_at_home,0,,recovered
CASE-005814,2026-04-19,Nyagatare,Katabagemu,CHW-NYG-06-02,43,female,37.6,1,0,0,0,0,0,positive,treat_at_home,0,,complication
CASE-005815,2026-04-19,Nyagatare,Mimuri,CHW-NYG-05-01,52,male,38.0,2,0,0,0,0,0,positive,treat_at_home,0,,recovered
CASE-005816,2026-04-19,Nyagatare,Nyagatare,CHW-NYG-01-01,13,female,39.1,1,0,0,0,0,0,positive,treat_at_home,0,,recovered
CASE-005817,2026-04-19,Nyagatare,Nyagatare,CHW-NYG-01-02,340,male,36.6,0,0,0,0,0,0,negative,treat_at_home,0,,recovered
CASE-005818,2026-04-19,Nyagatare,Nyagatare,CHW-NYG-01-04,15,male,38.3,1,0,0,0,0,0,negative,treat_at_home,0,,recovered
CASE-005819,2026-04-19,Rusizi,Kamembe,CHW-RUS-01-03,175,female,38.6,4,0,0,0,0,0,positive,treat_at_home,0,,recovered
CASE-005820,2026-04-20,Bugesera,Gashora,CHW-BUG-06-04,659,female,38.4,4,0,0,0,0,0,positive,treat_at_home,0,,recovered
CASE-005821,2026-04-20,Gisagara,Gisagara,CHW-GIS-01-01,0,female,38.6,2,0,0,1,1,0,invalid,urgent_refer,1,10.1,recovered
CASE-005822,2026-04-20,Gisagara,Kibirizi,CHW-GIS-03-03,216,female,38.0,3,0,0,0,0,0,positive,treat_at_home,0,,recovered
CASE-005823,2026-04-20,Gisagara,Save,CHW-GIS-02-01,18,male,38.3,6,0,0,0,0,0,negative,refer,1,4.9,recovered
CASE-005824,2026-04-20,Kirehe,Mahama,CHW-KIR-03-01,175,female,38.5,4,0,0,0,0,0,positive,treat_at_home,0,,recovered
CASE-005825,2026-04-20,Kirehe,Mahama,CHW-KIR-03-03,559,male,37.9,1,0,0,0,0,0,positive,treat_at_home,0,,recovered
CASE-005826,2026-04-20,Nyagatare,Mimuri,CHW-NYG-05-01,412,male,39.3,5,0,0,0,0,0,negative,refer,1,9.1,recovered
CASE-005827,2026-04-20,Rusizi,Gihundwe,CHW-RUS-03-04,27,female,38.7,5,0,0,0,0,0,positive,treat_at_home,0,,recovered
CASE-005828,2026-04-21,Bugesera,Gashora,CHW-BUG-06-04,125,female,38.3,1,0,0,0,0,0,positive,treat_at_home,0,,recovered
CASE-005829,2026-04-21,Bugesera,Mayange,CHW-BUG-03-01,130,female,38.3,1,0,0,0,0,0,positive,treat_at_home,0,,recovered
CASE-005830,2026-04-21,Bugesera,Mayange,CHW-BUG-03-03,8,female,38.8,2,0,0,0,0,0,negative,treat_at_home,0,,recovered
CASE-005831,2026-04-21,Bugesera,Ntarama,CHW-BUG-05-01,154,male,38.0,2,0,0,0,0,0,positive,treat_at_home,0,,recovered
CASE-005832,2026-04-21,Bugesera,Ntarama,CHW-BUG-05-01,43,female,37.7,2,0,0,0,0,0,positive,treat_at_home,0,,recovered
CASE-005833,2026-04-21,Gasabo,Kacyiru,CHW-GAS-03-04,59,female,38.7,1,0,0,0,0,0,negative,treat_at_home,0,,recovered
CASE-005834,2026-04-21,Gisagara,Gisagara,CHW-GIS-01-02,245,male,38.7,3,0,0,0,0,0,positive,treat_at_home,0,,recovered
CASE-005835,2026-04-21,Gisagara,Gisagara,CHW-GIS-01-02,25,male,36.4,0,0,0,0,0,0,invalid,refer,1,5.7,recovered
CASE-005836,2026-04-21,Gisagara,Gisagara,CHW-GIS-01-04,149,male,38.6,2,0,0,0,0,0,negative,treat_at_home,0,,recovered
CASE-005837,2026-04-21,Gisagara,Kibirizi,CHW-GIS-03-01,32,female,39.0,4,0,0,0,0,0,positive,treat_at_home,0,,recovered
CASE-005838,2026-04-21,Gisagara,Kibirizi,CHW-GIS-03-02,711,male,38.1,2,0,0,0,0,0,negative,refer,0,,complication
CASE-005839,2026-04-21,Kirehe,Kirehe,CHW-KIR-01-03,200,female,38.7,1,0,0,0,0,0,negative,treat_at_home,0,,recovered
CASE-005840,2026-04-21,Kirehe,Kirehe,CHW-KIR-01-03,41,male,38.3,6,0,0,0,0,0,negative,refer,1,3.7,recovered
CASE-005841,2026-04-21,Kirehe,Mahama,CHW-KIR-03-01,156,male,38.2,1,0,0,0,0,0,positive,treat_at_home,0,,recovered
CASE-005842,2026-04-21,Kirehe,Mahama,CHW-KIR-03-04,10,male,37.8,4,0,0,0,0,0,positive,treat_at_home,0,,recovered
CASE-005843,2026-04-21,Nyagatare,Karangazi,CHW-NYG-02-01,4,female,38.9,5,0,0,0,0,0,positive,treat_at_home,0,,recovered
CASE-005844,2026-04-21,Nyagatare,Matimba,CHW-NYG-04-04,113,male,38.5,3,0,0,0,0,0,positive,treat_at_home,0,,recovered
CASE-005845,2026-04-21,Nyagatare,Nyagatare,CHW-NYG-01-03,4,female,38.5,1,1,0,0,0,0,positive,urgent_refer,1,4.7,recovered
CASE-005846,2026-04-21,Nyagatare,Rwimiyaga,CHW-NYG-03-02,29,male,38.2,1,0,0,0,0,0,positive,treat_at_home,0,,recovered
CASE-005847,2026-04-22,Bugesera,Mareba,CHW-BUG-04-03,2,female,38.2,5,0,0,0,0,0,positive,treat_at_home,0,,recovered
CASE-005848,2026-04-22,Bugesera,Mareba,CHW-BUG-04-04,557,male,39.2,2,0,0,0,0,0,positive,treat_at_home,0,,recovered
CASE-005849,2026-04-22,Bugesera,Nyamata,CHW-BUG-01-01,11,female,38.5,1,0,0,0,0,0,positive,refer,1,6.3,recovered
CASE-005850,2026-04-22,Bugesera,Rilima,CHW-BUG-02-04,32,female,39.9,1,0,0,0,0,0,positive,treat_at_home,0,,unknown
CASE-005851,2026-04-22,Gasabo,Kacyiru,CHW-GAS-03-03,154,female,39.6,1,0,0,0,1,0,negative,urgent_refer,0,,recovered
CASE-005852,2026-04-22,Gisagara,Kibirizi,CHW-GIS-03-04,43,male,38.4,2,0,0,0,0,0,positive,treat_at_home,0,,recovered
CASE-005853,2026-04-22,Kirehe,Kirehe,CHW-KIR-01-02,22,male,38.1,1,0,0,0,0,0,positive,treat_at_home,0,,recovered
CASE-005854,2026-04-22,Nyagatare,Katabagemu,CHW-NYG-06-03,58,male,38.2,1,0,0,0,0,0,negative,treat_at_home,0,,unknown
CASE-005855,2026-04-22,Nyagatare,Mimuri,CHW-NYG-05-02,55,male,38.9,4,0,0,0,0,0,positive,treat_at_home,0,,recovered
CASE-005856,2026-04-22,Nyagatare,Nyagatare,CHW-NYG-01-04,54,male,38.7,4,0,0,0,0,0,positive,treat_at_home,0,,recovered
CASE-005857,2026-04-22,Nyagatare,Rwimiyaga,CHW-NYG-03-02,110,male,38.6,3,0,0,0,0,0,negative,refer,1,25.5,recovered
CASE-005858,2026-04-22,Nyagatare,Rwimiyaga,CHW-NYG-03-04,2,female,37.3,0,0,0,0,0,0,negative,treat_at_home,0,,unknown
CASE-005859,2026-04-22,Rusizi,Kamembe,CHW-RUS-01-01,146,male,38.2,1,0,0,0,0,0,invalid,refer,1,3.3,recovered
CASE-005860,2026-04-23,Bugesera,Mareba,CHW-BUG-04-02,146,male,38.0,1,0,0,0,0,0,negative,refer,1,11.6,recovered
CASE-005861,2026-04-23,Bugesera,Mayange,CHW-BUG-03-02,115,female,37.9,1,0,1,0,0,0,positive,urgent_refer,1,4.0,recovered
CASE-005862,2026-04-23,Bugesera,Mayange,CHW-BUG-03-04,357,female,38.9,7,0,0,0,0,0,negative,refer,1,5.9,recovered
CASE-005863,2026-04-23,Bugesera,Nyamata,CHW-BUG-01-04,209,female,38.6,3,0,0,0,0,0,negative,refer,1,8.2,recovered
CASE-005864,2026-04-23,Gasabo,Kacyiru,CHW-GAS-03-01,18,male,38.3,6,0,0,0,0,0,negative,refer,0,,recovered
CASE-005865,2026-04-23,Gasabo,Kimironko,CHW-GAS-01-02,48,female,37.9,1,0,0,0,0,0,negative,treat_at_home,0,,recovered
CASE-005866,2026-04-23,Gasabo,Remera,CHW-GAS-02-04,97,female,38.5,2,0,0,0,0,0,negative,treat_at_home,0,,recovered
CASE-005867,2026-04-23,Gisagara,Kibirizi,CHW-GIS-03-02,18,female,38.6,1,0,0,0,0,0,negative,treat_at_home,0,,recovered
CASE-005868,2026-04-23,Gisagara,Save,CHW-GIS-02-03,119,male,38.5,3,0,0,0,0,0,negative,refer,0,,died
CASE-005869,2026-04-23,Nyagatare,Katabagemu,CHW-NYG-06-04,33,female,38.7,3,0,0,0,0,0,positive,treat_at_home,0,,recovered
CASE-005870,2026-04-23,Nyagatare,Matimba,CHW-NYG-04-04,17,female,36.4,0,0,0,0,0,0,negative,treat_at_home,0,,recovered
CASE-005871,2026-04-23,Nyagatare,Matimba,CHW-NYG-04-04,540,male,38.3,2,0,0,0,0,0,negative,treat_at_home,0,,recovered
CASE-005872,2026-04-23,Nyagatare,Mimuri,CHW-NYG-05-02,38,female,39.6,3,0,0,0,0,0,negative,refer,1,7.6,recovered
CASE-005873,2026-04-23,Nyagatare,Nyagatare,CHW-NYG-01-02,8,male,38.3,4,0,0,0,0,0,negative,refer,1,7.0,recovered
CASE-005874,2026-04-23,Nyagatare,Rwimiyaga,CHW-NYG-03-02,355,male,39.2,2,0,0,0,0,0,positive,treat_at_home,0,,recovered
CASE-005875,2026-04-23,Rusizi,Kamembe,CHW-RUS-01-03,13,male,37.9,6,1,1,0,0,0,positive,urgent_refer,0,,recovered
CASE-005876,2026-04-23,Rusizi,Kamembe,CHW-RUS-01-04,35,male,38.8,2,0,0,0,0,0,negative,treat_at_home,0,,recovered
CASE-005877,2026-04-24,Bugesera,Rilima,CHW-BUG-02-04,179,male,39.8,4,0,0,0,0,0,positive,treat_at_home,0,,recovered
CASE-005878,2026-04-24,Gasabo,Kacyiru,CHW-GAS-03-03,38,male,38.4,2,0,0,0,0,0,positive,treat_at_home,0,,recovered
CASE-005879,2026-04-24,Gisagara,Gisagara,CHW-GIS-01-01,15,female,38.6,2,0,0,0,0,0,positive,treat_at_home,0,,recovered
CASE-005880,2026-04-24,Gisagara,Kibirizi,CHW-GIS-03-04,699,female,36.7,0,0,0,0,0,0,negative,treat_at_home,0,,recovered
CASE-005881,2026-04-24,Kirehe,Gahara,CHW-KIR-02-02,30,female,38.2,3,0,0,0,0,0,positive,treat_at_home,0,,complication
CASE-005882,2026-04-24,Kirehe,Gahara,CHW-KIR-02-03,32,female,38.3,3,0,0,0,0,0,positive,treat_at_home,0,,recovered
CASE-005883,2026-04-24,Kirehe,Kirehe,CHW-KIR-01-03,13,male,38.4,2,1,0,0,0,0,positive,urgent_refer,1,5.6,recovered
CASE-005884,2026-04-24,Kirehe,Mahama,CHW-KIR-03-02,107,male,38.6,5,0,0,0,0,0,invalid,refer,1,10.8,recovered
CASE-005885,2026-04-24,Kirehe,Mahama,CHW-KIR-03-04,1,female,38.7,1,0,0,0,0,0,positive,urgent_refer,1,18.7,recovered
CASE-005886,2026-04-24,Nyagatare,Rwimiyaga,CHW-NYG-03-04,24,female,39.2,3,0,0,0,0,0,positive,treat_at_home,0,,recovered
CASE-005887,2026-04-24,Rusizi,Gihundwe,CHW-RUS-03-03,3,male,38.4,1,0,0,0,0,0,negative,treat_at_home,0,,recovered
CASE-005888,2026-04-25,Bugesera,Gashora,CHW-BUG-06-01,652,male,38.5,6,0,0,0,0,0,negative,refer,1,20.5,recovered
CASE-005889,2026-04-25,Bugesera,Mareba,CHW-BUG-04-03,4,female,38.2,4,0,0,0,0,0,positive,treat_at_home,0,,recovered
CASE-005890,2026-04-25,Bugesera,Ntarama,CHW-BUG-05-03,14,male,38.4,1,0,1,0,0,0,positive,urgent_refer,1,3.8,complication
CASE-005891,2026-04-25,Bugesera,Nyamata,CHW-BUG-01-04,174,male,38.1,1,0,0,0,0,0,positive,treat_at_home,0,,recovered
CASE-005892,2026-04-25,Gasabo,Kimironko,CHW-GAS-01-02,140,male,38.2,2,0,0,0,0,0,negative,treat_at_home,0,,recovered
CASE-005893,2026-04-25,Nyagatare,Matimba,CHW-NYG-04-01,4,female,38.5,2,0,0,1,0,0,positive,urgent_refer,1,5.3,recovered
CASE-005894,2026-04-25,Nyagatare,Matimba,CHW-NYG-04-01,397,male,38.9,2,0,0,0,0,0,positive,refer,1,12.2,recovered
CASE-005895,2026-04-25,Nyagatare,Matimba,CHW-NYG-04-01,25,male,38.2,2,0,0,0,0,0,positive,treat_at_home,0,,recovered
CASE-005896,2026-04-25,Nyagatare,Matimba,CHW-NYG-04-04,321,female,37.6,4,0,0,0,0,0,positive,treat_at_home,0,,recovered
CASE-005897,2026-04-25,Nyagatare,Rwimiyaga,CHW-NYG-03-01,24,male,39.6,1,0,0,0,0,0,positive,treat_at_home,0,,recovered
CASE-005898,2026-04-25,Rusizi,Gihundwe,CHW-RUS-03-01,41,female,38.7,2,0,0,0,0,0,positive,treat_at_home,0,,recovered
CASE-005899,2026-04-25,Rusizi,Gihundwe,CHW-RUS-03-04,26,female,38.8,1,0,0,0,0,0,positive,treat_at_home,0,,recovered
CASE-005900,2026-04-26,Bugesera,Ntarama,CHW-BUG-05-04,38,male,38.3,1,0,0,0,0,0,positive,treat_at_home,0,,recovered
CASE-005901,2026-04-26,Gasabo,Kacyiru,CHW-GAS-03-02,17,male,38.8,2,0,0,0,0,0,positive,treat_at_home,0,,recovered
CASE-005902,2026-04-26,Gasabo,Kacyiru,CHW-GAS-03-02,50,female,38.0,1,0,0,0,0,0,negative,treat_at_home,0,,recovered
CASE-005903,2026-04-26,Gasabo,Kacyiru,CHW-GAS-03-03,5,male,38.4,4,0,0,0,0,0,positive,treat_at_home,0,,recovered
CASE-005904,2026-04-26,Gisagara,Kibirizi,CHW-GIS-03-04,7,female,38.2,1,0,0,0,0,0,positive,treat_at_home,0,,recovered
CASE-005905,2026-04-26,Gisagara,Save,CHW-GIS-02-01,101,female,39.1,3,0,0,0,0,0,positive,treat_at_home,0,,recovered
CASE-005906,2026-04-26,Kirehe,Kirehe,CHW-KIR-01-03,15,female,38.8,1,0,0,0,0,0,negative,treat_at_home,0,,recovered
CASE-005907,2026-04-26,Nyagatare,Karangazi,CHW-NYG-02-02,36,female,38.4,5,0,0,0,0,0,positive,treat_at_home,0,,recovered
CASE-005908,2026-04-26,Nyagatare,Katabagemu,CHW-NYG-06-01,27,male,38.1,2,0,0,0,0,0,positive,treat_at_home,0,,recovered
CASE-005909,2026-04-26,Nyagatare,Katabagemu,CHW-NYG-06-04,59,female,37.9,2,0,0,0,0,0,negative,treat_at_home,0,,recovered
CASE-005910,2026-04-26,Nyagatare,Mimuri,CHW-NYG-05-01,33,male,38.1,5,0,0,0,0,0,invalid,refer,1,4.0,recovered
CASE-005911,2026-04-26,Nyagatare,Rwimiyaga,CHW-NYG-03-01,0,male,38.5,1,0,0,0,0,0,positive,urgent_refer,1,7.1,recovered
CASE-005912,2026-04-26,Nyagatare,Rwimiyaga,CHW-NYG-03-02,142,female,37.9,1,0,0,0,0,0,positive,treat_at_home,0,,recovered
CASE-005913,2026-04-26,Nyagatare,Rwimiyaga,CHW-NYG-03-04,144,female,37.6,2,0,0,0,0,0,positive,treat_at_home,0,,recovered
CASE-005914,2026-04-26,Rusizi,Bugarama,CHW-RUS-02-03,5,female,36.9,1,0,0,0,0,0,positive,treat_at_home,0,,recovered
CASE-005915,2026-04-27,Bugesera,Gashora,CHW-BUG-06-01,45,female,38.8,4,0,0,0,0,0,negative,refer,1,5.9,recovered
CASE-005916,2026-04-27,Bugesera,Ntarama,CHW-BUG-05-02,157,female,38.5,2,1,0,0,0,0,negative,urgent_refer,0,,recovered
CASE-005917,2026-04-27,Bugesera,Ntarama,CHW-BUG-05-04,37,male,38.8,2,0,0,0,0,0,positive,treat_at_home,0,,recovered
CASE-005918,2026-04-27,Gasabo,Remera,CHW-GAS-02-03,206,male,38.2,1,0,0,0,0,0,positive,treat_at_home,0,,recovered
CASE-005919,2026-04-27,Gisagara,Gisagara,CHW-GIS-01-02,49,male,38.1,1,0,0,0,0,0,negative,treat_at_home,0,,recovered
CASE-005920,2026-04-27,Gisagara,Kibirizi,CHW-GIS-03-02,31,female,36.5,0,0,0,0,0,0,negative,treat_at_home,0,,recovered
CASE-005921,2026-04-27,Kirehe,Kirehe,CHW-KIR-01-04,2,female,38.6,1,0,0,0,0,0,positive,treat_at_home,0,,recovered
CASE-005922,2026-04-27,Kirehe,Mahama,CHW-KIR-03-04,395,male,37.4,1,0,0,0,0,0,negative,treat_at_home,0,,unknown
CASE-005923,2026-04-27,Kirehe,Mahama,CHW-KIR-03-04,33,female,38.4,1,0,0,0,0,0,positive,treat_at_home,0,,recovered
CASE-005924,2026-04-27,Nyagatare,Karangazi,CHW-NYG-02-02,84,female,39.0,1,0,0,0,0,0,positive,treat_at_home,0,,recovered
CASE-005925,2026-04-27,Nyagatare,Katabagemu,CHW-NYG-06-01,653,female,36.9,0,0,0,0,0,0,invalid,refer,1,10.1,recovered
CASE-005926,2026-04-27,Nyagatare,Mimuri,CHW-NYG-05-02,23,female,38.4,6,0,0,0,0,0,positive,treat_at_home,0,,recovered
CASE-005927,2026-04-27,Nyagatare,Mimuri,CHW-NYG-05-02,153,male,38.0,2,0,0,0,0,0,positive,treat_at_home,0,,recovered
CASE-005928,2026-04-27,Nyagatare,Mimuri,CHW-NYG-05-03,19,male,38.7,1,0,0,0,0,0,negative,treat_at_home,0,,recovered
CASE-005929,2026-04-27,Rusizi,Gihundwe,CHW-RUS-03-01,32,male,38.3,4,0,0,0,0,0,positive,treat_at_home,0,,recovered
CASE-005930,2026-04-27,Rusizi,Gihundwe,CHW-RUS-03-04,168,female,38.3,4,0,0,0,0,0,positive,treat_at_home,0,,recovered
CASE-005931,2026-04-28,Bugesera,Mareba,CHW-BUG-04-01,33,female,38.1,2,0,0,0,0,0,positive,treat_at_home,0,,recovered
CASE-005932,2026-04-28,Bugesera,Ntarama,CHW-BUG-05-02,147,female,38.5,4,0,0,1,0,0,positive,urgent_refer,1,3.4,recovered
CASE-005933,2026-04-28,Bugesera,Rilima,CHW-BUG-02-01,35,male,38.6,2,0,0,0,0,0,invalid,refer,1,4.7,recovered
CASE-005934,2026-04-28,Gasabo,Remera,CHW-GAS-02-03,13,female,36.7,0,0,0,0,0,0,negative,treat_at_home,0,,recovered
CASE-005935,2026-04-28,Gisagara,Save,CHW-GIS-02-01,47,male,38.4,2,0,0,0,0,0,positive,treat_at_home,0,,recovered
CASE-005936,2026-04-28,Kirehe,Gahara,CHW-KIR-02-01,481,male,38.4,1,0,0,0,0,0,positive,treat_at_home,0,,recovered
CASE-005937,2026-04-28,Kirehe,Kirehe,CHW-KIR-01-03,30,female,38.6,1,1,0,0,0,0,positive,urgent_refer,0,,complication
CASE-005938,2026-04-28,Kirehe,Mahama,CHW-KIR-03-01,662,female,39.3,3,0,1,0,0,0,positive,urgent_refer,0,,recovered
CASE-005939,2026-04-28,Nyagatare,Matimba,CHW-NYG-04-03,104,male,36.9,0,0,1,0,0,0,negative,urgent_refer,1,3.0,recovered
CASE-005940,2026-04-28,Nyagatare,Matimba,CHW-NYG-04-04,42,female,38.7,4,0,0,0,0,0,positive,treat_at_home,0,,recovered
CASE-005941,2026-04-28,Nyagatare,Mimuri,CHW-NYG-05-02,612,female,37.9,1,0,0,0,0,0,positive,treat_at_home,0,,recovered
CASE-005942,2026-04-28,Nyagatare,Nyagatare,CHW-NYG-01-01,17,male,38.7,2,0,0,0,0,0,positive,treat_at_home,0,,recovered
CASE-005943,2026-04-28,Nyagatare,Rwimiyaga,CHW-NYG-03-02,53,female,38.5,1,0,0,0,0,0,positive,treat_at_home,0,,recovered
CASE-005944,2026-04-28,Rusizi,Gihundwe,CHW-RUS-03-01,96,male,38.3,3,0,0,0,0,0,negative,refer,0,,recovered
CASE-005945,2026-04-29,Bugesera,Gashora,CHW-BUG-06-01,4,male,37.8,1,0,0,0,0,0,positive,treat_at_home,0,,recovered
CASE-005946,2026-04-29,Bugesera,Gashora,CHW-BUG-06-02,54,male,38.1,5,0,0,0,0,0,positive,treat_at_home,0,,recovered
CASE-005947,2026-04-29,Bugesera,Gashora,CHW-BUG-06-03,171,male,39.2,4,0,0,0,0,0,invalid,refer,0,,complication
CASE-005948,2026-04-29,Bugesera,Ntarama,CHW-BUG-05-02,33,male,39.1,4,0,0,0,0,0,positive,refer,1,6.7,recovered
CASE-005949,2026-04-29,Bugesera,Nyamata,CHW-BUG-01-03,636,female,38.7,5,0,0,0,0,0,negative,refer,1,8.6,recovered
CASE-005950,2026-04-29,Bugesera,Rilima,CHW-BUG-02-01,22,female,39.1,3,0,0,0,0,0,positive,treat_at_home,0,,unknown
CASE-005951,2026-04-29,Bugesera,Rilima,CHW-BUG-02-02,29,female,38.2,6,0,0,0,0,0,positive,treat_at_home,0,,recovered
CASE-005952,2026-04-29,Gasabo,Kacyiru,CHW-GAS-03-02,43,female,38.6,4,0,0,0,0,0,invalid,refer,1,9.3,recovered
CASE-005953,2026-04-29,Gisagara,Save,CHW-GIS-02-04,143,female,39.1,6,0,0,1,0,0,positive,urgent_refer,1,4.1,recovered
CASE-005954,2026-04-29,Kirehe,Gahara,CHW-KIR-02-04,6,male,38.6,1,0,1,0,0,0,positive,urgent_refer,1,5.6,recovered
CASE-005955,2026-04-29,Kirehe,Gahara,CHW-KIR-02-04,51,female,36.4,0,0,0,0,0,0,negative,treat_at_home,0,,recovered
CASE-005956,2026-04-29,Nyagatare,Karangazi,CHW-NYG-02-04,51,male,38.2,1,0,0,0,0,0,negative,treat_at_home,0,,recovered
CASE-005957,2026-04-29,Nyagatare,Katabagemu,CHW-NYG-06-02,7,male,38.3,2,0,0,0,0,0,positive,refer,1,9.4,recovered
CASE-005958,2026-04-29,Nyagatare,Mimuri,CHW-NYG-05-03,73,male,39.1,3,0,0,0,0,0,positive,treat_at_home,0,,recovered
CASE-005959,2026-04-29,Nyagatare,Nyagatare,CHW-NYG-01-04,12,male,37.7,1,0,0,0,0,0,positive,treat_at_home,0,,recovered
CASE-005960,2026-04-29,Nyagatare,Rwimiyaga,CHW-NYG-03-01,21,male,37.9,1,0,0,0,0,0,negative,treat_at_home,0,,recovered
CASE-005961,2026-04-30,Bugesera,Mareba,CHW-BUG-04-03,46,male,36.6,0,0,0,0,0,0,negative,treat_at_home,0,,recovered
CASE-005962,2026-04-30,Bugesera,Nyamata,CHW-BUG-01-02,50,female,38.5,1,0,0,0,0,0,positive,treat_at_home,0,,recovered
CASE-005963,2026-04-30,Gasabo,Kacyiru,CHW-GAS-03-01,499,male,38.0,3,0,0,0,0,0,positive,treat_at_home,0,,recovered
CASE-005964,2026-04-30,Kirehe,Gahara,CHW-KIR-02-01,50,male,38.9,6,0,0,0,0,0,negative,refer,1,10.2,recovered
CASE-005965,2026-04-30,Nyagatare,Karangazi,CHW-NYG-02-02,5,male,36.5,0,0,0,0,0,0,positive,treat_at_home,0,,recovered
CASE-005966,2026-04-30,Nyagatare,Karangazi,CHW-NYG-02-03,142,female,38.2,2,0,0,0,0,0,negative,treat_at_home,0,,recovered
CASE-005967,2026-04-30,Nyagatare,Katabagemu,CHW-NYG-06-03,19,female,38.2,1,0,0,0,0,0,positive,treat_at_home,0,,recovered
CASE-005968,2026-04-30,Nyagatare,Nyagatare,CHW-NYG-01-04,166,male,36.3,0,0,0,0,0,0,negative,treat_at_home,0,,recovered
CASE-005969,2026-04-30,Rusizi,Bugarama,CHW-RUS-02-01,12,female,38.6,6,0,0,0,0,0,positive,treat_at_home,0,,recovered
CASE-005970,2026-04-30,Rusizi,Gihundwe,CHW-RUS-03-04,156,female,38.0,3,0,0,0,0,0,negative,refer,0,,recovered
CASE-005971,2026-05-01,Gisagara,Kibirizi,CHW-GIS-03-03,21,female,38.7,1,0,0,0,0,0,negative,treat_at_home,0,,recovered
CASE-005972,2026-05-01,Kirehe,Gahara,CHW-KIR-02-03,17,male,38.3,4,0,0,0,0,0,positive,treat_at_home,0,,recovered
CASE-005973,2026-05-01,Kirehe,Kirehe,CHW-KIR-01-01,102,female,37.9,2,0,0,0,0,0,invalid,refer,1,7.0,recovered
CASE-005974,2026-05-01,Kirehe,Kirehe,CHW-KIR-01-01,47,male,38.6,3,0,0,0,0,0,positive,treat_at_home,0,,recovered
CASE-005975,2026-05-01,Kirehe,Kirehe,CHW-KIR-01-02,14,female,38.8,5,0,0,0,0,0,positive,treat_at_home,0,,recovered
CASE-005976,2026-05-01,Kirehe,Kirehe,CHW-KIR-01-03,65,female,38.6,2,0,0,0,0,0,negative,treat_at_home,0,,recovered
CASE-005977,2026-05-01,Kirehe,Kirehe,CHW-KIR-01-04,52,male,38.6,3,0,0,0,0,0,positive,treat_at_home,0,,recovered
CASE-005978,2026-05-01,Kirehe,Mahama,CHW-KIR-03-04,25,female,38.1,1,0,0,0,0,0,negative,treat_at_home,0,,recovered
CASE-005979,2026-05-01,Nyagatare,Mimuri,CHW-NYG-05-04,28,female,38.0,2,0,0,0,0,0,positive,treat_at_home,0,,recovered
CASE-005980,2026-05-02,Bugesera,Gashora,CHW-BUG-06-01,26,female,36.5,0,0,0,0,0,0,negative,treat_at_home,0,,recovered
CASE-005981,2026-05-02,Bugesera,Mareba,CHW-BUG-04-03,57,female,37.9,2,0,0,0,0,0,negative,treat_at_home,0,,recovered
CASE-005982,2026-05-02,Bugesera,Mareba,CHW-BUG-04-04,14,female,37.6,1,0,0,0,0,0,positive,treat_at_home,0,,unknown
CASE-005983,2026-05-02,Bugesera,Ntarama,CHW-BUG-05-01,33,female,39.3,4,0,0,0,0,0,invalid,refer,1,8.5,recovered
CASE-005984,2026-05-02,Gisagara,Gisagara,CHW-GIS-01-02,15,female,38.9,4,0,0,0,0,0,positive,treat_at_home,0,,recovered
CASE-005985,2026-05-02,Gisagara,Kibirizi,CHW-GIS-03-01,9,female,38.8,3,0,0,0,0,0,negative,refer,0,,complication
CASE-005986,2026-05-02,Gisagara,Save,CHW-GIS-02-02,41,female,38.0,1,0,0,0,0,0,negative,refer,1,12.9,recovered
CASE-005987,2026-05-02,Gisagara,Save,CHW-GIS-02-02,1,female,38.4,4,0,1,0,0,0,positive,urgent_refer,1,2.2,recovered
CASE-005988,2026-05-02,Kirehe,Kirehe,CHW-KIR-01-03,46,male,38.5,4,0,0,0,0,0,positive,treat_at_home,0,,recovered
CASE-005989,2026-05-02,Kirehe,Kirehe,CHW-KIR-01-04,304,male,38.8,5,0,0,0,0,0,positive,refer,1,6.7,recovered
CASE-005990,2026-05-02,Nyagatare,Matimba,CHW-NYG-04-02,11,female,38.0,3,0,0,0,0,0,positive,treat_at_home,0,,recovered
CASE-005991,2026-05-02,Nyagatare,Mimuri,CHW-NYG-05-04,8,male,38.1,1,0,1,0,0,0,negative,urgent_refer,1,3.3,recovered
CASE-005992,2026-05-02,Rusizi,Bugarama,CHW-RUS-02-03,41,male,37.8,1,0,0,0,0,0,negative,treat_at_home,0,,recovered
CASE-005993,2026-05-03,Bugesera,Mareba,CHW-BUG-04-04,262,male,38.0,3,0,0,0,0,0,positive,treat_at_home,0,,recovered
CASE-005994,2026-05-03,Bugesera,Mayange,CHW-BUG-03-02,16,female,38.2,1,0,0,0,0,0,positive,treat_at_home,0,,recovered
CASE-005995,2026-05-03,Bugesera,Ntarama,CHW-BUG-05-03,30,male,38.2,1,0,0,0,0,0,positive,treat_at_home,0,,recovered
CASE-005996,2026-05-03,Bugesera,Nyamata,CHW-BUG-01-01,119,female,38.5,2,0,0,0,0,0,negative,treat_at_home,0,,recovered
CASE-005997,2026-05-03,Gisagara,Kibirizi,CHW-GIS-03-01,33,female,38.5,3,0,0,0,0,0,positive,treat_at_home,0,,recovered
CASE-005998,2026-05-03,Nyagatare,Katabagemu,CHW-NYG-06-02,21,male,38.4,1,0,0,0,0,0,negative,treat_at_home,0,,recovered
CASE-005999,2026-05-03,Nyagatare,Katabagemu,CHW-NYG-06-03,35,male,38.7,1,0,0,0,0,0,positive,treat_at_home,0,,recovered
CASE-006000,2026-05-03,Nyagatare,Matimba,CHW-NYG-04-01,87,female,38.3,2,0,0,0,0,0,negative,treat_at_home,0,,recovered
CASE-006001,2026-05-04,Bugesera,Mareba,CHW-BUG-04-02,125,male,38.2,2,0,0,0,0,0,positive,treat_at_home,0,,recovered
CASE-006002,2026-05-04,Bugesera,Mareba,CHW-BUG-04-03,27,male,37.7,1,0,0,0,0,0,negative,treat_at_home,0,,recovered
CASE-006003,2026-05-04,Bugesera,Mareba,CHW-BUG-04-03,15,male,38.9,1,0,0,0,0,0,negative,treat_at_home,0,,recovered
CASE-006004,2026-05-04,Bugesera,Mayange,CHW-BUG-03-03,7,female,38.0,4,0,0,0,0,0,positive,treat_at_home,0,,complication
CASE-006005,2026-05-04,Bugesera,Ntarama,CHW-BUG-05-04,27,female,37.9,1,0,0,0,0,0,positive,treat_at_home,0,,recovered
CASE-006006,2026-05-04,Bugesera,Ntarama,CHW-BUG-05-04,44,male,38.2,5,0,0,1,1,0,negative,urgent_refer,1,2.9,recovered
CASE-006007,2026-05-04,Gasabo,Kimironko,CHW-GAS-01-03,27,male,37.5,1,0,0,0,0,0,positive,treat_at_home,0,,recovered
CASE-006008,2026-05-04,Gisagara,Gisagara,CHW-GIS-01-04,18,male,38.2,1,0,0,0,0,0,positive,treat_at_home,0,,unknown
CASE-006009,2026-05-04,Gisagara,Kibirizi,CHW-GIS-03-04,10,female,38.2,1,0,0,0,0,0,negative,treat_at_home,0,,recovered
CASE-006010,2026-05-04,Gisagara,Save,CHW-GIS-02-04,2,male,38.1,1,0,0,0,0,0,negative,treat_at_home,0,,recovered
CASE-006011,2026-05-04,Kirehe,Gahara,CHW-KIR-02-01,38,female,38.3,1,0,0,0,0,0,positive,treat_at_home,0,,recovered
CASE-006012,2026-05-04,Kirehe,Gahara,CHW-KIR-02-04,31,male,38.3,2,0,0,0,0,0,positive,treat_at_home,0,,recovered
CASE-006013,2026-05-04,Kirehe,Mahama,CHW-KIR-03-03,23,female,38.5,3,0,0,0,0,0,positive,treat_at_home,0,,recovered
CASE-006014,2026-05-04,Nyagatare,Karangazi,CHW-NYG-02-02,4,female,39.4,7,0,0,0,0,0,positive,treat_at_home,0,,recovered
CASE-006015,2026-05-04,Nyagatare,Matimba,CHW-NYG-04-01,35,male,37.4,3,0,0,0,0,0,negative,refer,1,9.9,recovered
CASE-006016,2026-05-04,Nyagatare,Matimba,CHW-NYG-04-02,657,female,38.5,2,0,0,0,0,0,negative,treat_at_home,0,,recovered
CASE-006017,2026-05-04,Nyagatare,Matimba,CHW-NYG-04-02,1,male,37.8,1,0,0,1,0,0,invalid,urgent_refer,0,,recovered
CASE-006018,2026-05-04,Nyagatare,Mimuri,CHW-NYG-05-01,21,male,36.5,0,0,0,0,0,0,negative,treat_at_home,0,,recovered
CASE-006019,2026-05-04,Rusizi,Gihundwe,CHW-RUS-03-02,55,female,38.0,5,0,0,0,0,0,positive,treat_at_home,0,,recovered
CASE-006020,2026-05-04,Rusizi,Gihundwe,CHW-RUS-03-02,81,female,37.5,1,0,0,0,0,0,negative,treat_at_home,0,,recovered
CASE-006021,2026-05-05,Bugesera,Ntarama,CHW-BUG-05-01,446,female,39.0,4,0,0,0,0,0,positive,treat_at_home,0,,recovered
CASE-006022,2026-05-05,Bugesera,Nyamata,CHW-BUG-01-01,20,female,38.5,4,0,0,0,0,0,positive,treat_at_home,0,,recovered
CASE-006023,2026-05-05,Gasabo,Remera,CHW-GAS-02-02,43,female,37.8,2,0,0,0,0,0,positive,treat_at_home,0,,recovered
CASE-006024,2026-05-05,Gisagara,Kibirizi,CHW-GIS-03-02,19,male,39.0,7,0,0,0,0,0,positive,treat_at_home,0,,recovered
CASE-006025,2026-05-05,Gisagara,Save,CHW-GIS-02-02,59,male,37.5,2,0,0,0,0,1,negative,urgent_refer,1,6.9,recovered
CASE-006026,2026-05-05,Kirehe,Gahara,CHW-KIR-02-02,17,male,38.3,2,0,0,0,0,0,positive,treat_at_home,0,,complication
CASE-006027,2026-05-05,Kirehe,Mahama,CHW-KIR-03-04,15,female,38.0,1,0,0,0,0,0,positive,treat_at_home,0,,recovered
CASE-006028,2026-05-05,Nyagatare,Karangazi,CHW-NYG-02-03,20,female,38.1,2,0,0,0,0,0,negative,treat_at_home,0,,recovered
CASE-006029,2026-05-05,Nyagatare,Katabagemu,CHW-NYG-06-01,30,female,38.0,4,0,0,0,0,0,invalid,refer,1,11.1,recovered
CASE-006030,2026-05-05,Nyagatare,Katabagemu,CHW-NYG-06-04,31,female,38.2,1,0,0,0,0,0,invalid,refer,1,17.2,recovered
CASE-006031,2026-05-05,Nyagatare,Matimba,CHW-NYG-04-04,35,male,38.6,1,0,0,0,0,0,positive,treat_at_home,0,,recovered
CASE-006032,2026-05-05,Nyagatare,Nyagatare,CHW-NYG-01-02,79,female,38.2,2,0,0,0,0,0,positive,treat_at_home,0,,recovered
CASE-006033,2026-05-05,Nyagatare,Nyagatare,CHW-NYG-01-03,45,female,37.9,3,0,0,0,0,0,positive,refer,1,13.4,recovered
CASE-006034,2026-05-05,Rusizi,Gihundwe,CHW-RUS-03-03,41,female,38.7,4,0,0,0,0,0,positive,treat_at_home,0,,recovered
CASE-006035,2026-05-05,Rusizi,Kamembe,CHW-RUS-01-03,36,male,39.1,7,0,0,0,0,0,positive,treat_at_home,0,,recovered
CASE-006036,2026-05-06,Bugesera,Ntarama,CHW-BUG-05-04,15,male,38.5,1,0,0,1,0,0,positive,urgent_refer,1,3.1,recovered
CASE-006037,2026-05-06,Bugesera,Nyamata,CHW-BUG-01-01,3,female,38.9,2,0,0,0,0,0,positive,treat_at_home,0,,recovered
CASE-006038,2026-05-06,Bugesera,Rilima,CHW-BUG-02-03,76,male,39.3,7,0,0,0,0,0,negative,refer,0,,recovered
CASE-006039,2026-05-06,Gasabo,Remera,CHW-GAS-02-02,30,male,38.0,3,0,0,0,0,0,negative,treat_at_home,0,,recovered
CASE-006040,2026-05-06,Gisagara,Save,CHW-GIS-02-03,31,female,38.4,1,0,1,0,0,1,invalid,urgent_refer,1,6.7,recovered
CASE-006041,2026-05-06,Kirehe,Gahara,CHW-KIR-02-04,199,male,37.9,1,0,0,0,0,0,negative,treat_at_home,0,,recovered
CASE-006042,2026-05-06,Kirehe,Kirehe,CHW-KIR-01-02,178,female,38.7,3,0,0,0,0,0,positive,treat_at_home,0,,recovered
CASE-006043,2026-05-06,Kirehe,Kirehe,CHW-KIR-01-02,59,female,38.0,2,0,0,0,0,0,negative,treat_at_home,0,,recovered
CASE-006044,2026-05-06,Kirehe,Mahama,CHW-KIR-03-01,51,male,38.1,7,0,0,0,0,0,positive,treat_at_home,0,,recovered
CASE-006045,2026-05-06,Nyagatare,Katabagemu,CHW-NYG-06-03,94,female,38.5,2,0,0,0,0,0,positive,treat_at_home,0,,recovered
CASE-006046,2026-05-06,Nyagatare,Matimba,CHW-NYG-04-04,59,female,38.0,3,0,0,0,0,0,negative,refer,1,5.7,recovered
CASE-006047,2026-05-06,Nyagatare,Rwimiyaga,CHW-NYG-03-04,35,male,38.1,3,0,0,0,0,0,negative,refer,1,14.5,recovered
CASE-006048,2026-05-06,Rusizi,Gihundwe,CHW-RUS-03-02,565,male,38.7,5,0,1,1,0,0,positive,urgent_refer,1,4.7,recovered
CASE-006049,2026-05-06,Rusizi,Kamembe,CHW-RUS-01-03,89,male,38.8,4,0,0,0,0,0,positive,treat_at_home,0,,recovered
CASE-006050,2026-05-07,Bugesera,Gashora,CHW-BUG-06-03,143,male,38.2,1,0,0,0,0,0,positive,treat_at_home,0,,recovered
CASE-006051,2026-05-07,Bugesera,Mayange,CHW-BUG-03-03,8,male,38.3,2,0,0,0,0,0,positive,treat_at_home,0,,recovered
CASE-006052,2026-05-07,Gisagara,Gisagara,CHW-GIS-01-03,0,female,38.4,1,0,0,0,0,0,negative,urgent_refer,1,2.9,recovered
CASE-006053,2026-05-07,Gisagara,Kibirizi,CHW-GIS-03-01,52,male,38.1,1,0,0,0,0,0,invalid,refer,1,6.9,recovered
CASE-006054,2026-05-07,Gisagara,Kibirizi,CHW-GIS-03-04,53,male,38.8,1,0,0,0,0,0,positive,refer,1,6.8,recovered
CASE-006055,2026-05-07,Kirehe,Kirehe,CHW-KIR-01-02,669,female,38.8,2,0,0,0,0,0,positive,treat_at_home,0,,recovered
CASE-006056,2026-05-07,Nyagatare,Mimuri,CHW-NYG-05-04,305,male,38.8,1,0,0,0,0,0,positive,treat_at_home,0,,recovered
CASE-006057,2026-05-07,Rusizi,Bugarama,CHW-RUS-02-03,148,female,38.3,1,0,0,0,0,0,positive,treat_at_home,0,,recovered
CASE-006058,2026-05-07,Rusizi,Kamembe,CHW-RUS-01-01,390,female,38.4,2,0,0,0,0,0,positive,treat_at_home,0,,recovered
CASE-006059,2026-05-07,Rusizi,Kamembe,CHW-RUS-01-02,56,female,38.1,2,0,0,0,0,0,negative,treat_at_home,0,,recovered
CASE-006060,2026-05-08,Bugesera,Nyamata,CHW-BUG-01-03,36,male,38.2,4,0,0,0,0,0,positive,treat_at_home,0,,recovered
CASE-006061,2026-05-08,Gisagara,Kibirizi,CHW-GIS-03-04,175,male,37.7,1,0,0,0,0,0,positive,treat_at_home,0,,recovered
CASE-006062,2026-05-08,Kirehe,Mahama,CHW-KIR-03-03,17,male,37.3,2,0,0,0,0,0,positive,treat_at_home,0,,recovered
CASE-006063,2026-05-08,Nyagatare,Matimba,CHW-NYG-04-04,30,male,38.5,4,0,0,0,0,0,positive,treat_at_home,0,,recovered
CASE-006064,2026-05-08,Nyagatare,Nyagatare,CHW-NYG-01-01,126,female,38.9,5,0,0,0,0,0,positive,treat_at_home,0,,recovered
CASE-006065,2026-05-08,Rusizi,Bugarama,CHW-RUS-02-04,45,female,38.5,1,0,0,0,1,0,positive,refer,1,7.6,recovered
CASE-006066,2026-05-08,Rusizi,Gihundwe,CHW-RUS-03-02,481,male,36.5,0,0,0,0,0,0,negative,treat_at_home,0,,died
CASE-006067,2026-05-08,Rusizi,Gihundwe,CHW-RUS-03-03,22,female,38.5,1,0,0,0,0,0,negative,treat_at_home,0,,recovered
CASE-006068,2026-05-09,Bugesera,Ntarama,CHW-BUG-05-01,0,male,38.8,6,0,0,0,0,0,positive,refer,1,8.0,recovered
CASE-006069,2026-05-09,Bugesera,Ntarama,CHW-BUG-05-01,6,female,38.6,1,0,0,0,0,0,positive,treat_at_home,0,,recovered
CASE-006070,2026-05-09,Bugesera,Rilima,CHW-BUG-02-02,53,female,38.3,3,0,0,0,0,0,positive,treat_at_home,0,,recovered
CASE-006071,2026-05-09,Nyagatare,Matimba,CHW-NYG-04-01,57,female,37.8,1,0,0,0,0,0,positive,treat_at_home,0,,recovered
CASE-006072,2026-05-09,Nyagatare,Matimba,CHW-NYG-04-04,40,male,38.7,2,0,0,0,0,0,positive,treat_at_home,0,,recovered
CASE-006073,2026-05-09,Nyagatare,Mimuri,CHW-NYG-05-02,1,female,39.0,4,0,0,0,0,0,positive,treat_at_home,0,,recovered
CASE-006074,2026-05-09,Nyagatare,Mimuri,CHW-NYG-05-03,49,female,38.4,2,0,0,0,0,0,positive,treat_at_home,0,,recovered
CASE-006075,2026-05-09,Nyagatare,Nyagatare,CHW-NYG-01-04,52,female,37.0,0,0,1,0,0,0,negative,treat_at_home,0,,recovered
CASE-006076,2026-05-09,Nyagatare,Rwimiyaga,CHW-NYG-03-02,140,male,38.7,4,0,0,0,0,0,positive,refer,0,,recovered
CASE-006077,2026-05-09,Rusizi,Gihundwe,CHW-RUS-03-04,48,male,38.6,3,0,0,0,0,0,positive,treat_at_home,0,,recovered
CASE-006078,2026-05-10,Bugesera,Gashora,CHW-BUG-06-01,22,male,38.6,2,0,1,0,0,0,positive,urgent_refer,0,,recovered
CASE-006079,2026-05-10,Bugesera,Mareba,CHW-BUG-04-02,29,male,38.5,4,0,0,0,0,0,positive,treat_at_home,0,,recovered
CASE-006080,2026-05-10,Bugesera,Mayange,CHW-BUG-03-02,77,male,36.4,0,0,1,0,1,0,negative,urgent_refer,1,8.9,recovered
CASE-006081,2026-05-10,Bugesera,Ntarama,CHW-BUG-05-03,387,male,38.6,3,0,0,0,0,0,negative,refer,1,9.6,recovered
CASE-006082,2026-05-10,Bugesera,Nyamata,CHW-BUG-01-04,12,female,38.5,5,0,0,0,0,0,negative,refer,0,,unknown
CASE-006083,2026-05-10,Bugesera,Rilima,CHW-BUG-02-03,677,male,39.0,4,0,0,0,0,0,positive,treat_at_home,0,,recovered
CASE-006084,2026-05-10,Gasabo,Kimironko,CHW-GAS-01-04,80,female,36.8,0,0,0,0,0,0,negative,treat_at_home,0,,recovered
CASE-006085,2026-05-10,Gisagara,Gisagara,CHW-GIS-01-03,6,female,38.4,4,0,0,0,0,0,negative,refer,1,13.2,recovered
CASE-006086,2026-05-10,Kirehe,Gahara,CHW-KIR-02-02,56,male,37.9,1,0,0,0,0,0,positive,treat_at_home,0,,recovered
CASE-006087,2026-05-10,Kirehe,Kirehe,CHW-KIR-01-01,116,female,38.6,2,0,0,0,0,0,positive,treat_at_home,0,,recovered
CASE-006088,2026-05-10,Kirehe,Kirehe,CHW-KIR-01-01,14,male,38.0,2,0,0,0,0,0,positive,treat_at_home,0,,recovered
CASE-006089,2026-05-10,Kirehe,Mahama,CHW-KIR-03-02,609,male,38.4,2,0,0,0,0,0,positive,treat_at_home,0,,recovered
CASE-006090,2026-05-10,Nyagatare,Mimuri,CHW-NYG-05-03,16,male,38.0,1,0,0,0,0,0,positive,treat_at_home,0,,recovered
CASE-006091,2026-05-10,Nyagatare,Rwimiyaga,CHW-NYG-03-01,23,female,38.1,3,0,0,0,0,0,negative,refer,1,7.4,recovered
CASE-006092,2026-05-10,Nyagatare,Rwimiyaga,CHW-NYG-03-01,650,female,38.0,1,0,0,0,0,0,positive,refer,1,24.7,recovered
CASE-006093,2026-05-10,Nyagatare,Rwimiyaga,CHW-NYG-03-01,18,male,38.3,2,0,0,0,0,0,negative,treat_at_home,0,,recovered
CASE-006094,2026-05-10,Rusizi,Gihundwe,CHW-RUS-03-04,138,female,38.5,1,0,0,0,0,0,positive,treat_at_home,0,,recovered
CASE-006095,2026-05-11,Bugesera,Mareba,CHW-BUG-04-04,23,male,38.5,1,0,0,0,0,0,positive,refer,1,5.9,recovered
CASE-006096,2026-05-11,Bugesera,Mayange,CHW-BUG-03-02,41,male,38.7,3,0,0,0,0,0,negative,refer,1,7.2,unknown
CASE-006097,2026-05-11,Bugesera,Mayange,CHW-BUG-03-02,18,female,39.1,2,0,1,0,0,0,positive,urgent_refer,1,3.9,recovered
CASE-006098,2026-05-11,Gisagara,Gisagara,CHW-GIS-01-03,47,male,38.8,2,0,0,0,0,0,positive,treat_at_home,0,,recovered
CASE-006099,2026-05-11,Gisagara,Kibirizi,CHW-GIS-03-01,47,female,37.6,2,0,0,0,0,0,negative,treat_at_home,0,,recovered
CASE-006100,2026-05-11,Kirehe,Gahara,CHW-KIR-02-01,54,female,38.4,1,0,0,0,0,0,positive,treat_at_home,0,,recovered
CASE-006101,2026-05-11,Kirehe,Gahara,CHW-KIR-02-01,37,female,38.0,1,0,0,0,0,0,positive,treat_at_home,0,,recovered
CASE-006102,2026-05-11,Kirehe,Mahama,CHW-KIR-03-03,166,female,39.5,5,0,0,0,0,0,positive,refer,1,14.7,recovered
CASE-006103,2026-05-11,Nyagatare,Karangazi,CHW-NYG-02-03,55,female,38.9,4,0,0,0,0,0,positive,treat_at_home,0,,recovered
CASE-006104,2026-05-11,Nyagatare,Katabagemu,CHW-NYG-06-04,155,female,38.0,1,0,0,0,0,0,positive,treat_at_home,0,,complication
CASE-006105,2026-05-11,Nyagatare,Matimba,CHW-NYG-04-03,23,male,37.6,1,0,0,0,0,0,negative,treat_at_home,0,,recovered
CASE-006106,2026-05-11,Nyagatare,Matimba,CHW-NYG-04-04,399,female,36.4,0,0,0,0,0,0,negative,treat_at_home,0,,recovered
CASE-006107,2026-05-11,Nyagatare,Mimuri,CHW-NYG-05-03,25,male,37.7,2,0,0,0,0,0,positive,treat_at_home,0,,recovered
CASE-006108,2026-05-11,Nyagatare,Mimuri,CHW-NYG-05-03,20,male,38.5,1,0,0,0,0,0,positive,treat_at_home,0,,recovered
CASE-006109,2026-05-11,Nyagatare,Nyagatare,CHW-NYG-01-02,36,female,38.5,4,0,0,0,0,0,negative,treat_at_home,0,,recovered
CASE-006110,2026-05-11,Nyagatare,Nyagatare,CHW-NYG-01-03,31,male,38.6,1,0,0,0,0,0,invalid,refer,1,6.1,recovered
CASE-006111,2026-05-11,Nyagatare,Rwimiyaga,CHW-NYG-03-04,175,male,36.7,0,0,0,0,0,0,negative,treat_at_home,0,,recovered
CASE-006112,2026-05-12,Bugesera,Mayange,CHW-BUG-03-02,301,male,39.2,1,0,0,0,0,0,positive,refer,1,4.1,recovered
CASE-006113,2026-05-12,Bugesera,Nyamata,CHW-BUG-01-01,35,female,39.2,3,0,0,1,0,0,negative,urgent_refer,1,4.6,recovered
CASE-006114,2026-05-12,Gasabo,Kacyiru,CHW-GAS-03-02,495,female,38.8,2,0,0,0,0,0,positive,treat_at_home,0,,complication
CASE-006115,2026-05-12,Kirehe,Mahama,CHW-KIR-03-02,53,female,37.7,2,0,0,0,0,0,positive,treat_at_home,0,,recovered
CASE-006116,2026-05-12,Kirehe,Mahama,CHW-KIR-03-02,142,male,38.6,5,0,0,0,0,0,positive,treat_at_home,0,,recovered
CASE-006117,2026-05-12,Nyagatare,Karangazi,CHW-NYG-02-03,29,male,38.5,1,0,0,0,0,0,positive,treat_at_home,0,,recovered
CASE-006118,2026-05-12,Nyagatare,Matimba,CHW-NYG-04-01,44,male,39.5,4,0,0,0,0,0,positive,treat_at_home,0,,recovered
CASE-006119,2026-05-12,Nyagatare,Nyagatare,CHW-NYG-01-03,524,male,38.9,2,1,0,0,0,1,positive,urgent_refer,1,2.8,recovered
CASE-006120,2026-05-12,Nyagatare,Nyagatare,CHW-NYG-01-03,168,female,37.9,3,0,0,0,0,0,positive,treat_at_home,0,,recovered
CASE-006121,2026-05-12,Nyagatare,Rwimiyaga,CHW-NYG-03-01,10,female,38.4,2,0,0,0,0,0,negative,treat_at_home,0,,recovered
CASE-006122,2026-05-12,Nyagatare,Rwimiyaga,CHW-NYG-03-03,51,male,39.4,1,0,0,0,0,0,positive,treat_at_home,0,,recovered
CASE-006123,2026-05-12,Rusizi,Gihundwe,CHW-RUS-03-04,119,female,38.2,1,0,0,0,0,0,positive,treat_at_home,0,,recovered
CASE-006124,2026-05-12,Rusizi,Kamembe,CHW-RUS-01-04,34,female,38.5,3,0,0,0,0,0,negative,refer,0,,recovered
CASE-006125,2026-05-13,Bugesera,Mayange,CHW-BUG-03-04,484,male,38.3,3,0,0,0,0,0,negative,refer,1,7.5,recovered
CASE-006126,2026-05-13,Bugesera,Rilima,CHW-BUG-02-03,162,male,37.6,3,0,0,0,0,0,negative,refer,0,,recovered
CASE-006127,2026-05-13,Gasabo,Remera,CHW-GAS-02-02,166,female,37.7,1,0,0,0,0,0,positive,treat_at_home,0,,recovered
CASE-006128,2026-05-13,Gisagara,Gisagara,CHW-GIS-01-02,50,male,38.4,2,0,0,0,0,0,positive,treat_at_home,0,,recovered
CASE-006129,2026-05-13,Gisagara,Kibirizi,CHW-GIS-03-02,109,female,38.2,3,0,0,0,0,0,positive,treat_at_home,0,,recovered
CASE-006130,2026-05-13,Gisagara,Save,CHW-GIS-02-03,571,female,37.9,2,0,0,0,0,0,positive,treat_at_home,0,,recovered
CASE-006131,2026-05-13,Kirehe,Mahama,CHW-KIR-03-01,23,male,37.8,1,0,0,0,0,0,positive,treat_at_home,0,,recovered
CASE-006132,2026-05-13,Kirehe,Mahama,CHW-KIR-03-04,156,female,37.4,3,0,0,0,0,0,negative,refer,0,,recovered
CASE-006133,2026-05-13,Nyagatare,Matimba,CHW-NYG-04-03,53,female,37.8,3,0,0,0,0,0,positive,treat_at_home,0,,recovered
CASE-006134,2026-05-13,Nyagatare,Nyagatare,CHW-NYG-01-01,34,male,38.5,7,0,0,0,0,0,positive,treat_at_home,0,,recovered
CASE-006135,2026-05-13,Nyagatare,Rwimiyaga,CHW-NYG-03-01,37,male,38.3,3,0,0,0,0,0,negative,refer,0,,recovered
CASE-006136,2026-05-13,Nyagatare,Rwimiyaga,CHW-NYG-03-03,55,female,38.4,2,0,0,0,0,0,positive,treat_at_home,0,,recovered
CASE-006137,2026-05-13,Nyagatare,Rwimiyaga,CHW-NYG-03-03,57,male,38.6,3,0,0,0,0,0,positive,treat_at_home,0,,recovered
CASE-006138,2026-05-13,Nyagatare,Rwimiyaga,CHW-NYG-03-04,56,female,38.8,1,0,1,0,0,0,positive,urgent_refer,1,9.1,recovered
CASE-006139,2026-05-13,Rusizi,Kamembe,CHW-RUS-01-01,105,female,38.5,2,0,0,0,0,0,positive,treat_at_home,0,,recovered
CASE-006140,2026-05-14,Bugesera,Mareba,CHW-BUG-04-02,17,female,36.3,0,0,0,0,0,0,negative,treat_at_home,0,,recovered
CASE-006141,2026-05-14,Bugesera,Mayange,CHW-BUG-03-04,22,female,38.0,1,0,0,0,0,0,positive,treat_at_home,0,,recovered
CASE-006142,2026-05-14,Bugesera,Rilima,CHW-BUG-02-02,19,female,38.5,2,0,0,0,0,0,negative,treat_at_home,0,,recovered
CASE-006143,2026-05-14,Gisagara,Kibirizi,CHW-GIS-03-01,36,female,38.1,4,0,0,0,0,0,positive,treat_at_home,0,,recovered
CASE-006144,2026-05-14,Kirehe,Kirehe,CHW-KIR-01-01,64,male,37.8,2,0,0,0,0,0,positive,treat_at_home,0,,recovered
CASE-006145,2026-05-14,Kirehe,Mahama,CHW-KIR-03-02,114,female,38.0,1,0,0,0,0,0,positive,treat_at_home,0,,recovered
CASE-006146,2026-05-14,Nyagatare,Karangazi,CHW-NYG-02-01,619,male,38.6,3,0,0,0,0,0,positive,treat_at_home,0,,recovered
CASE-006147,2026-05-14,Nyagatare,Katabagemu,CHW-NYG-06-03,437,male,38.2,2,0,0,0,0,0,positive,treat_at_home,0,,recovered
CASE-006148,2026-05-14,Nyagatare,Katabagemu,CHW-NYG-06-04,30,female,37.9,1,0,0,0,0,0,positive,treat_at_home,0,,recovered
CASE-006149,2026-05-14,Nyagatare,Nyagatare,CHW-NYG-01-01,170,female,38.2,1,0,0,0,0,0,positive,treat_at_home,0,,recovered
CASE-006150,2026-05-14,Nyagatare,Rwimiyaga,CHW-NYG-03-03,110,male,39.0,4,0,0,0,0,0,positive,treat_at_home,0,,recovered
CASE-006151,2026-05-14,Rusizi,Gihundwe,CHW-RUS-03-01,462,male,36.6,0,0,0,0,0,0,negative,treat_at_home,0,,recovered
CASE-006152,2026-05-14,Rusizi,Kamembe,CHW-RUS-01-03,100,female,37.9,2,0,0,0,0,0,positive,treat_at_home,0,,recovered
CASE-006153,2026-05-15,Bugesera,Rilima,CHW-BUG-02-02,31,female,38.6,3,0,0,0,0,0,positive,refer,1,6.8,recovered
CASE-006154,2026-05-15,Gasabo,Remera,CHW-GAS-02-03,281,male,38.3,3,0,0,0,0,0,positive,treat_at_home,0,,recovered
CASE-006155,2026-05-15,Gisagara,Gisagara,CHW-GIS-01-04,58,male,38.9,2,0,0,0,0,0,positive,treat_at_home,0,,recovered
CASE-006156,2026-05-15,Kirehe,Gahara,CHW-KIR-02-04,106,female,38.4,2,0,1,0,0,0,negative,urgent_refer,1,2.6,recovered
CASE-006157,2026-05-15,Kirehe,Mahama,CHW-KIR-03-03,24,male,38.6,3,0,0,0,0,0,positive,treat_at_home,0,,recovered
CASE-006158,2026-05-15,Nyagatare,Karangazi,CHW-NYG-02-03,10,female,37.5,1,0,0,0,0,0,invalid,refer,0,,recovered
CASE-006159,2026-05-15,Nyagatare,Nyagatare,CHW-NYG-01-02,42,female,38.0,3,0,0,0,0,0,invalid,refer,0,,recovered
CASE-006160,2026-05-15,Nyagatare,Nyagatare,CHW-NYG-01-03,45,male,38.5,2,0,0,0,0,0,positive,treat_at_home,0,,recovered
CASE-006161,2026-05-15,Nyagatare,Rwimiyaga,CHW-NYG-03-01,96,female,38.5,1,0,0,0,0,0,negative,treat_at_home,0,,recovered
CASE-006162,2026-05-15,Rusizi,Bugarama,CHW-RUS-02-03,11,male,39.0,2,0,0,0,0,0,positive,treat_at_home,0,,recovered
CASE-006163,2026-05-15,Rusizi,Gihundwe,CHW-RUS-03-01,44,female,36.8,0,0,0,0,0,0,negative,treat_at_home,0,,recovered
CASE-006164,2026-05-15,Rusizi,Kamembe,CHW-RUS-01-01,125,female,38.5,3,0,0,0,0,0,positive,treat_at_home,0,,unknown
CASE-006165,2026-05-15,Rusizi,Kamembe,CHW-RUS-01-04,139,male,38.9,2,0,0,0,1,0,negative,urgent_refer,1,3.1,recovered
CASE-006166,2026-05-16,Bugesera,Nyamata,CHW-BUG-01-04,13,female,38.4,1,0,0,0,0,0,positive,treat_at_home,0,,recovered
CASE-006167,2026-05-16,Bugesera,Rilima,CHW-BUG-02-01,25,female,38.4,3,0,0,0,0,0,positive,treat_at_home,0,,recovered
CASE-006168,2026-05-16,Gasabo,Remera,CHW-GAS-02-04,661,female,38.7,4,0,0,0,0,0,positive,treat_at_home,0,,recovered
CASE-006169,2026-05-16,Gisagara,Kibirizi,CHW-GIS-03-03,26,male,38.1,2,0,0,0,0,0,invalid,refer,0,,recovered
CASE-006170,2026-05-16,Kirehe,Mahama,CHW-KIR-03-03,54,male,37.8,2,0,0,0,0,0,positive,treat_at_home,0,,recovered
CASE-006171,2026-05-16,Nyagatare,Mimuri,CHW-NYG-05-04,26,male,38.5,6,0,0,0,0,0,positive,treat_at_home,0,,recovered
CASE-006172,2026-05-16,Nyagatare,Nyagatare,CHW-NYG-01-03,33,male,38.1,2,0,0,0,0,0,positive,treat_at_home,0,,complication
CASE-006173,2026-05-16,Nyagatare,Nyagatare,CHW-NYG-01-04,167,male,38.8,2,0,0,0,0,0,positive,treat_at_home,0,,recovered
CASE-006174,2026-05-17,Bugesera,Mareba,CHW-BUG-04-03,20,female,38.7,1,0,0,0,0,0,negative,treat_at_home,0,,recovered
CASE-006175,2026-05-17,Bugesera,Mayange,CHW-BUG-03-04,1,female,37.2,1,0,0,0,0,0,positive,urgent_refer,1,4.4,complication
CASE-006176,2026-05-17,Bugesera,Ntarama,CHW-BUG-05-02,4,male,39.2,2,0,0,0,0,0,positive,treat_at_home,0,,recovered
CASE-006177,2026-05-17,Bugesera,Nyamata,CHW-BUG-01-01,4,male,37.9,1,0,0,0,0,0,negative,treat_at_home,0,,recovered
CASE-006178,2026-05-17,Bugesera,Rilima,CHW-BUG-02-01,49,female,39.3,2,0,0,0,0,0,positive,treat_at_home,0,,unknown
CASE-006179,2026-05-17,Gasabo,Kimironko,CHW-GAS-01-03,43,female,38.7,3,1,0,0,0,0,positive,urgent_refer,1,4.1,recovered
CASE-006180,2026-05-17,Gisagara,Gisagara,CHW-GIS-01-04,55,male,38.6,3,0,0,0,0,0,positive,treat_at_home,0,,recovered
CASE-006181,2026-05-17,Kirehe,Gahara,CHW-KIR-02-04,118,female,36.9,0,1,0,0,0,1,positive,urgent_refer,0,,recovered
CASE-006182,2026-05-17,Kirehe,Kirehe,CHW-KIR-01-04,95,female,36.7,0,0,0,0,0,0,negative,treat_at_home,0,,recovered
CASE-006183,2026-05-17,Nyagatare,Karangazi,CHW-NYG-02-02,34,male,38.8,2,0,0,0,0,0,positive,treat_at_home,0,,recovered
CASE-006184,2026-05-17,Nyagatare,Mimuri,CHW-NYG-05-02,51,female,38.6,2,0,1,0,0,0,positive,urgent_refer,0,,unknown
CASE-006185,2026-05-17,Nyagatare,Rwimiyaga,CHW-NYG-03-01,0,male,38.6,4,0,0,0,0,0,negative,urgent_refer,1,3.9,recovered
CASE-006186,2026-05-17,Rusizi,Gihundwe,CHW-RUS-03-01,138,male,38.1,1,0,0,0,0,0,positive,treat_at_home,0,,recovered
CASE-006187,2026-05-17,Rusizi,Kamembe,CHW-RUS-01-02,39,male,39.2,1,0,0,0,1,0,positive,urgent_refer,1,8.0,recovered
CASE-006188,2026-05-17,Rusizi,Kamembe,CHW-RUS-01-04,0,female,39.3,5,0,0,0,0,0,positive,urgent_refer,1,7.0,recovered
CASE-006189,2026-05-18,Bugesera,Gashora,CHW-BUG-06-01,65,male,38.7,4,0,0,0,0,0,positive,treat_at_home,0,,recovered
CASE-006190,2026-05-18,Bugesera,Gashora,CHW-BUG-06-02,84,male,36.8,0,0,0,0,0,0,negative,treat_at_home,0,,recovered
CASE-006191,2026-05-18,Bugesera,Mareba,CHW-BUG-04-02,201,male,38.7,2,0,0,0,0,0,positive,treat_at_home,0,,recovered
CASE-006192,2026-05-18,Bugesera,Mayange,CHW-BUG-03-04,54,male,38.3,1,0,0,0,0,0,positive,treat_at_home,0,,recovered
CASE-006193,2026-05-18,Bugesera,Nyamata,CHW-BUG-01-03,51,female,37.4,4,0,0,0,0,0,negative,refer,1,6.9,recovered
CASE-006194,2026-05-18,Bugesera,Rilima,CHW-BUG-02-04,139,male,38.7,2,0,0,0,0,0,positive,treat_at_home,0,,recovered
CASE-006195,2026-05-18,Gisagara,Gisagara,CHW-GIS-01-03,82,male,38.3,2,0,0,0,0,0,positive,treat_at_home,0,,recovered
CASE-006196,2026-05-18,Kirehe,Gahara,CHW-KIR-02-02,2,female,38.5,3,0,0,0,0,0,negative,refer,1,5.9,recovered
CASE-006197,2026-05-18,Kirehe,Gahara,CHW-KIR-02-03,26,male,37.9,2,0,0,0,0,0,negative,treat_at_home,0,,recovered
CASE-006198,2026-05-18,Kirehe,Gahara,CHW-KIR-02-03,23,female,38.5,7,0,0,0,0,0,positive,treat_at_home,0,,recovered
CASE-006199,2026-05-18,Kirehe,Mahama,CHW-KIR-03-04,12,male,38.4,1,0,1,0,0,0,positive,urgent_refer,0,,complication
CASE-006200,2026-05-18,Nyagatare,Karangazi,CHW-NYG-02-02,129,female,38.6,3,0,0,0,0,0,positive,refer,1,9.8,recovered
CASE-006201,2026-05-18,Nyagatare,Katabagemu,CHW-NYG-06-03,42,male,38.7,1,0,0,0,0,0,positive,treat_at_home,0,,recovered
CASE-006202,2026-05-18,Nyagatare,Mimuri,CHW-NYG-05-03,18,female,38.2,3,0,0,1,0,0,positive,urgent_refer,1,2.6,recovered
CASE-006203,2026-05-18,Rusizi,Bugarama,CHW-RUS-02-02,34,female,38.2,1,0,0,0,0,0,positive,treat_at_home,0,,recovered
CASE-006204,2026-05-19,Bugesera,Gashora,CHW-BUG-06-01,14,female,38.1,3,0,0,0,0,0,positive,treat_at_home,0,,recovered
CASE-006205,2026-05-19,Bugesera,Mayange,CHW-BUG-03-03,50,male,38.1,2,0,0,0,0,0,positive,treat_at_home,0,,recovered
CASE-006206,2026-05-19,Bugesera,Nyamata,CHW-BUG-01-03,39,male,37.7,2,0,0,0,0,0,negative,treat_at_home,0,,recovered
CASE-006207,2026-05-19,Gasabo,Kimironko,CHW-GAS-01-01,26,male,38.6,3,0,0,0,0,0,negative,refer,1,6.4,recovered
CASE-006208,2026-05-19,Gisagara,Kibirizi,CHW-GIS-03-03,538,male,38.5,2,0,0,0,0,0,positive,treat_at_home,0,,recovered
CASE-006209,2026-05-19,Kirehe,Gahara,CHW-KIR-02-02,380,male,35.9,0,0,0,0,0,0,negative,treat_at_home,0,,recovered
CASE-006210,2026-05-19,Kirehe,Gahara,CHW-KIR-02-02,32,male,38.6,2,0,0,0,0,1,positive,urgent_refer,1,2.9,complication
CASE-006211,2026-05-19,Kirehe,Gahara,CHW-KIR-02-03,74,male,37.9,2,0,0,0,0,0,positive,treat_at_home,0,,recovered
CASE-006212,2026-05-19,Kirehe,Gahara,CHW-KIR-02-04,2,male,38.0,1,0,0,0,1,0,positive,urgent_refer,1,3.4,recovered
CASE-006213,2026-05-19,Kirehe,Kirehe,CHW-KIR-01-01,20,female,38.2,2,0,0,0,0,0,positive,treat_at_home,0,,recovered
CASE-006214,2026-05-19,Nyagatare,Matimba,CHW-NYG-04-01,136,male,37.8,2,0,0,0,0,0,negative,treat_at_home,0,,recovered
CASE-006215,2026-05-19,Nyagatare,Matimba,CHW-NYG-04-03,127,female,39.6,5,0,0,0,0,0,positive,treat_at_home,0,,recovered
CASE-006216,2026-05-19,Nyagatare,Mimuri,CHW-NYG-05-04,30,male,37.9,2,0,0,0,0,0,positive,treat_at_home,0,,recovered
CASE-006217,2026-05-19,Rusizi,Bugarama,CHW-RUS-02-04,48,female,38.4,1,0,0,0,0,0,negative,treat_at_home,0,,recovered
CASE-006218,2026-05-19,Rusizi,Kamembe,CHW-RUS-01-03,168,female,38.2,2,0,0,0,0,0,positive,treat_at_home,0,,recovered
CASE-006219,2026-05-20,Bugesera,Gashora,CHW-BUG-06-02,50,female,38.7,3,0,0,0,0,1,negative,urgent_refer,1,12.8,recovered
CASE-006220,2026-05-20,Bugesera,Gashora,CHW-BUG-06-04,15,male,38.9,2,0,0,0,0,0,positive,treat_at_home,0,,recovered
CASE-006221,2026-05-20,Bugesera,Mayange,CHW-BUG-03-03,18,female,38.6,1,0,0,0,0,0,positive,treat_at_home,0,,recovered
CASE-006222,2026-05-20,Bugesera,Nyamata,CHW-BUG-01-01,175,female,38.8,6,0,0,0,0,0,positive,treat_at_home,0,,recovered
CASE-006223,2026-05-20,Bugesera,Rilima,CHW-BUG-02-02,81,female,38.7,2,0,0,0,0,0,positive,treat_at_home,0,,recovered
CASE-006224,2026-05-20,Bugesera,Rilima,CHW-BUG-02-03,2,female,38.4,4,0,0,0,0,0,negative,refer,1,11.3,recovered
CASE-006225,2026-05-20,Gisagara,Gisagara,CHW-GIS-01-01,24,female,38.4,4,0,0,0,0,0,positive,treat_at_home,0,,recovered
CASE-006226,2026-05-20,Gisagara,Gisagara,CHW-GIS-01-02,42,male,38.0,3,0,0,0,0,0,positive,treat_at_home,0,,recovered
CASE-006227,2026-05-20,Gisagara,Gisagara,CHW-GIS-01-04,292,female,37.9,2,0,0,0,0,0,negative,treat_at_home,0,,recovered
CASE-006228,2026-05-20,Kirehe,Gahara,CHW-KIR-02-03,58,female,37.7,3,0,0,0,0,0,positive,treat_at_home,0,,recovered
CASE-006229,2026-05-20,Nyagatare,Matimba,CHW-NYG-04-03,323,male,38.8,1,0,0,1,0,0,positive,urgent_refer,0,,recovered
CASE-006230,2026-05-20,Nyagatare,Mimuri,CHW-NYG-05-04,2,male,38.7,6,0,0,0,0,0,positive,treat_at_home,0,,recovered
CASE-006231,2026-05-20,Nyagatare,Rwimiyaga,CHW-NYG-03-03,55,female,38.2,3,0,0,0,0,0,positive,treat_at_home,0,,recovered
CASE-006232,2026-05-20,Rusizi,Bugarama,CHW-RUS-02-03,42,male,38.9,1,0,0,0,0,0,positive,treat_at_home,0,,recovered
CASE-006233,2026-05-20,Rusizi,Bugarama,CHW-RUS-02-03,9,male,38.4,2,0,0,0,0,0,negative,treat_at_home,0,,recovered
CASE-006234,2026-05-21,Bugesera,Mayange,CHW-BUG-03-03,62,female,39.2,3,0,0,0,0,0,positive,treat_at_home,0,,recovered
CASE-006235,2026-05-21,Bugesera,Nyamata,CHW-BUG-01-01,585,male,39.4,1,0,0,0,0,0,positive,treat_at_home,0,,recovered
CASE-006236,2026-05-21,Bugesera,Nyamata,CHW-BUG-01-01,112,female,38.1,6,0,0,0,0,0,negative,refer,0,,recovered
CASE-006237,2026-05-21,Bugesera,Nyamata,CHW-BUG-01-02,53,male,38.1,4,0,0,0,0,0,positive,treat_at_home,0,,recovered
CASE-006238,2026-05-21,Kirehe,Kirehe,CHW-KIR-01-01,34,male,38.5,1,0,0,0,0,0,positive,treat_at_home,0,,recovered
CASE-006239,2026-05-21,Nyagatare,Mimuri,CHW-NYG-05-01,140,female,37.2,0,0,0,0,0,0,negative,treat_at_home,0,,recovered
CASE-006240,2026-05-21,Rusizi,Gihundwe,CHW-RUS-03-04,0,male,39.1,1,0,0,0,0,0,positive,urgent_refer,0,,unknown
CASE-006241,2026-05-22,Bugesera,Gashora,CHW-BUG-06-03,3,female,38.6,2,0,0,0,0,0,positive,treat_at_home,0,,recovered
CASE-006242,2026-05-22,Bugesera,Gashora,CHW-BUG-06-03,429,male,38.3,1,0,0,0,0,0,positive,treat_at_home,0,,recovered
CASE-006243,2026-05-22,Bugesera,Nyamata,CHW-BUG-01-03,44,male,38.7,7,0,0,0,0,0,positive,treat_at_home,0,,recovered
CASE-006244,2026-05-22,Gisagara,Kibirizi,CHW-GIS-03-04,424,female,36.6,0,0,0,0,0,0,negative,treat_at_home,0,,recovered
CASE-006245,2026-05-22,Kirehe,Kirehe,CHW-KIR-01-04,33,female,37.9,1,0,0,0,0,0,positive,treat_at_home,0,,recovered
CASE-006246,2026-05-22,Kirehe,Mahama,CHW-KIR-03-03,83,male,38.2,1,0,0,0,0,0,positive,treat_at_home,0,,recovered
CASE-006247,2026-05-22,Nyagatare,Katabagemu,CHW-NYG-06-02,33,female,38.4,1,0,0,0,0,0,positive,treat_at_home,0,,recovered
CASE-006248,2026-05-22,Nyagatare,Mimuri,CHW-NYG-05-04,8,male,38.7,3,0,0,0,0,0,negative,refer,1,5.4,recovered
CASE-006249,2026-05-22,Rusizi,Gihundwe,CHW-RUS-03-01,25,female,36.5,0,0,0,0,0,0,negative,treat_at_home,0,,recovered
CASE-006250,2026-05-22,Rusizi,Kamembe,CHW-RUS-01-04,102,female,38.7,3,0,0,0,0,0,negative,refer,1,12.9,recovered
CASE-006251,2026-05-23,Bugesera,Mayange,CHW-BUG-03-02,30,male,39.0,5,0,0,0,0,0,positive,treat_at_home,0,,recovered
CASE-006252,2026-05-23,Bugesera,Ntarama,CHW-BUG-05-03,43,male,38.1,4,0,0,0,0,0,negative,refer,1,8.7,recovered
CASE-006253,2026-05-23,Bugesera,Nyamata,CHW-BUG-01-01,16,male,38.7,3,0,0,0,0,0,negative,refer,1,6.6,recovered
CASE-006254,2026-05-23,Gisagara,Gisagara,CHW-GIS-01-01,410,female,37.8,1,0,0,0,0,0,negative,treat_at_home,0,,recovered
CASE-006255,2026-05-23,Gisagara,Save,CHW-GIS-02-02,145,female,38.3,1,0,1,1,0,0,positive,urgent_refer,0,,complication
CASE-006256,2026-05-23,Kirehe,Kirehe,CHW-KIR-01-01,154,female,36.6,0,0,1,0,0,1,invalid,urgent_refer,1,3.4,recovered
CASE-006257,2026-05-23,Kirehe,Kirehe,CHW-KIR-01-03,35,female,38.6,1,0,1,0,0,0,positive,refer,1,13.2,recovered
CASE-006258,2026-05-23,Kirehe,Mahama,CHW-KIR-03-03,28,male,39.1,1,0,0,0,0,0,positive,treat_at_home,0,,recovered
CASE-006259,2026-05-23,Nyagatare,Karangazi,CHW-NYG-02-01,24,female,38.3,2,0,0,1,0,1,positive,urgent_refer,0,,recovered
CASE-006260,2026-05-23,Nyagatare,Katabagemu,CHW-NYG-06-02,696,male,38.4,2,0,0,0,0,0,positive,treat_at_home,0,,recovered
CASE-006261,2026-05-23,Nyagatare,Katabagemu,CHW-NYG-06-03,102,male,37.8,4,0,0,0,0,0,positive,treat_at_home,0,,recovered
CASE-006262,2026-05-23,Nyagatare,Katabagemu,CHW-NYG-06-04,608,male,38.7,3,0,0,0,0,0,positive,treat_at_home,0,,recovered
CASE-006263,2026-05-23,Nyagatare,Matimba,CHW-NYG-04-01,135,male,39.2,2,0,0,0,0,0,negative,treat_at_home,0,,recovered
CASE-006264,2026-05-23,Nyagatare,Matimba,CHW-NYG-04-04,9,female,38.7,5,0,0,0,0,0,positive,treat_at_home,0,,recovered
CASE-006265,2026-05-23,Nyagatare,Matimba,CHW-NYG-04-04,51,female,37.6,3,0,0,0,0,0,invalid,refer,1,7.1,recovered
CASE-006266,2026-05-23,Nyagatare,Matimba,CHW-NYG-04-04,171,male,37.9,2,0,0,0,0,0,positive,treat_at_home,0,,recovered
CASE-006267,2026-05-23,Nyagatare,Rwimiyaga,CHW-NYG-03-01,49,male,38.1,2,0,0,0,0,0,positive,treat_at_home,0,,recovered
CASE-006268,2026-05-23,Rusizi,Bugarama,CHW-RUS-02-02,42,male,38.6,1,0,0,0,0,0,positive,treat_at_home,0,,recovered
CASE-006269,2026-05-23,Rusizi,Gihundwe,CHW-RUS-03-01,609,male,38.4,3,0,0,0,0,0,positive,treat_at_home,0,,recovered
CASE-006270,2026-05-23,Rusizi,Kamembe,CHW-RUS-01-04,44,male,37.9,1,0,0,0,0,0,positive,treat_at_home,0,,complication
CASE-006271,2026-05-24,Bugesera,Gashora,CHW-BUG-06-02,131,female,38.2,2,0,0,0,0,0,negative,treat_at_home,0,,recovered
CASE-006272,2026-05-24,Bugesera,Mareba,CHW-BUG-04-03,25,female,38.3,4,0,0,0,0,0,invalid,refer,1,21.5,recovered
CASE-006273,2026-05-24,Bugesera,Mareba,CHW-BUG-04-03,21,male,37.8,3,0,0,0,0,0,positive,treat_at_home,0,,recovered
CASE-006274,2026-05-24,Bugesera,Ntarama,CHW-BUG-05-04,492,female,37.9,3,0,0,0,0,0,positive,treat_at_home,0,,recovered
CASE-006275,2026-05-24,Bugesera,Nyamata,CHW-BUG-01-03,329,female,38.4,6,0,0,0,0,0,positive,treat_at_home,0,,recovered
CASE-006276,2026-05-24,Gisagara,Save,CHW-GIS-02-02,24,male,37.9,1,0,0,0,0,0,positive,treat_at_home,0,,complication
CASE-006277,2026-05-24,Gisagara,Save,CHW-GIS-02-03,31,female,38.8,2,0,0,0,0,0,positive,treat_at_home,0,,recovered
CASE-006278,2026-05-24,Kirehe,Gahara,CHW-KIR-02-02,152,male,38.3,1,0,0,0,0,0,negative,treat_at_home,0,,recovered
CASE-006279,2026-05-24,Nyagatare,Katabagemu,CHW-NYG-06-02,114,female,38.5,7,0,0,0,0,0,positive,treat_at_home,0,,recovered
CASE-006280,2026-05-24,Nyagatare,Nyagatare,CHW-NYG-01-01,10,female,38.8,2,0,1,1,0,0,positive,urgent_refer,0,,recovered
CASE-006281,2026-05-24,Nyagatare,Rwimiyaga,CHW-NYG-03-02,92,male,38.5,4,0,0,0,0,0,positive,treat_at_home,0,,recovered
CASE-006282,2026-05-25,Bugesera,Mareba,CHW-BUG-04-03,6,male,38.1,1,0,0,0,0,0,positive,treat_at_home,0,,recovered
CASE-006283,2026-05-25,Bugesera,Mayange,CHW-BUG-03-04,24,female,38.1,1,0,0,0,0,0,negative,refer,1,8.9,recovered
CASE-006284,2026-05-25,Bugesera,Ntarama,CHW-BUG-05-01,57,female,38.9,3,0,0,0,0,0,negative,refer,1,5.3,recovered
CASE-006285,2026-05-25,Bugesera,Nyamata,CHW-BUG-01-03,19,male,38.7,2,0,0,0,0,0,positive,treat_at_home,0,,recovered
CASE-006286,2026-05-25,Gasabo,Remera,CHW-GAS-02-02,27,female,38.5,1,0,0,0,0,0,positive,treat_at_home,0,,recovered
CASE-006287,2026-05-25,Gisagara,Save,CHW-GIS-02-04,268,female,38.1,2,0,0,0,0,0,positive,treat_at_home,0,,recovered
CASE-006288,2026-05-25,Kirehe,Kirehe,CHW-KIR-01-01,58,male,38.6,6,0,0,0,0,0,negative,refer,0,,recovered
CASE-006289,2026-05-25,Kirehe,Mahama,CHW-KIR-03-02,41,female,38.4,1,0,0,0,0,0,negative,treat_at_home,0,,recovered
CASE-006290,2026-05-25,Nyagatare,Matimba,CHW-NYG-04-01,20,male,37.8,1,0,0,0,0,0,positive,treat_at_home,0,,recovered
CASE-006291,2026-05-25,Nyagatare,Matimba,CHW-NYG-04-02,48,male,38.7,1,0,0,0,0,0,positive,treat_at_home,0,,recovered
CASE-006292,2026-05-25,Nyagatare,Matimba,CHW-NYG-04-03,60,male,39.2,2,0,0,0,0,0,negative,treat_at_home,0,,recovered
CASE-006293,2026-05-25,Rusizi,Bugarama,CHW-RUS-02-02,57,female,38.5,3,0,0,0,0,0,positive,treat_at_home,0,,recovered
CASE-006294,2026-05-26,Bugesera,Gashora,CHW-BUG-06-02,17,female,38.4,1,0,0,0,0,0,negative,treat_at_home,0,,recovered
CASE-006295,2026-05-26,Bugesera,Mareba,CHW-BUG-04-02,39,female,38.7,6,0,0,0,0,0,positive,treat_at_home,0,,recovered
CASE-006296,2026-05-26,Bugesera,Ntarama,CHW-BUG-05-02,56,male,38.2,1,0,0,0,0,0,positive,treat_at_home,0,,recovered
CASE-006297,2026-05-26,Bugesera,Rilima,CHW-BUG-02-01,161,female,38.9,4,0,0,0,0,0,positive,treat_at_home,0,,recovered
CASE-006298,2026-05-26,Bugesera,Rilima,CHW-BUG-02-04,79,female,38.4,2,0,0,0,0,0,positive,treat_at_home,0,,recovered
CASE-006299,2026-05-26,Gisagara,Gisagara,CHW-GIS-01-02,136,male,38.6,1,0,0,0,0,0,negative,treat_at_home,0,,recovered
CASE-006300,2026-05-26,Nyagatare,Karangazi,CHW-NYG-02-02,138,male,38.0,1,0,0,0,0,0,positive,treat_at_home,0,,recovered
CASE-006301,2026-05-26,Nyagatare,Karangazi,CHW-NYG-02-03,49,female,38.3,3,0,0,0,0,0,positive,treat_at_home,0,,recovered
CASE-006302,2026-05-26,Nyagatare,Katabagemu,CHW-NYG-06-01,21,male,38.7,1,0,0,0,0,0,negative,treat_at_home,0,,recovered
CASE-006303,2026-05-26,Nyagatare,Katabagemu,CHW-NYG-06-03,689,male,38.7,3,0,0,0,0,0,positive,treat_at_home,0,,recovered
CASE-006304,2026-05-26,Nyagatare,Matimba,CHW-NYG-04-02,308,female,38.1,1,0,0,0,0,0,positive,treat_at_home,0,,recovered
CASE-006305,2026-05-26,Nyagatare,Mimuri,CHW-NYG-05-02,11,female,37.7,2,0,0,0,0,0,positive,treat_at_home,0,,recovered
CASE-006306,2026-05-26,Nyagatare,Rwimiyaga,CHW-NYG-03-02,78,male,38.7,2,0,0,0,0,0,negative,treat_at_home,0,,recovered
CASE-006307,2026-05-27,Bugesera,Gashora,CHW-BUG-06-03,31,male,39.4,7,0,0,0,0,0,positive,treat_at_home,0,,recovered
CASE-006308,2026-05-27,Bugesera,Gashora,CHW-BUG-06-03,156,male,37.9,2,0,0,0,0,0,positive,treat_at_home,0,,recovered
CASE-006309,2026-05-27,Gisagara,Gisagara,CHW-GIS-01-04,0,female,39.2,4,0,0,0,0,0,positive,urgent_refer,1,5.7,recovered
CASE-006310,2026-05-27,Gisagara,Kibirizi,CHW-GIS-03-03,19,female,38.0,2,0,0,0,0,0,positive,treat_at_home,0,,recovered
CASE-006311,2026-05-27,Gisagara,Kibirizi,CHW-GIS-03-04,46,female,38.2,1,0,0,0,0,0,positive,treat_at_home,0,,recovered
CASE-006312,2026-05-27,Gisagara,Save,CHW-GIS-02-01,55,female,38.3,2,0,0,0,1,1,positive,urgent_refer,1,12.0,recovered
CASE-006313,2026-05-27,Gisagara,Save,CHW-GIS-02-03,85,male,36.8,0,0,0,0,0,0,negative,treat_at_home,0,,recovered
CASE-006314,2026-05-27,Nyagatare,Karangazi,CHW-NYG-02-01,32,female,38.0,4,0,0,0,0,0,positive,treat_at_home,0,,recovered
CASE-006315,2026-05-27,Nyagatare,Karangazi,CHW-NYG-02-02,27,female,37.4,1,0,0,0,0,0,negative,treat_at_home,0,,recovered
CASE-006316,2026-05-27,Nyagatare,Nyagatare,CHW-NYG-01-04,134,male,36.5,0,0,0,0,0,0,negative,treat_at_home,0,,recovered
CASE-006317,2026-05-27,Nyagatare,Rwimiyaga,CHW-NYG-03-01,203,female,38.8,3,0,0,0,0,0,positive,treat_at_home,0,,recovered
CASE-006318,2026-05-27,Nyagatare,Rwimiyaga,CHW-NYG-03-02,530,male,39.0,2,0,0,0,0,0,positive,treat_at_home,0,,recovered
CASE-006319,2026-05-27,Nyagatare,Rwimiyaga,CHW-NYG-03-03,11,female,38.6,2,1,0,0,0,0,positive,refer,0,,recovered
CASE-006320,2026-05-27,Rusizi,Gihundwe,CHW-RUS-03-03,21,female,37.3,0,0,0,0,0,0,positive,treat_at_home,0,,recovered
CASE-006321,2026-05-28,Bugesera,Gashora,CHW-BUG-06-04,25,male,37.9,2,0,0,0,0,0,negative,treat_at_home,0,,recovered
CASE-006322,2026-05-28,Bugesera,Mayange,CHW-BUG-03-04,22,male,38.9,2,0,0,0,0,0,positive,treat_at_home,0,,recovered
CASE-006323,2026-05-28,Gasabo,Kimironko,CHW-GAS-01-01,56,male,37.7,1,0,0,0,0,0,negative,treat_at_home,0,,recovered
CASE-006324,2026-05-28,Gisagara,Save,CHW-GIS-02-02,19,male,39.3,5,0,0,0,0,0,positive,treat_at_home,0,,recovered
CASE-006325,2026-05-28,Kirehe,Gahara,CHW-KIR-02-01,1,male,38.0,5,0,0,0,0,0,negative,urgent_refer,1,5.2,recovered
CASE-006326,2026-05-28,Kirehe,Gahara,CHW-KIR-02-03,28,male,38.7,2,0,0,0,0,0,positive,treat_at_home,0,,recovered
CASE-006327,2026-05-28,Kirehe,Kirehe,CHW-KIR-01-01,59,female,39.1,2,0,0,0,0,0,negative,treat_at_home,0,,recovered
CASE-006328,2026-05-28,Nyagatare,Karangazi,CHW-NYG-02-04,176,female,39.2,4,0,0,0,0,0,negative,refer,0,,recovered
CASE-006329,2026-05-28,Nyagatare,Nyagatare,CHW-NYG-01-03,0,male,37.9,1,0,0,0,0,0,positive,urgent_refer,1,4.3,recovered
CASE-006330,2026-05-28,Nyagatare,Nyagatare,CHW-NYG-01-04,169,male,38.1,1,0,0,0,0,0,positive,treat_at_home,0,,recovered
CASE-006331,2026-05-28,Nyagatare,Rwimiyaga,CHW-NYG-03-03,80,male,38.5,1,0,0,0,0,0,positive,treat_at_home,0,,recovered
CASE-006332,2026-05-28,Rusizi,Gihundwe,CHW-RUS-03-02,29,female,39.0,3,0,0,0,0,0,negative,refer,1,7.9,recovered
CASE-006333,2026-05-29,Bugesera,Mareba,CHW-BUG-04-01,152,male,39.0,2,0,0,1,0,0,positive,refer,1,23.2,complication
CASE-006334,2026-05-29,Bugesera,Ntarama,CHW-BUG-05-01,28,male,38.6,2,0,0,0,0,0,positive,treat_at_home,0,,recovered
CASE-006335,2026-05-29,Bugesera,Ntarama,CHW-BUG-05-02,143,male,37.6,1,0,0,0,0,0,positive,treat_at_home,0,,recovered
CASE-006336,2026-05-29,Bugesera,Nyamata,CHW-BUG-01-01,41,male,37.9,3,0,0,0,0,0,negative,refer,0,,complication
CASE-006337,2026-05-29,Gasabo,Remera,CHW-GAS-02-04,97,male,38.3,6,0,0,0,0,0,negative,refer,1,4.9,recovered
CASE-006338,2026-05-29,Gisagara,Kibirizi,CHW-GIS-03-04,34,female,38.5,7,0,0,0,0,0,invalid,refer,1,19.4,recovered
CASE-006339,2026-05-29,Kirehe,Gahara,CHW-KIR-02-02,170,female,38.4,1,0,0,0,0,0,positive,treat_at_home,0,,recovered
CASE-006340,2026-05-29,Kirehe,Kirehe,CHW-KIR-01-01,69,female,38.0,3,0,0,0,0,0,positive,treat_at_home,0,,recovered
CASE-006341,2026-05-29,Nyagatare,Katabagemu,CHW-NYG-06-01,1,male,39.3,5,0,0,0,0,0,negative,urgent_refer,1,13.4,recovered
CASE-006342,2026-05-29,Nyagatare,Katabagemu,CHW-NYG-06-01,424,female,39.3,3,0,0,0,0,0,positive,treat_at_home,0,,recovered
CASE-006343,2026-05-29,Nyagatare,Nyagatare,CHW-NYG-01-03,4,female,38.2,2,0,0,0,0,0,negative,treat_at_home,0,,recovered
CASE-006344,2026-05-29,Nyagatare,Nyagatare,CHW-NYG-01-03,23,female,38.9,3,0,0,0,0,0,invalid,refer,0,,recovered
CASE-006345,2026-05-29,Rusizi,Gihundwe,CHW-RUS-03-01,52,female,37.6,3,0,0,0,0,0,positive,treat_at_home,0,,recovered
CASE-006346,2026-05-29,Rusizi,Gihundwe,CHW-RUS-03-02,41,male,38.2,4,0,0,0,1,1,negative,urgent_refer,1,4.9,recovered
CASE-006347,2026-05-29,Rusizi,Kamembe,CHW-RUS-01-02,28,female,38.6,3,0,0,0,0,0,negative,refer,1,5.1,recovered
CASE-006348,2026-05-30,Bugesera,Gashora,CHW-BUG-06-01,3,female,38.9,1,0,0,0,0,0,positive,treat_at_home,0,,recovered
CASE-006349,2026-05-30,Bugesera,Mareba,CHW-BUG-04-04,26,female,38.8,3,0,0,0,0,0,positive,treat_at_home,0,,complication
CASE-006350,2026-05-30,Bugesera,Mayange,CHW-BUG-03-02,119,male,38.1,2,0,0,0,0,0,positive,treat_at_home,0,,recovered
CASE-006351,2026-05-30,Bugesera,Ntarama,CHW-BUG-05-01,161,male,38.3,1,0,0,0,1,1,positive,urgent_refer,1,4.1,recovered
CASE-006352,2026-05-30,Bugesera,Ntarama,CHW-BUG-05-04,523,male,37.9,4,0,0,0,0,0,negative,refer,1,7.1,recovered
CASE-006353,2026-05-30,Bugesera,Nyamata,CHW-BUG-01-04,39,female,38.5,1,0,0,0,0,0,positive,treat_at_home,0,,recovered
CASE-006354,2026-05-30,Gisagara,Kibirizi,CHW-GIS-03-03,34,female,37.1,1,0,0,0,0,0,negative,treat_at_home,0,,recovered
CASE-006355,2026-05-30,Gisagara,Save,CHW-GIS-02-02,173,female,38.6,1,0,0,0,0,0,positive,treat_at_home,0,,recovered
CASE-006356,2026-05-30,Kirehe,Gahara,CHW-KIR-02-01,179,male,38.8,1,0,0,0,0,0,invalid,refer,1,5.4,recovered
CASE-006357,2026-05-30,Kirehe,Gahara,CHW-KIR-02-03,123,female,38.7,4,0,0,0,0,0,positive,treat_at_home,0,,recovered
CASE-006358,2026-05-30,Kirehe,Mahama,CHW-KIR-03-03,33,female,38.0,1,0,0,0,0,0,negative,treat_at_home,0,,recovered
CASE-006359,2026-05-30,Nyagatare,Karangazi,CHW-NYG-02-03,41,male,37.7,4,0,0,0,0,0,negative,treat_at_home,0,,recovered
CASE-006360,2026-05-30,Nyagatare,Matimba,CHW-NYG-04-03,14,male,38.0,1,0,0,0,0,0,positive,treat_at_home,0,,recovered
CASE-006361,2026-05-30,Nyagatare,Mimuri,CHW-NYG-05-04,386,female,38.7,3,0,0,0,0,0,positive,treat_at_home,0,,recovered
CASE-006362,2026-05-30,Nyagatare,Nyagatare,CHW-NYG-01-02,354,male,37.4,1,0,0,0,0,0,negative,treat_at_home,0,,recovered
CASE-006363,2026-05-30,Nyagatare,Rwimiyaga,CHW-NYG-03-01,53,female,38.8,1,0,0,0,0,0,negative,treat_at_home,0,,recovered
CASE-006364,2026-05-30,Nyagatare,Rwimiyaga,CHW-NYG-03-01,25,female,38.0,1,0,0,0,0,0,negative,treat_at_home,0,,recovered
CASE-006365,2026-05-30,Rusizi,Bugarama,CHW-RUS-02-01,5,male,38.2,5,0,0,0,0,0,positive,treat_at_home,0,,recovered
CASE-006366,2026-05-30,Rusizi,Gihundwe,CHW-RUS-03-03,707,female,38.9,2,0,0,0,0,0,negative,treat_at_home,0,,recovered
CASE-006367,2026-05-30,Rusizi,Kamembe,CHW-RUS-01-03,55,male,38.2,1,0,0,0,0,0,positive,treat_at_home,0,,recovered
CASE-006368,2026-05-31,Bugesera,Mareba,CHW-BUG-04-02,43,male,37.9,1,0,0,0,0,0,positive,treat_at_home,0,,recovered
CASE-006369,2026-05-31,Bugesera,Mayange,CHW-BUG-03-01,8,male,38.0,3,0,0,0,0,0,negative,refer,0,,recovered
CASE-006370,2026-05-31,Bugesera,Mayange,CHW-BUG-03-02,171,female,38.8,3,0,0,0,0,0,negative,refer,1,4.0,recovered
CASE-006371,2026-05-31,Bugesera,Nyamata,CHW-BUG-01-04,62,male,38.0,1,0,0,0,0,0,positive,treat_at_home,0,,recovered
CASE-006372,2026-05-31,Bugesera,Rilima,CHW-BUG-02-04,78,female,38.6,1,0,1,0,0,0,positive,urgent_refer,0,,recovered
CASE-006373,2026-05-31,Gasabo,Kimironko,CHW-GAS-01-01,667,female,38.7,3,0,0,0,0,0,positive,treat_at_home,0,,recovered
CASE-006374,2026-05-31,Gasabo,Remera,CHW-GAS-02-01,529,female,37.6,1,0,0,0,0,0,negative,treat_at_home,0,,unknown
CASE-006375,2026-05-31,Gisagara,Kibirizi,CHW-GIS-03-01,11,male,38.2,1,0,0,0,0,0,positive,treat_at_home,0,,recovered
CASE-006376,2026-05-31,Gisagara,Kibirizi,CHW-GIS-03-03,3,male,36.8,0,0,0,0,0,0,negative,treat_at_home,0,,recovered
CASE-006377,2026-05-31,Nyagatare,Matimba,CHW-NYG-04-02,25,female,38.6,2,0,0,0,0,0,positive,treat_at_home,0,,recovered
CASE-006378,2026-05-31,Nyagatare,Rwimiyaga,CHW-NYG-03-02,73,male,38.9,5,0,0,0,0,0,positive,treat_at_home,0,,recovered
CASE-006379,2026-06-01,Gasabo,Remera,CHW-GAS-02-04,19,male,39.1,7,0,0,0,0,0,negative,refer,1,4.8,recovered
CASE-006380,2026-06-01,Kirehe,Gahara,CHW-KIR-02-04,10,female,38.4,3,1,0,0,0,0,positive,refer,1,6.7,recovered
CASE-006381,2026-06-01,Kirehe,Mahama,CHW-KIR-03-01,18,male,38.6,6,0,0,0,0,0,negative,refer,0,,recovered
CASE-006382,2026-06-01,Nyagatare,Karangazi,CHW-NYG-02-01,102,male,37.2,0,0,0,0,0,0,negative,treat_at_home,0,,recovered
CASE-006383,2026-06-01,Nyagatare,Katabagemu,CHW-NYG-06-02,1,male,38.9,3,0,0,0,0,0,negative,urgent_refer,0,,complication
CASE-006384,2026-06-01,Nyagatare,Katabagemu,CHW-NYG-06-04,58,female,38.5,1,0,0,0,0,0,positive,treat_at_home,0,,recovered
CASE-006385,2026-06-02,Bugesera,Nyamata,CHW-BUG-01-01,0,male,38.6,4,0,0,0,0,0,positive,urgent_refer,1,1.8,recovered
CASE-006386,2026-06-02,Gasabo,Kacyiru,CHW-GAS-03-04,40,male,37.8,2,0,0,0,0,0,positive,treat_at_home,0,,recovered
CASE-006387,2026-06-02,Gisagara,Kibirizi,CHW-GIS-03-03,1,female,39.3,3,0,0,0,1,1,positive,urgent_refer,1,3.4,complication
CASE-006388,2026-06-02,Nyagatare,Karangazi,CHW-NYG-02-02,295,male,38.8,3,0,0,0,0,0,positive,treat_at_home,0,,recovered
CASE-006389,2026-06-02,Nyagatare,Matimba,CHW-NYG-04-04,19,female,38.1,2,0,0,0,0,0,positive,treat_at_home,0,,recovered
CASE-006390,2026-06-02,Nyagatare,Mimuri,CHW-NYG-05-04,15,female,38.2,2,0,0,0,0,0,positive,treat_at_home,0,,recovered
CASE-006391,2026-06-02,Nyagatare,Nyagatare,CHW-NYG-01-02,132,female,38.9,3,0,0,0,0,0,positive,treat_at_home,0,,recovered
CASE-006392,2026-06-02,Rusizi,Bugarama,CHW-RUS-02-03,41,male,38.0,1,0,0,0,0,0,positive,treat_at_home,0,,recovered
CASE-006393,2026-06-02,Rusizi,Gihundwe,CHW-RUS-03-02,36,female,36.1,0,0,0,0,0,0,invalid,treat_at_home,0,,recovered
CASE-006394,2026-06-03,Bugesera,Gashora,CHW-BUG-06-02,70,male,38.7,1,0,0,0,0,0,invalid,refer,1,13.7,recovered
CASE-006395,2026-06-03,Bugesera,Mareba,CHW-BUG-04-04,272,female,36.7,0,0,0,0,0,0,negative,treat_at_home,0,,recovered
CASE-006396,2026-06-03,Bugesera,Mayange,CHW-BUG-03-02,27,male,38.7,7,0,0,0,0,0,invalid,refer,1,8.9,recovered
CASE-006397,2026-06-03,Bugesera,Mayange,CHW-BUG-03-04,1,male,38.1,1,0,0,0,0,0,positive,urgent_refer,1,3.2,complication
CASE-006398,2026-06-03,Bugesera,Mayange,CHW-BUG-03-04,24,male,37.9,1,0,0,0,0,0,positive,treat_at_home,0,,recovered
CASE-006399,2026-06-03,Bugesera,Nyamata,CHW-BUG-01-02,30,female,38.3,1,0,0,0,0,0,positive,treat_at_home,0,,recovered
CASE-006400,2026-06-03,Gasabo,Kacyiru,CHW-GAS-03-04,158,male,38.3,2,0,0,0,0,0,positive,treat_at_home,0,,recovered
CASE-006401,2026-06-03,Gasabo,Remera,CHW-GAS-02-04,109,female,38.3,1,0,0,0,0,0,positive,treat_at_home,0,,recovered
CASE-006402,2026-06-03,Nyagatare,Nyagatare,CHW-NYG-01-01,49,female,38.0,2,0,0,0,0,0,negative,refer,1,6.8,recovered
CASE-006403,2026-06-03,Nyagatare,Nyagatare,CHW-NYG-01-01,46,female,38.8,1,0,0,0,0,0,positive,treat_at_home,0,,recovered
CASE-006404,2026-06-03,Nyagatare,Nyagatare,CHW-NYG-01-01,0,male,38.2,2,0,0,0,0,0,negative,urgent_refer,1,2.4,recovered
CASE-006405,2026-06-04,Bugesera,Ntarama,CHW-BUG-05-02,16,male,38.2,4,0,0,0,0,0,positive,treat_at_home,0,,recovered
CASE-006406,2026-06-04,Gisagara,Gisagara,CHW-GIS-01-04,27,male,38.7,1,0,0,0,0,0,positive,treat_at_home,0,,recovered
CASE-006407,2026-06-04,Kirehe,Kirehe,CHW-KIR-01-03,53,male,38.2,2,0,0,0,0,0,positive,treat_at_home,0,,recovered
CASE-006408,2026-06-04,Nyagatare,Matimba,CHW-NYG-04-01,14,male,38.4,7,0,0,0,0,0,negative,refer,1,6.9,recovered
CASE-006409,2026-06-05,Bugesera,Ntarama,CHW-BUG-05-02,55,female,38.2,1,0,0,0,0,0,positive,treat_at_home,0,,recovered
CASE-006410,2026-06-05,Bugesera,Rilima,CHW-BUG-02-02,25,female,38.9,3,0,0,0,0,0,positive,treat_at_home,0,,recovered
CASE-006411,2026-06-05,Bugesera,Rilima,CHW-BUG-02-02,54,female,37.9,1,0,0,0,0,0,positive,treat_at_home,0,,recovered
CASE-006412,2026-06-05,Gasabo,Kimironko,CHW-GAS-01-03,114,male,38.2,3,0,0,0,0,0,negative,refer,1,5.5,recovered
CASE-006413,2026-06-05,Gisagara,Gisagara,CHW-GIS-01-02,80,male,38.0,1,0,0,0,0,0,positive,treat_at_home,0,,recovered
CASE-006414,2026-06-05,Nyagatare,Katabagemu,CHW-NYG-06-01,3,male,36.5,0,0,0,0,0,0,negative,treat_at_home,0,,recovered
CASE-006415,2026-06-05,Nyagatare,Matimba,CHW-NYG-04-02,163,male,38.0,1,0,0,0,0,0,positive,treat_at_home,0,,recovered
CASE-006416,2026-06-05,Nyagatare,Rwimiyaga,CHW-NYG-03-01,48,female,37.3,3,0,0,0,0,0,negative,refer,0,,recovered
CASE-006417,2026-06-05,Rusizi,Bugarama,CHW-RUS-02-03,8,female,38.7,4,0,0,0,0,0,positive,treat_at_home,0,,recovered
CASE-006418,2026-06-05,Rusizi,Gihundwe,CHW-RUS-03-01,42,male,39.2,4,0,0,0,0,0,positive,treat_at_home,0,,recovered
CASE-006419,2026-06-06,Bugesera,Ntarama,CHW-BUG-05-02,140,male,38.2,2,0,0,0,0,0,positive,treat_at_home,0,,recovered
CASE-006420,2026-06-06,Bugesera,Rilima,CHW-BUG-02-02,56,female,38.6,7,0,0,0,0,0,positive,treat_at_home,0,,recovered
CASE-006421,2026-06-06,Bugesera,Rilima,CHW-BUG-02-03,56,male,38.1,3,0,0,0,0,0,positive,treat_at_home,0,,recovered
CASE-006422,2026-06-06,Gisagara,Gisagara,CHW-GIS-01-01,59,male,39.6,6,0,1,1,0,0,invalid,urgent_refer,1,5.2,recovered
CASE-006423,2026-06-06,Gisagara,Gisagara,CHW-GIS-01-02,671,female,38.2,1,0,0,0,0,0,negative,treat_at_home,0,,recovered
CASE-006424,2026-06-06,Gisagara,Kibirizi,CHW-GIS-03-01,581,female,38.4,2,0,0,0,0,0,positive,treat_at_home,0,,recovered
CASE-006425,2026-06-06,Rusizi,Gihundwe,CHW-RUS-03-02,8,female,37.7,2,0,0,0,0,0,positive,treat_at_home,0,,complication
CASE-006426,2026-06-07,Bugesera,Gashora,CHW-BUG-06-03,269,female,38.4,3,0,0,0,0,0,positive,treat_at_home,0,,recovered
CASE-006427,2026-06-07,Bugesera,Rilima,CHW-BUG-02-04,21,female,39.1,1,0,0,0,0,0,positive,treat_at_home,0,,recovered
CASE-006428,2026-06-07,Kirehe,Kirehe,CHW-KIR-01-01,133,female,38.7,4,0,0,0,0,0,negative,refer,1,3.4,recovered
CASE-006429,2026-06-07,Kirehe,Kirehe,CHW-KIR-01-01,27,male,37.7,2,0,0,0,0,0,negative,treat_at_home,0,,recovered
CASE-006430,2026-06-07,Kirehe,Mahama,CHW-KIR-03-01,15,male,39.0,1,0,0,0,0,0,positive,treat_at_home,0,,recovered
CASE-006431,2026-06-07,Kirehe,Mahama,CHW-KIR-03-01,307,male,38.7,7,0,0,0,0,0,positive,treat_at_home,0,,recovered
CASE-006432,2026-06-07,Kirehe,Mahama,CHW-KIR-03-03,17,male,37.3,3,0,0,0,0,0,positive,treat_at_home,0,,recovered
CASE-006433,2026-06-07,Nyagatare,Matimba,CHW-NYG-04-04,174,female,37.7,3,0,0,0,0,0,negative,refer,1,5.9,recovered
CASE-006434,2026-06-08,Bugesera,Rilima,CHW-BUG-02-01,45,male,37.2,0,0,0,0,0,0,positive,treat_at_home,0,,recovered
CASE-006435,2026-06-08,Kirehe,Gahara,CHW-KIR-02-03,43,female,38.3,1,0,0,0,0,0,negative,treat_at_home,0,,recovered
CASE-006436,2026-06-08,Nyagatare,Nyagatare,CHW-NYG-01-02,20,male,38.5,1,0,0,0,0,0,positive,treat_at_home,0,,recovered
CASE-006437,2026-06-08,Nyagatare,Rwimiyaga,CHW-NYG-03-02,106,male,36.8,0,0,0,0,0,0,negative,treat_at_home,0,,recovered
CASE-006438,2026-06-08,Rusizi,Gihundwe,CHW-RUS-03-04,33,male,39.0,3,0,0,0,0,0,positive,treat_at_home,0,,recovered
CASE-006439,2026-06-09,Bugesera,Ntarama,CHW-BUG-05-02,18,female,37.8,1,0,0,0,0,0,positive,treat_at_home,0,,recovered
CASE-006440,2026-06-09,Gasabo,Kimironko,CHW-GAS-01-01,13,female,38.9,1,0,0,0,0,0,negative,treat_at_home,0,,recovered
CASE-006441,2026-06-09,Gisagara,Save,CHW-GIS-02-01,12,female,38.0,1,0,0,0,0,0,negative,treat_at_home,0,,recovered
CASE-006442,2026-06-09,Kirehe,Kirehe,CHW-KIR-01-04,615,female,36.3,0,0,0,0,0,0,negative,treat_at_home,0,,recovered
CASE-006443,2026-06-09,Kirehe,Mahama,CHW-KIR-03-01,21,male,38.2,2,0,0,0,0,0,negative,treat_at_home,0,,recovered
CASE-006444,2026-06-09,Kirehe,Mahama,CHW-KIR-03-04,50,female,37.2,1,0,0,0,0,0,positive,treat_at_home,0,,recovered
CASE-006445,2026-06-09,Nyagatare,Katabagemu,CHW-NYG-06-03,158,male,37.9,7,0,0,0,0,0,negative,refer,0,,recovered
CASE-006446,2026-06-09,Nyagatare,Mimuri,CHW-NYG-05-02,0,male,38.7,1,0,0,0,0,0,positive,urgent_refer,1,1.7,complication
CASE-006447,2026-06-09,Rusizi,Bugarama,CHW-RUS-02-01,48,female,38.0,3,0,0,0,0,0,negative,refer,0,,recovered
CASE-006448,2026-06-09,Rusizi,Kamembe,CHW-RUS-01-03,557,female,38.9,2,0,0,0,0,0,negative,treat_at_home,0,,recovered
CASE-006449,2026-06-10,Bugesera,Mareba,CHW-BUG-04-04,528,male,38.7,1,0,0,0,0,0,negative,treat_at_home,0,,recovered
CASE-006450,2026-06-10,Gasabo,Kimironko,CHW-GAS-01-04,8,female,36.8,0,0,0,0,0,0,negative,treat_at_home,0,,recovered
CASE-006451,2026-06-10,Gisagara,Save,CHW-GIS-02-01,41,male,39.5,4,0,0,0,0,0,negative,refer,1,6.3,unknown
CASE-006452,2026-06-10,Kirehe,Mahama,CHW-KIR-03-03,159,female,38.9,1,0,0,0,0,0,negative,treat_at_home,0,,recovered
CASE-006453,2026-06-10,Nyagatare,Mimuri,CHW-NYG-05-03,42,male,38.2,2,0,0,0,0,0,negative,treat_at_home,0,,recovered
CASE-006454,2026-06-10,Nyagatare,Mimuri,CHW-NYG-05-04,7,female,38.6,3,0,0,0,0,0,positive,treat_at_home,0,,recovered
CASE-006455,2026-06-11,Bugesera,Rilima,CHW-BUG-02-01,168,female,38.4,2,0,0,0,0,0,positive,treat_at_home,0,,recovered
CASE-006456,2026-06-11,Bugesera,Rilima,CHW-BUG-02-04,34,female,39.4,4,0,0,0,0,0,negative,refer,1,4.3,recovered
CASE-006457,2026-06-11,Gisagara,Kibirizi,CHW-GIS-03-04,673,male,37.8,1,0,0,0,0,0,positive,treat_at_home,0,,recovered
CASE-006458,2026-06-11,Kirehe,Kirehe,CHW-KIR-01-04,477,female,37.8,3,0,0,0,0,0,positive,refer,0,,recovered
CASE-006459,2026-06-12,Bugesera,Mareba,CHW-BUG-04-02,7,female,38.5,5,0,0,0,0,0,negative,refer,0,,recovered
CASE-006460,2026-06-12,Bugesera,Rilima,CHW-BUG-02-01,6,female,38.8,3,0,1,0,0,0,invalid,urgent_refer,1,1.8,recovered
CASE-006461,2026-06-12,Gisagara,Kibirizi,CHW-GIS-03-02,57,male,38.4,3,0,0,0,0,0,positive,treat_at_home,0,,recovered
CASE-006462,2026-06-12,Kirehe,Mahama,CHW-KIR-03-01,163,male,38.2,3,0,0,0,0,0,positive,treat_at_home,0,,recovered
CASE-006463,2026-06-12,Nyagatare,Mimuri,CHW-NYG-05-03,57,female,38.5,3,0,0,0,0,0,positive,treat_at_home,0,,recovered
CASE-006464,2026-06-12,Nyagatare,Nyagatare,CHW-NYG-01-02,130,female,39.1,2,0,0,0,0,0,positive,treat_at_home,0,,recovered
CASE-006465,2026-06-12,Nyagatare,Nyagatare,CHW-NYG-01-03,101,male,38.1,4,0,0,0,0,0,negative,refer,1,3.5,recovered
CASE-006466,2026-06-13,Bugesera,Rilima,CHW-BUG-02-01,22,male,38.8,2,0,0,0,0,0,positive,treat_at_home,0,,recovered
CASE-006467,2026-06-13,Bugesera,Rilima,CHW-BUG-02-03,44,male,38.8,6,0,0,0,0,0,positive,treat_at_home,0,,unknown
CASE-006468,2026-06-13,Kirehe,Gahara,CHW-KIR-02-04,27,male,38.2,5,0,0,0,0,0,positive,treat_at_home,0,,recovered
CASE-006469,2026-06-13,Kirehe,Gahara,CHW-KIR-02-04,123,female,39.0,2,0,0,0,0,0,positive,treat_at_home,0,,recovered
CASE-006470,2026-06-13,Nyagatare,Karangazi,CHW-NYG-02-02,11,female,38.6,1,0,0,0,0,0,positive,treat_at_home,0,,recovered
CASE-006471,2026-06-13,Nyagatare,Katabagemu,CHW-NYG-06-03,471,female,38.6,2,0,1,0,0,0,positive,urgent_refer,0,,complication
CASE-006472,2026-06-13,Nyagatare,Matimba,CHW-NYG-04-02,394,female,38.5,2,0,0,0,0,0,negative,treat_at_home,0,,recovered
CASE-006473,2026-06-13,Nyagatare,Mimuri,CHW-NYG-05-03,16,male,38.0,1,0,0,0,0,0,positive,treat_at_home,0,,recovered
CASE-006474,2026-06-13,Nyagatare,Rwimiyaga,CHW-NYG-03-02,63,female,39.0,2,0,0,0,0,0,negative,treat_at_home,0,,recovered
CASE-006475,2026-06-13,Nyagatare,Rwimiyaga,CHW-NYG-03-03,80,male,36.9,0,0,1,0,0,0,negative,urgent_refer,1,6.6,complication
CASE-006476,2026-06-13,Rusizi,Bugarama,CHW-RUS-02-04,15,male,38.2,1,0,0,0,0,0,positive,treat_at_home,0,,recovered
CASE-006477,2026-06-13,Rusizi,Gihundwe,CHW-RUS-03-01,37,female,37.2,2,0,0,0,0,0,negative,treat_at_home,0,,recovered
CASE-006478,2026-06-13,Rusizi,Kamembe,CHW-RUS-01-02,51,female,38.1,1,0,1,0,1,0,negative,urgent_refer,1,3.1,recovered
CASE-006479,2026-06-13,Rusizi,Kamembe,CHW-RUS-01-03,597,male,37.7,4,0,0,0,0,0,positive,treat_at_home,0,,recovered
CASE-006480,2026-06-14,Bugesera,Gashora,CHW-BUG-06-03,41,male,38.5,4,0,0,0,0,0,positive,treat_at_home,0,,recovered
CASE-006481,2026-06-14,Bugesera,Mayange,CHW-BUG-03-01,16,male,36.7,0,0,0,0,0,0,negative,treat_at_home,0,,recovered
CASE-006482,2026-06-14,Bugesera,Rilima,CHW-BUG-02-01,4,female,39.0,2,0,0,0,0,0,positive,treat_at_home,0,,recovered
CASE-006483,2026-06-14,Bugesera,Rilima,CHW-BUG-02-01,99,male,38.9,1,0,0,0,0,0,negative,treat_at_home,0,,recovered
CASE-006484,2026-06-14,Gasabo,Kimironko,CHW-GAS-01-01,166,female,38.5,3,0,0,0,0,0,invalid,refer,1,5.9,died
CASE-006485,2026-06-14,Gisagara,Gisagara,CHW-GIS-01-01,103,male,37.6,2,0,0,1,0,1,negative,urgent_refer,1,4.8,recovered
CASE-006486,2026-06-14,Gisagara,Kibirizi,CHW-GIS-03-03,34,female,39.6,2,0,0,0,0,0,negative,treat_at_home,0,,recovered
CASE-006487,2026-06-14,Nyagatare,Karangazi,CHW-NYG-02-03,26,female,39.5,2,0,0,0,0,0,positive,treat_at_home,0,,recovered
CASE-006488,2026-06-14,Nyagatare,Karangazi,CHW-NYG-02-04,19,male,38.3,3,0,0,0,0,0,positive,treat_at_home,0,,recovered
CASE-006489,2026-06-14,Nyagatare,Rwimiyaga,CHW-NYG-03-03,36,female,38.3,2,0,0,0,0,0,positive,treat_at_home,0,,recovered
CASE-006490,2026-06-14,Rusizi,Bugarama,CHW-RUS-02-01,48,female,37.1,0,0,0,0,0,0,negative,treat_at_home,0,,recovered
CASE-006491,2026-06-14,Rusizi,Gihundwe,CHW-RUS-03-02,184,female,37.7,2,0,0,0,0,0,positive,treat_at_home,0,,recovered
CASE-006492,2026-06-15,Bugesera,Gashora,CHW-BUG-06-01,49,female,38.3,1,0,0,0,0,0,positive,treat_at_home,0,,recovered
CASE-006493,2026-06-15,Bugesera,Mayange,CHW-BUG-03-02,139,male,38.6,1,0,0,0,0,0,negative,treat_at_home,0,,recovered
CASE-006494,2026-06-15,Gisagara,Gisagara,CHW-GIS-01-02,35,female,38.9,3,0,0,0,0,0,negative,treat_at_home,0,,recovered
CASE-006495,2026-06-15,Gisagara,Save,CHW-GIS-02-01,534,male,37.6,6,0,0,0,0,0,positive,treat_at_home,0,,recovered
CASE-006496,2026-06-15,Nyagatare,Matimba,CHW-NYG-04-01,3,female,38.2,1,0,0,0,0,0,negative,treat_at_home,0,,recovered
CASE-006497,2026-06-15,Nyagatare,Mimuri,CHW-NYG-05-03,14,female,38.7,2,0,0,0,0,0,positive,treat_at_home,0,,recovered
CASE-006498,2026-06-15,Nyagatare,Mimuri,CHW-NYG-05-04,386,male,38.9,2,0,0,0,0,0,invalid,refer,0,,recovered
CASE-006499,2026-06-15,Nyagatare,Nyagatare,CHW-NYG-01-02,257,female,38.2,3,0,0,0,0,0,positive,treat_at_home,0,,unknown
CASE-006500,2026-06-15,Nyagatare,Rwimiyaga,CHW-NYG-03-03,11,female,38.7,3,0,0,0,0,0,positive,treat_at_home,0,,recovered
CASE-006501,2026-06-15,Rusizi,Kamembe,CHW-RUS-01-04,111,female,37.8,1,0,0,0,0,0,positive,treat_at_home,0,,recovered
CASE-006502,2026-06-16,Bugesera,Mareba,CHW-BUG-04-03,130,male,38.3,3,0,0,0,0,0,positive,treat_at_home,0,,recovered
CASE-006503,2026-06-16,Bugesera,Ntarama,CHW-BUG-05-02,9,male,38.4,1,0,0,0,0,0,negative,treat_at_home,0,,recovered
CASE-006504,2026-06-16,Gasabo,Kimironko,CHW-GAS-01-01,44,male,39.2,1,0,0,0,0,0,negative,treat_at_home,0,,recovered
CASE-006505,2026-06-16,Nyagatare,Matimba,CHW-NYG-04-04,52,female,38.4,5,0,1,1,0,0,negative,urgent_refer,1,1.8,recovered
CASE-006506,2026-06-17,Bugesera,Rilima,CHW-BUG-02-03,23,male,38.2,1,0,0,0,0,0,negative,treat_at_home,0,,recovered
CASE-006507,2026-06-17,Gasabo,Remera,CHW-GAS-02-01,33,male,38.4,2,0,0,0,0,0,negative,treat_at_home,0,,recovered
CASE-006508,2026-06-17,Kirehe,Mahama,CHW-KIR-03-04,250,male,38.7,2,0,0,0,0,0,positive,treat_at_home,0,,recovered
CASE-006509,2026-06-17,Nyagatare,Katabagemu,CHW-NYG-06-04,37,female,38.1,3,0,0,0,0,0,positive,treat_at_home,0,,recovered
CASE-006510,2026-06-17,Nyagatare,Matimba,CHW-NYG-04-04,519,female,38.7,4,0,0,0,0,0,positive,treat_at_home,0,,recovered
CASE-006511,2026-06-18,Bugesera,Gashora,CHW-BUG-06-02,105,female,38.9,4,0,0,0,0,0,positive,treat_at_home,0,,recovered
CASE-006512,2026-06-18,Bugesera,Nyamata,CHW-BUG-01-04,15,male,38.8,1,0,0,0,0,0,negative,treat_at_home,0,,recovered
CASE-006513,2026-06-18,Gasabo,Kimironko,CHW-GAS-01-03,103,female,38.5,5,0,0,0,0,0,positive,treat_at_home,0,,recovered
CASE-006514,2026-06-18,Gasabo,Remera,CHW-GAS-02-04,9,female,38.3,4,0,0,0,0,0,negative,refer,1,9.6,recovered
CASE-006515,2026-06-18,Gisagara,Gisagara,CHW-GIS-01-01,126,female,38.3,2,0,0,0,0,0,negative,treat_at_home,0,,recovered
CASE-006516,2026-06-18,Kirehe,Mahama,CHW-KIR-03-01,132,male,38.9,4,0,0,0,0,0,negative,refer,1,7.8,recovered
CASE-006517,2026-06-18,Nyagatare,Karangazi,CHW-NYG-02-01,115,male,38.6,1,0,0,0,0,0,positive,treat_at_home,0,,recovered
CASE-006518,2026-06-18,Rusizi,Kamembe,CHW-RUS-01-01,32,male,36.6,0,0,0,0,0,0,negative,treat_at_home,0,,recovered
CASE-006519,2026-06-18,Rusizi,Kamembe,CHW-RUS-01-03,118,female,37.9,5,0,0,0,0,0,positive,treat_at_home,0,,recovered
CASE-006520,2026-06-19,Bugesera,Nyamata,CHW-BUG-01-01,109,male,38.6,4,0,0,0,0,0,positive,treat_at_home,0,,recovered
CASE-006521,2026-06-19,Gisagara,Save,CHW-GIS-02-02,123,female,37.5,2,0,0,0,0,0,positive,treat_at_home,0,,recovered
CASE-006522,2026-06-19,Kirehe,Gahara,CHW-KIR-02-01,651,male,38.5,3,0,0,0,0,0,positive,treat_at_home,0,,recovered
CASE-006523,2026-06-19,Nyagatare,Matimba,CHW-NYG-04-02,37,male,36.5,0,0,0,0,0,0,negative,treat_at_home,0,,recovered
CASE-006524,2026-06-19,Nyagatare,Matimba,CHW-NYG-04-03,6,male,38.4,3,0,0,0,0,0,positive,treat_at_home,0,,recovered
CASE-006525,2026-06-20,Bugesera,Rilima,CHW-BUG-02-01,57,female,38.1,3,0,0,0,0,0,positive,treat_at_home,0,,recovered
CASE-006526,2026-06-20,Gisagara,Save,CHW-GIS-02-01,128,female,37.9,2,0,0,0,0,0,negative,treat_at_home,0,,recovered
CASE-006527,2026-06-20,Kirehe,Mahama,CHW-KIR-03-02,437,male,39.4,5,0,0,0,0,0,positive,treat_at_home,0,,recovered
CASE-006528,2026-06-20,Nyagatare,Matimba,CHW-NYG-04-03,7,male,37.3,1,0,0,0,0,0,positive,treat_at_home,0,,recovered
CASE-006529,2026-06-21,Bugesera,Gashora,CHW-BUG-06-02,40,male,38.7,1,0,0,0,0,0,negative,treat_at_home,0,,recovered
CASE-006530,2026-06-21,Bugesera,Mayange,CHW-BUG-03-03,57,male,39.7,1,0,0,0,0,1,negative,urgent_refer,0,,complication
CASE-006531,2026-06-21,Bugesera,Mayange,CHW-BUG-03-03,23,male,38.2,1,0,0,0,0,0,positive,treat_at_home,0,,recovered
CASE-006532,2026-06-21,Bugesera,Nyamata,CHW-BUG-01-04,125,male,38.1,2,0,0,0,0,0,positive,treat_at_home,0,,recovered
CASE-006533,2026-06-21,Gasabo,Remera,CHW-GAS-02-02,46,female,38.0,1,0,0,0,0,0,negative,treat_at_home,0,,recovered
CASE-006534,2026-06-21,Gisagara,Gisagara,CHW-GIS-01-04,59,male,38.3,2,0,0,0,0,0,negative,treat_at_home,0,,unknown
CASE-006535,2026-06-21,Gisagara,Save,CHW-GIS-02-01,24,female,38.3,1,0,0,0,0,0,negative,treat_at_home,0,,recovered
CASE-006536,2026-06-21,Kirehe,Gahara,CHW-KIR-02-03,42,male,36.6,0,0,0,0,0,0,negative,treat_at_home,0,,recovered
CASE-006537,2026-06-21,Kirehe,Gahara,CHW-KIR-02-03,13,female,38.0,3,0,0,0,0,0,positive,treat_at_home,0,,recovered
CASE-006538,2026-06-21,Kirehe,Kirehe,CHW-KIR-01-01,109,female,38.5,1,0,0,0,0,0,positive,treat_at_home,0,,recovered
CASE-006539,2026-06-21,Kirehe,Mahama,CHW-KIR-03-03,0,female,38.4,2,0,0,0,0,0,negative,urgent_refer,1,3.0,recovered
CASE-006540,2026-06-21,Kirehe,Mahama,CHW-KIR-03-04,174,female,38.7,4,0,0,0,0,0,negative,refer,1,6.1,recovered
CASE-006541,2026-06-21,Nyagatare,Matimba,CHW-NYG-04-02,61,male,37.8,1,0,0,0,0,0,negative,treat_at_home,0,,recovered
CASE-006542,2026-06-21,Nyagatare,Rwimiyaga,CHW-NYG-03-02,60,male,38.4,1,0,0,0,0,0,positive,treat_at_home,0,,unknown
CASE-006543,2026-06-21,Nyagatare,Rwimiyaga,CHW-NYG-03-03,78,female,38.2,3,0,0,0,0,0,negative,refer,0,,recovered
CASE-006544,2026-06-22,Kirehe,Gahara,CHW-KIR-02-02,40,female,37.7,2,0,0,0,0,0,negative,treat_at_home,0,,recovered
CASE-006545,2026-06-22,Kirehe,Gahara,CHW-KIR-02-04,0,male,38.6,4,0,0,0,0,0,positive,urgent_refer,0,,recovered
CASE-006546,2026-06-22,Kirehe,Mahama,CHW-KIR-03-01,15,female,38.6,2,0,0,0,0,0,positive,treat_at_home,0,,recovered
CASE-006547,2026-06-22,Kirehe,Mahama,CHW-KIR-03-02,77,male,38.9,1,0,0,0,0,0,positive,treat_at_home,0,,recovered
CASE-006548,2026-06-22,Nyagatare,Matimba,CHW-NYG-04-04,68,female,37.8,2,0,0,0,0,0,positive,treat_at_home,0,,recovered
CASE-006549,2026-06-22,Nyagatare,Matimba,CHW-NYG-04-04,57,male,38.4,3,0,0,0,0,0,positive,treat_at_home,0,,recovered
CASE-006550,2026-06-23,Bugesera,Gashora,CHW-BUG-06-04,28,female,38.5,2,0,0,0,0,0,positive,treat_at_home,0,,recovered
CASE-006551,2026-06-23,Bugesera,Mareba,CHW-BUG-04-02,89,female,38.7,6,0,0,0,0,0,positive,treat_at_home,0,,recovered
CASE-006552,2026-06-23,Bugesera,Nyamata,CHW-BUG-01-02,16,female,37.9,2,0,0,0,0,0,negative,treat_at_home,0,,recovered
CASE-006553,2026-06-23,Bugesera,Rilima,CHW-BUG-02-04,18,female,38.6,3,0,0,0,0,0,positive,treat_at_home,0,,recovered
CASE-006554,2026-06-23,Gasabo,Kimironko,CHW-GAS-01-04,398,female,38.4,1,0,0,0,0,0,positive,treat_at_home,0,,recovered
CASE-006555,2026-06-23,Kirehe,Gahara,CHW-KIR-02-04,0,female,38.7,1,0,0,0,0,0,positive,urgent_refer,1,4.1,recovered
CASE-006556,2026-06-23,Nyagatare,Matimba,CHW-NYG-04-01,108,male,38.9,2,0,1,1,0,0,positive,urgent_refer,1,4.2,recovered
CASE-006557,2026-06-23,Rusizi,Bugarama,CHW-RUS-02-03,41,female,38.2,5,0,0,0,0,0,negative,refer,1,16.9,recovered
CASE-006558,2026-06-23,Rusizi,Gihundwe,CHW-RUS-03-01,8,male,37.8,1,0,0,0,0,0,positive,treat_at_home,0,,recovered
CASE-006559,2026-06-23,Rusizi,Gihundwe,CHW-RUS-03-02,13,male,38.5,4,0,0,0,0,0,negative,refer,1,12.2,recovered
CASE-006560,2026-06-23,Rusizi,Kamembe,CHW-RUS-01-01,5,female,38.5,2,0,0,0,0,0,negative,refer,1,8.4,recovered
CASE-006561,2026-06-23,Rusizi,Kamembe,CHW-RUS-01-03,34,female,38.3,2,0,0,0,0,0,positive,treat_at_home,0,,recovered
CASE-006562,2026-06-24,Bugesera,Gashora,CHW-BUG-06-03,4,female,38.5,1,0,1,0,0,0,negative,refer,1,4.2,recovered
CASE-006563,2026-06-24,Bugesera,Mareba,CHW-BUG-04-01,45,male,38.5,1,0,0,0,0,0,negative,treat_at_home,0,,recovered
CASE-006564,2026-06-24,Gasabo,Remera,CHW-GAS-02-02,8,female,38.9,2,0,0,0,0,0,negative,treat_at_home,0,,recovered
CASE-006565,2026-06-24,Gisagara,Gisagara,CHW-GIS-01-03,179,female,38.4,2,0,0,0,0,0,negative,treat_at_home,0,,recovered
CASE-006566,2026-06-24,Nyagatare,Rwimiyaga,CHW-NYG-03-01,25,male,38.3,2,0,0,0,0,0,invalid,refer,1,20.0,recovered
CASE-006567,2026-06-25,Bugesera,Mareba,CHW-BUG-04-03,13,male,38.7,5,0,0,0,0,0,positive,treat_at_home,0,,recovered
CASE-006568,2026-06-25,Bugesera,Mayange,CHW-BUG-03-01,0,male,38.4,1,0,0,0,0,0,positive,urgent_refer,0,,recovered
CASE-006569,2026-06-25,Bugesera,Mayange,CHW-BUG-03-01,147,male,39.4,3,0,0,0,0,0,invalid,refer,0,,recovered
CASE-006570,2026-06-25,Gisagara,Kibirizi,CHW-GIS-03-04,52,female,38.3,1,0,0,0,0,0,positive,treat_at_home,0,,recovered
CASE-006571,2026-06-25,Nyagatare,Rwimiyaga,CHW-NYG-03-03,4,female,38.5,3,0,0,0,0,0,negative,refer,0,,recovered
CASE-006572,2026-06-25,Nyagatare,Rwimiyaga,CHW-NYG-03-04,54,female,38.2,2,0,0,0,0,0,positive,treat_at_home,0,,recovered
CASE-006573,2026-06-25,Rusizi,Bugarama,CHW-RUS-02-01,28,male,36.6,0,0,0,0,0,0,negative,treat_at_home,0,,recovered
CASE-006574,2026-06-25,Rusizi,Gihundwe,CHW-RUS-03-01,56,male,39.1,2,0,0,1,1,0,positive,urgent_refer,1,4.9,recovered
CASE-006575,2026-06-25,Rusizi,Gihundwe,CHW-RUS-03-03,174,female,38.2,2,0,0,0,0,0,negative,treat_at_home,0,,recovered
CASE-006576,2026-06-25,Rusizi,Kamembe,CHW-RUS-01-01,57,female,38.3,1,0,0,0,0,0,positive,treat_at_home,0,,recovered
CASE-006577,2026-06-25,Rusizi,Kamembe,CHW-RUS-01-02,1,female,38.9,6,1,1,0,0,0,negative,urgent_refer,1,5.9,recovered
CASE-006578,2026-06-26,Bugesera,Mareba,CHW-BUG-04-03,74,male,38.7,6,0,0,0,0,0,positive,treat_at_home,0,,recovered
CASE-006579,2026-06-26,Bugesera,Mayange,CHW-BUG-03-04,7,male,38.7,3,0,0,0,0,0,negative,refer,0,,recovered
CASE-006580,2026-06-26,Gasabo,Kimironko,CHW-GAS-01-04,0,male,39.0,3,0,0,0,0,0,negative,refer,1,3.8,recovered
CASE-006581,2026-06-26,Gisagara,Save,CHW-GIS-02-04,9,female,38.2,4,0,0,0,0,0,positive,treat_at_home,0,,recovered
CASE-006582,2026-06-26,Kirehe,Kirehe,CHW-KIR-01-03,13,male,38.2,3,0,0,0,0,0,negative,refer,1,7.0,recovered
CASE-006583,2026-06-26,Nyagatare,Karangazi,CHW-NYG-02-02,117,male,38.3,4,0,0,0,0,0,positive,treat_at_home,0,,recovered
CASE-006584,2026-06-26,Nyagatare,Katabagemu,CHW-NYG-06-02,70,female,39.1,2,0,0,0,0,0,negative,treat_at_home,0,,recovered
CASE-006585,2026-06-27,Bugesera,Mareba,CHW-BUG-04-02,117,male,39.2,5,0,0,0,0,0,positive,treat_at_home,0,,recovered
CASE-006586,2026-06-27,Bugesera,Mayange,CHW-BUG-03-01,133,male,38.3,1,0,0,0,0,0,positive,treat_at_home,0,,recovered
CASE-006587,2026-06-27,Gisagara,Gisagara,CHW-GIS-01-04,33,female,38.2,3,0,0,0,0,0,positive,treat_at_home,0,,recovered
CASE-006588,2026-06-27,Nyagatare,Katabagemu,CHW-NYG-06-03,36,male,38.1,6,0,0,0,0,0,positive,treat_at_home,0,,recovered
CASE-006589,2026-06-27,Nyagatare,Matimba,CHW-NYG-04-03,28,female,38.7,2,0,0,0,0,0,negative,treat_at_home,0,,recovered
CASE-006590,2026-06-27,Nyagatare,Matimba,CHW-NYG-04-04,545,male,37.8,1,0,0,0,0,0,negative,treat_at_home,0,,recovered
CASE-006591,2026-06-27,Nyagatare,Mimuri,CHW-NYG-05-03,28,male,38.0,4,0,0,0,0,0,positive,treat_at_home,0,,recovered
CASE-006592,2026-06-27,Nyagatare,Mimuri,CHW-NYG-05-04,143,male,38.5,2,0,0,0,0,0,positive,treat_at_home,0,,recovered
CASE-006593,2026-06-28,Kirehe,Gahara,CHW-KIR-02-03,514,female,37.8,3,0,0,0,0,0,negative,refer,1,8.5,recovered
CASE-006594,2026-06-28,Kirehe,Kirehe,CHW-KIR-01-03,18,male,38.7,1,0,1,0,0,0,positive,urgent_refer,1,7.8,recovered
CASE-006595,2026-06-28,Nyagatare,Nyagatare,CHW-NYG-01-02,3,male,37.4,1,0,0,0,0,0,positive,treat_at_home,0,,recovered
CASE-006596,2026-06-28,Nyagatare,Rwimiyaga,CHW-NYG-03-03,24,female,38.5,2,0,0,0,0,0,positive,refer,0,,recovered
CASE-006597,2026-06-29,Bugesera,Mayange,CHW-BUG-03-03,47,female,38.9,1,0,1,0,0,1,positive,urgent_refer,1,11.8,recovered
CASE-006598,2026-06-29,Bugesera,Nyamata,CHW-BUG-01-02,154,female,37.8,2,0,0,0,0,0,positive,treat_at_home,0,,recovered
CASE-006599,2026-06-29,Gasabo,Kimironko,CHW-GAS-01-03,41,male,38.3,2,0,0,0,0,0,positive,treat_at_home,0,,recovered
CASE-006600,2026-06-29,Gasabo,Kimironko,CHW-GAS-01-03,36,female,39.0,5,0,0,0,0,1,positive,treat_at_home,0,,recovered
CASE-006601,2026-06-29,Gisagara,Save,CHW-GIS-02-02,21,male,38.7,2,0,0,0,0,0,positive,treat_at_home,0,,recovered
CASE-006602,2026-06-29,Nyagatare,Nyagatare,CHW-NYG-01-01,21,female,38.5,3,0,0,0,0,0,positive,treat_at_home,0,,recovered
CASE-006603,2026-06-29,Rusizi,Gihundwe,CHW-RUS-03-02,40,female,38.0,1,0,0,0,0,0,negative,treat_at_home,0,,recovered
CASE-006604,2026-06-30,Bugesera,Ntarama,CHW-BUG-05-01,95,female,38.2,6,0,0,1,0,0,positive,refer,1,5.8,recovered
CASE-006605,2026-06-30,Kirehe,Kirehe,CHW-KIR-01-02,231,female,37.8,1,0,0,0,0,0,positive,treat_at_home,0,,recovered
CASE-006606,2026-06-30,Nyagatare,Rwimiyaga,CHW-NYG-03-02,118,male,38.2,2,0,0,0,0,0,invalid,refer,1,9.0,recovered
CASE-006607,2026-06-30,Nyagatare,Rwimiyaga,CHW-NYG-03-02,54,male,39.2,2,0,0,1,0,1,negative,refer,1,6.1,recovered
CASE-006608,2026-06-30,Rusizi,Bugarama,CHW-RUS-02-01,57,female,38.8,2,0,0,0,0,0,positive,treat_at_home,0,,recovered
CASE-006609,2026-06-30,Rusizi,Bugarama,CHW-RUS-02-04,22,male,38.4,3,0,0,0,0,0,invalid,refer,1,14.8,recovered
CASE-006610,2026-07-01,Bugesera,Mayange,CHW-BUG-03-04,100,male,38.9,3,0,0,0,0,0,negative,refer,1,11.4,recovered
CASE-006611,2026-07-01,Gisagara,Kibirizi,CHW-GIS-03-04,11,female,37.9,2,0,0,0,0,0,positive,treat_at_home,0,,recovered
CASE-006612,2026-07-01,Kirehe,Kirehe,CHW-KIR-01-02,108,male,36.3,0,0,0,0,0,0,negative,treat_at_home,0,,recovered
CASE-006613,2026-07-01,Nyagatare,Karangazi,CHW-NYG-02-02,52,female,39.3,3,0,0,0,0,0,negative,treat_at_home,0,,recovered
CASE-006614,2026-07-01,Nyagatare,Karangazi,CHW-NYG-02-03,61,female,38.4,1,0,0,0,0,0,positive,treat_at_home,0,,recovered
CASE-006615,2026-07-02,Bugesera,Mareba,CHW-BUG-04-02,127,male,38.9,3,0,0,0,0,0,positive,treat_at_home,0,,recovered
CASE-006616,2026-07-02,Bugesera,Mayange,CHW-BUG-03-02,148,male,38.0,1,0,0,0,0,0,negative,treat_at_home,0,,recovered
CASE-006617,2026-07-02,Bugesera,Ntarama,CHW-BUG-05-01,43,male,38.1,3,0,0,0,0,0,negative,treat_at_home,0,,recovered
CASE-006618,2026-07-02,Bugesera,Nyamata,CHW-BUG-01-04,5,male,38.2,1,0,0,0,0,0,positive,treat_at_home,0,,recovered
CASE-006619,2026-07-02,Bugesera,Rilima,CHW-BUG-02-01,160,female,38.5,1,0,0,0,0,0,negative,treat_at_home,0,,recovered
CASE-006620,2026-07-02,Gasabo,Kimironko,CHW-GAS-01-01,15,male,38.0,1,0,0,0,0,0,invalid,refer,1,5.3,recovered
CASE-006621,2026-07-02,Kirehe,Kirehe,CHW-KIR-01-01,4,female,38.6,5,0,1,0,0,0,positive,urgent_refer,1,2.5,recovered
CASE-006622,2026-07-02,Nyagatare,Mimuri,CHW-NYG-05-04,414,male,36.6,0,0,0,0,0,0,negative,treat_at_home,0,,recovered
CASE-006623,2026-07-02,Nyagatare,Nyagatare,CHW-NYG-01-01,59,male,38.3,1,0,0,0,0,0,positive,treat_at_home,0,,recovered
CASE-006624,2026-07-02,Nyagatare,Rwimiyaga,CHW-NYG-03-04,57,male,38.9,7,0,1,0,0,0,negative,urgent_refer,1,9.0,recovered
CASE-006625,2026-07-03,Bugesera,Gashora,CHW-BUG-06-01,1,male,37.0,0,0,0,0,0,0,negative,urgent_refer,1,6.0,unknown
CASE-006626,2026-07-03,Gasabo,Kacyiru,CHW-GAS-03-03,616,female,38.2,1,0,0,0,1,0,negative,urgent_refer,1,2.3,complication
CASE-006627,2026-07-03,Gasabo,Kimironko,CHW-GAS-01-02,523,female,38.2,1,0,0,0,1,1,negative,urgent_refer,1,3.6,recovered
CASE-006628,2026-07-03,Gisagara,Save,CHW-GIS-02-01,140,male,38.3,3,0,0,0,0,0,positive,treat_at_home,0,,recovered
CASE-006629,2026-07-03,Kirehe,Kirehe,CHW-KIR-01-03,150,female,38.1,1,0,0,0,0,0,negative,treat_at_home,0,,recovered
CASE-006630,2026-07-03,Nyagatare,Karangazi,CHW-NYG-02-03,36,male,38.6,2,0,0,0,0,0,negative,treat_at_home,0,,recovered
CASE-006631,2026-07-03,Rusizi,Bugarama,CHW-RUS-02-01,18,female,38.8,3,0,0,0,0,0,positive,treat_at_home,0,,recovered
CASE-006632,2026-07-03,Rusizi,Kamembe,CHW-RUS-01-03,31,male,38.5,2,0,0,0,0,0,negative,treat_at_home,0,,recovered
CASE-006633,2026-07-04,Bugesera,Gashora,CHW-BUG-06-03,12,female,37.8,2,0,0,0,0,0,negative,treat_at_home,0,,recovered
CASE-006634,2026-07-04,Bugesera,Mayange,CHW-BUG-03-03,16,male,38.0,1,0,0,0,0,0,negative,treat_at_home,0,,recovered
CASE-006635,2026-07-04,Bugesera,Nyamata,CHW-BUG-01-02,156,female,38.8,7,0,0,0,0,0,positive,treat_at_home,0,,recovered
CASE-006636,2026-07-04,Gasabo,Remera,CHW-GAS-02-01,33,male,38.2,3,1,1,0,0,0,negative,urgent_refer,1,2.3,recovered
CASE-006637,2026-07-04,Nyagatare,Katabagemu,CHW-NYG-06-01,129,female,38.4,3,0,0,0,0,0,invalid,refer,1,11.2,recovered
CASE-006638,2026-07-04,Nyagatare,Katabagemu,CHW-NYG-06-04,131,female,38.2,2,0,0,0,0,0,negative,treat_at_home,0,,recovered
CASE-006639,2026-07-05,Bugesera,Mareba,CHW-BUG-04-01,25,female,38.9,2,0,0,0,0,0,positive,treat_at_home,0,,recovered
CASE-006640,2026-07-05,Bugesera,Ntarama,CHW-BUG-05-02,15,male,38.2,1,0,0,0,0,0,negative,treat_at_home,0,,recovered
CASE-006641,2026-07-05,Bugesera,Ntarama,CHW-BUG-05-04,48,male,38.2,2,0,0,1,0,0,negative,urgent_refer,1,1.2,recovered
CASE-006642,2026-07-05,Bugesera,Rilima,CHW-BUG-02-04,48,female,38.1,1,0,0,0,0,0,positive,treat_at_home,0,,recovered
CASE-006643,2026-07-05,Gisagara,Gisagara,CHW-GIS-01-03,28,female,38.1,2,0,0,0,0,0,positive,treat_at_home,0,,recovered
CASE-006644,2026-07-05,Kirehe,Gahara,CHW-KIR-02-01,16,male,39.0,2,0,0,0,0,0,positive,treat_at_home,0,,recovered
CASE-006645,2026-07-05,Kirehe,Kirehe,CHW-KIR-01-01,33,female,39.1,2,0,0,0,0,0,negative,treat_at_home,0,,recovered
CASE-006646,2026-07-05,Nyagatare,Katabagemu,CHW-NYG-06-04,10,female,39.0,2,0,0,0,0,0,positive,treat_at_home,0,,recovered
CASE-006647,2026-07-05,Nyagatare,Nyagatare,CHW-NYG-01-04,32,male,38.3,3,0,0,0,0,0,positive,refer,1,6.7,recovered
CASE-006648,2026-07-05,Nyagatare,Nyagatare,CHW-NYG-01-04,22,female,36.9,0,0,0,0,0,0,negative,treat_at_home,0,,recovered
CASE-006649,2026-07-05,Nyagatare,Rwimiyaga,CHW-NYG-03-03,77,female,38.1,4,0,1,0,1,0,positive,urgent_refer,1,5.9,died
CASE-006650,2026-07-05,Rusizi,Gihundwe,CHW-RUS-03-04,57,female,37.8,2,0,0,0,0,0,positive,treat_at_home,0,,recovered
CASE-006651,2026-07-06,Bugesera,Gashora,CHW-BUG-06-03,25,male,38.9,3,0,0,0,0,0,negative,refer,1,10.2,recovered
CASE-006652,2026-07-06,Bugesera,Mayange,CHW-BUG-03-02,9,female,38.7,3,0,0,0,0,0,negative,refer,0,,recovered
CASE-006653,2026-07-06,Bugesera,Ntarama,CHW-BUG-05-02,34,male,37.6,1,0,0,0,0,0,negative,treat_at_home,0,,recovered
CASE-006654,2026-07-06,Bugesera,Nyamata,CHW-BUG-01-01,134,female,36.5,0,0,0,0,0,0,negative,treat_at_home,0,,recovered
CASE-006655,2026-07-06,Kirehe,Kirehe,CHW-KIR-01-01,35,male,38.2,2,0,0,0,0,0,positive,treat_at_home,0,,recovered
CASE-006656,2026-07-06,Nyagatare,Katabagemu,CHW-NYG-06-01,20,male,38.8,2,0,0,0,0,0,positive,treat_at_home,0,,recovered
CASE-006657,2026-07-07,Bugesera,Mayange,CHW-BUG-03-03,0,female,39.0,2,0,0,0,0,0,positive,urgent_refer,1,2.2,recovered
CASE-006658,2026-07-07,Bugesera,Rilima,CHW-BUG-02-03,132,female,38.7,5,0,0,0,0,0,negative,refer,1,7.0,recovered
CASE-006659,2026-07-07,Gisagara,Kibirizi,CHW-GIS-03-03,91,female,38.6,2,0,0,0,0,0,positive,treat_at_home,0,,recovered
CASE-006660,2026-07-07,Gisagara,Save,CHW-GIS-02-04,84,female,38.0,1,0,0,0,0,0,positive,treat_at_home,0,,recovered
CASE-006661,2026-07-07,Kirehe,Kirehe,CHW-KIR-01-01,388,male,38.3,1,0,0,0,0,0,positive,treat_at_home,0,,recovered
CASE-006662,2026-07-07,Nyagatare,Karangazi,CHW-NYG-02-01,162,female,37.8,3,0,0,0,0,0,negative,refer,1,12.4,recovered
CASE-006663,2026-07-07,Nyagatare,Mimuri,CHW-NYG-05-01,136,male,38.4,1,0,0,0,0,0,positive,treat_at_home,0,,recovered
CASE-006664,2026-07-07,Nyagatare,Rwimiyaga,CHW-NYG-03-02,44,male,39.3,3,0,0,0,0,0,positive,treat_at_home,0,,recovered
CASE-006665,2026-07-07,Rusizi,Kamembe,CHW-RUS-01-03,13,male,38.1,1,0,0,0,0,0,positive,treat_at_home,0,,recovered
CASE-006666,2026-07-08,Bugesera,Mareba,CHW-BUG-04-02,486,female,38.3,4,0,0,0,0,0,positive,treat_at_home,0,,recovered
CASE-006667,2026-07-08,Bugesera,Mayange,CHW-BUG-03-03,131,female,37.1,0,0,0,0,0,0,negative,refer,0,,complication
CASE-006668,2026-07-08,Bugesera,Ntarama,CHW-BUG-05-03,17,female,38.7,5,0,0,0,0,0,positive,treat_at_home,0,,complication
CASE-006669,2026-07-08,Bugesera,Nyamata,CHW-BUG-01-04,50,male,37.1,0,0,0,0,0,0,negative,treat_at_home,0,,recovered
CASE-006670,2026-07-08,Gasabo,Kimironko,CHW-GAS-01-04,613,female,38.6,6,0,0,0,0,0,invalid,refer,1,6.1,recovered
CASE-006671,2026-07-08,Gisagara,Kibirizi,CHW-GIS-03-01,24,female,38.6,1,0,0,0,0,0,positive,treat_at_home,0,,recovered
CASE-006672,2026-07-08,Nyagatare,Katabagemu,CHW-NYG-06-04,42,male,38.7,1,0,0,0,0,0,positive,treat_at_home,0,,recovered
CASE-006673,2026-07-09,Bugesera,Mareba,CHW-BUG-04-04,123,male,38.8,1,0,0,0,0,0,positive,treat_at_home,0,,recovered
CASE-006674,2026-07-09,Bugesera,Ntarama,CHW-BUG-05-04,24,male,38.7,2,0,0,0,0,0,positive,treat_at_home,0,,recovered
CASE-006675,2026-07-09,Bugesera,Ntarama,CHW-BUG-05-04,167,male,38.4,3,0,0,0,0,0,negative,refer,1,2.9,recovered
CASE-006676,2026-07-09,Gasabo,Remera,CHW-GAS-02-01,450,male,38.1,1,0,0,0,0,0,positive,treat_at_home,0,,recovered
CASE-006677,2026-07-09,Gisagara,Gisagara,CHW-GIS-01-02,69,female,38.4,1,0,0,0,0,0,negative,refer,0,,recovered
CASE-006678,2026-07-09,Gisagara,Gisagara,CHW-GIS-01-04,14,male,37.5,2,0,0,0,0,0,positive,treat_at_home,0,,recovered
CASE-006679,2026-07-09,Kirehe,Kirehe,CHW-KIR-01-02,23,male,37.0,0,0,0,0,0,0,negative,treat_at_home,0,,recovered
CASE-006680,2026-07-09,Nyagatare,Mimuri,CHW-NYG-05-03,26,male,38.5,6,0,0,0,0,0,positive,treat_at_home,0,,recovered
CASE-006681,2026-07-10,Bugesera,Mareba,CHW-BUG-04-01,53,female,37.9,1,0,0,0,0,0,invalid,refer,0,,recovered
CASE-006682,2026-07-10,Bugesera,Ntarama,CHW-BUG-05-04,35,male,38.6,4,0,1,0,1,0,negative,urgent_refer,1,6.7,recovered
CASE-006683,2026-07-10,Bugesera,Nyamata,CHW-BUG-01-03,58,male,38.5,3,0,0,0,0,0,positive,treat_at_home,0,,recovered
CASE-006684,2026-07-10,Bugesera,Rilima,CHW-BUG-02-03,124,female,39.5,2,0,0,0,0,0,positive,treat_at_home,0,,recovered
CASE-006685,2026-07-10,Gisagara,Save,CHW-GIS-02-02,54,female,38.3,2,0,0,0,0,1,positive,urgent_refer,1,3.3,unknown
CASE-006686,2026-07-10,Gisagara,Save,CHW-GIS-02-04,176,female,36.5,0,0,0,0,0,0,negative,treat_at_home,0,,recovered
CASE-006687,2026-07-10,Kirehe,Gahara,CHW-KIR-02-03,42,female,37.7,4,0,0,0,0,0,positive,treat_at_home,0,,recovered
CASE-006688,2026-07-10,Kirehe,Kirehe,CHW-KIR-01-03,12,male,38.1,2,0,0,0,0,0,positive,treat_at_home,0,,recovered
CASE-006689,2026-07-10,Nyagatare,Karangazi,CHW-NYG-02-03,16,female,38.0,2,0,0,0,0,0,negative,treat_at_home,0,,recovered
CASE-006690,2026-07-10,Rusizi,Bugarama,CHW-RUS-02-04,385,male,38.4,2,0,0,0,0,0,negative,treat_at_home,0,,recovered
CASE-006691,2026-07-11,Bugesera,Mayange,CHW-BUG-03-04,49,female,38.0,6,0,0,0,0,0,positive,treat_at_home,0,,recovered
CASE-006692,2026-07-11,Gasabo,Kimironko,CHW-GAS-01-04,12,female,38.5,4,0,0,0,0,0,negative,refer,0,,recovered
CASE-006693,2026-07-11,Nyagatare,Rwimiyaga,CHW-NYG-03-01,58,female,38.1,1,0,0,0,0,0,positive,treat_at_home,0,,recovered
CASE-006694,2026-07-12,Gisagara,Kibirizi,CHW-GIS-03-02,55,male,38.7,1,0,0,0,0,0,positive,treat_at_home,0,,recovered
CASE-006695,2026-07-12,Gisagara,Save,CHW-GIS-02-02,162,male,37.8,1,0,0,0,0,0,negative,treat_at_home,0,,recovered
CASE-006696,2026-07-12,Kirehe,Mahama,CHW-KIR-03-04,113,female,38.9,1,0,0,0,0,0,negative,treat_at_home,0,,recovered
CASE-006697,2026-07-12,Rusizi,Kamembe,CHW-RUS-01-01,30,female,37.6,1,0,0,0,0,0,positive,treat_at_home,0,,recovered
CASE-006698,2026-07-13,Bugesera,Gashora,CHW-BUG-06-03,513,male,37.9,3,0,0,0,0,0,positive,treat_at_home,0,,recovered
CASE-006699,2026-07-13,Bugesera,Nyamata,CHW-BUG-01-03,125,female,38.5,2,0,0,0,0,0,positive,treat_at_home,0,,recovered
CASE-006700,2026-07-13,Gasabo,Kimironko,CHW-GAS-01-01,42,male,38.9,2,0,0,0,0,1,positive,urgent_refer,0,,complication
CASE-006701,2026-07-13,Kirehe,Gahara,CHW-KIR-02-04,91,male,38.2,2,0,0,0,0,0,negative,treat_at_home,0,,recovered
CASE-006702,2026-07-13,Nyagatare,Karangazi,CHW-NYG-02-02,153,male,38.2,1,0,0,0,0,0,negative,treat_at_home,0,,recovered
CASE-006703,2026-07-13,Nyagatare,Karangazi,CHW-NYG-02-03,39,male,38.2,1,0,0,0,0,0,positive,treat_at_home,0,,recovered
CASE-006704,2026-07-13,Nyagatare,Katabagemu,CHW-NYG-06-04,59,female,38.1,4,0,0,0,0,0,positive,treat_at_home,0,,recovered
CASE-006705,2026-07-13,Nyagatare,Matimba,CHW-NYG-04-03,11,male,39.1,4,0,0,0,0,0,positive,treat_at_home,0,,recovered
CASE-006706,2026-07-13,Rusizi,Gihundwe,CHW-RUS-03-02,16,female,38.5,4,0,0,0,0,0,positive,treat_at_home,0,,recovered
CASE-006707,2026-07-13,Rusizi,Kamembe,CHW-RUS-01-03,29,female,38.4,1,0,0,0,0,0,negative,treat_at_home,0,,recovered
CASE-006708,2026-07-14,Kirehe,Gahara,CHW-KIR-02-02,285,male,38.5,1,0,0,0,0,0,negative,treat_at_home,0,,recovered
CASE-006709,2026-07-15,Bugesera,Gashora,CHW-BUG-06-02,30,male,38.2,2,0,0,0,0,0,negative,treat_at_home,0,,recovered
CASE-006710,2026-07-15,Gisagara,Save,CHW-GIS-02-01,170,male,38.2,1,0,0,0,0,0,positive,treat_at_home,0,,recovered
CASE-006711,2026-07-15,Nyagatare,Katabagemu,CHW-NYG-06-01,12,female,38.3,4,0,0,0,0,0,positive,treat_at_home,0,,recovered
CASE-006712,2026-07-15,Nyagatare,Mimuri,CHW-NYG-05-03,17,female,38.3,5,0,0,0,0,0,positive,treat_at_home,0,,recovered
CASE-006713,2026-07-16,Bugesera,Mareba,CHW-BUG-04-01,21,female,37.9,1,0,0,0,0,0,negative,treat_at_home,0,,recovered
CASE-006714,2026-07-16,Bugesera,Mareba,CHW-BUG-04-03,100,female,38.4,3,0,0,0,0,0,positive,treat_at_home,0,,recovered
CASE-006715,2026-07-16,Bugesera,Nyamata,CHW-BUG-01-03,13,male,38.0,2,0,0,0,0,0,negative,treat_at_home,0,,recovered
CASE-006716,2026-07-16,Gasabo,Kacyiru,CHW-GAS-03-01,41,female,38.3,2,0,0,0,0,0,positive,refer,1,7.2,recovered
CASE-006717,2026-07-16,Gisagara,Gisagara,CHW-GIS-01-01,72,female,39.2,4,0,0,0,0,0,positive,treat_at_home,0,,recovered
CASE-006718,2026-07-16,Gisagara,Gisagara,CHW-GIS-01-02,93,female,38.7,5,0,0,0,0,0,positive,treat_at_home,0,,recovered
CASE-006719,2026-07-16,Gisagara,Kibirizi,CHW-GIS-03-02,53,male,39.1,2,0,0,0,0,0,positive,treat_at_home,0,,recovered
CASE-006720,2026-07-16,Gisagara,Kibirizi,CHW-GIS-03-03,40,female,36.4,0,0,0,0,0,0,negative,treat_at_home,0,,recovered
CASE-006721,2026-07-17,Bugesera,Mareba,CHW-BUG-04-03,38,male,38.7,2,0,0,0,0,0,positive,treat_at_home,0,,recovered
CASE-006722,2026-07-17,Kirehe,Mahama,CHW-KIR-03-01,35,female,38.3,2,0,0,0,0,0,positive,treat_at_home,0,,recovered
CASE-006723,2026-07-17,Kirehe,Mahama,CHW-KIR-03-04,504,male,37.7,4,1,0,0,0,0,positive,treat_at_home,0,,recovered
CASE-006724,2026-07-18,Bugesera,Mareba,CHW-BUG-04-04,155,female,38.0,1,0,0,0,0,0,negative,treat_at_home,0,,recovered
CASE-006725,2026-07-18,Bugesera,Mayange,CHW-BUG-03-01,58,female,38.5,2,0,0,0,0,0,positive,treat_at_home,0,,recovered
CASE-006726,2026-07-18,Bugesera,Ntarama,CHW-BUG-05-02,2,female,38.2,2,0,0,0,0,0,negative,treat_at_home,0,,recovered
CASE-006727,2026-07-18,Bugesera,Rilima,CHW-BUG-02-01,1,female,38.4,3,0,0,0,0,0,positive,urgent_refer,1,3.5,recovered
CASE-006728,2026-07-18,Kirehe,Gahara,CHW-KIR-02-03,429,female,38.6,2,0,0,0,0,0,negative,treat_at_home,0,,recovered
CASE-006729,2026-07-18,Kirehe,Mahama,CHW-KIR-03-03,111,female,38.3,1,0,0,0,0,0,negative,treat_at_home,0,,recovered
CASE-006730,2026-07-18,Nyagatare,Rwimiyaga,CHW-NYG-03-03,5,female,38.8,3,0,0,0,0,0,positive,treat_at_home,0,,recovered
CASE-006731,2026-07-19,Bugesera,Ntarama,CHW-BUG-05-01,41,male,37.8,1,0,0,0,0,0,negative,treat_at_home,0,,recovered
CASE-006732,2026-07-19,Bugesera,Ntarama,CHW-BUG-05-04,585,female,38.9,2,0,0,0,0,0,negative,refer,1,7.5,recovered
CASE-006733,2026-07-19,Gasabo,Kacyiru,CHW-GAS-03-04,57,male,38.3,7,0,0,0,0,0,positive,refer,1,6.8,recovered
CASE-006734,2026-07-19,Gasabo,Kimironko,CHW-GAS-01-04,5,male,38.5,2,0,0,0,0,0,positive,treat_at_home,0,,recovered
CASE-006735,2026-07-19,Gisagara,Gisagara,CHW-GIS-01-01,167,male,38.5,7,0,0,0,0,0,positive,treat_at_home,0,,recovered
CASE-006736,2026-07-19,Gisagara,Save,CHW-GIS-02-01,54,female,38.7,3,0,1,0,0,0,positive,urgent_refer,1,3.6,complication
CASE-006737,2026-07-19,Kirehe,Kirehe,CHW-KIR-01-02,46,male,38.3,1,0,0,1,1,0,positive,urgent_refer,1,2.4,recovered
CASE-006738,2026-07-19,Kirehe,Kirehe,CHW-KIR-01-04,53,female,39.2,3,0,0,0,0,0,negative,refer,1,6.4,recovered
CASE-006739,2026-07-19,Kirehe,Mahama,CHW-KIR-03-01,38,female,38.5,1,0,0,0,0,0,positive,refer,1,4.1,recovered
CASE-006740,2026-07-19,Kirehe,Mahama,CHW-KIR-03-02,22,male,37.9,2,0,0,0,0,0,negative,treat_at_home,0,,recovered
CASE-006741,2026-07-19,Kirehe,Mahama,CHW-KIR-03-04,47,male,36.6,0,0,1,0,1,0,negative,urgent_refer,1,5.6,complication
CASE-006742,2026-07-19,Nyagatare,Katabagemu,CHW-NYG-06-03,161,male,37.9,5,0,0,0,0,0,positive,treat_at_home,0,,unknown
CASE-006743,2026-07-19,Nyagatare,Mimuri,CHW-NYG-05-02,48,male,39.1,1,1,0,0,0,0,positive,urgent_refer,1,3.5,recovered
CASE-006744,2026-07-19,Nyagatare,Rwimiyaga,CHW-NYG-03-01,39,male,37.8,1,0,0,0,0,0,positive,treat_at_home,0,,recovered
CASE-006745,2026-07-20,Kirehe,Mahama,CHW-KIR-03-01,25,female,37.6,1,0,0,0,0,0,negative,treat_at_home,0,,recovered
CASE-006746,2026-07-20,Nyagatare,Matimba,CHW-NYG-04-02,34,female,36.8,0,0,0,0,0,0,negative,treat_at_home,0,,recovered
CASE-006747,2026-07-20,Nyagatare,Rwimiyaga,CHW-NYG-03-03,164,female,38.6,3,0,0,0,0,0,positive,treat_at_home,0,,recovered
CASE-006748,2026-07-21,Bugesera,Ntarama,CHW-BUG-05-01,75,male,36.8,0,0,0,0,0,0,negative,treat_at_home,0,,recovered
CASE-006749,2026-07-21,Bugesera,Rilima,CHW-BUG-02-03,4,male,38.3,2,0,0,0,0,0,positive,treat_at_home,0,,recovered
CASE-006750,2026-07-21,Nyagatare,Karangazi,CHW-NYG-02-02,152,male,36.5,0,0,0,0,0,0,negative,treat_at_home,0,,recovered
CASE-006751,2026-07-21,Nyagatare,Matimba,CHW-NYG-04-01,29,female,38.1,7,0,0,0,0,0,negative,refer,1,7.2,recovered
CASE-006752,2026-07-22,Bugesera,Mayange,CHW-BUG-03-04,26,male,37.7,1,0,0,0,0,1,negative,urgent_refer,1,1.8,recovered
CASE-006753,2026-07-22,Kirehe,Kirehe,CHW-KIR-01-02,18,female,38.4,1,0,0,0,0,0,positive,treat_at_home,0,,recovered
CASE-006754,2026-07-22,Nyagatare,Katabagemu,CHW-NYG-06-01,344,female,38.3,1,0,0,0,0,0,positive,refer,1,6.2,recovered
CASE-006755,2026-07-22,Nyagatare,Katabagemu,CHW-NYG-06-04,27,female,38.0,1,0,0,0,0,0,negative,treat_at_home,0,,recovered
CASE-006756,2026-07-22,Rusizi,Gihundwe,CHW-RUS-03-04,58,male,38.8,4,0,0,0,0,0,negative,refer,1,7.0,recovered
CASE-006757,2026-07-23,Bugesera,Gashora,CHW-BUG-06-01,39,male,38.5,4,0,0,0,0,0,positive,treat_at_home,0,,recovered
CASE-006758,2026-07-23,Bugesera,Mareba,CHW-BUG-04-02,56,female,38.6,1,0,0,0,0,0,negative,treat_at_home,0,,recovered
CASE-006759,2026-07-23,Bugesera,Nyamata,CHW-BUG-01-02,55,male,38.3,1,0,0,0,0,0,positive,treat_at_home,0,,recovered
CASE-006760,2026-07-23,Kirehe,Mahama,CHW-KIR-03-02,43,male,37.1,0,0,0,0,0,0,negative,treat_at_home,0,,recovered
CASE-006761,2026-07-23,Kirehe,Mahama,CHW-KIR-03-03,451,female,38.3,3,0,0,0,0,0,positive,treat_at_home,0,,recovered
CASE-006762,2026-07-23,Nyagatare,Karangazi,CHW-NYG-02-04,22,female,38.9,2,0,0,0,0,0,negative,treat_at_home,0,,recovered
CASE-006763,2026-07-23,Rusizi,Bugarama,CHW-RUS-02-04,11,male,40.0,1,0,0,1,0,1,positive,refer,1,15.7,recovered
CASE-006764,2026-07-23,Rusizi,Gihundwe,CHW-RUS-03-04,598,female,38.1,2,0,0,0,0,0,negative,treat_at_home,0,,recovered
CASE-006765,2026-07-24,Gasabo,Kacyiru,CHW-GAS-03-02,49,male,38.5,2,0,0,0,0,0,positive,treat_at_home,0,,recovered
CASE-006766,2026-07-24,Gisagara,Gisagara,CHW-GIS-01-04,0,female,37.2,0,0,0,1,1,0,negative,urgent_refer,0,,recovered
CASE-006767,2026-07-24,Kirehe,Gahara,CHW-KIR-02-03,199,female,38.2,2,0,0,0,0,0,negative,treat_at_home,0,,recovered
CASE-006768,2026-07-24,Nyagatare,Katabagemu,CHW-NYG-06-04,401,female,38.2,6,0,0,0,0,0,negative,refer,1,10.9,recovered
CASE-006769,2026-07-24,Nyagatare,Mimuri,CHW-NYG-05-01,27,female,38.6,2,0,0,0,0,0,negative,treat_at_home,0,,recovered
CASE-006770,2026-07-24,Nyagatare,Nyagatare,CHW-NYG-01-04,174,female,37.6,4,0,0,0,0,0,positive,treat_at_home,0,,recovered
CASE-006771,2026-07-24,Rusizi,Bugarama,CHW-RUS-02-01,70,female,38.0,4,0,0,0,0,0,positive,treat_at_home,0,,recovered
CASE-006772,2026-07-24,Rusizi,Kamembe,CHW-RUS-01-02,29,male,38.5,1,0,0,0,0,0,positive,treat_at_home,0,,recovered
CASE-006773,2026-07-25,Bugesera,Nyamata,CHW-BUG-01-01,58,male,38.5,2,0,0,0,0,0,negative,treat_at_home,0,,recovered
CASE-006774,2026-07-25,Bugesera,Nyamata,CHW-BUG-01-03,50,male,39.2,2,0,0,0,1,1,positive,urgent_refer,1,10.3,recovered
CASE-006775,2026-07-25,Gisagara,Save,CHW-GIS-02-02,59,male,38.3,2,0,0,0,0,0,negative,treat_at_home,0,,recovered
CASE-006776,2026-07-25,Kirehe,Kirehe,CHW-KIR-01-03,1,female,38.8,3,0,0,0,0,0,negative,urgent_refer,1,5.1,recovered
CASE-006777,2026-07-26,Bugesera,Mareba,CHW-BUG-04-01,7,male,38.1,3,0,0,0,0,0,positive,treat_at_home,0,,recovered
CASE-006778,2026-07-26,Bugesera,Ntarama,CHW-BUG-05-01,31,male,38.6,6,0,0,0,0,0,positive,refer,0,,recovered
CASE-006779,2026-07-26,Nyagatare,Matimba,CHW-NYG-04-04,130,male,38.7,5,0,0,0,0,0,positive,treat_at_home,0,,recovered
CASE-006780,2026-07-26,Nyagatare,Mimuri,CHW-NYG-05-03,32,female,39.1,2,0,0,0,0,0,negative,treat_at_home,0,,recovered
CASE-006781,2026-07-27,Bugesera,Ntarama,CHW-BUG-05-02,29,male,39.0,6,0,0,0,0,0,positive,treat_at_home,0,,recovered
CASE-006782,2026-07-27,Gisagara,Kibirizi,CHW-GIS-03-04,46,male,38.6,2,0,0,0,0,0,positive,treat_at_home,0,,recovered
CASE-006783,2026-07-27,Gisagara,Save,CHW-GIS-02-01,39,female,36.6,0,0,0,0,0,0,negative,treat_at_home,0,,recovered
CASE-006784,2026-07-27,Kirehe,Kirehe,CHW-KIR-01-01,94,female,38.2,2,0,0,0,0,0,negative,treat_at_home,0,,recovered
CASE-006785,2026-07-27,Nyagatare,Katabagemu,CHW-NYG-06-03,19,male,38.8,2,0,0,0,0,0,positive,treat_at_home,0,,recovered
CASE-006786,2026-07-27,Nyagatare,Katabagemu,CHW-NYG-06-03,11,female,38.9,4,0,0,0,0,0,positive,treat_at_home,0,,recovered
CASE-006787,2026-07-27,Nyagatare,Nyagatare,CHW-NYG-01-04,44,female,37.4,2,0,0,0,0,0,positive,treat_at_home,0,,recovered
CASE-006788,2026-07-27,Nyagatare,Rwimiyaga,CHW-NYG-03-01,34,male,38.7,3,0,0,0,0,0,positive,treat_at_home,0,,recovered
CASE-006789,2026-07-27,Nyagatare,Rwimiyaga,CHW-NYG-03-03,546,male,38.0,1,0,0,0,0,0,positive,treat_at_home,0,,recovered
CASE-006790,2026-07-27,Rusizi,Bugarama,CHW-RUS-02-01,172,female,38.0,1,0,0,0,0,0,positive,treat_at_home,0,,recovered
CASE-006791,2026-07-28,Bugesera,Gashora,CHW-BUG-06-03,139,male,38.0,1,0,0,0,0,0,negative,treat_at_home,0,,recovered
CASE-006792,2026-07-28,Bugesera,Mareba,CHW-BUG-04-02,57,male,38.3,1,0,0,0,0,0,positive,refer,1,8.7,recovered
CASE-006793,2026-07-28,Kirehe,Kirehe,CHW-KIR-01-02,56,female,38.3,1,0,0,0,0,0,positive,treat_at_home,0,,recovered
CASE-006794,2026-07-28,Nyagatare,Karangazi,CHW-NYG-02-03,89,male,38.5,3,0,0,0,0,0,positive,treat_at_home,0,,recovered
CASE-006795,2026-07-28,Nyagatare,Katabagemu,CHW-NYG-06-01,148,male,38.0,2,0,0,0,0,0,positive,treat_at_home,0,,recovered
CASE-006796,2026-07-28,Nyagatare,Mimuri,CHW-NYG-05-03,52,male,38.0,1,0,0,0,0,0,positive,treat_at_home,0,,recovered
CASE-006797,2026-07-28,Nyagatare,Rwimiyaga,CHW-NYG-03-03,6,female,37.9,2,0,0,0,0,0,positive,treat_at_home,0,,recovered
CASE-006798,2026-07-29,Bugesera,Gashora,CHW-BUG-06-03,653,female,38.4,1,0,0,0,0,0,positive,treat_at_home,0,,recovered
CASE-006799,2026-07-29,Bugesera,Mayange,CHW-BUG-03-01,457,male,38.7,2,0,0,0,0,0,negative,treat_at_home,0,,recovered
CASE-006800,2026-07-29,Bugesera,Rilima,CHW-BUG-02-04,211,male,37.1,0,0,0,0,0,0,negative,treat_at_home,0,,recovered
CASE-006801,2026-07-29,Gisagara,Gisagara,CHW-GIS-01-02,131,male,38.5,2,0,0,0,0,0,positive,treat_at_home,0,,recovered
CASE-006802,2026-07-29,Nyagatare,Mimuri,CHW-NYG-05-04,3,male,39.1,4,0,0,0,0,1,negative,treat_at_home,0,,recovered
CASE-006803,2026-07-29,Nyagatare,Nyagatare,CHW-NYG-01-01,14,male,38.6,1,0,0,0,0,0,positive,treat_at_home,0,,recovered
CASE-006804,2026-07-30,Bugesera,Nyamata,CHW-BUG-01-03,56,female,38.7,1,0,0,0,0,0,positive,treat_at_home,0,,recovered
CASE-006805,2026-07-30,Gasabo,Kimironko,CHW-GAS-01-03,416,male,38.9,5,0,0,0,0,0,negative,refer,1,6.8,recovered
CASE-006806,2026-07-30,Gisagara,Gisagara,CHW-GIS-01-02,72,female,38.7,2,0,0,0,0,0,negative,treat_at_home,0,,recovered
CASE-006807,2026-07-30,Gisagara,Kibirizi,CHW-GIS-03-01,508,male,38.3,1,0,0,0,0,0,positive,treat_at_home,0,,recovered
CASE-006808,2026-07-30,Kirehe,Kirehe,CHW-KIR-01-01,131,female,38.8,2,0,0,0,0,0,negative,treat_at_home,0,,recovered
CASE-006809,2026-07-30,Nyagatare,Katabagemu,CHW-NYG-06-02,51,female,38.6,2,0,0,0,0,0,positive,treat_at_home,0,,recovered
CASE-006810,2026-07-30,Nyagatare,Matimba,CHW-NYG-04-02,53,male,39.0,1,0,0,0,0,0,positive,treat_at_home,0,,recovered
CASE-006811,2026-07-30,Nyagatare,Nyagatare,CHW-NYG-01-04,50,female,37.9,5,0,0,0,0,0,positive,treat_at_home,0,,recovered
CASE-006812,2026-07-31,Gisagara,Kibirizi,CHW-GIS-03-02,4,male,38.8,1,0,0,0,1,0,positive,urgent_refer,1,4.6,recovered
CASE-006813,2026-07-31,Kirehe,Mahama,CHW-KIR-03-01,54,male,38.3,1,0,0,0,0,0,positive,treat_at_home,0,,recovered
CASE-006814,2026-08-01,Bugesera,Rilima,CHW-BUG-02-03,59,male,38.2,1,0,0,0,0,0,positive,treat_at_home,0,,recovered
CASE-006815,2026-08-01,Gisagara,Gisagara,CHW-GIS-01-03,56,female,38.5,6,0,0,0,0,0,positive,treat_at_home,0,,recovered
CASE-006816,2026-08-01,Kirehe,Kirehe,CHW-KIR-01-02,59,male,38.1,2,0,0,0,0,0,positive,treat_at_home,0,,recovered
CASE-006817,2026-08-01,Kirehe,Mahama,CHW-KIR-03-03,37,male,38.8,2,0,0,0,0,0,negative,treat_at_home,0,,died
CASE-006818,2026-08-01,Nyagatare,Nyagatare,CHW-NYG-01-03,16,female,38.6,1,0,0,0,0,0,positive,treat_at_home,0,,recovered
CASE-006819,2026-08-01,Rusizi,Bugarama,CHW-RUS-02-02,0,female,38.7,5,0,0,0,0,0,invalid,urgent_refer,1,8.6,recovered
CASE-006820,2026-08-02,Bugesera,Mareba,CHW-BUG-04-02,158,female,38.4,1,0,0,0,0,0,positive,treat_at_home,0,,recovered
CASE-006821,2026-08-02,Bugesera,Mayange,CHW-BUG-03-04,440,male,37.6,1,0,0,0,0,0,positive,treat_at_home,0,,recovered
CASE-006822,2026-08-02,Bugesera,Ntarama,CHW-BUG-05-03,504,male,37.8,1,0,0,0,0,0,positive,treat_at_home,0,,recovered
CASE-006823,2026-08-02,Gisagara,Gisagara,CHW-GIS-01-01,157,female,37.8,2,0,0,0,0,0,positive,treat_at_home,0,,recovered
CASE-006824,2026-08-02,Gisagara,Save,CHW-GIS-02-02,391,female,38.4,1,0,0,0,0,0,negative,treat_at_home,0,,recovered
CASE-006825,2026-08-02,Gisagara,Save,CHW-GIS-02-03,76,male,38.0,1,0,0,0,0,0,positive,treat_at_home,0,,recovered
CASE-006826,2026-08-02,Kirehe,Gahara,CHW-KIR-02-01,593,male,38.9,4,0,0,0,0,0,positive,treat_at_home,0,,recovered
CASE-006827,2026-08-02,Nyagatare,Karangazi,CHW-NYG-02-04,53,male,37.9,1,0,0,0,0,0,positive,treat_at_home,0,,recovered
CASE-006828,2026-08-02,Nyagatare,Katabagemu,CHW-NYG-06-04,26,female,37.8,2,0,0,0,0,0,positive,treat_at_home,0,,recovered
CASE-006829,2026-08-02,Nyagatare,Nyagatare,CHW-NYG-01-03,0,male,38.6,2,0,0,0,0,0,positive,urgent_refer,1,2.3,recovered
CASE-006830,2026-08-02,Nyagatare,Rwimiyaga,CHW-NYG-03-02,7,male,38.2,2,0,0,0,0,0,negative,treat_at_home,0,,recovered
CASE-006831,2026-08-02,Rusizi,Bugarama,CHW-RUS-02-03,6,female,38.3,1,0,0,0,0,0,negative,treat_at_home,0,,recovered
CASE-006832,2026-08-03,Gisagara,Save,CHW-GIS-02-01,55,female,38.3,3,0,0,0,0,0,positive,treat_at_home,0,,recovered
CASE-006833,2026-08-03,Gisagara,Save,CHW-GIS-02-04,524,female,36.6,0,0,0,0,0,0,negative,treat_at_home,0,,recovered
CASE-006834,2026-08-03,Nyagatare,Karangazi,CHW-NYG-02-03,18,male,39.2,2,0,0,0,0,0,positive,treat_at_home,0,,recovered
CASE-006835,2026-08-03,Rusizi,Gihundwe,CHW-RUS-03-03,127,male,38.2,4,0,0,0,0,0,positive,treat_at_home,0,,recovered
CASE-006836,2026-08-04,Bugesera,Gashora,CHW-BUG-06-02,425,female,36.0,0,0,0,0,0,0,negative,treat_at_home,0,,recovered
CASE-006837,2026-08-04,Bugesera,Mareba,CHW-BUG-04-02,603,male,38.6,5,0,0,0,0,0,positive,treat_at_home,0,,recovered
CASE-006838,2026-08-04,Gisagara,Gisagara,CHW-GIS-01-02,42,male,38.3,3,0,0,0,0,0,negative,refer,1,8.1,recovered
CASE-006839,2026-08-04,Kirehe,Gahara,CHW-KIR-02-02,197,male,37.9,1,0,0,0,0,0,positive,treat_at_home,0,,recovered
CASE-006840,2026-08-04,Kirehe,Mahama,CHW-KIR-03-02,30,female,39.0,2,0,0,0,0,0,negative,treat_at_home,0,,recovered
CASE-006841,2026-08-04,Kirehe,Mahama,CHW-KIR-03-03,11,male,38.5,2,0,1,1,0,0,invalid,urgent_refer,1,4.8,recovered
CASE-006842,2026-08-04,Nyagatare,Katabagemu,CHW-NYG-06-01,12,male,38.7,2,0,0,0,0,0,positive,treat_at_home,0,,recovered
CASE-006843,2026-08-04,Nyagatare,Nyagatare,CHW-NYG-01-04,6,female,38.7,3,0,0,0,0,0,negative,refer,1,5.0,recovered
CASE-006844,2026-08-04,Rusizi,Bugarama,CHW-RUS-02-01,48,female,38.7,1,0,0,0,0,0,negative,treat_at_home,0,,recovered
CASE-006845,2026-08-04,Rusizi,Gihundwe,CHW-RUS-03-02,67,male,38.1,3,0,0,0,0,0,positive,treat_at_home,0,,recovered
CASE-006846,2026-08-04,Rusizi,Kamembe,CHW-RUS-01-03,33,female,39.0,4,0,0,0,0,0,positive,treat_at_home,0,,recovered
CASE-006847,2026-08-04,Rusizi,Kamembe,CHW-RUS-01-03,172,female,37.1,0,0,0,0,0,0,negative,treat_at_home,0,,recovered
CASE-006848,2026-08-05,Bugesera,Mareba,CHW-BUG-04-03,71,male,38.1,2,0,0,0,0,0,negative,treat_at_home,0,,recovered
CASE-006849,2026-08-05,Bugesera,Mareba,CHW-BUG-04-04,21,male,38.3,2,0,0,0,0,0,positive,treat_at_home,0,,recovered
CASE-006850,2026-08-05,Gisagara,Kibirizi,CHW-GIS-03-03,38,female,38.0,2,0,0,0,0,0,positive,treat_at_home,0,,recovered
CASE-006851,2026-08-05,Kirehe,Kirehe,CHW-KIR-01-02,71,female,37.6,3,0,0,0,0,0,negative,refer,1,3.3,recovered
CASE-006852,2026-08-06,Bugesera,Ntarama,CHW-BUG-05-01,439,male,38.4,2,0,0,0,0,0,positive,treat_at_home,0,,recovered
CASE-006853,2026-08-06,Gisagara,Kibirizi,CHW-GIS-03-02,16,male,38.7,2,0,0,0,0,0,negative,treat_at_home,0,,recovered
CASE-006854,2026-08-06,Gisagara,Kibirizi,CHW-GIS-03-03,49,female,38.6,2,0,0,0,0,0,positive,refer,0,,recovered
CASE-006855,2026-08-06,Nyagatare,Mimuri,CHW-NYG-05-04,254,female,38.7,2,0,0,0,0,0,positive,treat_at_home,0,,recovered
CASE-006856,2026-08-07,Bugesera,Mareba,CHW-BUG-04-01,59,male,37.0,0,0,0,0,0,0,negative,treat_at_home,0,,recovered
CASE-006857,2026-08-07,Bugesera,Mareba,CHW-BUG-04-02,19,male,39.0,2,1,0,0,0,1,negative,urgent_refer,1,3.9,recovered
CASE-006858,2026-08-07,Bugesera,Rilima,CHW-BUG-02-01,50,female,38.4,1,0,0,0,0,0,negative,treat_at_home,0,,recovered
CASE-006859,2026-08-07,Gisagara,Gisagara,CHW-GIS-01-01,381,male,38.9,2,0,0,0,0,0,negative,treat_at_home,0,,recovered
CASE-006860,2026-08-07,Kirehe,Gahara,CHW-KIR-02-04,45,male,38.5,2,0,0,0,0,0,negative,treat_at_home,0,,recovered
CASE-006861,2026-08-07,Kirehe,Kirehe,CHW-KIR-01-03,37,male,38.8,1,0,0,0,0,0,positive,treat_at_home,0,,recovered
CASE-006862,2026-08-07,Rusizi,Gihundwe,CHW-RUS-03-03,109,male,37.8,1,0,0,0,0,0,positive,treat_at_home,0,,recovered
CASE-006863,2026-08-08,Bugesera,Ntarama,CHW-BUG-05-02,34,female,38.2,2,0,0,0,0,0,positive,refer,1,3.9,recovered
CASE-006864,2026-08-08,Bugesera,Rilima,CHW-BUG-02-03,4,male,38.2,2,0,0,0,0,0,positive,treat_at_home,0,,recovered
CASE-006865,2026-08-08,Gisagara,Gisagara,CHW-GIS-01-04,38,female,38.8,7,0,0,0,0,0,negative,refer,1,2.9,recovered
CASE-006866,2026-08-08,Gisagara,Gisagara,CHW-GIS-01-04,17,female,38.4,4,0,0,0,0,0,positive,refer,1,3.2,recovered
CASE-006867,2026-08-08,Kirehe,Gahara,CHW-KIR-02-02,10,female,38.7,1,0,0,0,0,0,positive,treat_at_home,0,,recovered
CASE-006868,2026-08-08,Nyagatare,Karangazi,CHW-NYG-02-04,13,female,38.0,3,0,0,0,0,0,positive,treat_at_home,0,,recovered
CASE-006869,2026-08-08,Rusizi,Gihundwe,CHW-RUS-03-02,19,female,38.4,1,0,0,0,0,0,negative,treat_at_home,0,,recovered
CASE-006870,2026-08-09,Bugesera,Mayange,CHW-BUG-03-03,142,male,37.8,3,0,0,0,0,0,negative,refer,1,6.5,recovered
CASE-006871,2026-08-09,Bugesera,Mayange,CHW-BUG-03-03,148,male,38.2,1,0,0,0,0,0,negative,treat_at_home,0,,recovered
CASE-006872,2026-08-09,Bugesera,Ntarama,CHW-BUG-05-01,542,female,38.1,6,0,0,0,0,0,positive,treat_at_home,0,,recovered
CASE-006873,2026-08-09,Gisagara,Save,CHW-GIS-02-01,0,female,37.9,3,0,0,0,0,0,negative,urgent_refer,1,3.5,recovered
CASE-006874,2026-08-09,Gisagara,Save,CHW-GIS-02-02,39,male,39.1,3,1,0,0,0,1,negative,urgent_refer,1,2.5,recovered
CASE-006875,2026-08-09,Gisagara,Save,CHW-GIS-02-04,160,male,38.8,6,0,0,0,0,0,positive,treat_at_home,0,,recovered
CASE-006876,2026-08-09,Nyagatare,Katabagemu,CHW-NYG-06-02,42,male,38.7,4,0,0,0,0,0,positive,treat_at_home,0,,recovered
CASE-006877,2026-08-09,Nyagatare,Katabagemu,CHW-NYG-06-03,576,male,37.7,2,0,0,0,0,0,positive,treat_at_home,0,,recovered
CASE-006878,2026-08-09,Nyagatare,Matimba,CHW-NYG-04-04,46,female,38.6,2,0,0,0,0,0,positive,treat_at_home,0,,recovered
CASE-006879,2026-08-09,Nyagatare,Mimuri,CHW-NYG-05-03,42,female,37.7,3,0,0,0,0,0,positive,treat_at_home,0,,recovered
CASE-006880,2026-08-10,Bugesera,Ntarama,CHW-BUG-05-04,144,female,38.7,4,0,0,0,0,0,positive,treat_at_home,0,,recovered
CASE-006881,2026-08-10,Bugesera,Rilima,CHW-BUG-02-02,1,male,38.0,1,0,0,0,0,0,positive,urgent_refer,1,3.8,recovered
CASE-006882,2026-08-10,Gasabo,Kacyiru,CHW-GAS-03-03,2,male,38.7,2,0,0,0,0,0,positive,treat_at_home,0,,recovered
CASE-006883,2026-08-10,Gasabo,Kimironko,CHW-GAS-01-04,145,female,37.7,2,0,0,0,0,0,positive,treat_at_home,0,,recovered
CASE-006884,2026-08-10,Gisagara,Kibirizi,CHW-GIS-03-02,252,female,37.8,1,0,0,0,0,0,positive,treat_at_home,0,,recovered
CASE-006885,2026-08-10,Kirehe,Mahama,CHW-KIR-03-04,78,male,36.3,0,0,1,0,0,0,negative,urgent_refer,1,5.0,complication
CASE-006886,2026-08-10,Nyagatare,Katabagemu,CHW-NYG-06-02,26,male,38.4,1,0,0,0,0,0,negative,treat_at_home,0,,recovered
CASE-006887,2026-08-11,Bugesera,Mayange,CHW-BUG-03-03,88,female,38.6,1,0,0,0,0,0,positive,treat_at_home,0,,recovered
CASE-006888,2026-08-11,Bugesera,Rilima,CHW-BUG-02-04,38,female,38.6,4,0,0,0,0,0,negative,refer,0,,unknown
CASE-006889,2026-08-11,Gisagara,Kibirizi,CHW-GIS-03-02,16,male,37.8,1,0,0,0,0,0,negative,treat_at_home,0,,recovered
CASE-006890,2026-08-11,Kirehe,Gahara,CHW-KIR-02-02,5,male,38.2,1,0,0,1,0,0,positive,urgent_refer,1,2.5,recovered
CASE-006891,2026-08-11,Kirehe,Gahara,CHW-KIR-02-03,5,female,38.4,2,0,0,0,0,0,positive,refer,1,15.9,recovered
CASE-006892,2026-08-11,Nyagatare,Katabagemu,CHW-NYG-06-01,31,male,38.5,3,0,0,0,0,0,positive,treat_at_home,0,,recovered
CASE-006893,2026-08-11,Nyagatare,Mimuri,CHW-NYG-05-04,17,male,38.4,2,0,0,0,0,0,positive,treat_at_home,0,,recovered
CASE-006894,2026-08-11,Nyagatare,Rwimiyaga,CHW-NYG-03-03,46,male,38.3,2,0,0,0,0,0,positive,refer,0,,recovered
CASE-006895,2026-08-11,Rusizi,Bugarama,CHW-RUS-02-04,7,male,37.8,4,0,0,0,0,0,negative,refer,1,6.6,recovered
CASE-006896,2026-08-11,Rusizi,Kamembe,CHW-RUS-01-03,20,male,38.2,2,0,0,0,0,0,positive,refer,1,9.4,complication
CASE-006897,2026-08-12,Bugesera,Nyamata,CHW-BUG-01-01,53,female,38.0,2,0,0,0,0,0,positive,refer,1,6.3,recovered
CASE-006898,2026-08-12,Gisagara,Save,CHW-GIS-02-02,77,female,38.7,2,0,0,0,0,0,negative,treat_at_home,0,,recovered
CASE-006899,2026-08-12,Kirehe,Gahara,CHW-KIR-02-01,56,female,37.9,2,0,0,0,0,0,positive,treat_at_home,0,,unknown
CASE-006900,2026-08-12,Nyagatare,Karangazi,CHW-NYG-02-01,115,male,38.4,1,0,0,0,0,0,negative,treat_at_home,0,,recovered
CASE-006901,2026-08-12,Nyagatare,Nyagatare,CHW-NYG-01-01,53,male,38.2,2,0,0,0,0,0,positive,treat_at_home,0,,recovered
CASE-006902,2026-08-12,Nyagatare,Nyagatare,CHW-NYG-01-03,39,female,38.3,1,0,0,0,0,0,positive,treat_at_home,0,,recovered
CASE-006903,2026-08-12,Rusizi,Kamembe,CHW-RUS-01-02,25,male,38.6,1,0,0,1,0,1,positive,refer,1,5.0,died
CASE-006904,2026-08-13,Gasabo,Remera,CHW-GAS-02-02,173,male,37.9,2,0,0,0,0,0,positive,refer,1,9.8,recovered
CASE-006905,2026-08-13,Gisagara,Gisagara,CHW-GIS-01-03,44,male,38.8,7,0,0,0,0,0,positive,treat_at_home,0,,recovered
CASE-006906,2026-08-13,Gisagara,Save,CHW-GIS-02-01,39,female,38.4,2,0,0,0,0,0,negative,treat_at_home,0,,recovered
CASE-006907,2026-08-13,Kirehe,Kirehe,CHW-KIR-01-03,30,male,39.0,3,0,0,0,0,0,positive,treat_at_home,0,,recovered
CASE-006908,2026-08-13,Nyagatare,Mimuri,CHW-NYG-05-04,2,female,37.8,2,0,0,0,0,0,positive,treat_at_home,0,,recovered
CASE-006909,2026-08-14,Bugesera,Mayange,CHW-BUG-03-03,67,female,37.1,2,0,0,0,0,0,positive,treat_at_home,0,,recovered
CASE-006910,2026-08-14,Bugesera,Nyamata,CHW-BUG-01-02,1,male,36.9,0,0,0,0,0,0,negative,urgent_refer,1,4.6,recovered
CASE-006911,2026-08-14,Gisagara,Gisagara,CHW-GIS-01-02,45,female,38.4,1,0,0,0,0,0,negative,treat_at_home,0,,recovered
CASE-006912,2026-08-14,Gisagara,Kibirizi,CHW-GIS-03-04,640,female,38.1,2,0,0,0,0,0,positive,treat_at_home,0,,recovered
CASE-006913,2026-08-14,Kirehe,Kirehe,CHW-KIR-01-04,58,female,38.5,2,0,0,0,0,0,negative,treat_at_home,0,,recovered
CASE-006914,2026-08-14,Nyagatare,Nyagatare,CHW-NYG-01-01,28,female,39.0,2,0,0,0,0,0,positive,treat_at_home,0,,recovered
CASE-006915,2026-08-15,Gisagara,Kibirizi,CHW-GIS-03-04,716,female,38.6,3,0,0,0,0,0,negative,refer,1,12.0,recovered
CASE-006916,2026-08-15,Kirehe,Kirehe,CHW-KIR-01-04,38,male,38.7,2,0,0,0,0,0,positive,treat_at_home,0,,recovered
CASE-006917,2026-08-15,Nyagatare,Karangazi,CHW-NYG-02-03,45,male,38.4,2,0,0,0,0,0,positive,treat_at_home,0,,recovered
CASE-006918,2026-08-15,Nyagatare,Katabagemu,CHW-NYG-06-02,14,male,39.0,5,0,0,0,0,0,positive,treat_at_home,0,,recovered
CASE-006919,2026-08-15,Nyagatare,Mimuri,CHW-NYG-05-03,312,female,38.7,1,0,0,0,0,0,positive,treat_at_home,0,,recovered
CASE-006920,2026-08-15,Nyagatare,Nyagatare,CHW-NYG-01-01,57,female,38.0,1,0,0,0,0,0,positive,treat_at_home,0,,recovered
CASE-006921,2026-08-15,Nyagatare,Rwimiyaga,CHW-NYG-03-03,54,male,39.1,2,0,0,0,0,0,negative,treat_at_home,0,,recovered
CASE-006922,2026-08-15,Nyagatare,Rwimiyaga,CHW-NYG-03-03,38,male,37.4,1,0,0,0,0,0,negative,treat_at_home,0,,recovered
CASE-006923,2026-08-16,Gasabo,Remera,CHW-GAS-02-03,6,male,38.7,1,0,0,0,0,0,positive,treat_at_home,0,,recovered
CASE-006924,2026-08-16,Kirehe,Mahama,CHW-KIR-03-01,73,female,38.2,2,0,0,0,0,0,negative,treat_at_home,0,,recovered
CASE-006925,2026-08-16,Nyagatare,Matimba,CHW-NYG-04-02,2,male,38.2,1,0,0,0,0,0,positive,treat_at_home,0,,recovered
CASE-006926,2026-08-16,Nyagatare,Matimba,CHW-NYG-04-04,33,female,39.2,2,0,0,0,0,0,positive,treat_at_home,0,,recovered
CASE-006927,2026-08-16,Nyagatare,Nyagatare,CHW-NYG-01-02,4,female,38.6,2,0,0,0,0,0,positive,treat_at_home,0,,recovered
CASE-006928,2026-08-16,Nyagatare,Rwimiyaga,CHW-NYG-03-04,36,female,38.5,3,0,0,0,0,0,positive,treat_at_home,0,,recovered
CASE-006929,2026-08-16,Rusizi,Gihundwe,CHW-RUS-03-04,12,male,38.4,2,0,0,0,0,0,positive,treat_at_home,0,,recovered
CASE-006930,2026-08-17,Bugesera,Mareba,CHW-BUG-04-03,0,female,39.1,7,0,0,0,0,0,positive,urgent_refer,0,,complication
CASE-006931,2026-08-17,Kirehe,Kirehe,CHW-KIR-01-03,53,male,37.0,0,0,0,0,0,0,negative,treat_at_home,0,,recovered
CASE-006932,2026-08-17,Nyagatare,Katabagemu,CHW-NYG-06-02,17,male,38.0,1,0,0,0,0,0,negative,treat_at_home,0,,recovered
CASE-006933,2026-08-17,Nyagatare,Katabagemu,CHW-NYG-06-02,17,female,38.8,2,0,1,0,0,0,negative,urgent_refer,1,5.1,recovered
CASE-006934,2026-08-17,Nyagatare,Matimba,CHW-NYG-04-01,422,female,38.6,1,0,0,0,0,0,positive,treat_at_home,0,,recovered
CASE-006935,2026-08-17,Nyagatare,Nyagatare,CHW-NYG-01-02,40,female,38.8,4,0,0,0,0,0,negative,refer,1,8.2,recovered
CASE-006936,2026-08-17,Nyagatare,Nyagatare,CHW-NYG-01-03,165,male,36.4,0,0,0,0,0,0,negative,treat_at_home,0,,recovered
CASE-006937,2026-08-17,Nyagatare,Nyagatare,CHW-NYG-01-04,148,female,38.8,2,0,0,0,0,0,positive,treat_at_home,0,,recovered
CASE-006938,2026-08-17,Nyagatare,Rwimiyaga,CHW-NYG-03-04,26,female,38.1,1,0,0,0,0,0,negative,treat_at_home,0,,recovered
CASE-006939,2026-08-17,Rusizi,Gihundwe,CHW-RUS-03-01,44,female,38.5,5,0,0,0,0,0,positive,treat_at_home,0,,recovered
CASE-006940,2026-08-18,Bugesera,Nyamata,CHW-BUG-01-01,13,male,38.5,6,0,0,0,0,0,positive,treat_at_home,0,,recovered
CASE-006941,2026-08-18,Bugesera,Nyamata,CHW-BUG-01-03,33,female,39.1,6,0,0,0,0,0,negative,refer,1,6.5,recovered
CASE-006942,2026-08-18,Gisagara,Gisagara,CHW-GIS-01-01,31,male,37.7,1,0,0,0,0,0,positive,treat_at_home,0,,recovered
CASE-006943,2026-08-18,Gisagara,Gisagara,CHW-GIS-01-01,19,male,38.0,2,0,0,0,0,0,negative,treat_at_home,0,,recovered
CASE-006944,2026-08-18,Gisagara,Save,CHW-GIS-02-01,12,male,38.0,1,0,0,0,0,0,positive,treat_at_home,0,,recovered
CASE-006945,2026-08-18,Gisagara,Save,CHW-GIS-02-02,52,female,38.3,2,0,0,0,0,0,positive,treat_at_home,0,,recovered
CASE-006946,2026-08-18,Gisagara,Save,CHW-GIS-02-04,481,female,37.8,1,0,0,0,0,0,positive,treat_at_home,0,,recovered
CASE-006947,2026-08-18,Kirehe,Gahara,CHW-KIR-02-01,7,male,38.0,1,0,0,0,0,0,negative,treat_at_home,0,,recovered
CASE-006948,2026-08-18,Kirehe,Kirehe,CHW-KIR-01-01,71,female,38.7,2,0,0,0,0,0,negative,treat_at_home,0,,recovered
CASE-006949,2026-08-18,Nyagatare,Karangazi,CHW-NYG-02-01,9,male,38.5,1,0,0,0,0,0,positive,treat_at_home,0,,recovered
CASE-006950,2026-08-18,Nyagatare,Mimuri,CHW-NYG-05-04,55,male,37.5,1,0,0,0,0,0,positive,treat_at_home,0,,recovered
CASE-006951,2026-08-19,Kirehe,Gahara,CHW-KIR-02-03,53,female,38.6,2,0,0,0,0,1,positive,urgent_refer,1,5.5,recovered
CASE-006952,2026-08-19,Nyagatare,Karangazi,CHW-NYG-02-03,133,female,38.0,2,0,0,0,0,0,positive,treat_at_home,0,,recovered
CASE-006953,2026-08-19,Nyagatare,Karangazi,CHW-NYG-02-04,21,female,38.3,1,0,0,0,1,0,positive,urgent_refer,1,7.8,recovered
CASE-006954,2026-08-19,Nyagatare,Katabagemu,CHW-NYG-06-03,59,male,38.1,3,0,0,0,0,0,negative,refer,1,20.7,recovered
CASE-006955,2026-08-19,Nyagatare,Katabagemu,CHW-NYG-06-04,28,female,38.6,1,0,0,0,1,0,positive,urgent_refer,1,8.8,recovered
CASE-006956,2026-08-19,Nyagatare,Nyagatare,CHW-NYG-01-03,47,male,36.3,0,0,0,0,0,0,negative,treat_at_home,0,,recovered
CASE-006957,2026-08-19,Nyagatare,Rwimiyaga,CHW-NYG-03-02,16,female,38.1,1,0,0,0,0,0,positive,treat_at_home,0,,recovered
CASE-006958,2026-08-19,Nyagatare,Rwimiyaga,CHW-NYG-03-04,163,female,38.6,3,0,0,0,0,0,positive,treat_at_home,0,,recovered
CASE-006959,2026-08-19,Rusizi,Kamembe,CHW-RUS-01-01,43,female,38.8,1,0,0,0,0,0,negative,treat_at_home,0,,recovered
CASE-006960,2026-08-20,Bugesera,Mayange,CHW-BUG-03-01,24,female,38.2,1,0,0,0,0,0,negative,treat_at_home,0,,recovered
CASE-006961,2026-08-20,Bugesera,Mayange,CHW-BUG-03-01,20,male,38.4,1,0,0,0,0,0,negative,treat_at_home,0,,recovered
CASE-006962,2026-08-20,Bugesera,Ntarama,CHW-BUG-05-04,8,male,38.4,1,0,0,0,0,0,positive,treat_at_home,0,,recovered
CASE-006963,2026-08-20,Gisagara,Save,CHW-GIS-02-03,34,male,39.5,3,0,0,0,0,0,positive,treat_at_home,0,,recovered
CASE-006964,2026-08-20,Kirehe,Gahara,CHW-KIR-02-04,23,female,38.2,4,0,0,0,0,0,negative,refer,1,6.7,recovered
CASE-006965,2026-08-20,Kirehe,Kirehe,CHW-KIR-01-02,14,female,38.0,2,0,0,0,0,0,positive,treat_at_home,0,,recovered
CASE-006966,2026-08-20,Nyagatare,Karangazi,CHW-NYG-02-03,19,male,38.5,1,0,0,0,0,0,positive,treat_at_home,0,,recovered
CASE-006967,2026-08-20,Nyagatare,Katabagemu,CHW-NYG-06-01,177,female,38.8,2,0,0,0,0,0,positive,treat_at_home,0,,recovered
CASE-006968,2026-08-20,Nyagatare,Katabagemu,CHW-NYG-06-03,60,female,37.0,0,0,0,0,0,0,negative,treat_at_home,0,,recovered
CASE-006969,2026-08-20,Nyagatare,Matimba,CHW-NYG-04-02,25,female,38.3,2,0,0,0,0,0,positive,treat_at_home,0,,recovered
CASE-006970,2026-08-20,Nyagatare,Matimba,CHW-NYG-04-03,59,female,39.0,2,1,0,0,1,0,positive,urgent_refer,1,2.5,recovered
CASE-006971,2026-08-20,Nyagatare,Mimuri,CHW-NYG-05-01,119,female,38.2,3,0,0,0,0,0,negative,refer,1,3.6,recovered
CASE-006972,2026-08-20,Nyagatare,Mimuri,CHW-NYG-05-01,47,female,38.3,2,0,0,0,0,0,positive,treat_at_home,0,,complication
CASE-006973,2026-08-20,Nyagatare,Nyagatare,CHW-NYG-01-04,49,male,39.0,5,0,0,0,0,0,positive,treat_at_home,0,,recovered
CASE-006974,2026-08-21,Bugesera,Gashora,CHW-BUG-06-03,36,female,38.6,2,0,0,0,0,0,positive,treat_at_home,0,,recovered
CASE-006975,2026-08-21,Bugesera,Gashora,CHW-BUG-06-04,567,male,38.7,3,1,0,0,0,1,positive,urgent_refer,1,3.6,recovered
CASE-006976,2026-08-21,Bugesera,Ntarama,CHW-BUG-05-01,51,male,38.6,6,0,0,0,0,0,positive,treat_at_home,0,,recovered
CASE-006977,2026-08-21,Gisagara,Gisagara,CHW-GIS-01-02,210,female,39.6,5,0,0,0,0,0,negative,refer,1,7.4,recovered
CASE-006978,2026-08-21,Kirehe,Mahama,CHW-KIR-03-04,20,male,38.3,4,0,0,0,0,0,positive,treat_at_home,0,,recovered
CASE-006979,2026-08-21,Nyagatare,Karangazi,CHW-NYG-02-01,159,female,38.4,1,0,0,0,0,0,negative,treat_at_home,0,,recovered
CASE-006980,2026-08-21,Nyagatare,Mimuri,CHW-NYG-05-04,22,female,38.1,2,1,0,1,0,0,positive,urgent_refer,1,1.3,unknown
CASE-006981,2026-08-21,Nyagatare,Rwimiyaga,CHW-NYG-03-03,489,female,38.5,5,0,0,0,0,0,positive,treat_at_home,0,,recovered
CASE-006982,2026-08-21,Nyagatare,Rwimiyaga,CHW-NYG-03-03,38,male,38.0,2,0,0,0,0,0,invalid,refer,1,10.7,recovered
CASE-006983,2026-08-21,Rusizi,Bugarama,CHW-RUS-02-03,0,male,38.7,1,0,0,1,0,0,positive,urgent_refer,1,8.2,recovered
CASE-006984,2026-08-22,Bugesera,Gashora,CHW-BUG-06-02,6,female,38.3,1,0,0,0,0,0,positive,treat_at_home,0,,recovered
CASE-006985,2026-08-22,Bugesera,Mayange,CHW-BUG-03-04,3,male,39.3,2,1,0,0,1,0,positive,treat_at_home,0,,recovered
CASE-006986,2026-08-22,Bugesera,Ntarama,CHW-BUG-05-02,56,male,38.1,1,0,0,0,0,0,positive,treat_at_home,0,,recovered
CASE-006987,2026-08-22,Bugesera,Rilima,CHW-BUG-02-01,54,female,38.6,2,0,0,0,0,0,positive,treat_at_home,0,,recovered
CASE-006988,2026-08-22,Kirehe,Gahara,CHW-KIR-02-01,40,male,38.5,4,0,0,0,0,0,negative,refer,1,7.2,recovered
CASE-006989,2026-08-22,Kirehe,Gahara,CHW-KIR-02-04,12,male,38.7,2,0,0,0,0,0,negative,treat_at_home,0,,recovered
CASE-006990,2026-08-22,Nyagatare,Karangazi,CHW-NYG-02-04,35,male,39.4,4,0,0,0,0,1,positive,urgent_refer,1,6.8,recovered
CASE-006991,2026-08-22,Nyagatare,Matimba,CHW-NYG-04-02,32,female,37.9,1,0,0,0,0,0,positive,treat_at_home,0,,recovered
CASE-006992,2026-08-22,Nyagatare,Mimuri,CHW-NYG-05-03,25,female,39.0,2,0,0,0,0,0,negative,treat_at_home,0,,recovered
CASE-006993,2026-08-22,Nyagatare,Mimuri,CHW-NYG-05-03,16,female,38.5,2,0,0,0,0,0,positive,treat_at_home,0,,recovered
CASE-006994,2026-08-22,Nyagatare,Mimuri,CHW-NYG-05-04,9,female,39.0,2,0,0,0,0,0,positive,treat_at_home,0,,recovered
CASE-006995,2026-08-22,Rusizi,Bugarama,CHW-RUS-02-04,122,male,38.5,1,0,0,0,0,0,positive,treat_at_home,0,,recovered
CASE-006996,2026-08-23,Bugesera,Mayange,CHW-BUG-03-01,5,female,38.5,4,0,0,0,0,0,positive,treat_at_home,0,,recovered
CASE-006997,2026-08-23,Gasabo,Kacyiru,CHW-GAS-03-02,118,male,38.4,4,0,0,0,0,0,negative,refer,1,6.9,recovered
CASE-006998,2026-08-23,Kirehe,Kirehe,CHW-KIR-01-02,10,female,38.2,6,0,0,0,0,0,negative,refer,1,6.9,recovered
CASE-006999,2026-08-23,Nyagatare,Karangazi,CHW-NYG-02-01,7,female,37.2,0,0,0,0,0,0,invalid,refer,1,12.5,recovered
CASE-007000,2026-08-23,Nyagatare,Karangazi,CHW-NYG-02-04,55,female,37.9,4,0,0,0,0,0,negative,refer,1,11.1,recovered
CASE-007001,2026-08-23,Nyagatare,Katabagemu,CHW-NYG-06-02,27,male,38.2,4,0,0,0,0,0,positive,treat_at_home,0,,recovered
CASE-007002,2026-08-23,Nyagatare,Katabagemu,CHW-NYG-06-02,42,female,39.0,2,1,0,1,0,0,positive,urgent_refer,1,6.8,recovered
CASE-007003,2026-08-23,Nyagatare,Katabagemu,CHW-NYG-06-03,40,male,38.5,1,0,0,0,0,0,positive,treat_at_home,0,,recovered
CASE-007004,2026-08-23,Nyagatare,Matimba,CHW-NYG-04-03,18,male,37.8,1,0,0,0,0,0,negative,refer,1,3.5,recovered
CASE-007005,2026-08-23,Rusizi,Kamembe,CHW-RUS-01-03,114,male,37.8,1,0,0,0,0,0,negative,treat_at_home,0,,complication
CASE-007006,2026-08-24,Bugesera,Rilima,CHW-BUG-02-02,340,female,36.9,0,0,0,0,0,0,positive,treat_at_home,0,,recovered
CASE-007007,2026-08-24,Gasabo,Kacyiru,CHW-GAS-03-04,6,female,38.5,1,0,0,0,0,0,positive,treat_at_home,0,,recovered
CASE-007008,2026-08-24,Kirehe,Gahara,CHW-KIR-02-01,37,male,38.8,4,0,0,0,0,0,positive,treat_at_home,0,,recovered
CASE-007009,2026-08-24,Kirehe,Mahama,CHW-KIR-03-01,544,female,38.2,2,0,0,0,0,0,negative,refer,0,,recovered
CASE-007010,2026-08-24,Nyagatare,Karangazi,CHW-NYG-02-01,0,male,39.4,5,0,0,0,0,0,negative,urgent_refer,1,6.8,recovered
CASE-007011,2026-08-24,Nyagatare,Katabagemu,CHW-NYG-06-01,686,male,38.3,3,0,0,0,0,0,negative,treat_at_home,0,,recovered
CASE-007012,2026-08-24,Nyagatare,Katabagemu,CHW-NYG-06-02,5,female,39.5,1,0,0,0,0,0,positive,treat_at_home,0,,recovered
CASE-007013,2026-08-24,Nyagatare,Katabagemu,CHW-NYG-06-02,10,female,38.9,2,0,0,0,0,0,positive,treat_at_home,0,,complication
CASE-007014,2026-08-24,Nyagatare,Katabagemu,CHW-NYG-06-04,127,male,38.7,3,0,0,0,0,0,negative,refer,1,9.5,recovered
CASE-007015,2026-08-24,Nyagatare,Mimuri,CHW-NYG-05-03,39,female,38.8,6,0,0,0,0,0,positive,treat_at_home,0,,recovered
CASE-007016,2026-08-24,Nyagatare,Mimuri,CHW-NYG-05-04,39,male,38.0,4,0,0,0,0,0,positive,treat_at_home,0,,recovered
CASE-007017,2026-08-24,Nyagatare,Nyagatare,CHW-NYG-01-01,29,female,38.4,5,0,0,0,0,0,positive,treat_at_home,0,,recovered
CASE-007018,2026-08-24,Nyagatare,Nyagatare,CHW-NYG-01-04,68,male,38.4,2,0,0,0,0,0,positive,treat_at_home,0,,recovered
CASE-007019,2026-08-24,Nyagatare,Rwimiyaga,CHW-NYG-03-01,105,female,38.4,2,0,0,0,0,0,negative,treat_at_home,0,,recovered
CASE-007020,2026-08-24,Nyagatare,Rwimiyaga,CHW-NYG-03-04,120,female,38.6,1,0,0,0,0,0,positive,treat_at_home,0,,recovered
CASE-007021,2026-08-25,Bugesera,Gashora,CHW-BUG-06-03,31,male,38.0,2,0,0,0,0,0,positive,treat_at_home,0,,recovered
CASE-007022,2026-08-25,Bugesera,Mayange,CHW-BUG-03-01,23,male,38.2,2,0,0,0,0,0,positive,treat_at_home,0,,recovered
CASE-007023,2026-08-25,Bugesera,Ntarama,CHW-BUG-05-04,146,male,38.6,4,0,0,0,0,0,positive,treat_at_home,0,,complication
CASE-007024,2026-08-25,Gisagara,Gisagara,CHW-GIS-01-01,6,female,37.8,3,0,0,0,0,0,positive,treat_at_home,0,,recovered
CASE-007025,2026-08-25,Kirehe,Mahama,CHW-KIR-03-01,20,male,37.9,1,0,0,0,0,0,negative,treat_at_home,0,,recovered
CASE-007026,2026-08-25,Nyagatare,Karangazi,CHW-NYG-02-04,6,male,38.5,2,0,0,0,0,0,positive,treat_at_home,0,,recovered
CASE-007027,2026-08-25,Nyagatare,Katabagemu,CHW-NYG-06-02,218,male,38.2,2,0,0,0,0,0,positive,treat_at_home,0,,recovered
CASE-007028,2026-08-25,Nyagatare,Katabagemu,CHW-NYG-06-03,1,female,38.5,1,0,0,0,0,0,negative,urgent_refer,0,,complication
CASE-007029,2026-08-25,Nyagatare,Matimba,CHW-NYG-04-04,41,male,38.4,2,0,0,0,0,0,positive,treat_at_home,0,,unknown
CASE-007030,2026-08-25,Nyagatare,Mimuri,CHW-NYG-05-01,7,female,37.3,1,0,0,0,0,0,positive,treat_at_home,0,,recovered
CASE-007031,2026-08-25,Nyagatare,Rwimiyaga,CHW-NYG-03-03,136,female,38.9,1,0,0,0,0,0,negative,treat_at_home,0,,recovered
CASE-007032,2026-08-25,Rusizi,Bugarama,CHW-RUS-02-01,45,male,38.4,1,0,0,0,0,0,positive,treat_at_home,0,,recovered
CASE-007033,2026-08-25,Rusizi,Gihundwe,CHW-RUS-03-04,497,female,38.6,1,0,0,0,0,0,positive,treat_at_home,0,,recovered
CASE-007034,2026-08-26,Bugesera,Mareba,CHW-BUG-04-03,32,male,38.1,2,0,0,0,0,0,positive,treat_at_home,0,,recovered
CASE-007035,2026-08-26,Bugesera,Rilima,CHW-BUG-02-03,284,male,39.0,5,0,0,0,0,0,positive,treat_at_home,0,,recovered
CASE-007036,2026-08-26,Gasabo,Kacyiru,CHW-GAS-03-01,547,male,38.6,2,0,0,0,0,0,positive,treat_at_home,0,,recovered
CASE-007037,2026-08-26,Gisagara,Gisagara,CHW-GIS-01-02,179,male,38.7,3,0,0,0,0,0,positive,treat_at_home,0,,recovered
CASE-007038,2026-08-26,Gisagara,Gisagara,CHW-GIS-01-03,0,male,38.1,1,0,0,0,0,0,positive,urgent_refer,1,5.3,recovered
CASE-007039,2026-08-26,Gisagara,Gisagara,CHW-GIS-01-04,6,female,37.7,2,0,0,0,0,0,positive,treat_at_home,0,,recovered
CASE-007040,2026-08-26,Gisagara,Kibirizi,CHW-GIS-03-01,123,male,39.0,1,0,0,0,0,0,negative,treat_at_home,0,,recovered
CASE-007041,2026-08-26,Kirehe,Mahama,CHW-KIR-03-04,136,female,38.4,1,0,0,0,0,0,negative,treat_at_home,0,,recovered
CASE-007042,2026-08-26,Nyagatare,Karangazi,CHW-NYG-02-01,1,female,37.9,4,0,0,0,0,0,positive,urgent_refer,0,,complication
CASE-007043,2026-08-26,Nyagatare,Katabagemu,CHW-NYG-06-01,81,male,38.7,2,0,0,0,0,0,positive,treat_at_home,0,,recovered
CASE-007044,2026-08-26,Nyagatare,Katabagemu,CHW-NYG-06-01,86,male,38.9,4,0,0,0,0,0,negative,refer,1,6.9,recovered
CASE-007045,2026-08-26,Nyagatare,Matimba,CHW-NYG-04-02,45,female,37.8,1,0,0,0,0,0,positive,treat_at_home,0,,recovered
CASE-007046,2026-08-26,Nyagatare,Matimba,CHW-NYG-04-02,55,male,36.5,0,0,0,0,0,0,negative,treat_at_home,0,,recovered
CASE-007047,2026-08-26,Nyagatare,Mimuri,CHW-NYG-05-01,91,male,37.3,1,0,0,0,0,0,positive,treat_at_home,0,,recovered
CASE-007048,2026-08-26,Nyagatare,Nyagatare,CHW-NYG-01-04,24,female,38.3,6,0,0,0,0,0,positive,treat_at_home,0,,recovered
CASE-007049,2026-08-26,Nyagatare,Rwimiyaga,CHW-NYG-03-04,22,female,38.0,1,0,0,0,0,0,positive,treat_at_home,0,,recovered
CASE-007050,2026-08-26,Rusizi,Bugarama,CHW-RUS-02-01,103,male,39.6,3,0,0,0,0,0,negative,refer,1,6.3,recovered
CASE-007051,2026-08-27,Bugesera,Gashora,CHW-BUG-06-04,49,male,38.4,3,0,0,0,0,0,positive,treat_at_home,0,,recovered
CASE-007052,2026-08-27,Bugesera,Nyamata,CHW-BUG-01-03,18,male,36.2,0,0,0,0,0,0,positive,treat_at_home,0,,recovered
CASE-007053,2026-08-27,Gasabo,Kacyiru,CHW-GAS-03-03,466,female,39.1,1,0,0,0,0,0,negative,treat_at_home,0,,recovered
CASE-007054,2026-08-27,Kirehe,Gahara,CHW-KIR-02-01,52,male,38.3,2,0,0,0,0,0,positive,treat_at_home,0,,recovered
CASE-007055,2026-08-27,Kirehe,Kirehe,CHW-KIR-01-01,523,male,38.6,6,0,0,0,0,1,positive,refer,1,5.2,recovered
CASE-007056,2026-08-27,Kirehe,Kirehe,CHW-KIR-01-03,16,male,39.3,3,1,0,0,0,1,positive,urgent_refer,1,2.4,recovered
CASE-007057,2026-08-27,Kirehe,Mahama,CHW-KIR-03-03,289,female,38.0,1,0,0,0,0,0,positive,treat_at_home,0,,recovered
CASE-007058,2026-08-27,Nyagatare,Karangazi,CHW-NYG-02-04,21,male,38.9,2,0,1,1,0,0,positive,urgent_refer,1,3.8,recovered
CASE-007059,2026-08-27,Nyagatare,Mimuri,CHW-NYG-05-03,671,female,38.5,1,0,1,0,1,0,positive,refer,1,6.5,recovered
CASE-007060,2026-08-27,Nyagatare,Mimuri,CHW-NYG-05-03,49,female,36.9,0,0,0,0,0,0,negative,treat_at_home,0,,recovered
CASE-007061,2026-08-27,Nyagatare,Mimuri,CHW-NYG-05-03,37,female,38.6,1,1,0,0,1,0,negative,urgent_refer,1,8.3,recovered
CASE-007062,2026-08-27,Nyagatare,Mimuri,CHW-NYG-05-04,10,female,38.3,2,0,0,0,0,0,negative,treat_at_home,0,,recovered
CASE-007063,2026-08-27,Nyagatare,Nyagatare,CHW-NYG-01-02,54,male,38.0,2,0,0,0,0,0,positive,treat_at_home,0,,recovered
CASE-007064,2026-08-27,Nyagatare,Nyagatare,CHW-NYG-01-04,65,female,38.4,1,0,0,0,0,0,negative,treat_at_home,0,,recovered
CASE-007065,2026-08-27,Rusizi,Bugarama,CHW-RUS-02-04,131,female,38.7,2,0,0,0,0,0,negative,treat_at_home,0,,recovered
CASE-007066,2026-08-27,Rusizi,Kamembe,CHW-RUS-01-04,163,female,37.9,2,0,0,0,0,0,negative,treat_at_home,0,,recovered
CASE-007067,2026-08-28,Bugesera,Ntarama,CHW-BUG-05-02,87,male,38.2,3,0,0,0,0,0,positive,treat_at_home,0,,recovered
CASE-007068,2026-08-28,Gasabo,Remera,CHW-GAS-02-02,19,female,38.4,3,0,0,0,0,0,negative,refer,0,,recovered
CASE-007069,2026-08-28,Gisagara,Gisagara,CHW-GIS-01-02,559,female,39.1,1,0,0,0,0,0,positive,treat_at_home,0,,recovered
CASE-007070,2026-08-28,Gisagara,Kibirizi,CHW-GIS-03-01,22,male,38.4,1,0,0,0,0,0,positive,treat_at_home,0,,recovered
CASE-007071,2026-08-28,Gisagara,Kibirizi,CHW-GIS-03-03,144,female,38.4,1,0,0,0,0,0,negative,treat_at_home,0,,recovered
CASE-007072,2026-08-28,Kirehe,Gahara,CHW-KIR-02-01,39,male,36.8,0,0,0,0,0,0,negative,treat_at_home,0,,recovered
CASE-007073,2026-08-28,Kirehe,Kirehe,CHW-KIR-01-04,57,male,38.5,2,0,0,0,0,0,negative,treat_at_home,0,,recovered
CASE-007074,2026-08-28,Kirehe,Mahama,CHW-KIR-03-03,228,male,38.4,1,0,0,0,0,0,positive,treat_at_home,0,,recovered
CASE-007075,2026-08-28,Nyagatare,Katabagemu,CHW-NYG-06-01,4,male,39.0,1,0,0,0,0,1,positive,treat_at_home,0,,complication
CASE-007076,2026-08-28,Nyagatare,Katabagemu,CHW-NYG-06-04,32,female,38.0,1,0,0,0,0,0,positive,treat_at_home,0,,recovered
CASE-007077,2026-08-28,Nyagatare,Matimba,CHW-NYG-04-01,17,male,38.2,1,0,0,0,0,0,negative,treat_at_home,0,,recovered
CASE-007078,2026-08-28,Nyagatare,Matimba,CHW-NYG-04-02,635,female,37.9,2,0,0,0,0,0,positive,treat_at_home,0,,recovered
CASE-007079,2026-08-28,Nyagatare,Matimba,CHW-NYG-04-03,35,female,36.6,0,0,0,0,0,0,negative,treat_at_home,0,,recovered
CASE-007080,2026-08-28,Nyagatare,Matimba,CHW-NYG-04-03,178,female,38.9,3,0,0,0,0,0,positive,treat_at_home,0,,recovered
CASE-007081,2026-08-28,Nyagatare,Mimuri,CHW-NYG-05-04,124,female,38.5,5,0,0,0,0,0,negative,refer,1,7.2,recovered
CASE-007082,2026-08-28,Nyagatare,Mimuri,CHW-NYG-05-04,25,female,39.0,4,0,0,0,0,0,negative,refer,1,5.9,recovered
CASE-007083,2026-08-28,Nyagatare,Rwimiyaga,CHW-NYG-03-01,41,female,37.4,1,0,0,0,0,0,negative,treat_at_home,0,,recovered
CASE-007084,2026-08-28,Rusizi,Gihundwe,CHW-RUS-03-04,46,female,38.9,3,0,0,0,0,0,invalid,refer,1,5.2,recovered
CASE-007085,2026-08-29,Bugesera,Mareba,CHW-BUG-04-03,122,female,38.5,2,0,0,0,0,0,negative,treat_at_home,0,,recovered
CASE-007086,2026-08-29,Bugesera,Nyamata,CHW-BUG-01-03,77,female,39.2,5,0,0,0,0,0,positive,treat_at_home,0,,recovered
CASE-007087,2026-08-29,Bugesera,Rilima,CHW-BUG-02-04,37,male,38.7,5,0,0,0,0,0,positive,treat_at_home,0,,recovered
CASE-007088,2026-08-29,Gasabo,Kacyiru,CHW-GAS-03-02,4,female,38.6,1,1,0,0,0,0,positive,urgent_refer,1,3.7,recovered
CASE-007089,2026-08-29,Gasabo,Kacyiru,CHW-GAS-03-03,79,male,38.8,3,0,0,0,0,0,negative,refer,0,,died
CASE-007090,2026-08-29,Gasabo,Remera,CHW-GAS-02-01,712,male,37.7,1,0,0,0,0,0,negative,treat_at_home,0,,recovered
CASE-007091,2026-08-29,Gasabo,Remera,CHW-GAS-02-02,551,male,37.8,3,0,0,0,0,0,positive,treat_at_home,0,,recovered
CASE-007092,2026-08-29,Kirehe,Gahara,CHW-KIR-02-01,23,female,38.0,1,0,0,0,0,0,negative,treat_at_home,0,,recovered
CASE-007093,2026-08-29,Kirehe,Gahara,CHW-KIR-02-04,25,male,38.8,2,0,0,0,0,0,negative,treat_at_home,0,,recovered
CASE-007094,2026-08-29,Nyagatare,Karangazi,CHW-NYG-02-03,4,female,38.1,1,0,0,0,0,0,positive,treat_at_home,0,,recovered
CASE-007095,2026-08-29,Nyagatare,Matimba,CHW-NYG-04-02,79,female,39.0,5,0,0,0,0,0,positive,treat_at_home,0,,recovered
CASE-007096,2026-08-29,Nyagatare,Matimba,CHW-NYG-04-03,82,male,38.3,5,0,0,0,0,0,negative,refer,1,7.9,died
CASE-007097,2026-08-29,Nyagatare,Mimuri,CHW-NYG-05-01,33,female,39.3,3,0,0,0,0,0,negative,refer,1,2.0,recovered
CASE-007098,2026-08-29,Nyagatare,Mimuri,CHW-NYG-05-01,37,female,37.6,1,0,0,0,0,0,negative,treat_at_home,0,,recovered
CASE-007099,2026-08-29,Nyagatare,Mimuri,CHW-NYG-05-02,66,female,38.1,1,0,0,0,0,0,positive,treat_at_home,0,,recovered
CASE-007100,2026-08-29,Nyagatare,Mimuri,CHW-NYG-05-03,41,female,38.1,2,0,0,0,0,0,negative,treat_at_home,0,,recovered
CASE-007101,2026-08-29,Rusizi,Bugarama,CHW-RUS-02-01,490,male,38.2,1,0,0,0,0,0,positive,treat_at_home,0,,complication
CASE-007102,2026-08-30,Bugesera,Gashora,CHW-BUG-06-03,280,female,37.1,0,0,0,0,0,0,negative,treat_at_home,0,,recovered
CASE-007103,2026-08-30,Kirehe,Gahara,CHW-KIR-02-02,151,female,38.5,1,0,0,0,0,0,invalid,refer,1,4.8,recovered
CASE-007104,2026-08-30,Nyagatare,Katabagemu,CHW-NYG-06-02,14,female,38.4,2,0,0,0,0,0,negative,treat_at_home,0,,recovered
CASE-007105,2026-08-30,Nyagatare,Matimba,CHW-NYG-04-03,141,female,39.1,1,0,0,0,0,0,positive,treat_at_home,0,,recovered
CASE-007106,2026-08-30,Nyagatare,Mimuri,CHW-NYG-05-04,25,male,38.6,2,0,1,0,0,0,negative,urgent_refer,1,4.3,recovered
CASE-007107,2026-08-30,Nyagatare,Nyagatare,CHW-NYG-01-02,45,female,38.1,1,0,0,0,0,0,negative,treat_at_home,0,,recovered
CASE-007108,2026-08-30,Rusizi,Bugarama,CHW-RUS-02-01,599,male,39.6,5,0,0,0,0,0,negative,refer,1,8.4,recovered
CASE-007109,2026-08-30,Rusizi,Bugarama,CHW-RUS-02-04,344,male,37.8,2,0,0,0,0,0,negative,treat_at_home,0,,recovered
CASE-007110,2026-08-30,Rusizi,Gihundwe,CHW-RUS-03-04,588,male,38.3,7,0,0,0,0,0,positive,treat_at_home,0,,recovered
CASE-007111,2026-08-31,Bugesera,Mareba,CHW-BUG-04-02,264,male,38.4,1,0,0,0,0,0,positive,treat_at_home,0,,recovered
CASE-007112,2026-08-31,Bugesera,Mayange,CHW-BUG-03-04,39,female,38.6,6,0,0,0,0,0,positive,treat_at_home,0,,recovered
CASE-007113,2026-08-31,Bugesera,Nyamata,CHW-BUG-01-04,29,female,38.9,7,0,0,0,0,0,negative,refer,1,18.5,recovered
CASE-007114,2026-08-31,Bugesera,Rilima,CHW-BUG-02-01,54,male,38.4,3,0,0,0,0,0,positive,treat_at_home,0,,recovered
CASE-007115,2026-08-31,Nyagatare,Karangazi,CHW-NYG-02-01,353,male,39.2,5,0,0,0,0,0,positive,treat_at_home,0,,recovered
CASE-007116,2026-08-31,Nyagatare,Katabagemu,CHW-NYG-06-04,15,female,38.8,2,0,0,0,0,0,negative,treat_at_home,0,,recovered
CASE-007117,2026-08-31,Nyagatare,Matimba,CHW-NYG-04-01,4,male,38.7,2,0,0,0,0,0,positive,treat_at_home,0,,recovered
CASE-007118,2026-08-31,Nyagatare,Matimba,CHW-NYG-04-04,16,male,38.5,1,0,0,0,0,0,positive,treat_at_home,0,,recovered
CASE-007119,2026-08-31,Nyagatare,Nyagatare,CHW-NYG-01-02,45,male,38.3,6,0,0,0,0,0,positive,treat_at_home,0,,recovered
CASE-007120,2026-09-01,Bugesera,Gashora,CHW-BUG-06-04,12,male,38.4,5,0,0,0,0,1,positive,urgent_refer,1,5.7,recovered
CASE-007121,2026-09-01,Gasabo,Kacyiru,CHW-GAS-03-03,59,female,38.6,2,0,0,0,0,0,positive,treat_at_home,0,,recovered
CASE-007122,2026-09-01,Nyagatare,Matimba,CHW-NYG-04-02,1,female,38.7,2,0,0,0,0,0,positive,treat_at_home,0,,recovered
CASE-007123,2026-09-01,Nyagatare,Mimuri,CHW-NYG-05-02,476,female,39.3,1,0,0,0,0,0,negative,refer,1,4.7,recovered
CASE-007124,2026-09-01,Nyagatare,Mimuri,CHW-NYG-05-04,82,female,38.7,2,1,0,0,1,0,invalid,urgent_refer,1,2.8,recovered
CASE-007125,2026-09-01,Nyagatare,Nyagatare,CHW-NYG-01-01,599,female,39.1,1,0,0,0,1,0,negative,urgent_refer,1,2.7,recovered
CASE-007126,2026-09-01,Nyagatare,Nyagatare,CHW-NYG-01-02,139,male,38.1,1,0,0,0,0,0,positive,treat_at_home,0,,recovered
CASE-007127,2026-09-02,Bugesera,Ntarama,CHW-BUG-05-02,11,female,37.9,2,0,0,0,0,0,negative,treat_at_home,0,,recovered
CASE-007128,2026-09-02,Bugesera,Rilima,CHW-BUG-02-03,26,male,38.5,1,0,0,0,0,0,negative,treat_at_home,0,,recovered
CASE-007129,2026-09-02,Gasabo,Remera,CHW-GAS-02-01,1,female,37.5,1,0,0,0,0,0,negative,urgent_refer,1,4.6,recovered
CASE-007130,2026-09-02,Gisagara,Save,CHW-GIS-02-02,57,female,38.3,1,0,0,0,0,0,positive,treat_at_home,0,,recovered
CASE-007131,2026-09-02,Kirehe,Mahama,CHW-KIR-03-03,56,male,37.8,1,0,0,0,0,0,positive,treat_at_home,0,,recovered
CASE-007132,2026-09-02,Nyagatare,Karangazi,CHW-NYG-02-02,23,female,39.0,3,0,0,0,0,0,invalid,refer,1,7.9,recovered
CASE-007133,2026-09-02,Nyagatare,Katabagemu,CHW-NYG-06-01,42,female,38.5,2,0,0,0,0,0,positive,treat_at_home,0,,recovered
CASE-007134,2026-09-02,Nyagatare,Katabagemu,CHW-NYG-06-03,46,male,38.5,2,0,0,0,0,0,positive,treat_at_home,0,,recovered
CASE-007135,2026-09-02,Nyagatare,Katabagemu,CHW-NYG-06-04,40,female,38.0,6,0,0,0,0,0,negative,refer,0,,recovered
CASE-007136,2026-09-02,Nyagatare,Matimba,CHW-NYG-04-03,6,male,39.3,3,0,0,0,0,0,positive,treat_at_home,0,,recovered
CASE-007137,2026-09-02,Nyagatare,Mimuri,CHW-NYG-05-03,79,male,39.1,1,0,0,0,0,1,positive,urgent_refer,1,4.1,recovered
CASE-007138,2026-09-02,Nyagatare,Mimuri,CHW-NYG-05-04,33,female,38.6,2,0,0,0,1,0,negative,urgent_refer,1,3.8,recovered
CASE-007139,2026-09-02,Nyagatare,Nyagatare,CHW-NYG-01-01,10,male,38.0,2,0,0,0,0,0,positive,treat_at_home,0,,recovered
CASE-007140,2026-09-02,Nyagatare,Nyagatare,CHW-NYG-01-04,19,female,38.2,3,0,0,0,0,0,positive,treat_at_home,0,,recovered
CASE-007141,2026-09-02,Nyagatare,Rwimiyaga,CHW-NYG-03-01,26,female,38.9,7,0,0,0,0,0,positive,treat_at_home,0,,recovered
CASE-007142,2026-09-02,Nyagatare,Rwimiyaga,CHW-NYG-03-04,30,female,37.9,1,0,0,0,0,0,positive,treat_at_home,0,,recovered
CASE-007143,2026-09-02,Rusizi,Kamembe,CHW-RUS-01-02,206,male,37.4,2,0,1,0,0,0,positive,urgent_refer,1,1.7,recovered
CASE-007144,2026-09-03,Gasabo,Kacyiru,CHW-GAS-03-03,29,male,38.1,2,0,0,0,0,0,negative,treat_at_home,0,,recovered
CASE-007145,2026-09-03,Gasabo,Kacyiru,CHW-GAS-03-04,14,female,37.7,1,0,0,0,0,0,negative,treat_at_home,0,,recovered
CASE-007146,2026-09-03,Gisagara,Gisagara,CHW-GIS-01-01,38,male,36.6,0,0,0,0,0,0,negative,treat_at_home,0,,recovered
CASE-007147,2026-09-03,Gisagara,Gisagara,CHW-GIS-01-04,59,female,38.5,3,0,0,0,0,0,negative,refer,1,4.7,recovered
CASE-007148,2026-09-03,Gisagara,Kibirizi,CHW-GIS-03-02,46,female,38.9,3,0,0,0,0,0,negative,refer,1,6.2,recovered
CASE-007149,2026-09-03,Kirehe,Gahara,CHW-KIR-02-02,318,male,38.2,2,0,0,0,0,0,positive,treat_at_home,0,,recovered
CASE-007150,2026-09-03,Kirehe,Kirehe,CHW-KIR-01-04,194,female,37.7,1,0,0,0,0,0,negative,treat_at_home,0,,recovered
CASE-007151,2026-09-03,Nyagatare,Karangazi,CHW-NYG-02-01,43,male,37.7,2,0,0,0,0,0,positive,treat_at_home,0,,recovered
CASE-007152,2026-09-03,Nyagatare,Karangazi,CHW-NYG-02-02,56,male,38.8,1,0,0,0,0,0,positive,treat_at_home,0,,recovered
CASE-007153,2026-09-03,Nyagatare,Karangazi,CHW-NYG-02-04,22,female,39.0,5,0,0,0,0,0,negative,refer,0,,recovered
CASE-007154,2026-09-03,Nyagatare,Katabagemu,CHW-NYG-06-01,129,female,37.8,1,0,0,0,0,0,positive,treat_at_home,0,,recovered
CASE-007155,2026-09-03,Nyagatare,Katabagemu,CHW-NYG-06-02,27,male,38.9,2,0,0,0,0,0,positive,treat_at_home,0,,recovered
CASE-007156,2026-09-03,Nyagatare,Matimba,CHW-NYG-04-04,32,female,38.4,1,0,0,0,0,0,negative,treat_at_home,0,,recovered
CASE-007157,2026-09-03,Nyagatare,Rwimiyaga,CHW-NYG-03-02,616,male,38.6,1,0,0,0,0,0,positive,treat_at_home,0,,recovered
CASE-007158,2026-09-03,Nyagatare,Rwimiyaga,CHW-NYG-03-03,36,female,37.8,1,0,0,0,0,0,negative,treat_at_home,0,,recovered
CASE-007159,2026-09-03,Rusizi,Bugarama,CHW-RUS-02-01,442,female,39.3,3,0,0,0,0,0,positive,treat_at_home,0,,recovered
CASE-007160,2026-09-04,Bugesera,Ntarama,CHW-BUG-05-04,172,male,38.7,6,0,0,0,0,0,negative,refer,1,4.2,recovered
CASE-007161,2026-09-04,Gasabo,Remera,CHW-GAS-02-04,693,male,39.2,1,0,0,0,0,0,negative,treat_at_home,0,,recovered
CASE-007162,2026-09-04,Gisagara,Gisagara,CHW-GIS-01-01,132,male,38.4,1,0,0,0,0,0,positive,treat_at_home,0,,recovered
CASE-007163,2026-09-04,Gisagara,Kibirizi,CHW-GIS-03-01,455,female,38.1,5,0,0,0,0,0,negative,refer,1,4.3,recovered
CASE-007164,2026-09-04,Nyagatare,Karangazi,CHW-NYG-02-01,14,male,38.4,3,0,0,0,0,0,positive,treat_at_home,0,,recovered
CASE-007165,2026-09-04,Nyagatare,Karangazi,CHW-NYG-02-04,85,male,37.7,1,0,0,0,0,0,positive,treat_at_home,0,,recovered
CASE-007166,2026-09-04,Nyagatare,Karangazi,CHW-NYG-02-04,20,male,38.7,1,0,0,0,0,0,negative,treat_at_home,0,,recovered
CASE-007167,2026-09-04,Nyagatare,Katabagemu,CHW-NYG-06-01,318,female,38.5,4,0,0,0,0,0,positive,treat_at_home,0,,recovered
CASE-007168,2026-09-04,Nyagatare,Matimba,CHW-NYG-04-03,256,male,37.8,4,0,0,0,0,0,positive,treat_at_home,0,,recovered
CASE-007169,2026-09-04,Nyagatare,Matimba,CHW-NYG-04-04,39,male,39.0,1,0,0,0,0,0,negative,refer,1,4.4,recovered
CASE-007170,2026-09-04,Nyagatare,Nyagatare,CHW-NYG-01-02,276,male,38.6,2,0,0,0,0,0,negative,treat_at_home,0,,recovered
CASE-007171,2026-09-04,Rusizi,Gihundwe,CHW-RUS-03-01,90,female,38.4,2,0,0,0,0,0,negative,treat_at_home,0,,recovered
CASE-007172,2026-09-05,Bugesera,Gashora,CHW-BUG-06-01,36,male,38.5,1,0,0,0,0,0,positive,treat_at_home,0,,recovered
CASE-007173,2026-09-05,Bugesera,Mayange,CHW-BUG-03-02,57,male,38.6,1,0,0,0,0,0,positive,treat_at_home,0,,recovered
CASE-007174,2026-09-05,Bugesera,Ntarama,CHW-BUG-05-04,30,female,37.9,2,0,0,0,0,0,invalid,refer,1,5.2,recovered
CASE-007175,2026-09-05,Bugesera,Nyamata,CHW-BUG-01-02,10,female,39.3,4,0,0,0,0,0,positive,treat_at_home,0,,recovered
CASE-007176,2026-09-05,Gisagara,Kibirizi,CHW-GIS-03-04,66,female,36.4,0,0,0,0,0,0,negative,treat_at_home,0,,recovered
CASE-007177,2026-09-05,Gisagara,Save,CHW-GIS-02-02,506,female,38.4,6,0,0,0,0,0,positive,treat_at_home,0,,recovered
CASE-007178,2026-09-05,Kirehe,Gahara,CHW-KIR-02-01,696,male,38.9,4,0,0,0,0,0,positive,refer,1,4.8,recovered
CASE-007179,2026-09-05,Kirehe,Kirehe,CHW-KIR-01-02,68,female,38.5,1,0,0,0,0,0,negative,treat_at_home,0,,recovered
CASE-007180,2026-09-05,Kirehe,Kirehe,CHW-KIR-01-03,46,male,38.0,1,0,0,0,0,0,negative,treat_at_home,0,,recovered
CASE-007181,2026-09-05,Nyagatare,Mimuri,CHW-NYG-05-01,567,male,38.0,1,0,0,0,0,0,positive,treat_at_home,0,,recovered
CASE-007182,2026-09-05,Nyagatare,Mimuri,CHW-NYG-05-02,20,female,38.7,3,0,0,0,0,0,positive,treat_at_home,0,,recovered
CASE-007183,2026-09-05,Nyagatare,Nyagatare,CHW-NYG-01-04,0,male,38.7,2,0,0,0,0,0,positive,urgent_refer,1,3.1,recovered
CASE-007184,2026-09-05,Nyagatare,Nyagatare,CHW-NYG-01-04,29,male,38.5,1,0,0,0,0,0,positive,treat_at_home,0,,recovered
CASE-007185,2026-09-05,Nyagatare,Rwimiyaga,CHW-NYG-03-03,55,female,38.5,2,0,0,0,0,0,positive,treat_at_home,0,,recovered
CASE-007186,2026-09-05,Rusizi,Bugarama,CHW-RUS-02-02,42,male,38.8,6,0,0,0,0,0,positive,treat_at_home,0,,recovered
CASE-007187,2026-09-05,Rusizi,Kamembe,CHW-RUS-01-01,17,female,38.4,2,0,0,0,0,0,positive,treat_at_home,0,,recovered
CASE-007188,2026-09-06,Bugesera,Nyamata,CHW-BUG-01-02,39,female,39.0,5,0,0,0,0,0,negative,refer,1,7.3,recovered
CASE-007189,2026-09-06,Nyagatare,Karangazi,CHW-NYG-02-02,164,male,38.7,2,0,0,0,0,0,negative,treat_at_home,0,,recovered
CASE-007190,2026-09-06,Nyagatare,Karangazi,CHW-NYG-02-03,118,male,39.0,3,0,0,0,0,0,positive,treat_at_home,0,,recovered
CASE-007191,2026-09-06,Nyagatare,Karangazi,CHW-NYG-02-03,15,female,38.6,2,0,0,0,0,0,positive,treat_at_home,0,,recovered
CASE-007192,2026-09-06,Nyagatare,Karangazi,CHW-NYG-02-04,24,female,39.0,1,0,0,0,0,0,negative,treat_at_home,0,,recovered
CASE-007193,2026-09-06,Nyagatare,Karangazi,CHW-NYG-02-04,608,male,38.4,2,0,0,0,0,0,positive,treat_at_home,0,,recovered
CASE-007194,2026-09-06,Nyagatare,Katabagemu,CHW-NYG-06-01,91,female,38.1,4,0,0,0,0,0,negative,refer,1,9.7,recovered
CASE-007195,2026-09-06,Nyagatare,Katabagemu,CHW-NYG-06-03,695,female,38.4,6,0,0,0,0,0,positive,treat_at_home,0,,recovered
CASE-007196,2026-09-06,Nyagatare,Katabagemu,CHW-NYG-06-03,49,female,38.1,3,0,0,0,0,0,negative,refer,1,14.3,recovered
CASE-007197,2026-09-06,Nyagatare,Katabagemu,CHW-NYG-06-04,81,male,38.3,3,0,0,0,0,0,positive,treat_at_home,0,,recovered
CASE-007198,2026-09-06,Nyagatare,Matimba,CHW-NYG-04-02,42,female,37.9,3,0,0,0,0,0,positive,treat_at_home,0,,recovered
CASE-007199,2026-09-06,Nyagatare,Matimba,CHW-NYG-04-02,137,female,38.2,1,0,0,0,0,0,positive,treat_at_home,0,,recovered
CASE-007200,2026-09-06,Nyagatare,Nyagatare,CHW-NYG-01-01,14,male,37.6,1,0,0,0,0,0,invalid,refer,0,,complication
CASE-007201,2026-09-06,Nyagatare,Nyagatare,CHW-NYG-01-03,168,male,38.3,4,0,0,0,0,0,positive,treat_at_home,0,,recovered
CASE-007202,2026-09-06,Nyagatare,Rwimiyaga,CHW-NYG-03-02,84,female,38.8,3,0,1,0,0,1,positive,urgent_refer,1,4.7,recovered
CASE-007203,2026-09-06,Nyagatare,Rwimiyaga,CHW-NYG-03-04,113,female,38.2,2,0,0,0,0,0,positive,refer,1,12.4,recovered
CASE-007204,2026-09-07,Bugesera,Gashora,CHW-BUG-06-01,3,male,37.0,0,0,0,0,0,0,negative,treat_at_home,0,,recovered
CASE-007205,2026-09-07,Bugesera,Gashora,CHW-BUG-06-01,53,female,38.5,2,0,0,0,0,0,positive,treat_at_home,0,,recovered
CASE-007206,2026-09-07,Bugesera,Gashora,CHW-BUG-06-01,121,male,38.3,2,0,0,0,0,0,positive,treat_at_home,0,,recovered
CASE-007207,2026-09-07,Bugesera,Mayange,CHW-BUG-03-03,22,male,36.4,0,0,0,0,0,0,negative,treat_at_home,0,,recovered
CASE-007208,2026-09-07,Bugesera,Nyamata,CHW-BUG-01-04,71,male,38.2,3,0,0,0,0,0,negative,refer,1,5.0,recovered
CASE-007209,2026-09-07,Gisagara,Kibirizi,CHW-GIS-03-04,108,female,38.3,1,0,0,0,0,0,positive,treat_at_home,0,,recovered
CASE-007210,2026-09-07,Kirehe,Gahara,CHW-KIR-02-02,253,female,39.5,5,0,0,1,0,1,positive,urgent_refer,0,,recovered
CASE-007211,2026-09-07,Nyagatare,Karangazi,CHW-NYG-02-03,55,female,39.1,4,0,0,0,0,0,positive,treat_at_home,0,,recovered
CASE-007212,2026-09-07,Nyagatare,Matimba,CHW-NYG-04-03,12,female,36.6,0,0,0,0,0,0,negative,treat_at_home,0,,recovered
CASE-007213,2026-09-07,Nyagatare,Matimba,CHW-NYG-04-03,97,male,38.8,3,0,0,0,0,0,invalid,refer,1,6.8,recovered
CASE-007214,2026-09-07,Nyagatare,Mimuri,CHW-NYG-05-01,155,male,38.3,1,0,0,0,0,0,positive,treat_at_home,0,,recovered
CASE-007215,2026-09-07,Nyagatare,Mimuri,CHW-NYG-05-02,36,female,38.3,6,0,0,0,0,0,positive,treat_at_home,0,,recovered
CASE-007216,2026-09-07,Nyagatare,Nyagatare,CHW-NYG-01-03,45,female,38.1,1,0,0,0,0,0,negative,treat_at_home,0,,recovered
CASE-007217,2026-09-08,Gisagara,Save,CHW-GIS-02-02,75,female,37.4,1,0,0,0,0,0,negative,treat_at_home,0,,recovered
CASE-007218,2026-09-08,Nyagatare,Karangazi,CHW-NYG-02-02,20,male,38.8,2,0,0,0,0,0,positive,treat_at_home,0,,recovered
CASE-007219,2026-09-08,Nyagatare,Katabagemu,CHW-NYG-06-03,34,male,38.0,2,0,0,0,0,0,positive,treat_at_home,0,,recovered
CASE-007220,2026-09-08,Nyagatare,Matimba,CHW-NYG-04-01,58,female,38.5,3,0,0,0,0,0,positive,treat_at_home,0,,recovered
CASE-007221,2026-09-08,Nyagatare,Matimba,CHW-NYG-04-03,44,female,38.4,5,0,0,0,0,0,positive,treat_at_home,0,,recovered
CASE-007222,2026-09-08,Nyagatare,Rwimiyaga,CHW-NYG-03-04,34,male,38.0,1,0,0,0,0,0,positive,treat_at_home,0,,recovered
CASE-007223,2026-09-08,Rusizi,Gihundwe,CHW-RUS-03-02,53,male,38.3,2,0,0,0,0,0,negative,treat_at_home,0,,recovered
CASE-007224,2026-09-08,Rusizi,Gihundwe,CHW-RUS-03-04,14,male,37.9,6,0,0,0,0,0,positive,treat_at_home,0,,recovered
CASE-007225,2026-09-09,Bugesera,Nyamata,CHW-BUG-01-01,176,male,38.4,1,0,0,0,0,0,positive,treat_at_home,0,,recovered
CASE-007226,2026-09-09,Bugesera,Rilima,CHW-BUG-02-01,72,female,38.0,1,1,0,0,0,0,negative,urgent_refer,0,,complication
CASE-007227,2026-09-09,Gasabo,Kimironko,CHW-GAS-01-02,135,male,38.3,2,0,0,0,0,0,negative,treat_at_home,0,,recovered
CASE-007228,2026-09-09,Gisagara,Kibirizi,CHW-GIS-03-04,54,male,37.9,1,0,0,0,0,0,positive,treat_at_home,0,,recovered
CASE-007229,2026-09-09,Gisagara,Save,CHW-GIS-02-02,319,male,38.0,4,0,0,0,0,0,positive,treat_at_home,0,,recovered
CASE-007230,2026-09-09,Gisagara,Save,CHW-GIS-02-04,119,male,38.3,2,0,0,0,0,0,positive,treat_at_home,0,,recovered
CASE-007231,2026-09-09,Kirehe,Kirehe,CHW-KIR-01-01,18,female,37.4,2,0,0,0,0,0,positive,treat_at_home,0,,recovered
CASE-007232,2026-09-09,Kirehe,Kirehe,CHW-KIR-01-02,46,female,38.6,1,0,0,0,0,0,positive,treat_at_home,0,,recovered
CASE-007233,2026-09-09,Kirehe,Mahama,CHW-KIR-03-04,26,male,38.7,2,0,0,1,0,0,positive,urgent_refer,1,3.7,recovered
CASE-007234,2026-09-09,Nyagatare,Karangazi,CHW-NYG-02-01,13,male,39.2,3,0,0,0,0,0,positive,treat_at_home,0,,recovered
CASE-007235,2026-09-09,Nyagatare,Karangazi,CHW-NYG-02-01,70,female,38.9,2,0,0,0,0,0,positive,refer,1,4.4,recovered
CASE-007236,2026-09-09,Nyagatare,Katabagemu,CHW-NYG-06-02,359,male,38.1,4,0,0,0,0,0,negative,refer,0,,recovered
CASE-007237,2026-09-09,Nyagatare,Matimba,CHW-NYG-04-01,35,female,38.6,2,0,0,0,0,0,positive,treat_at_home,0,,recovered
CASE-007238,2026-09-09,Nyagatare,Mimuri,CHW-NYG-05-01,10,female,38.2,3,0,0,0,0,0,negative,refer,1,7.2,recovered
CASE-007239,2026-09-09,Nyagatare,Mimuri,CHW-NYG-05-02,56,male,37.9,1,0,0,0,0,0,positive,treat_at_home,0,,recovered
CASE-007240,2026-09-09,Nyagatare,Mimuri,CHW-NYG-05-03,136,female,39.1,1,0,0,0,0,0,positive,treat_at_home,0,,recovered
CASE-007241,2026-09-09,Nyagatare,Mimuri,CHW-NYG-05-04,30,female,38.4,4,0,0,0,0,0,positive,treat_at_home,0,,recovered
CASE-007242,2026-09-09,Nyagatare,Mimuri,CHW-NYG-05-04,155,female,39.1,5,0,0,0,0,0,negative,refer,1,5.8,recovered
CASE-007243,2026-09-09,Nyagatare,Nyagatare,CHW-NYG-01-02,593,female,38.6,4,0,0,0,0,0,positive,treat_at_home,0,,recovered
CASE-007244,2026-09-09,Rusizi,Bugarama,CHW-RUS-02-02,122,female,38.7,3,0,0,0,0,0,positive,treat_at_home,0,,recovered
CASE-007245,2026-09-09,Rusizi,Gihundwe,CHW-RUS-03-03,124,female,38.5,1,0,0,0,0,0,positive,treat_at_home,0,,recovered
CASE-007246,2026-09-10,Bugesera,Mareba,CHW-BUG-04-03,308,female,38.3,4,0,0,0,0,0,positive,treat_at_home,0,,recovered
CASE-007247,2026-09-10,Bugesera,Mayange,CHW-BUG-03-01,32,female,38.6,2,0,0,0,0,0,invalid,refer,1,8.8,recovered
CASE-007248,2026-09-10,Bugesera,Ntarama,CHW-BUG-05-02,32,female,38.5,1,0,0,0,0,0,positive,treat_at_home,0,,recovered
CASE-007249,2026-09-10,Bugesera,Rilima,CHW-BUG-02-04,13,male,39.5,3,0,0,0,0,0,positive,refer,1,1.7,recovered
CASE-007250,2026-09-10,Gisagara,Kibirizi,CHW-GIS-03-03,14,female,37.6,1,0,0,0,0,0,positive,treat_at_home,0,,recovered
CASE-007251,2026-09-10,Kirehe,Kirehe,CHW-KIR-01-02,40,male,38.8,1,0,0,0,0,0,negative,treat_at_home,0,,recovered
CASE-007252,2026-09-10,Nyagatare,Karangazi,CHW-NYG-02-03,57,male,38.5,2,0,0,0,0,0,negative,treat_at_home,0,,recovered
CASE-007253,2026-09-10,Nyagatare,Katabagemu,CHW-NYG-06-02,78,female,38.2,1,0,0,0,0,0,negative,treat_at_home,0,,recovered
CASE-007254,2026-09-10,Nyagatare,Katabagemu,CHW-NYG-06-02,6,female,38.6,2,0,0,0,0,0,negative,treat_at_home,0,,recovered
CASE-007255,2026-09-10,Nyagatare,Matimba,CHW-NYG-04-03,26,male,38.4,3,0,0,0,0,0,negative,refer,1,6.4,recovered
CASE-007256,2026-09-10,Nyagatare,Mimuri,CHW-NYG-05-03,29,male,38.1,6,0,0,0,0,0,positive,treat_at_home,0,,recovered
CASE-007257,2026-09-10,Rusizi,Bugarama,CHW-RUS-02-02,152,female,38.6,4,0,0,0,1,0,positive,urgent_refer,1,4.0,recovered
CASE-007258,2026-09-10,Rusizi,Kamembe,CHW-RUS-01-02,19,male,38.6,2,0,0,0,0,0,positive,treat_at_home,0,,recovered
CASE-007259,2026-09-11,Bugesera,Gashora,CHW-BUG-06-01,36,female,38.7,2,0,0,0,0,0,positive,treat_at_home,0,,recovered
CASE-007260,2026-09-11,Gasabo,Kacyiru,CHW-GAS-03-04,1,female,38.5,4,0,0,0,0,0,positive,urgent_refer,1,3.7,complication
CASE-007261,2026-09-11,Gasabo,Kimironko,CHW-GAS-01-03,53,female,38.9,5,0,0,0,0,0,positive,treat_at_home,0,,recovered
CASE-007262,2026-09-11,Gisagara,Kibirizi,CHW-GIS-03-01,1,female,37.9,2,0,0,0,0,0,negative,treat_at_home,0,,complication
CASE-007263,2026-09-11,Gisagara,Save,CHW-GIS-02-03,6,female,38.7,5,0,0,0,0,0,negative,refer,1,10.8,recovered
CASE-007264,2026-09-11,Kirehe,Kirehe,CHW-KIR-01-01,90,male,38.4,4,0,0,0,0,0,negative,refer,1,3.0,recovered
CASE-007265,2026-09-11,Kirehe,Mahama,CHW-KIR-03-01,41,male,39.2,1,0,0,0,0,0,positive,treat_at_home,0,,recovered
CASE-007266,2026-09-11,Kirehe,Mahama,CHW-KIR-03-03,332,male,38.6,5,0,0,0,0,0,negative,refer,1,12.2,recovered
CASE-007267,2026-09-11,Nyagatare,Karangazi,CHW-NYG-02-01,135,female,38.1,1,0,0,0,0,0,positive,treat_at_home,0,,recovered
CASE-007268,2026-09-11,Nyagatare,Karangazi,CHW-NYG-02-02,6,female,38.4,1,0,0,0,0,0,negative,treat_at_home,0,,recovered
CASE-007269,2026-09-11,Nyagatare,Katabagemu,CHW-NYG-06-02,56,male,38.6,4,0,0,0,0,0,positive,treat_at_home,0,,recovered
CASE-007270,2026-09-11,Nyagatare,Matimba,CHW-NYG-04-02,32,female,38.3,1,0,0,0,0,0,positive,treat_at_home,0,,recovered
CASE-007271,2026-09-11,Nyagatare,Mimuri,CHW-NYG-05-01,8,female,38.3,1,0,0,1,0,0,negative,urgent_refer,1,2.6,recovered
CASE-007272,2026-09-11,Nyagatare,Mimuri,CHW-NYG-05-03,2,male,37.0,0,0,0,0,0,0,negative,treat_at_home,0,,recovered
CASE-007273,2026-09-11,Nyagatare,Mimuri,CHW-NYG-05-03,60,female,39.2,4,0,0,0,0,0,invalid,refer,1,3.5,recovered
CASE-007274,2026-09-11,Nyagatare,Mimuri,CHW-NYG-05-03,0,female,38.3,4,0,1,0,0,0,negative,urgent_refer,1,4.8,recovered
CASE-007275,2026-09-12,Bugesera,Mareba,CHW-BUG-04-04,303,female,38.3,1,0,0,0,0,0,negative,treat_at_home,0,,recovered
CASE-007276,2026-09-12,Bugesera,Ntarama,CHW-BUG-05-04,18,male,38.5,1,0,0,0,0,0,positive,treat_at_home,0,,recovered
CASE-007277,2026-09-12,Bugesera,Rilima,CHW-BUG-02-01,535,male,38.6,1,0,0,0,0,0,positive,treat_at_home,0,,recovered
CASE-007278,2026-09-12,Kirehe,Gahara,CHW-KIR-02-03,82,male,38.4,1,0,0,0,0,0,negative,treat_at_home,0,,recovered
CASE-007279,2026-09-12,Nyagatare,Karangazi,CHW-NYG-02-02,28,female,39.1,3,0,0,0,1,0,positive,urgent_refer,1,5.5,recovered
CASE-007280,2026-09-12,Nyagatare,Karangazi,CHW-NYG-02-03,22,male,38.3,1,0,0,0,0,0,positive,treat_at_home,0,,recovered
CASE-007281,2026-09-12,Nyagatare,Karangazi,CHW-NYG-02-04,34,male,38.0,7,0,0,0,0,0,positive,treat_at_home,0,,recovered
CASE-007282,2026-09-12,Nyagatare,Katabagemu,CHW-NYG-06-02,96,male,38.5,4,0,0,1,0,0,positive,urgent_refer,1,8.8,recovered
CASE-007283,2026-09-12,Nyagatare,Mimuri,CHW-NYG-05-03,16,male,38.1,3,0,0,0,0,0,positive,treat_at_home,0,,recovered
CASE-007284,2026-09-12,Nyagatare,Rwimiyaga,CHW-NYG-03-01,61,male,39.1,6,0,0,0,0,0,positive,treat_at_home,0,,recovered
CASE-007285,2026-09-12,Nyagatare,Rwimiyaga,CHW-NYG-03-02,33,male,38.6,1,0,0,0,0,0,negative,treat_at_home,0,,recovered
CASE-007286,2026-09-13,Bugesera,Gashora,CHW-BUG-06-01,27,female,38.7,1,0,0,0,0,0,negative,treat_at_home,0,,recovered
CASE-007287,2026-09-13,Bugesera,Mayange,CHW-BUG-03-01,41,male,38.5,5,0,0,0,0,0,negative,refer,0,,recovered
CASE-007288,2026-09-13,Bugesera,Ntarama,CHW-BUG-05-04,31,female,38.5,3,0,0,0,0,0,positive,treat_at_home,0,,recovered
CASE-007289,2026-09-13,Kirehe,Gahara,CHW-KIR-02-01,39,male,38.7,5,0,0,0,0,0,invalid,refer,1,10.3,recovered
CASE-007290,2026-09-13,Nyagatare,Karangazi,CHW-NYG-02-02,161,female,38.8,2,0,0,0,0,0,negative,treat_at_home,0,,recovered
CASE-007291,2026-09-13,Nyagatare,Karangazi,CHW-NYG-02-02,34,male,38.3,1,0,0,0,0,0,positive,treat_at_home,0,,recovered
CASE-007292,2026-09-13,Nyagatare,Katabagemu,CHW-NYG-06-01,53,female,39.4,3,0,0,0,0,0,positive,treat_at_home,0,,recovered
CASE-007293,2026-09-13,Nyagatare,Mimuri,CHW-NYG-05-04,364,male,38.6,4,0,0,0,0,0,positive,refer,1,10.5,recovered
CASE-007294,2026-09-13,Nyagatare,Nyagatare,CHW-NYG-01-01,11,female,38.6,2,0,0,0,0,0,positive,treat_at_home,0,,recovered
CASE-007295,2026-09-14,Bugesera,Gashora,CHW-BUG-06-04,56,female,38.9,1,0,0,0,0,0,positive,treat_at_home,0,,recovered
CASE-007296,2026-09-14,Bugesera,Mareba,CHW-BUG-04-01,553,female,38.2,1,0,0,0,0,0,positive,refer,1,10.5,recovered
CASE-007297,2026-09-14,Bugesera,Mayange,CHW-BUG-03-03,7,male,38.3,1,0,0,0,0,0,positive,treat_at_home,0,,recovered
CASE-007298,2026-09-14,Bugesera,Ntarama,CHW-BUG-05-01,87,female,38.4,2,0,0,0,0,0,negative,treat_at_home,0,,recovered
CASE-007299,2026-09-14,Bugesera,Nyamata,CHW-BUG-01-04,14,female,38.3,1,0,0,0,0,0,negative,treat_at_home,0,,recovered
CASE-007300,2026-09-14,Gasabo,Kacyiru,CHW-GAS-03-02,58,male,37.7,4,0,0,0,0,0,positive,treat_at_home,0,,recovered
CASE-007301,2026-09-14,Gisagara,Gisagara,CHW-GIS-01-03,130,female,37.8,1,0,0,0,0,0,negative,treat_at_home,0,,recovered
CASE-007302,2026-09-14,Kirehe,Mahama,CHW-KIR-03-02,106,male,38.8,1,0,0,0,0,0,positive,treat_at_home,0,,recovered
CASE-007303,2026-09-14,Nyagatare,Karangazi,CHW-NYG-02-01,675,female,38.7,2,0,0,0,0,0,positive,treat_at_home,0,,recovered
CASE-007304,2026-09-14,Nyagatare,Karangazi,CHW-NYG-02-03,281,female,39.0,2,0,0,0,0,0,positive,treat_at_home,0,,recovered
CASE-007305,2026-09-14,Nyagatare,Matimba,CHW-NYG-04-01,31,male,37.9,2,0,0,0,0,0,positive,treat_at_home,0,,recovered
CASE-007306,2026-09-14,Nyagatare,Matimba,CHW-NYG-04-02,384,female,38.5,2,0,0,0,0,0,positive,treat_at_home,0,,recovered
CASE-007307,2026-09-14,Nyagatare,Mimuri,CHW-NYG-05-02,51,female,38.3,2,0,0,0,0,0,negative,treat_at_home,0,,recovered
CASE-007308,2026-09-14,Nyagatare,Nyagatare,CHW-NYG-01-02,35,male,37.8,2,0,0,0,0,0,negative,refer,1,4.4,recovered
CASE-007309,2026-09-14,Nyagatare,Rwimiyaga,CHW-NYG-03-01,5,male,36.4,0,0,0,0,0,0,negative,treat_at_home,0,,recovered
CASE-007310,2026-09-14,Nyagatare,Rwimiyaga,CHW-NYG-03-04,23,female,38.8,1,0,0,0,0,0,negative,treat_at_home,0,,recovered
CASE-007311,2026-09-14,Rusizi,Gihundwe,CHW-RUS-03-01,37,male,38.8,3,1,0,0,0,0,negative,refer,0,,recovered
CASE-007312,2026-09-15,Bugesera,Gashora,CHW-BUG-06-03,215,male,38.6,4,0,0,0,0,0,negative,refer,0,,recovered
CASE-007313,2026-09-15,Gasabo,Remera,CHW-GAS-02-04,50,female,38.3,1,0,0,0,0,0,negative,treat_at_home,0,,recovered
CASE-007314,2026-09-15,Kirehe,Gahara,CHW-KIR-02-04,5,female,39.1,1,0,0,0,0,0,positive,treat_at_home,0,,recovered
CASE-007315,2026-09-15,Kirehe,Kirehe,CHW-KIR-01-01,14,female,38.2,1,0,0,0,0,0,positive,treat_at_home,0,,recovered
CASE-007316,2026-09-15,Nyagatare,Karangazi,CHW-NYG-02-03,35,female,38.2,3,0,0,0,0,0,negative,refer,1,12.1,recovered
CASE-007317,2026-09-15,Nyagatare,Katabagemu,CHW-NYG-06-02,324,male,36.6,0,0,0,0,0,0,negative,treat_at_home,0,,recovered
CASE-007318,2026-09-15,Nyagatare,Matimba,CHW-NYG-04-01,108,female,38.5,1,0,0,0,0,0,positive,treat_at_home,0,,recovered
CASE-007319,2026-09-15,Nyagatare,Mimuri,CHW-NYG-05-01,18,female,38.6,2,0,0,0,0,0,negative,treat_at_home,0,,recovered
CASE-007320,2026-09-15,Nyagatare,Mimuri,CHW-NYG-05-01,693,female,38.4,2,0,0,0,0,0,positive,treat_at_home,0,,recovered
CASE-007321,2026-09-15,Nyagatare,Mimuri,CHW-NYG-05-02,22,female,38.3,1,0,0,0,0,0,negative,treat_at_home,0,,recovered
CASE-007322,2026-09-15,Nyagatare,Nyagatare,CHW-NYG-01-02,22,female,37.9,3,0,0,0,0,0,positive,treat_at_home,0,,recovered
CASE-007323,2026-09-15,Nyagatare,Rwimiyaga,CHW-NYG-03-04,41,male,38.0,1,0,0,0,0,0,positive,treat_at_home,0,,recovered
CASE-007324,2026-09-16,Bugesera,Mareba,CHW-BUG-04-01,3,male,38.8,1,0,0,0,0,0,positive,treat_at_home,0,,recovered
CASE-007325,2026-09-16,Bugesera,Mayange,CHW-BUG-03-01,655,male,38.5,2,0,1,0,0,0,positive,urgent_refer,1,4.7,recovered
CASE-007326,2026-09-16,Bugesera,Nyamata,CHW-BUG-01-03,58,female,39.4,1,0,0,0,0,0,positive,treat_at_home,0,,recovered
CASE-007327,2026-09-16,Bugesera,Rilima,CHW-BUG-02-03,41,female,38.3,2,0,0,0,0,0,positive,treat_at_home,0,,recovered
CASE-007328,2026-09-16,Gisagara,Gisagara,CHW-GIS-01-04,349,male,38.7,5,0,0,0,0,0,positive,treat_at_home,0,,recovered
CASE-007329,2026-09-16,Gisagara,Save,CHW-GIS-02-02,1,male,38.3,2,0,0,0,0,0,positive,urgent_refer,1,3.1,recovered
CASE-007330,2026-09-16,Kirehe,Kirehe,CHW-KIR-01-04,39,female,38.9,1,0,0,0,0,0,positive,treat_at_home,0,,recovered
CASE-007331,2026-09-16,Nyagatare,Karangazi,CHW-NYG-02-01,114,female,38.0,4,0,0,0,1,1,negative,urgent_refer,1,2.7,recovered
CASE-007332,2026-09-16,Nyagatare,Mimuri,CHW-NYG-05-04,56,male,38.3,2,0,0,0,0,0,negative,treat_at_home,0,,recovered
CASE-007333,2026-09-16,Nyagatare,Nyagatare,CHW-NYG-01-03,59,male,38.0,1,0,0,0,0,0,positive,treat_at_home,0,,recovered
CASE-007334,2026-09-16,Nyagatare,Rwimiyaga,CHW-NYG-03-03,694,female,37.9,1,0,0,0,0,0,positive,treat_at_home,0,,recovered
CASE-007335,2026-09-16,Nyagatare,Rwimiyaga,CHW-NYG-03-03,2,male,38.3,7,0,0,0,0,0,positive,treat_at_home,0,,recovered
CASE-007336,2026-09-16,Nyagatare,Rwimiyaga,CHW-NYG-03-04,8,male,39.4,4,0,0,0,0,0,positive,treat_at_home,0,,recovered
CASE-007337,2026-09-16,Rusizi,Bugarama,CHW-RUS-02-04,0,female,38.5,4,0,0,0,0,0,positive,urgent_refer,1,8.9,recovered
CASE-007338,2026-09-16,Rusizi,Gihundwe,CHW-RUS-03-04,292,female,39.3,5,0,0,0,0,0,positive,treat_at_home,0,,recovered
CASE-007339,2026-09-17,Bugesera,Mayange,CHW-BUG-03-03,150,male,38.5,1,0,0,0,0,0,positive,treat_at_home,0,,recovered
CASE-007340,2026-09-17,Bugesera,Ntarama,CHW-BUG-05-01,109,female,38.4,1,0,0,0,1,1,negative,urgent_refer,1,2.4,recovered
CASE-007341,2026-09-17,Bugesera,Ntarama,CHW-BUG-05-01,55,female,38.9,1,0,0,0,0,0,positive,treat_at_home,0,,recovered
CASE-007342,2026-09-17,Bugesera,Nyamata,CHW-BUG-01-04,49,female,38.4,2,0,0,0,0,0,positive,treat_at_home,0,,recovered
CASE-007343,2026-09-17,Gisagara,Gisagara,CHW-GIS-01-04,103,male,39.4,6,0,0,0,0,0,invalid,refer,0,,recovered
CASE-007344,2026-09-17,Gisagara,Save,CHW-GIS-02-01,277,male,39.1,6,0,0,0,0,0,negative,refer,1,6.3,recovered
CASE-007345,2026-09-17,Kirehe,Gahara,CHW-KIR-02-04,68,female,38.6,1,0,1,1,0,0,negative,urgent_refer,1,7.6,recovered
CASE-007346,2026-09-17,Kirehe,Kirehe,CHW-KIR-01-04,44,male,39.4,3,1,0,0,0,0,negative,refer,1,6.1,recovered
CASE-007347,2026-09-17,Nyagatare,Katabagemu,CHW-NYG-06-03,417,male,37.8,2,0,0,0,0,0,negative,treat_at_home,0,,recovered
CASE-007348,2026-09-17,Nyagatare,Matimba,CHW-NYG-04-04,61,female,38.0,1,0,0,0,0,0,positive,treat_at_home,0,,recovered
CASE-007349,2026-09-17,Nyagatare,Mimuri,CHW-NYG-05-02,72,female,39.0,2,0,0,0,0,0,negative,treat_at_home,0,,recovered
CASE-007350,2026-09-17,Nyagatare,Nyagatare,CHW-NYG-01-03,182,male,37.9,7,0,0,0,0,0,negative,refer,1,8.5,recovered
CASE-007351,2026-09-17,Nyagatare,Nyagatare,CHW-NYG-01-04,52,female,38.4,3,0,0,0,0,0,negative,refer,1,11.6,recovered
CASE-007352,2026-09-17,Rusizi,Bugarama,CHW-RUS-02-01,119,male,38.4,1,0,0,0,0,0,positive,treat_at_home,0,,recovered
CASE-007353,2026-09-17,Rusizi,Gihundwe,CHW-RUS-03-03,42,male,38.8,6,0,0,0,0,0,positive,treat_at_home,0,,recovered
CASE-007354,2026-09-18,Bugesera,Ntarama,CHW-BUG-05-03,4,male,39.3,4,0,0,0,1,0,positive,urgent_refer,1,2.0,recovered
CASE-007355,2026-09-18,Bugesera,Nyamata,CHW-BUG-01-02,79,male,37.9,4,0,0,0,0,0,positive,treat_at_home,0,,recovered
CASE-007356,2026-09-18,Bugesera,Nyamata,CHW-BUG-01-03,60,female,38.7,2,0,0,0,0,0,negative,treat_at_home,0,,recovered
CASE-007357,2026-09-18,Kirehe,Kirehe,CHW-KIR-01-01,691,female,38.6,1,0,0,0,0,0,positive,treat_at_home,0,,recovered
CASE-007358,2026-09-18,Kirehe,Mahama,CHW-KIR-03-01,113,female,38.3,5,0,0,0,0,0,negative,refer,1,7.5,recovered
CASE-007359,2026-09-18,Nyagatare,Karangazi,CHW-NYG-02-02,53,male,38.2,2,0,0,0,0,0,negative,treat_at_home,0,,recovered
CASE-007360,2026-09-18,Nyagatare,Katabagemu,CHW-NYG-06-01,19,female,38.2,1,0,0,0,0,0,positive,treat_at_home,0,,recovered
CASE-007361,2026-09-18,Nyagatare,Matimba,CHW-NYG-04-02,42,male,38.2,2,0,0,0,0,0,negative,treat_at_home,0,,recovered
CASE-007362,2026-09-18,Nyagatare,Mimuri,CHW-NYG-05-03,87,female,38.5,2,0,0,0,0,0,positive,refer,1,6.0,recovered
CASE-007363,2026-09-18,Nyagatare,Nyagatare,CHW-NYG-01-01,54,female,38.1,1,0,0,0,0,0,positive,treat_at_home,0,,died
CASE-007364,2026-09-18,Nyagatare,Nyagatare,CHW-NYG-01-01,300,female,39.0,6,0,0,0,0,0,negative,refer,1,2.6,recovered
CASE-007365,2026-09-18,Nyagatare,Rwimiyaga,CHW-NYG-03-02,52,male,38.6,2,0,0,0,0,0,positive,treat_at_home,0,,recovered
CASE-007366,2026-09-18,Nyagatare,Rwimiyaga,CHW-NYG-03-02,78,male,38.3,1,0,0,0,0,0,negative,treat_at_home,0,,recovered
CASE-007367,2026-09-18,Nyagatare,Rwimiyaga,CHW-NYG-03-03,51,female,36.3,0,0,0,0,0,0,negative,treat_at_home,0,,unknown
CASE-007368,2026-09-18,Nyagatare,Rwimiyaga,CHW-NYG-03-03,226,female,38.6,4,0,0,0,0,0,positive,treat_at_home,0,,recovered
CASE-007369,2026-09-18,Rusizi,Kamembe,CHW-RUS-01-04,377,male,38.6,2,0,0,0,0,0,negative,treat_at_home,0,,recovered
CASE-007370,2026-09-19,Bugesera,Mayange,CHW-BUG-03-02,352,male,36.3,0,0,0,0,0,0,negative,treat_at_home,0,,recovered
CASE-007371,2026-09-19,Gasabo,Kacyiru,CHW-GAS-03-04,9,female,38.3,3,0,1,0,0,0,positive,urgent_refer,0,,complication
CASE-007372,2026-09-19,Kirehe,Gahara,CHW-KIR-02-01,179,female,38.4,1,0,0,0,0,0,positive,treat_at_home,0,,recovered
CASE-007373,2026-09-19,Kirehe,Gahara,CHW-KIR-02-04,652,female,38.5,2,0,0,0,0,0,positive,treat_at_home,0,,recovered
CASE-007374,2026-09-19,Nyagatare,Katabagemu,CHW-NYG-06-02,28,male,38.8,2,0,1,0,0,0,invalid,urgent_refer,1,12.6,recovered
CASE-007375,2026-09-19,Nyagatare,Katabagemu,CHW-NYG-06-04,118,male,38.6,3,0,1,0,0,1,negative,urgent_refer,0,,complication
CASE-007376,2026-09-19,Nyagatare,Matimba,CHW-NYG-04-01,41,female,39.2,3,0,0,1,0,0,positive,urgent_refer,1,4.7,recovered
CASE-007377,2026-09-19,Nyagatare,Matimba,CHW-NYG-04-02,5,male,37.3,0,0,0,0,0,0,invalid,refer,1,10.2,recovered
CASE-007378,2026-09-19,Nyagatare,Mimuri,CHW-NYG-05-02,45,female,38.3,5,0,0,0,0,0,negative,refer,1,5.2,recovered
CASE-007379,2026-09-19,Rusizi,Kamembe,CHW-RUS-01-04,341,female,37.2,0,0,0,0,0,0,negative,treat_at_home,0,,recovered
CASE-007380,2026-09-20,Bugesera,Nyamata,CHW-BUG-01-04,114,female,38.1,4,0,0,0,0,0,positive,treat_at_home,0,,recovered
CASE-007381,2026-09-20,Gisagara,Kibirizi,CHW-GIS-03-02,39,male,38.2,6,0,0,0,0,0,positive,treat_at_home,0,,recovered
CASE-007382,2026-09-20,Gisagara,Kibirizi,CHW-GIS-03-03,36,female,38.3,1,0,0,0,0,0,positive,treat_at_home,0,,recovered
CASE-007383,2026-09-20,Gisagara,Save,CHW-GIS-02-01,16,female,38.6,6,0,0,0,0,0,negative,refer,1,8.3,complication
CASE-007384,2026-09-20,Nyagatare,Matimba,CHW-NYG-04-04,29,male,38.0,1,0,0,0,0,0,negative,treat_at_home,0,,recovered
CASE-007385,2026-09-20,Nyagatare,Mimuri,CHW-NYG-05-03,91,male,38.0,3,0,0,0,0,0,positive,treat_at_home,0,,recovered
CASE-007386,2026-09-20,Nyagatare,Nyagatare,CHW-NYG-01-02,8,male,37.8,2,0,1,0,0,0,positive,urgent_refer,1,3.9,recovered
CASE-007387,2026-09-20,Nyagatare,Rwimiyaga,CHW-NYG-03-02,79,male,38.8,1,0,0,0,0,0,negative,treat_at_home,0,,recovered
CASE-007388,2026-09-21,Bugesera,Mayange,CHW-BUG-03-03,126,male,38.6,2,0,0,0,0,0,positive,treat_at_home,0,,recovered
CASE-007389,2026-09-21,Gisagara,Kibirizi,CHW-GIS-03-04,52,female,39.4,7,0,0,0,0,0,invalid,refer,1,8.9,recovered
CASE-007390,2026-09-21,Kirehe,Gahara,CHW-KIR-02-04,55,male,37.9,2,0,0,0,0,0,positive,treat_at_home,0,,recovered
CASE-007391,2026-09-21,Kirehe,Kirehe,CHW-KIR-01-04,546,male,37.9,6,0,0,0,0,0,positive,treat_at_home,0,,recovered
CASE-007392,2026-09-21,Nyagatare,Karangazi,CHW-NYG-02-03,454,female,38.7,5,0,0,0,0,0,positive,treat_at_home,0,,recovered
CASE-007393,2026-09-21,Nyagatare,Matimba,CHW-NYG-04-01,2,male,38.9,5,0,0,0,0,0,negative,refer,1,5.2,recovered
CASE-007394,2026-09-21,Nyagatare,Matimba,CHW-NYG-04-02,0,female,38.8,1,0,0,0,0,0,positive,urgent_refer,1,3.5,complication
CASE-007395,2026-09-21,Nyagatare,Matimba,CHW-NYG-04-02,48,male,38.1,1,0,0,0,0,0,negative,treat_at_home,0,,recovered
CASE-007396,2026-09-21,Nyagatare,Matimba,CHW-NYG-04-04,23,male,38.3,1,0,0,0,0,0,negative,treat_at_home,0,,recovered
CASE-007397,2026-09-21,Nyagatare,Mimuri,CHW-NYG-05-04,9,female,38.5,7,0,0,0,0,0,positive,treat_at_home,0,,recovered
CASE-007398,2026-09-21,Nyagatare,Nyagatare,CHW-NYG-01-01,83,male,38.0,2,0,0,0,0,0,negative,treat_at_home,0,,recovered
CASE-007399,2026-09-21,Nyagatare,Nyagatare,CHW-NYG-01-03,613,female,37.9,5,0,0,0,0,0,invalid,refer,1,10.5,recovered
CASE-007400,2026-09-21,Rusizi,Bugarama,CHW-RUS-02-03,520,female,38.3,2,0,0,0,0,0,positive,treat_at_home,0,,recovered
CASE-007401,2026-09-22,Gisagara,Gisagara,CHW-GIS-01-02,161,male,38.4,3,0,0,0,0,0,positive,treat_at_home,0,,recovered
CASE-007402,2026-09-22,Kirehe,Kirehe,CHW-KIR-01-01,16,male,38.5,6,0,0,0,0,0,positive,refer,0,,unknown
CASE-007403,2026-09-22,Nyagatare,Karangazi,CHW-NYG-02-02,82,male,38.7,5,0,0,0,0,0,negative,treat_at_home,0,,recovered
CASE-007404,2026-09-22,Nyagatare,Karangazi,CHW-NYG-02-03,6,female,38.3,3,0,0,0,0,0,negative,treat_at_home,0,,recovered
CASE-007405,2026-09-22,Nyagatare,Karangazi,CHW-NYG-02-04,42,female,38.5,2,0,0,0,0,0,negative,treat_at_home,0,,recovered
CASE-007406,2026-09-22,Nyagatare,Katabagemu,CHW-NYG-06-03,55,female,38.5,2,0,0,0,0,0,invalid,refer,1,6.5,recovered
CASE-007407,2026-09-22,Nyagatare,Matimba,CHW-NYG-04-03,679,male,37.9,1,0,0,0,0,0,positive,treat_at_home,0,,recovered
CASE-007408,2026-09-22,Nyagatare,Mimuri,CHW-NYG-05-04,50,male,38.5,2,0,0,0,0,0,positive,treat_at_home,0,,recovered
CASE-007409,2026-09-22,Nyagatare,Nyagatare,CHW-NYG-01-04,55,female,36.6,0,0,0,0,0,0,negative,treat_at_home,0,,recovered
CASE-007410,2026-09-22,Nyagatare,Rwimiyaga,CHW-NYG-03-03,55,female,38.3,3,0,0,0,0,0,positive,treat_at_home,0,,recovered
CASE-007411,2026-09-22,Rusizi,Bugarama,CHW-RUS-02-02,668,female,38.1,2,0,0,0,0,0,positive,treat_at_home,0,,recovered
CASE-007412,2026-09-23,Bugesera,Gashora,CHW-BUG-06-03,157,male,38.1,2,0,0,0,0,0,positive,treat_at_home,0,,recovered
CASE-007413,2026-09-23,Bugesera,Nyamata,CHW-BUG-01-04,454,female,38.0,2,0,0,0,0,0,positive,treat_at_home,0,,recovered
CASE-007414,2026-09-23,Bugesera,Rilima,CHW-BUG-02-02,25,male,38.4,2,0,0,0,0,0,positive,treat_at_home,0,,recovered
CASE-007415,2026-09-23,Kirehe,Mahama,CHW-KIR-03-01,105,female,38.5,2,0,0,0,0,0,positive,treat_at_home,0,,recovered
CASE-007416,2026-09-23,Nyagatare,Karangazi,CHW-NYG-02-01,18,female,38.0,2,1,0,0,0,1,positive,urgent_refer,0,,recovered
CASE-007417,2026-09-23,Nyagatare,Karangazi,CHW-NYG-02-02,1,female,37.9,3,0,0,0,0,0,positive,urgent_refer,0,,recovered
CASE-007418,2026-09-23,Nyagatare,Matimba,CHW-NYG-04-01,19,male,38.5,1,0,0,0,0,0,positive,treat_at_home,0,,recovered
CASE-007419,2026-09-23,Nyagatare,Matimba,CHW-NYG-04-02,162,female,36.7,0,0,0,0,0,0,negative,treat_at_home,0,,recovered
CASE-007420,2026-09-23,Nyagatare,Matimba,CHW-NYG-04-03,61,female,39.0,6,0,0,0,0,0,positive,treat_at_home,0,,recovered
CASE-007421,2026-09-23,Nyagatare,Matimba,CHW-NYG-04-03,41,male,36.6,0,0,0,0,0,0,negative,treat_at_home,0,,recovered
CASE-007422,2026-09-23,Nyagatare,Rwimiyaga,CHW-NYG-03-01,174,female,38.3,2,0,0,0,0,0,positive,refer,1,10.3,recovered
CASE-007423,2026-09-23,Nyagatare,Rwimiyaga,CHW-NYG-03-03,19,male,38.1,1,0,0,0,0,0,positive,treat_at_home,0,,recovered
CASE-007424,2026-09-23,Rusizi,Gihundwe,CHW-RUS-03-02,47,male,38.2,1,0,0,0,0,0,positive,treat_at_home,0,,recovered
CASE-007425,2026-09-24,Bugesera,Gashora,CHW-BUG-06-04,3,male,38.5,5,0,0,0,0,0,negative,refer,1,10.6,recovered
CASE-007426,2026-09-24,Gisagara,Save,CHW-GIS-02-01,44,male,38.9,3,0,0,0,0,0,positive,treat_at_home,0,,recovered
CASE-007427,2026-09-24,Kirehe,Gahara,CHW-KIR-02-03,25,female,39.0,4,0,0,1,0,0,positive,urgent_refer,1,2.8,recovered
CASE-007428,2026-09-24,Kirehe,Kirehe,CHW-KIR-01-02,0,female,38.8,1,0,0,0,0,0,positive,urgent_refer,1,5.6,recovered
CASE-007429,2026-09-24,Kirehe,Kirehe,CHW-KIR-01-04,88,female,38.2,2,0,0,0,0,0,positive,treat_at_home,0,,recovered
CASE-007430,2026-09-24,Nyagatare,Karangazi,CHW-NYG-02-02,42,female,38.5,3,0,0,0,0,0,positive,treat_at_home,0,,recovered
CASE-007431,2026-09-24,Nyagatare,Karangazi,CHW-NYG-02-02,57,female,38.2,2,0,0,0,0,0,positive,treat_at_home,0,,recovered
CASE-007432,2026-09-24,Nyagatare,Karangazi,CHW-NYG-02-03,50,male,38.8,2,0,0,0,0,0,positive,treat_at_home,0,,recovered
CASE-007433,2026-09-24,Nyagatare,Katabagemu,CHW-NYG-06-02,43,male,38.5,5,0,0,0,0,0,invalid,refer,1,11.9,recovered
CASE-007434,2026-09-24,Nyagatare,Katabagemu,CHW-NYG-06-03,175,female,38.3,1,0,0,1,0,0,positive,urgent_refer,1,6.0,recovered
CASE-007435,2026-09-24,Nyagatare,Matimba,CHW-NYG-04-03,36,female,38.9,2,0,0,0,0,0,negative,treat_at_home,0,,recovered
CASE-007436,2026-09-24,Nyagatare,Mimuri,CHW-NYG-05-04,0,male,38.4,2,0,0,0,0,0,positive,urgent_refer,1,3.8,recovered
CASE-007437,2026-09-24,Nyagatare,Nyagatare,CHW-NYG-01-02,719,male,37.6,1,0,0,0,0,0,negative,treat_at_home,0,,unknown
CASE-007438,2026-09-24,Nyagatare,Nyagatare,CHW-NYG-01-03,598,male,38.7,1,0,0,0,0,0,positive,treat_at_home,0,,recovered
CASE-007439,2026-09-24,Nyagatare,Rwimiyaga,CHW-NYG-03-03,82,male,39.0,3,1,1,0,0,0,negative,urgent_refer,1,5.7,recovered
CASE-007440,2026-09-24,Nyagatare,Rwimiyaga,CHW-NYG-03-03,40,male,38.6,1,0,0,0,0,0,positive,refer,1,12.2,recovered
CASE-007441,2026-09-24,Nyagatare,Rwimiyaga,CHW-NYG-03-04,19,female,38.2,1,0,0,0,0,0,negative,treat_at_home,0,,recovered
CASE-007442,2026-09-25,Bugesera,Mayange,CHW-BUG-03-02,14,male,38.7,1,0,0,0,0,0,positive,treat_at_home,0,,recovered
CASE-007443,2026-09-25,Gisagara,Kibirizi,CHW-GIS-03-04,28,male,38.4,4,0,0,0,0,0,positive,treat_at_home,0,,recovered
CASE-007444,2026-09-25,Kirehe,Kirehe,CHW-KIR-01-04,54,female,37.8,1,0,0,0,0,0,positive,treat_at_home,0,,recovered
CASE-007445,2026-09-25,Nyagatare,Karangazi,CHW-NYG-02-04,163,male,38.3,2,0,0,0,0,0,negative,treat_at_home,0,,recovered
CASE-007446,2026-09-25,Nyagatare,Katabagemu,CHW-NYG-06-04,456,female,37.8,2,0,0,0,0,0,positive,refer,1,12.0,recovered
CASE-007447,2026-09-25,Nyagatare,Mimuri,CHW-NYG-05-02,6,male,38.3,4,0,0,0,0,0,positive,treat_at_home,0,,recovered
CASE-007448,2026-09-25,Nyagatare,Nyagatare,CHW-NYG-01-04,2,male,38.3,6,0,0,0,0,0,positive,treat_at_home,0,,recovered
CASE-007449,2026-09-25,Nyagatare,Rwimiyaga,CHW-NYG-03-02,8,female,38.6,4,0,0,0,0,0,positive,treat_at_home,0,,recovered
CASE-007450,2026-09-26,Bugesera,Gashora,CHW-BUG-06-01,48,male,37.4,1,0,0,0,0,0,negative,treat_at_home,0,,recovered
CASE-007451,2026-09-26,Bugesera,Ntarama,CHW-BUG-05-04,34,female,38.4,1,0,1,0,0,0,positive,urgent_refer,1,4.8,recovered
CASE-007452,2026-09-26,Gasabo,Remera,CHW-GAS-02-04,7,male,38.7,1,0,0,0,0,0,positive,treat_at_home,0,,recovered
CASE-007453,2026-09-26,Gisagara,Gisagara,CHW-GIS-01-01,41,male,38.4,3,0,0,0,0,0,positive,refer,1,11.2,recovered
CASE-007454,2026-09-26,Nyagatare,Karangazi,CHW-NYG-02-03,174,male,38.4,1,0,0,0,0,0,negative,treat_at_home,0,,recovered
CASE-007455,2026-09-26,Nyagatare,Matimba,CHW-NYG-04-03,124,male,38.5,7,0,0,0,0,0,positive,treat_at_home,0,,unknown
CASE-007456,2026-09-26,Nyagatare,Mimuri,CHW-NYG-05-04,148,male,38.5,5,0,0,0,0,0,positive,refer,1,7.7,recovered
CASE-007457,2026-09-26,Nyagatare,Nyagatare,CHW-NYG-01-03,30,male,38.7,2,0,1,0,0,0,positive,urgent_refer,1,1.2,recovered
CASE-007458,2026-09-26,Nyagatare,Rwimiyaga,CHW-NYG-03-01,20,female,38.5,1,0,0,0,0,0,negative,treat_at_home,0,,recovered
CASE-007459,2026-09-26,Nyagatare,Rwimiyaga,CHW-NYG-03-02,588,male,38.6,7,0,0,0,0,0,positive,treat_at_home,0,,recovered
CASE-007460,2026-09-26,Rusizi,Gihundwe,CHW-RUS-03-04,8,female,37.9,6,0,0,0,0,0,negative,refer,1,5.2,recovered
CASE-007461,2026-09-27,Bugesera,Ntarama,CHW-BUG-05-01,38,female,36.6,0,0,0,0,0,0,negative,treat_at_home,0,,recovered
CASE-007462,2026-09-27,Bugesera,Rilima,CHW-BUG-02-01,151,male,38.8,6,0,0,0,0,0,negative,refer,0,,recovered
CASE-007463,2026-09-27,Gisagara,Save,CHW-GIS-02-03,473,female,38.2,1,0,0,0,0,0,positive,treat_at_home,0,,recovered
CASE-007464,2026-09-27,Kirehe,Gahara,CHW-KIR-02-02,45,male,38.5,1,0,0,0,0,0,negative,refer,1,7.0,recovered
CASE-007465,2026-09-27,Kirehe,Kirehe,CHW-KIR-01-03,1,female,38.5,5,1,0,1,0,0,negative,urgent_refer,1,1.8,recovered
CASE-007466,2026-09-27,Kirehe,Mahama,CHW-KIR-03-02,169,male,37.9,2,0,0,1,0,0,negative,urgent_refer,1,11.8,recovered
CASE-007467,2026-09-27,Nyagatare,Karangazi,CHW-NYG-02-03,53,male,38.5,3,0,0,0,0,0,positive,refer,0,,recovered
CASE-007468,2026-09-27,Nyagatare,Katabagemu,CHW-NYG-06-01,128,female,36.4,0,0,0,0,0,0,invalid,refer,0,,recovered
CASE-007469,2026-09-27,Nyagatare,Matimba,CHW-NYG-04-02,12,male,38.8,3,0,0,0,0,0,positive,treat_at_home,0,,recovered
CASE-007470,2026-09-27,Nyagatare,Mimuri,CHW-NYG-05-02,688,male,38.5,3,0,0,0,0,0,positive,treat_at_home,0,,recovered
CASE-007471,2026-09-27,Nyagatare,Nyagatare,CHW-NYG-01-03,55,female,38.8,3,0,0,0,0,0,invalid,refer,0,,recovered
CASE-007472,2026-09-27,Rusizi,Bugarama,CHW-RUS-02-03,28,female,38.7,1,0,0,0,0,0,positive,treat_at_home,0,,recovered
CASE-007473,2026-09-28,Bugesera,Mayange,CHW-BUG-03-03,61,female,37.9,4,0,0,0,0,0,negative,refer,1,5.5,recovered
CASE-007474,2026-09-28,Bugesera,Rilima,CHW-BUG-02-03,72,male,38.6,3,0,0,0,0,0,positive,refer,1,3.1,recovered
CASE-007475,2026-09-28,Gisagara,Gisagara,CHW-GIS-01-03,29,female,38.9,2,0,0,0,0,0,negative,treat_at_home,0,,recovered
CASE-007476,2026-09-28,Gisagara,Kibirizi,CHW-GIS-03-03,103,female,38.1,1,0,0,0,0,0,negative,treat_at_home,0,,recovered
CASE-007477,2026-09-28,Gisagara,Save,CHW-GIS-02-04,638,female,37.1,2,0,0,0,0,0,positive,treat_at_home,0,,recovered
CASE-007478,2026-09-28,Nyagatare,Karangazi,CHW-NYG-02-02,17,female,38.7,3,0,0,0,0,0,negative,refer,0,,recovered
CASE-007479,2026-09-28,Nyagatare,Katabagemu,CHW-NYG-06-02,37,female,38.9,6,0,0,0,0,0,positive,treat_at_home,0,,recovered
CASE-007480,2026-09-28,Nyagatare,Mimuri,CHW-NYG-05-03,642,male,38.0,3,0,0,0,0,0,negative,refer,1,6.5,recovered
CASE-007481,2026-09-28,Nyagatare,Mimuri,CHW-NYG-05-04,174,male,38.4,1,0,0,0,0,0,positive,treat_at_home,0,,recovered
CASE-007482,2026-09-28,Nyagatare,Mimuri,CHW-NYG-05-04,25,female,38.1,2,0,0,0,0,0,positive,treat_at_home,0,,recovered
CASE-007483,2026-09-28,Nyagatare,Nyagatare,CHW-NYG-01-02,563,male,39.1,1,0,0,0,0,0,negative,treat_at_home,0,,recovered
CASE-007484,2026-09-28,Rusizi,Bugarama,CHW-RUS-02-04,11,male,39.1,1,0,0,0,0,0,positive,treat_at_home,0,,recovered
CASE-007485,2026-09-28,Rusizi,Gihundwe,CHW-RUS-03-02,151,male,37.9,1,0,0,0,0,0,negative,treat_at_home,0,,recovered
CASE-007486,2026-09-29,Gasabo,Kacyiru,CHW-GAS-03-04,20,male,39.0,5,0,0,0,0,0,negative,refer,1,7.5,recovered
CASE-007487,2026-09-29,Gisagara,Save,CHW-GIS-02-02,149,male,36.7,0,0,0,0,0,0,negative,treat_at_home,0,,recovered
CASE-007488,2026-09-29,Gisagara,Save,CHW-GIS-02-04,97,male,38.4,2,0,0,0,0,0,positive,treat_at_home,0,,recovered
CASE-007489,2026-09-29,Nyagatare,Karangazi,CHW-NYG-02-04,1,male,38.8,4,0,0,0,0,0,invalid,urgent_refer,1,5.6,recovered
CASE-007490,2026-09-29,Nyagatare,Matimba,CHW-NYG-04-02,17,male,38.8,3,0,0,0,0,0,positive,treat_at_home,0,,recovered
CASE-007491,2026-09-29,Nyagatare,Matimba,CHW-NYG-04-04,303,male,38.9,2,0,0,0,0,0,positive,treat_at_home,0,,recovered
CASE-007492,2026-09-29,Nyagatare,Mimuri,CHW-NYG-05-03,13,male,39.1,1,0,0,0,0,0,invalid,refer,1,6.3,recovered
CASE-007493,2026-09-29,Nyagatare,Mimuri,CHW-NYG-05-04,37,male,38.4,3,0,1,1,0,0,negative,urgent_refer,1,4.5,recovered
CASE-007494,2026-09-29,Nyagatare,Nyagatare,CHW-NYG-01-03,5,male,38.1,1,0,0,0,0,0,positive,treat_at_home,0,,recovered
CASE-007495,2026-09-30,Bugesera,Mayange,CHW-BUG-03-01,46,male,37.2,0,0,0,0,0,0,negative,treat_at_home,0,,recovered
CASE-007496,2026-09-30,Bugesera,Mayange,CHW-BUG-03-02,100,male,38.0,1,0,0,0,0,0,positive,treat_at_home,0,,recovered
CASE-007497,2026-09-30,Bugesera,Rilima,CHW-BUG-02-01,27,male,38.8,1,0,0,0,0,0,positive,treat_at_home,0,,recovered
CASE-007498,2026-09-30,Gasabo,Kacyiru,CHW-GAS-03-01,52,male,36.3,0,0,0,0,0,0,positive,treat_at_home,0,,recovered
CASE-007499,2026-09-30,Gisagara,Gisagara,CHW-GIS-01-04,174,male,38.2,1,0,0,0,0,0,positive,treat_at_home,0,,recovered
CASE-007500,2026-09-30,Gisagara,Kibirizi,CHW-GIS-03-03,122,male,38.0,3,0,0,0,0,0,positive,treat_at_home,0,,recovered
CASE-007501,2026-09-30,Kirehe,Gahara,CHW-KIR-02-03,165,female,38.0,2,0,0,0,0,0,negative,treat_at_home,0,,recovered
CASE-007502,2026-09-30,Kirehe,Kirehe,CHW-KIR-01-04,76,male,38.6,4,0,0,0,0,0,positive,treat_at_home,0,,recovered
CASE-007503,2026-09-30,Nyagatare,Karangazi,CHW-NYG-02-02,13,male,38.6,1,0,0,0,0,0,positive,treat_at_home,0,,recovered
CASE-007504,2026-09-30,Nyagatare,Karangazi,CHW-NYG-02-02,480,female,38.6,5,0,0,0,0,0,positive,treat_at_home,0,,recovered
CASE-007505,2026-09-30,Nyagatare,Matimba,CHW-NYG-04-03,13,male,38.6,2,0,0,0,0,0,negative,treat_at_home,0,,recovered
CASE-007506,2026-09-30,Nyagatare,Matimba,CHW-NYG-04-03,16,male,37.7,3,0,0,0,0,0,negative,refer,0,,recovered
CASE-007507,2026-09-30,Nyagatare,Mimuri,CHW-NYG-05-02,49,male,39.2,3,0,0,0,0,0,positive,treat_at_home,0,,recovered
CASE-007508,2026-09-30,Nyagatare,Mimuri,CHW-NYG-05-03,41,male,37.3,1,0,0,0,0,0,positive,treat_at_home,0,,recovered
CASE-007509,2026-09-30,Nyagatare,Mimuri,CHW-NYG-05-04,44,male,38.0,3,0,0,0,0,0,negative,refer,1,2.5,recovered
CASE-007510,2026-09-30,Nyagatare,Nyagatare,CHW-NYG-01-02,501,male,39.0,4,0,1,0,0,0,positive,urgent_refer,0,,recovered
CASE-007511,2026-09-30,Nyagatare,Rwimiyaga,CHW-NYG-03-03,5,male,38.6,1,0,0,0,0,0,negative,treat_at_home,0,,recovered
CASE-007512,2026-09-30,Nyagatare,Rwimiyaga,CHW-NYG-03-03,41,male,38.6,2,0,0,0,0,0,positive,treat_at_home,0,,recovered
