facility_id,facility_name,district,week_start,commodity,unit,stock_on_hand,quantity_consumed,stockout,weeks_of_cover
HC-BUG-01,Nyamata Health Center,Bugesera,2024-09-30,ACT,"ACT course (logistics unit, not a dose)",4,1,0,4.0
HC-BUG-01,Nyamata Health Center,Bugesera,2024-09-30,RDT,RDT kit,16,3,0,5.33
HC-BUG-01,Nyamata Health Center,Bugesera,2024-09-30,injectable_artesunate,"injectable artesunate vial (logistics unit, not a dose)",12,0,0,52.0
HC-BUG-01,Nyamata Health Center,Bugesera,2024-10-07,ACT,"ACT course (logistics unit, not a dose)",4,0,0,52.0
HC-BUG-01,Nyamata Health Center,Bugesera,2024-10-07,RDT,RDT kit,36,4,0,9.0
HC-BUG-01,Nyamata Health Center,Bugesera,2024-10-07,injectable_artesunate,"injectable artesunate vial (logistics unit, not a dose)",0,0,1,0.0
HC-BUG-01,Nyamata Health Center,Bugesera,2024-10-14,ACT,"ACT course (logistics unit, not a dose)",8,2,0,4.0
HC-BUG-01,Nyamata Health Center,Bugesera,2024-10-14,RDT,RDT kit,17,2,0,8.5
HC-BUG-01,Nyamata Health Center,Bugesera,2024-10-14,injectable_artesunate,"injectable artesunate vial (logistics unit, not a dose)",8,0,0,52.0
HC-BUG-01,Nyamata Health Center,Bugesera,2024-10-21,ACT,"ACT course (logistics unit, not a dose)",7,0,0,52.0
HC-BUG-01,Nyamata Health Center,Bugesera,2024-10-21,RDT,RDT kit,5,1,0,5.0
HC-BUG-01,Nyamata Health Center,Bugesera,2024-10-21,injectable_artesunate,"injectable artesunate vial (logistics unit, not a dose)",9,0,0,52.0
HC-BUG-01,Nyamata Health Center,Bugesera,2024-10-28,ACT,"ACT course (logistics unit, not a dose)",5,1,0,5.0
HC-BUG-01,Nyamata Health Center,Bugesera,2024-10-28,RDT,RDT kit,23,3,0,7.67
HC-BUG-01,Nyamata Health Center,Bugesera,2024-10-28,injectable_artesunate,"injectable artesunate vial (logistics unit, not a dose)",3,0,0,52.0
HC-BUG-01,Nyamata Health Center,Bugesera,2024-11-04,ACT,"ACT course (logistics unit, not a dose)",11,0,0,52.0
HC-BUG-01,Nyamata Health Center,Bugesera,2024-11-04,RDT,RDT kit,34,5,0,6.8
HC-BUG-01,Nyamata Health Center,Bugesera,2024-11-04,injectable_artesunate,"injectable artesunate vial (logistics unit, not a dose)",10,0,0,52.0
HC-BUG-01,Nyamata Health Center,Bugesera,2024-11-11,ACT,"ACT course (logistics unit, not a dose)",8,1,0,8.0
HC-BUG-01,Nyamata Health Center,Bugesera,2024-11-11,RDT,RDT kit,15,4,0,3.75
HC-BUG-01,Nyamata Health Center,Bugesera,2024-11-11,injectable_artesunate,"injectable artesunate vial (logistics unit, not a dose)",10,0,0,52.0
HC-BUG-01,Nyamata Health Center,Bugesera,2024-11-18,ACT,"ACT course (logistics unit, not a dose)",5,0,0,52.0
HC-BUG-01,Nyamata Health Center,Bugesera,2024-11-18,RDT,RDT kit,37,5,0,7.4
HC-BUG-01,Nyamata Health Center,Bugesera,2024-11-18,injectable_artesunate,"injectable artesunate vial (logistics unit, not a dose)",0,0,1,0.0
HC-BUG-01,Nyamata Health Center,Bugesera,2024-11-25,ACT,"ACT course (logistics unit, not a dose)",4,1,0,4.0
HC-BUG-01,Nyamata Health Center,Bugesera,2024-11-25,RDT,RDT kit,19,2,0,9.5
HC-BUG-01,Nyamata Health Center,Bugesera,2024-11-25,injectable_artesunate,"injectable artesunate vial (logistics unit, not a dose)",0,2,1,0.0
HC-BUG-01,Nyamata Health Center,Bugesera,2024-12-02,ACT,"ACT course (logistics unit, not a dose)",7,1,0,7.0
HC-BUG-01,Nyamata Health Center,Bugesera,2024-12-02,RDT,RDT kit,17,4,0,4.25
HC-BUG-01,Nyamata Health Center,Bugesera,2024-12-02,injectable_artesunate,"injectable artesunate vial (logistics unit, not a dose)",4,0,0,52.0
HC-BUG-01,Nyamata Health Center,Bugesera,2024-12-09,ACT,"ACT course (logistics unit, not a dose)",3,0,0,52.0
HC-BUG-01,Nyamata Health Center,Bugesera,2024-12-09,RDT,RDT kit,2,4,0,0.5
HC-BUG-01,Nyamata Health Center,Bugesera,2024-12-09,injectable_artesunate,"injectable artesunate vial (logistics unit, not a dose)",1,2,0,0.5
HC-BUG-01,Nyamata Health Center,Bugesera,2024-12-16,ACT,"ACT course (logistics unit, not a dose)",6,0,0,52.0
HC-BUG-01,Nyamata Health Center,Bugesera,2024-12-16,RDT,RDT kit,3,4,0,0.75
HC-BUG-01,Nyamata Health Center,Bugesera,2024-12-16,injectable_artesunate,"injectable artesunate vial (logistics unit, not a dose)",7,0,0,52.0
HC-BUG-01,Nyamata Health Center,Bugesera,2024-12-23,ACT,"ACT course (logistics unit, not a dose)",9,1,0,9.0
HC-BUG-01,Nyamata Health Center,Bugesera,2024-12-23,RDT,RDT kit,14,2,0,7.0
HC-BUG-01,Nyamata Health Center,Bugesera,2024-12-23,injectable_artesunate,"injectable artesunate vial (logistics unit, not a dose)",10,2,0,5.0
HC-BUG-01,Nyamata Health Center,Bugesera,2024-12-30,ACT,"ACT course (logistics unit, not a dose)",9,0,0,52.0
HC-BUG-01,Nyamata Health Center,Bugesera,2024-12-30,RDT,RDT kit,29,3,0,9.67
HC-BUG-01,Nyamata Health Center,Bugesera,2024-12-30,injectable_artesunate,"injectable artesunate vial (logistics unit, not a dose)",0,0,1,0.0
HC-BUG-01,Nyamata Health Center,Bugesera,2025-01-06,ACT,"ACT course (logistics unit, not a dose)",1,0,0,52.0
HC-BUG-01,Nyamata Health Center,Bugesera,2025-01-06,RDT,RDT kit,0,1,1,0.0
HC-BUG-01,Nyamata Health Center,Bugesera,2025-01-06,injectable_artesunate,"injectable artesunate vial (logistics unit, not a dose)",11,0,0,52.0
HC-BUG-01,Nyamata Health Center,Bugesera,2025-01-13,ACT,"ACT course (logistics unit, not a dose)",7,1,0,7.0
HC-BUG-01,Nyamata Health Center,Bugesera,2025-01-13,RDT,RDT kit,12,0,0,52.0
HC-BUG-01,Nyamata Health Center,Bugesera,2025-01-13,injectable_artesunate,"injectable artesunate vial (logistics unit, not a dose)",7,1,0,7.0
HC-BUG-01,Nyamata Health Center,Bugesera,2025-01-20,ACT,"ACT course (logistics unit, not a dose)",9,1,0,9.0
HC-BUG-01,Nyamata Health Center,Bugesera,2025-01-20,RDT,RDT kit,23,2,0,11.5
HC-BUG-01,Nyamata Health Center,Bugesera,2025-01-20,injectable_artesunate,"injectable artesunate vial (logistics unit, not a dose)",3,1,0,3.0
HC-BUG-01,Nyamata Health Center,Bugesera,2025-01-27,ACT,"ACT course (logistics unit, not a dose)",5,0,0,52.0
HC-BUG-01,Nyamata Health Center,Bugesera,2025-01-27,RDT,RDT kit,6,1,0,6.0
HC-BUG-01,Nyamata Health Center,Bugesera,2025-01-27,injectable_artesunate,"injectable artesunate vial (logistics unit, not a dose)",9,0,0,52.0
HC-BUG-01,Nyamata Health Center,Bugesera,2025-02-03,ACT,"ACT course (logistics unit, not a dose)",35,3,0,11.67
HC-BUG-01,Nyamata Health Center,Bugesera,2025-02-03,RDT,RDT kit,5,1,0,5.0
HC-BUG-01,Nyamata Health Center,Bugesera,2025-02-03,injectable_artesunate,"injectable artesunate vial (logistics unit, not a dose)",5,0,0,52.0
HC-BUG-01,Nyamata Health Center,Bugesera,2025-02-10,ACT,"ACT course (logistics unit, not a dose)",6,1,0,6.0
HC-BUG-01,Nyamata Health Center,Bugesera,2025-02-10,RDT,RDT kit,21,7,0,3.0
HC-BUG-01,Nyamata Health Center,Bugesera,2025-02-10,injectable_artesunate,"injectable artesunate vial (logistics unit, not a dose)",11,0,0,52.0
HC-BUG-01,Nyamata Health Center,Bugesera,2025-02-17,ACT,"ACT course (logistics unit, not a dose)",8,1,0,8.0
HC-BUG-01,Nyamata Health Center,Bugesera,2025-02-17,RDT,RDT kit,22,3,0,7.33
HC-BUG-01,Nyamata Health Center,Bugesera,2025-02-17,injectable_artesunate,"injectable artesunate vial (logistics unit, not a dose)",7,0,0,52.0
HC-BUG-01,Nyamata Health Center,Bugesera,2025-02-24,ACT,"ACT course (logistics unit, not a dose)",9,0,0,52.0
HC-BUG-01,Nyamata Health Center,Bugesera,2025-02-24,RDT,RDT kit,6,2,0,3.0
HC-BUG-01,Nyamata Health Center,Bugesera,2025-02-24,injectable_artesunate,"injectable artesunate vial (logistics unit, not a dose)",8,0,0,52.0
HC-BUG-01,Nyamata Health Center,Bugesera,2025-03-03,ACT,"ACT course (logistics unit, not a dose)",31,4,0,7.75
HC-BUG-01,Nyamata Health Center,Bugesera,2025-03-03,RDT,RDT kit,34,3,0,11.33
HC-BUG-01,Nyamata Health Center,Bugesera,2025-03-03,injectable_artesunate,"injectable artesunate vial (logistics unit, not a dose)",8,0,0,52.0
HC-BUG-01,Nyamata Health Center,Bugesera,2025-03-10,ACT,"ACT course (logistics unit, not a dose)",45,4,0,11.25
HC-BUG-01,Nyamata Health Center,Bugesera,2025-03-10,RDT,RDT kit,15,4,0,3.75
HC-BUG-01,Nyamata Health Center,Bugesera,2025-03-10,injectable_artesunate,"injectable artesunate vial (logistics unit, not a dose)",6,1,0,6.0
HC-BUG-01,Nyamata Health Center,Bugesera,2025-03-17,ACT,"ACT course (logistics unit, not a dose)",8,2,0,4.0
HC-BUG-01,Nyamata Health Center,Bugesera,2025-03-17,RDT,RDT kit,9,3,0,3.0
HC-BUG-01,Nyamata Health Center,Bugesera,2025-03-17,injectable_artesunate,"injectable artesunate vial (logistics unit, not a dose)",12,0,0,52.0
HC-BUG-01,Nyamata Health Center,Bugesera,2025-03-24,ACT,"ACT course (logistics unit, not a dose)",13,2,0,6.5
HC-BUG-01,Nyamata Health Center,Bugesera,2025-03-24,RDT,RDT kit,16,3,0,5.33
HC-BUG-01,Nyamata Health Center,Bugesera,2025-03-24,injectable_artesunate,"injectable artesunate vial (logistics unit, not a dose)",11,0,0,52.0
HC-BUG-01,Nyamata Health Center,Bugesera,2025-03-31,ACT,"ACT course (logistics unit, not a dose)",3,1,0,3.0
HC-BUG-01,Nyamata Health Center,Bugesera,2025-03-31,RDT,RDT kit,10,2,0,5.0
HC-BUG-01,Nyamata Health Center,Bugesera,2025-03-31,injectable_artesunate,"injectable artesunate vial (logistics unit, not a dose)",5,0,0,52.0
HC-BUG-01,Nyamata Health Center,Bugesera,2025-04-07,ACT,"ACT course (logistics unit, not a dose)",5,0,0,52.0
HC-BUG-01,Nyamata Health Center,Bugesera,2025-04-07,RDT,RDT kit,58,7,0,8.29
HC-BUG-01,Nyamata Health Center,Bugesera,2025-04-07,injectable_artesunate,"injectable artesunate vial (logistics unit, not a dose)",8,0,0,52.0
HC-BUG-01,Nyamata Health Center,Bugesera,2025-04-14,ACT,"ACT course (logistics unit, not a dose)",17,3,0,5.67
HC-BUG-01,Nyamata Health Center,Bugesera,2025-04-14,RDT,RDT kit,24,4,0,6.0
HC-BUG-01,Nyamata Health Center,Bugesera,2025-04-14,injectable_artesunate,"injectable artesunate vial (logistics unit, not a dose)",7,0,0,52.0
HC-BUG-01,Nyamata Health Center,Bugesera,2025-04-21,ACT,"ACT course (logistics unit, not a dose)",2,2,0,1.0
HC-BUG-01,Nyamata Health Center,Bugesera,2025-04-21,RDT,RDT kit,28,7,0,4.0
HC-BUG-01,Nyamata Health Center,Bugesera,2025-04-21,injectable_artesunate,"injectable artesunate vial (logistics unit, not a dose)",0,0,1,0.0
HC-BUG-01,Nyamata Health Center,Bugesera,2025-04-28,ACT,"ACT course (logistics unit, not a dose)",6,1,0,6.0
HC-BUG-01,Nyamata Health Center,Bugesera,2025-04-28,RDT,RDT kit,13,2,0,6.5
HC-BUG-01,Nyamata Health Center,Bugesera,2025-04-28,injectable_artesunate,"injectable artesunate vial (logistics unit, not a dose)",6,0,0,52.0
HC-BUG-01,Nyamata Health Center,Bugesera,2025-05-05,ACT,"ACT course (logistics unit, not a dose)",24,2,0,12.0
HC-BUG-01,Nyamata Health Center,Bugesera,2025-05-05,RDT,RDT kit,29,3,0,9.67
HC-BUG-01,Nyamata Health Center,Bugesera,2025-05-05,injectable_artesunate,"injectable artesunate vial (logistics unit, not a dose)",10,0,0,52.0
HC-BUG-01,Nyamata Health Center,Bugesera,2025-05-12,ACT,"ACT course (logistics unit, not a dose)",11,1,0,11.0
HC-BUG-01,Nyamata Health Center,Bugesera,2025-05-12,RDT,RDT kit,7,2,0,3.5
HC-BUG-01,Nyamata Health Center,Bugesera,2025-05-12,injectable_artesunate,"injectable artesunate vial (logistics unit, not a dose)",7,0,0,52.0
HC-BUG-01,Nyamata Health Center,Bugesera,2025-05-19,ACT,"ACT course (logistics unit, not a dose)",7,0,0,52.0
HC-BUG-01,Nyamata Health Center,Bugesera,2025-05-19,RDT,RDT kit,10,3,0,3.33
HC-BUG-01,Nyamata Health Center,Bugesera,2025-05-19,injectable_artesunate,"injectable artesunate vial (logistics unit, not a dose)",1,1,0,1.0
HC-BUG-01,Nyamata Health Center,Bugesera,2025-05-26,ACT,"ACT course (logistics unit, not a dose)",21,2,0,10.5
HC-BUG-01,Nyamata Health Center,Bugesera,2025-05-26,RDT,RDT kit,45,4,0,11.25
HC-BUG-01,Nyamata Health Center,Bugesera,2025-05-26,injectable_artesunate,"injectable artesunate vial (logistics unit, not a dose)",5,0,0,52.0
HC-BUG-01,Nyamata Health Center,Bugesera,2025-06-02,ACT,"ACT course (logistics unit, not a dose)",4,1,0,4.0
HC-BUG-01,Nyamata Health Center,Bugesera,2025-06-02,RDT,RDT kit,25,4,0,6.25
HC-BUG-01,Nyamata Health Center,Bugesera,2025-06-02,injectable_artesunate,"injectable artesunate vial (logistics unit, not a dose)",6,0,0,52.0
HC-BUG-01,Nyamata Health Center,Bugesera,2025-06-09,ACT,"ACT course (logistics unit, not a dose)",1,2,0,0.5
HC-BUG-01,Nyamata Health Center,Bugesera,2025-06-09,RDT,RDT kit,5,1,0,5.0
HC-BUG-01,Nyamata Health Center,Bugesera,2025-06-09,injectable_artesunate,"injectable artesunate vial (logistics unit, not a dose)",6,0,0,52.0
HC-BUG-01,Nyamata Health Center,Bugesera,2025-06-16,ACT,"ACT course (logistics unit, not a dose)",19,2,0,9.5
HC-BUG-01,Nyamata Health Center,Bugesera,2025-06-16,RDT,RDT kit,0,0,1,0.0
HC-BUG-01,Nyamata Health Center,Bugesera,2025-06-16,injectable_artesunate,"injectable artesunate vial (logistics unit, not a dose)",0,0,1,0.0
HC-BUG-01,Nyamata Health Center,Bugesera,2025-06-23,ACT,"ACT course (logistics unit, not a dose)",7,2,0,3.5
HC-BUG-01,Nyamata Health Center,Bugesera,2025-06-23,RDT,RDT kit,18,3,0,6.0
HC-BUG-01,Nyamata Health Center,Bugesera,2025-06-23,injectable_artesunate,"injectable artesunate vial (logistics unit, not a dose)",5,1,0,5.0
HC-BUG-01,Nyamata Health Center,Bugesera,2025-06-30,ACT,"ACT course (logistics unit, not a dose)",13,3,0,4.33
HC-BUG-01,Nyamata Health Center,Bugesera,2025-06-30,RDT,RDT kit,24,2,0,12.0
HC-BUG-01,Nyamata Health Center,Bugesera,2025-06-30,injectable_artesunate,"injectable artesunate vial (logistics unit, not a dose)",5,0,0,52.0
HC-BUG-01,Nyamata Health Center,Bugesera,2025-07-07,ACT,"ACT course (logistics unit, not a dose)",2,3,0,0.67
HC-BUG-01,Nyamata Health Center,Bugesera,2025-07-07,RDT,RDT kit,10,1,0,10.0
HC-BUG-01,Nyamata Health Center,Bugesera,2025-07-07,injectable_artesunate,"injectable artesunate vial (logistics unit, not a dose)",12,0,0,52.0
HC-BUG-01,Nyamata Health Center,Bugesera,2025-07-14,ACT,"ACT course (logistics unit, not a dose)",1,2,0,0.5
HC-BUG-01,Nyamata Health Center,Bugesera,2025-07-14,RDT,RDT kit,17,3,0,5.67
HC-BUG-01,Nyamata Health Center,Bugesera,2025-07-14,injectable_artesunate,"injectable artesunate vial (logistics unit, not a dose)",8,0,0,52.0
HC-BUG-01,Nyamata Health Center,Bugesera,2025-07-21,ACT,"ACT course (logistics unit, not a dose)",1,0,0,52.0
HC-BUG-01,Nyamata Health Center,Bugesera,2025-07-21,RDT,RDT kit,7,2,0,3.5
HC-BUG-01,Nyamata Health Center,Bugesera,2025-07-21,injectable_artesunate,"injectable artesunate vial (logistics unit, not a dose)",9,0,0,52.0
HC-BUG-01,Nyamata Health Center,Bugesera,2025-07-28,ACT,"ACT course (logistics unit, not a dose)",9,0,0,52.0
HC-BUG-01,Nyamata Health Center,Bugesera,2025-07-28,RDT,RDT kit,10,1,0,10.0
HC-BUG-01,Nyamata Health Center,Bugesera,2025-07-28,injectable_artesunate,"injectable artesunate vial (logistics unit, not a dose)",4,1,0,4.0
HC-BUG-01,Nyamata Health Center,Bugesera,2025-08-04,ACT,"ACT course (logistics unit, not a dose)",19,2,0,9.5
HC-BUG-01,Nyamata Health Center,Bugesera,2025-08-04,RDT,RDT kit,10,1,0,10.0
HC-BUG-01,Nyamata Health Center,Bugesera,2025-08-04,injectable_artesunate,"injectable artesunate vial (logistics unit, not a dose)",7,0,0,52.0
HC-BUG-01,Nyamata Health Center,Bugesera,2025-08-11,ACT,"ACT course (logistics unit, not a dose)",7,1,0,7.0
HC-BUG-01,Nyamata Health Center,Bugesera,2025-08-11,RDT,RDT kit,17,3,0,5.67
HC-BUG-01,Nyamata Health Center,Bugesera,2025-08-11,injectable_artesunate,"injectable artesunate vial (logistics unit, not a dose)",1,1,0,1.0
HC-BUG-01,Nyamata Health Center,Bugesera,2025-08-18,ACT,"ACT course (logistics unit, not a dose)",34,3,0,11.33
HC-BUG-01,Nyamata Health Center,Bugesera,2025-08-18,RDT,RDT kit,4,0,0,52.0
HC-BUG-01,Nyamata Health Center,Bugesera,2025-08-18,injectable_artesunate,"injectable artesunate vial (logistics unit, not a dose)",0,1,1,0.0
HC-BUG-01,Nyamata Health Center,Bugesera,2025-08-25,ACT,"ACT course (logistics unit, not a dose)",6,0,0,52.0
HC-BUG-01,Nyamata Health Center,Bugesera,2025-08-25,RDT,RDT kit,10,2,0,5.0
HC-BUG-01,Nyamata Health Center,Bugesera,2025-08-25,injectable_artesunate,"injectable artesunate vial (logistics unit, not a dose)",3,0,0,52.0
HC-BUG-01,Nyamata Health Center,Bugesera,2025-09-01,ACT,"ACT course (logistics unit, not a dose)",8,1,0,8.0
HC-BUG-01,Nyamata Health Center,Bugesera,2025-09-01,RDT,RDT kit,23,3,0,7.67
HC-BUG-01,Nyamata Health Center,Bugesera,2025-09-01,injectable_artesunate,"injectable artesunate vial (logistics unit, not a dose)",4,0,0,52.0
HC-BUG-01,Nyamata Health Center,Bugesera,2025-09-08,ACT,"ACT course (logistics unit, not a dose)",10,0,0,52.0
HC-BUG-01,Nyamata Health Center,Bugesera,2025-09-08,RDT,RDT kit,1,0,0,52.0
HC-BUG-01,Nyamata Health Center,Bugesera,2025-09-08,injectable_artesunate,"injectable artesunate vial (logistics unit, not a dose)",12,0,0,52.0
HC-BUG-01,Nyamata Health Center,Bugesera,2025-09-15,ACT,"ACT course (logistics unit, not a dose)",17,2,0,8.5
HC-BUG-01,Nyamata Health Center,Bugesera,2025-09-15,RDT,RDT kit,33,5,0,6.6
HC-BUG-01,Nyamata Health Center,Bugesera,2025-09-15,injectable_artesunate,"injectable artesunate vial (logistics unit, not a dose)",4,0,0,52.0
HC-BUG-01,Nyamata Health Center,Bugesera,2025-09-22,ACT,"ACT course (logistics unit, not a dose)",8,1,0,8.0
HC-BUG-01,Nyamata Health Center,Bugesera,2025-09-22,RDT,RDT kit,12,1,0,12.0
HC-BUG-01,Nyamata Health Center,Bugesera,2025-09-22,injectable_artesunate,"injectable artesunate vial (logistics unit, not a dose)",0,0,1,0.0
HC-BUG-01,Nyamata Health Center,Bugesera,2025-09-29,ACT,"ACT course (logistics unit, not a dose)",52,5,0,10.4
HC-BUG-01,Nyamata Health Center,Bugesera,2025-09-29,RDT,RDT kit,7,0,0,52.0
HC-BUG-01,Nyamata Health Center,Bugesera,2025-09-29,injectable_artesunate,"injectable artesunate vial (logistics unit, not a dose)",10,0,0,52.0
HC-BUG-01,Nyamata Health Center,Bugesera,2025-10-06,ACT,"ACT course (logistics unit, not a dose)",6,1,0,6.0
HC-BUG-01,Nyamata Health Center,Bugesera,2025-10-06,RDT,RDT kit,7,1,0,7.0
HC-BUG-01,Nyamata Health Center,Bugesera,2025-10-06,injectable_artesunate,"injectable artesunate vial (logistics unit, not a dose)",12,1,0,12.0
HC-BUG-01,Nyamata Health Center,Bugesera,2025-10-13,ACT,"ACT course (logistics unit, not a dose)",12,1,0,12.0
HC-BUG-01,Nyamata Health Center,Bugesera,2025-10-13,RDT,RDT kit,4,0,0,52.0
HC-BUG-01,Nyamata Health Center,Bugesera,2025-10-13,injectable_artesunate,"injectable artesunate vial (logistics unit, not a dose)",4,1,0,4.0
HC-BUG-01,Nyamata Health Center,Bugesera,2025-10-20,ACT,"ACT course (logistics unit, not a dose)",4,0,0,52.0
HC-BUG-01,Nyamata Health Center,Bugesera,2025-10-20,RDT,RDT kit,1,2,0,0.5
HC-BUG-01,Nyamata Health Center,Bugesera,2025-10-20,injectable_artesunate,"injectable artesunate vial (logistics unit, not a dose)",8,0,0,52.0
HC-BUG-01,Nyamata Health Center,Bugesera,2025-10-27,ACT,"ACT course (logistics unit, not a dose)",0,2,1,0.0
HC-BUG-01,Nyamata Health Center,Bugesera,2025-10-27,RDT,RDT kit,21,2,0,10.5
HC-BUG-01,Nyamata Health Center,Bugesera,2025-10-27,injectable_artesunate,"injectable artesunate vial (logistics unit, not a dose)",8,0,0,52.0
HC-BUG-01,Nyamata Health Center,Bugesera,2025-11-03,ACT,"ACT course (logistics unit, not a dose)",6,1,0,6.0
HC-BUG-01,Nyamata Health Center,Bugesera,2025-11-03,RDT,RDT kit,1,2,0,0.5
HC-BUG-01,Nyamata Health Center,Bugesera,2025-11-03,injectable_artesunate,"injectable artesunate vial (logistics unit, not a dose)",11,0,0,52.0
HC-BUG-01,Nyamata Health Center,Bugesera,2025-11-10,ACT,"ACT course (logistics unit, not a dose)",9,0,0,52.0
HC-BUG-01,Nyamata Health Center,Bugesera,2025-11-10,RDT,RDT kit,19,3,0,6.33
HC-BUG-01,Nyamata Health Center,Bugesera,2025-11-10,injectable_artesunate,"injectable artesunate vial (logistics unit, not a dose)",0,1,1,0.0
HC-BUG-01,Nyamata Health Center,Bugesera,2025-11-17,ACT,"ACT course (logistics unit, not a dose)",4,1,0,4.0
HC-BUG-01,Nyamata Health Center,Bugesera,2025-11-17,RDT,RDT kit,20,5,0,4.0
HC-BUG-01,Nyamata Health Center,Bugesera,2025-11-17,injectable_artesunate,"injectable artesunate vial (logistics unit, not a dose)",12,1,0,12.0
HC-BUG-01,Nyamata Health Center,Bugesera,2025-11-24,ACT,"ACT course (logistics unit, not a dose)",0,1,1,0.0
HC-BUG-01,Nyamata Health Center,Bugesera,2025-11-24,RDT,RDT kit,0,5,1,0.0
HC-BUG-01,Nyamata Health Center,Bugesera,2025-11-24,injectable_artesunate,"injectable artesunate vial (logistics unit, not a dose)",5,0,0,52.0
HC-BUG-01,Nyamata Health Center,Bugesera,2025-12-01,ACT,"ACT course (logistics unit, not a dose)",3,0,0,52.0
HC-BUG-01,Nyamata Health Center,Bugesera,2025-12-01,RDT,RDT kit,1,1,0,1.0
HC-BUG-01,Nyamata Health Center,Bugesera,2025-12-01,injectable_artesunate,"injectable artesunate vial (logistics unit, not a dose)",12,1,0,12.0
HC-BUG-01,Nyamata Health Center,Bugesera,2025-12-08,ACT,"ACT course (logistics unit, not a dose)",22,2,0,11.0
HC-BUG-01,Nyamata Health Center,Bugesera,2025-12-08,RDT,RDT kit,1,1,0,1.0
HC-BUG-01,Nyamata Health Center,Bugesera,2025-12-08,injectable_artesunate,"injectable artesunate vial (logistics unit, not a dose)",11,0,0,52.0
HC-BUG-01,Nyamata Health Center,Bugesera,2025-12-15,ACT,"ACT course (logistics unit, not a dose)",10,1,0,10.0
HC-BUG-01,Nyamata Health Center,Bugesera,2025-12-15,RDT,RDT kit,9,1,0,9.0
HC-BUG-01,Nyamata Health Center,Bugesera,2025-12-15,injectable_artesunate,"injectable artesunate vial (logistics unit, not a dose)",6,1,0,6.0
HC-BUG-01,Nyamata Health Center,Bugesera,2025-12-22,ACT,"ACT course (logistics unit, not a dose)",6,1,0,6.0
HC-BUG-01,Nyamata Health Center,Bugesera,2025-12-22,RDT,RDT kit,20,2,0,10.0
HC-BUG-01,Nyamata Health Center,Bugesera,2025-12-22,injectable_artesunate,"injectable artesunate vial (logistics unit, not a dose)",10,0,0,52.0
HC-BUG-01,Nyamata Health Center,Bugesera,2025-12-29,ACT,"ACT course (logistics unit, not a dose)",7,1,0,7.0
HC-BUG-01,Nyamata Health Center,Bugesera,2025-12-29,RDT,RDT kit,0,2,1,0.0
HC-BUG-01,Nyamata Health Center,Bugesera,2025-12-29,injectable_artesunate,"injectable artesunate vial (logistics unit, not a dose)",0,0,1,0.0
HC-BUG-01,Nyamata Health Center,Bugesera,2026-01-05,ACT,"ACT course (logistics unit, not a dose)",6,1,0,6.0
HC-BUG-01,Nyamata Health Center,Bugesera,2026-01-05,RDT,RDT kit,10,1,0,10.0
HC-BUG-01,Nyamata Health Center,Bugesera,2026-01-05,injectable_artesunate,"injectable artesunate vial (logistics unit, not a dose)",4,0,0,52.0
HC-BUG-01,Nyamata Health Center,Bugesera,2026-01-12,ACT,"ACT course (logistics unit, not a dose)",6,0,0,52.0
HC-BUG-01,Nyamata Health Center,Bugesera,2026-01-12,RDT,RDT kit,15,2,0,7.5
HC-BUG-01,Nyamata Health Center,Bugesera,2026-01-12,injectable_artesunate,"injectable artesunate vial (logistics unit, not a dose)",4,0,0,52.0
HC-BUG-01,Nyamata Health Center,Bugesera,2026-01-19,ACT,"ACT course (logistics unit, not a dose)",11,2,0,5.5
HC-BUG-01,Nyamata Health Center,Bugesera,2026-01-19,RDT,RDT kit,10,3,0,3.33
HC-BUG-01,Nyamata Health Center,Bugesera,2026-01-19,injectable_artesunate,"injectable artesunate vial (logistics unit, not a dose)",5,0,0,52.0
HC-BUG-01,Nyamata Health Center,Bugesera,2026-01-26,ACT,"ACT course (logistics unit, not a dose)",11,0,0,52.0
HC-BUG-01,Nyamata Health Center,Bugesera,2026-01-26,RDT,RDT kit,31,3,0,10.33
HC-BUG-01,Nyamata Health Center,Bugesera,2026-01-26,injectable_artesunate,"injectable artesunate vial (logistics unit, not a dose)",12,0,0,52.0
HC-BUG-01,Nyamata Health Center,Bugesera,2026-02-02,ACT,"ACT course (logistics unit, not a dose)",4,1,0,4.0
HC-BUG-01,Nyamata Health Center,Bugesera,2026-02-02,RDT,RDT kit,51,5,0,10.2
HC-BUG-01,Nyamata Health Center,Bugesera,2026-02-02,injectable_artesunate,"injectable artesunate vial (logistics unit, not a dose)",0,2,1,0.0
HC-BUG-01,Nyamata Health Center,Bugesera,2026-02-09,ACT,"ACT course (logistics unit, not a dose)",9,2,0,4.5
HC-BUG-01,Nyamata Health Center,Bugesera,2026-02-09,RDT,RDT kit,33,3,0,11.0
HC-BUG-01,Nyamata Health Center,Bugesera,2026-02-09,injectable_artesunate,"injectable artesunate vial (logistics unit, not a dose)",4,0,0,52.0
HC-BUG-01,Nyamata Health Center,Bugesera,2026-02-16,ACT,"ACT course (logistics unit, not a dose)",1,0,0,52.0
HC-BUG-01,Nyamata Health Center,Bugesera,2026-02-16,RDT,RDT kit,24,3,0,8.0
HC-BUG-01,Nyamata Health Center,Bugesera,2026-02-16,injectable_artesunate,"injectable artesunate vial (logistics unit, not a dose)",4,0,0,52.0
HC-BUG-01,Nyamata Health Center,Bugesera,2026-02-23,ACT,"ACT course (logistics unit, not a dose)",6,2,0,3.0
HC-BUG-01,Nyamata Health Center,Bugesera,2026-02-23,RDT,RDT kit,9,0,0,52.0
HC-BUG-01,Nyamata Health Center,Bugesera,2026-02-23,injectable_artesunate,"injectable artesunate vial (logistics unit, not a dose)",7,0,0,52.0
HC-BUG-01,Nyamata Health Center,Bugesera,2026-03-02,ACT,"ACT course (logistics unit, not a dose)",19,2,0,9.5
HC-BUG-01,Nyamata Health Center,Bugesera,2026-03-02,RDT,RDT kit,25,4,0,6.25
HC-BUG-01,Nyamata Health Center,Bugesera,2026-03-02,injectable_artesunate,"injectable artesunate vial (logistics unit, not a dose)",0,0,1,0.0
HC-BUG-01,Nyamata Health Center,Bugesera,2026-03-09,ACT,"ACT course (logistics unit, not a dose)",12,2,0,6.0
HC-BUG-01,Nyamata Health Center,Bugesera,2026-03-09,RDT,RDT kit,2,4,0,0.5
HC-BUG-01,Nyamata Health Center,Bugesera,2026-03-09,injectable_artesunate,"injectable artesunate vial (logistics unit, not a dose)",1,1,0,1.0
HC-BUG-01,Nyamata Health Center,Bugesera,2026-03-16,ACT,"ACT course (logistics unit, not a dose)",9,0,0,52.0
HC-BUG-01,Nyamata Health Center,Bugesera,2026-03-16,RDT,RDT kit,27,4,0,6.75
HC-BUG-01,Nyamata Health Center,Bugesera,2026-03-16,injectable_artesunate,"injectable artesunate vial (logistics unit, not a dose)",0,0,1,0.0
HC-BUG-01,Nyamata Health Center,Bugesera,2026-03-23,ACT,"ACT course (logistics unit, not a dose)",22,3,0,7.33
HC-BUG-01,Nyamata Health Center,Bugesera,2026-03-23,RDT,RDT kit,8,1,0,8.0
HC-BUG-01,Nyamata Health Center,Bugesera,2026-03-23,injectable_artesunate,"injectable artesunate vial (logistics unit, not a dose)",11,0,0,52.0
HC-BUG-01,Nyamata Health Center,Bugesera,2026-03-30,ACT,"ACT course (logistics unit, not a dose)",0,0,1,0.0
HC-BUG-01,Nyamata Health Center,Bugesera,2026-03-30,RDT,RDT kit,0,3,1,0.0
HC-BUG-01,Nyamata Health Center,Bugesera,2026-03-30,injectable_artesunate,"injectable artesunate vial (logistics unit, not a dose)",11,0,0,52.0
HC-BUG-01,Nyamata Health Center,Bugesera,2026-04-06,ACT,"ACT course (logistics unit, not a dose)",8,1,0,8.0
HC-BUG-01,Nyamata Health Center,Bugesera,2026-04-06,RDT,RDT kit,3,3,0,1.0
HC-BUG-01,Nyamata Health Center,Bugesera,2026-04-06,injectable_artesunate,"injectable artesunate vial (logistics unit, not a dose)",11,0,0,52.0
HC-BUG-01,Nyamata Health Center,Bugesera,2026-04-13,ACT,"ACT course (logistics unit, not a dose)",6,1,0,6.0
HC-BUG-01,Nyamata Health Center,Bugesera,2026-04-13,RDT,RDT kit,31,3,0,10.33
HC-BUG-01,Nyamata Health Center,Bugesera,2026-04-13,injectable_artesunate,"injectable artesunate vial (logistics unit, not a dose)",7,2,0,3.5
HC-BUG-01,Nyamata Health Center,Bugesera,2026-04-20,ACT,"ACT course (logistics unit, not a dose)",35,3,0,11.67
HC-BUG-01,Nyamata Health Center,Bugesera,2026-04-20,RDT,RDT kit,18,3,0,6.0
HC-BUG-01,Nyamata Health Center,Bugesera,2026-04-20,injectable_artesunate,"injectable artesunate vial (logistics unit, not a dose)",9,0,0,52.0
HC-BUG-01,Nyamata Health Center,Bugesera,2026-04-27,ACT,"ACT course (logistics unit, not a dose)",1,2,0,0.5
HC-BUG-01,Nyamata Health Center,Bugesera,2026-04-27,RDT,RDT kit,9,1,0,9.0
HC-BUG-01,Nyamata Health Center,Bugesera,2026-04-27,injectable_artesunate,"injectable artesunate vial (logistics unit, not a dose)",0,1,1,0.0
HC-BUG-01,Nyamata Health Center,Bugesera,2026-05-04,ACT,"ACT course (logistics unit, not a dose)",24,2,0,12.0
HC-BUG-01,Nyamata Health Center,Bugesera,2026-05-04,RDT,RDT kit,13,2,0,6.5
HC-BUG-01,Nyamata Health Center,Bugesera,2026-05-04,injectable_artesunate,"injectable artesunate vial (logistics unit, not a dose)",4,0,0,52.0
HC-BUG-01,Nyamata Health Center,Bugesera,2026-05-11,ACT,"ACT course (logistics unit, not a dose)",4,1,0,4.0
HC-BUG-01,Nyamata Health Center,Bugesera,2026-05-11,RDT,RDT kit,8,2,0,4.0
HC-BUG-01,Nyamata Health Center,Bugesera,2026-05-11,injectable_artesunate,"injectable artesunate vial (logistics unit, not a dose)",9,0,0,52.0
HC-BUG-01,Nyamata Health Center,Bugesera,2026-05-18,ACT,"ACT course (logistics unit, not a dose)",9,1,0,9.0
HC-BUG-01,Nyamata Health Center,Bugesera,2026-05-18,RDT,RDT kit,37,4,0,9.25
HC-BUG-01,Nyamata Health Center,Bugesera,2026-05-18,injectable_artesunate,"injectable artesunate vial (logistics unit, not a dose)",0,1,1,0.0
HC-BUG-01,Nyamata Health Center,Bugesera,2026-05-25,ACT,"ACT course (logistics unit, not a dose)",44,5,0,8.8
HC-BUG-01,Nyamata Health Center,Bugesera,2026-05-25,RDT,RDT kit,4,4,0,1.0
HC-BUG-01,Nyamata Health Center,Bugesera,2026-05-25,injectable_artesunate,"injectable artesunate vial (logistics unit, not a dose)",1,0,0,52.0
HC-BUG-01,Nyamata Health Center,Bugesera,2026-06-01,ACT,"ACT course (logistics unit, not a dose)",9,1,0,9.0
HC-BUG-01,Nyamata Health Center,Bugesera,2026-06-01,RDT,RDT kit,29,3,0,9.67
HC-BUG-01,Nyamata Health Center,Bugesera,2026-06-01,injectable_artesunate,"injectable artesunate vial (logistics unit, not a dose)",10,0,0,52.0
HC-BUG-01,Nyamata Health Center,Bugesera,2026-06-08,ACT,"ACT course (logistics unit, not a dose)",7,0,0,52.0
HC-BUG-01,Nyamata Health Center,Bugesera,2026-06-08,RDT,RDT kit,8,1,0,8.0
HC-BUG-01,Nyamata Health Center,Bugesera,2026-06-08,injectable_artesunate,"injectable artesunate vial (logistics unit, not a dose)",4,0,0,52.0
HC-BUG-01,Nyamata Health Center,Bugesera,2026-06-15,ACT,"ACT course (logistics unit, not a dose)",10,1,0,10.0
HC-BUG-01,Nyamata Health Center,Bugesera,2026-06-15,RDT,RDT kit,28,3,0,9.33
HC-BUG-01,Nyamata Health Center,Bugesera,2026-06-15,injectable_artesunate,"injectable artesunate vial (logistics unit, not a dose)",5,0,0,52.0
HC-BUG-01,Nyamata Health Center,Bugesera,2026-06-22,ACT,"ACT course (logistics unit, not a dose)",5,1,0,5.0
HC-BUG-01,Nyamata Health Center,Bugesera,2026-06-22,RDT,RDT kit,9,2,0,4.5
HC-BUG-01,Nyamata Health Center,Bugesera,2026-06-22,injectable_artesunate,"injectable artesunate vial (logistics unit, not a dose)",4,0,0,52.0
HC-BUG-01,Nyamata Health Center,Bugesera,2026-06-29,ACT,"ACT course (logistics unit, not a dose)",19,2,0,9.5
HC-BUG-01,Nyamata Health Center,Bugesera,2026-06-29,RDT,RDT kit,8,1,0,8.0
HC-BUG-01,Nyamata Health Center,Bugesera,2026-06-29,injectable_artesunate,"injectable artesunate vial (logistics unit, not a dose)",8,0,0,52.0
HC-BUG-01,Nyamata Health Center,Bugesera,2026-07-06,ACT,"ACT course (logistics unit, not a dose)",1,0,0,52.0
HC-BUG-01,Nyamata Health Center,Bugesera,2026-07-06,RDT,RDT kit,12,2,0,6.0
HC-BUG-01,Nyamata Health Center,Bugesera,2026-07-06,injectable_artesunate,"injectable artesunate vial (logistics unit, not a dose)",8,0,0,52.0
HC-BUG-01,Nyamata Health Center,Bugesera,2026-07-13,ACT,"ACT course (logistics unit, not a dose)",6,1,0,6.0
HC-BUG-01,Nyamata Health Center,Bugesera,2026-07-13,RDT,RDT kit,22,2,0,11.0
HC-BUG-01,Nyamata Health Center,Bugesera,2026-07-13,injectable_artesunate,"injectable artesunate vial (logistics unit, not a dose)",4,0,0,52.0
HC-BUG-01,Nyamata Health Center,Bugesera,2026-07-20,ACT,"ACT course (logistics unit, not a dose)",1,0,0,52.0
HC-BUG-01,Nyamata Health Center,Bugesera,2026-07-20,RDT,RDT kit,19,2,0,9.5
HC-BUG-01,Nyamata Health Center,Bugesera,2026-07-20,injectable_artesunate,"injectable artesunate vial (logistics unit, not a dose)",9,0,0,52.0
HC-BUG-01,Nyamata Health Center,Bugesera,2026-07-27,ACT,"ACT course (logistics unit, not a dose)",0,2,1,0.0
HC-BUG-01,Nyamata Health Center,Bugesera,2026-07-27,RDT,RDT kit,22,2,0,11.0
HC-BUG-01,Nyamata Health Center,Bugesera,2026-07-27,injectable_artesunate,"injectable artesunate vial (logistics unit, not a dose)",9,2,0,4.5
HC-BUG-01,Nyamata Health Center,Bugesera,2026-08-03,ACT,"ACT course (logistics unit, not a dose)",8,0,0,52.0
HC-BUG-01,Nyamata Health Center,Bugesera,2026-08-03,RDT,RDT kit,8,2,0,4.0
HC-BUG-01,Nyamata Health Center,Bugesera,2026-08-03,injectable_artesunate,"injectable artesunate vial (logistics unit, not a dose)",7,0,0,52.0
HC-BUG-01,Nyamata Health Center,Bugesera,2026-08-10,ACT,"ACT course (logistics unit, not a dose)",3,0,0,52.0
HC-BUG-01,Nyamata Health Center,Bugesera,2026-08-10,RDT,RDT kit,1,0,0,52.0
HC-BUG-01,Nyamata Health Center,Bugesera,2026-08-10,injectable_artesunate,"injectable artesunate vial (logistics unit, not a dose)",7,1,0,7.0
HC-BUG-01,Nyamata Health Center,Bugesera,2026-08-17,ACT,"ACT course (logistics unit, not a dose)",9,1,0,9.0
HC-BUG-01,Nyamata Health Center,Bugesera,2026-08-17,RDT,RDT kit,8,1,0,8.0
HC-BUG-01,Nyamata Health Center,Bugesera,2026-08-17,injectable_artesunate,"injectable artesunate vial (logistics unit, not a dose)",0,1,1,0.0
HC-BUG-01,Nyamata Health Center,Bugesera,2026-08-24,ACT,"ACT course (logistics unit, not a dose)",9,0,0,52.0
HC-BUG-01,Nyamata Health Center,Bugesera,2026-08-24,RDT,RDT kit,11,1,0,11.0
HC-BUG-01,Nyamata Health Center,Bugesera,2026-08-24,injectable_artesunate,"injectable artesunate vial (logistics unit, not a dose)",8,0,0,52.0
HC-BUG-01,Nyamata Health Center,Bugesera,2026-08-31,ACT,"ACT course (logistics unit, not a dose)",11,0,0,52.0
HC-BUG-01,Nyamata Health Center,Bugesera,2026-08-31,RDT,RDT kit,25,3,0,8.33
HC-BUG-01,Nyamata Health Center,Bugesera,2026-08-31,injectable_artesunate,"injectable artesunate vial (logistics unit, not a dose)",7,0,0,52.0
HC-BUG-01,Nyamata Health Center,Bugesera,2026-09-07,ACT,"ACT course (logistics unit, not a dose)",0,1,1,0.0
HC-BUG-01,Nyamata Health Center,Bugesera,2026-09-07,RDT,RDT kit,3,1,0,3.0
HC-BUG-01,Nyamata Health Center,Bugesera,2026-09-07,injectable_artesunate,"injectable artesunate vial (logistics unit, not a dose)",10,0,0,52.0
HC-BUG-01,Nyamata Health Center,Bugesera,2026-09-14,ACT,"ACT course (logistics unit, not a dose)",0,1,1,0.0
HC-BUG-01,Nyamata Health Center,Bugesera,2026-09-14,RDT,RDT kit,9,2,0,4.5
HC-BUG-01,Nyamata Health Center,Bugesera,2026-09-14,injectable_artesunate,"injectable artesunate vial (logistics unit, not a dose)",6,0,0,52.0
HC-BUG-01,Nyamata Health Center,Bugesera,2026-09-21,ACT,"ACT course (logistics unit, not a dose)",0,1,1,0.0
HC-BUG-01,Nyamata Health Center,Bugesera,2026-09-21,RDT,RDT kit,10,0,0,52.0
HC-BUG-01,Nyamata Health Center,Bugesera,2026-09-21,injectable_artesunate,"injectable artesunate vial (logistics unit, not a dose)",11,1,0,11.0
HC-BUG-01,Nyamata Health Center,Bugesera,2026-09-28,ACT,"ACT course (logistics unit, not a dose)",0,1,1,0.0
HC-BUG-01,Nyamata Health Center,Bugesera,2026-09-28,RDT,RDT kit,7,0,0,52.0
HC-BUG-01,Nyamata Health Center,Bugesera,2026-09-28,injectable_artesunate,"injectable artesunate vial (logistics unit, not a dose)",12,0,0,52.0
HC-BUG-02,Rilima Health Center,Bugesera,2024-09-30,ACT,"ACT course (logistics unit, not a dose)",4,1,0,4.0
HC-BUG-02,Rilima Health Center,Bugesera,2024-09-30,RDT,RDT kit,5,0,0,52.0
HC-BUG-02,Rilima Health Center,Bugesera,2024-09-30,injectable_artesunate,"injectable artesunate vial (logistics unit, not a dose)",10,0,0,52.0
HC-BUG-02,Rilima Health Center,Bugesera,2024-10-07,ACT,"ACT course (logistics unit, not a dose)",14,2,0,7.0
HC-BUG-02,Rilima Health Center,Bugesera,2024-10-07,RDT,RDT kit,32,4,0,8.0
HC-BUG-02,Rilima Health Center,Bugesera,2024-10-07,injectable_artesunate,"injectable artesunate vial (logistics unit, not a dose)",4,0,0,52.0
HC-BUG-02,Rilima Health Center,Bugesera,2024-10-14,ACT,"ACT course (logistics unit, not a dose)",17,3,0,5.67
HC-BUG-02,Rilima Health Center,Bugesera,2024-10-14,RDT,RDT kit,67,6,0,11.17
HC-BUG-02,Rilima Health Center,Bugesera,2024-10-14,injectable_artesunate,"injectable artesunate vial (logistics unit, not a dose)",9,0,0,52.0
HC-BUG-02,Rilima Health Center,Bugesera,2024-10-21,ACT,"ACT course (logistics unit, not a dose)",10,0,0,52.0
HC-BUG-02,Rilima Health Center,Bugesera,2024-10-21,RDT,RDT kit,20,3,0,6.67
HC-BUG-02,Rilima Health Center,Bugesera,2024-10-21,injectable_artesunate,"injectable artesunate vial (logistics unit, not a dose)",11,0,0,52.0
HC-BUG-02,Rilima Health Center,Bugesera,2024-10-28,ACT,"ACT course (logistics unit, not a dose)",22,3,0,7.33
HC-BUG-02,Rilima Health Center,Bugesera,2024-10-28,RDT,RDT kit,57,5,0,11.4
HC-BUG-02,Rilima Health Center,Bugesera,2024-10-28,injectable_artesunate,"injectable artesunate vial (logistics unit, not a dose)",6,0,0,52.0
HC-BUG-02,Rilima Health Center,Bugesera,2024-11-04,ACT,"ACT course (logistics unit, not a dose)",12,0,0,52.0
HC-BUG-02,Rilima Health Center,Bugesera,2024-11-04,RDT,RDT kit,21,3,0,7.0
HC-BUG-02,Rilima Health Center,Bugesera,2024-11-04,injectable_artesunate,"injectable artesunate vial (logistics unit, not a dose)",0,1,1,0.0
HC-BUG-02,Rilima Health Center,Bugesera,2024-11-11,ACT,"ACT course (logistics unit, not a dose)",9,2,0,4.5
HC-BUG-02,Rilima Health Center,Bugesera,2024-11-11,RDT,RDT kit,15,2,0,7.5
HC-BUG-02,Rilima Health Center,Bugesera,2024-11-11,injectable_artesunate,"injectable artesunate vial (logistics unit, not a dose)",9,1,0,9.0
HC-BUG-02,Rilima Health Center,Bugesera,2024-11-18,ACT,"ACT course (logistics unit, not a dose)",4,5,0,0.8
HC-BUG-02,Rilima Health Center,Bugesera,2024-11-18,RDT,RDT kit,42,5,0,8.4
HC-BUG-02,Rilima Health Center,Bugesera,2024-11-18,injectable_artesunate,"injectable artesunate vial (logistics unit, not a dose)",7,0,0,52.0
HC-BUG-02,Rilima Health Center,Bugesera,2024-11-25,ACT,"ACT course (logistics unit, not a dose)",9,2,0,4.5
HC-BUG-02,Rilima Health Center,Bugesera,2024-11-25,RDT,RDT kit,37,5,0,7.4
HC-BUG-02,Rilima Health Center,Bugesera,2024-11-25,injectable_artesunate,"injectable artesunate vial (logistics unit, not a dose)",6,0,0,52.0
HC-BUG-02,Rilima Health Center,Bugesera,2024-12-02,ACT,"ACT course (logistics unit, not a dose)",6,1,0,6.0
HC-BUG-02,Rilima Health Center,Bugesera,2024-12-02,RDT,RDT kit,10,2,0,5.0
HC-BUG-02,Rilima Health Center,Bugesera,2024-12-02,injectable_artesunate,"injectable artesunate vial (logistics unit, not a dose)",3,0,0,52.0
HC-BUG-02,Rilima Health Center,Bugesera,2024-12-09,ACT,"ACT course (logistics unit, not a dose)",9,1,0,9.0
HC-BUG-02,Rilima Health Center,Bugesera,2024-12-09,RDT,RDT kit,41,6,0,6.83
HC-BUG-02,Rilima Health Center,Bugesera,2024-12-09,injectable_artesunate,"injectable artesunate vial (logistics unit, not a dose)",6,1,0,6.0
HC-BUG-02,Rilima Health Center,Bugesera,2024-12-16,ACT,"ACT course (logistics unit, not a dose)",12,1,0,12.0
HC-BUG-02,Rilima Health Center,Bugesera,2024-12-16,RDT,RDT kit,22,2,0,11.0
HC-BUG-02,Rilima Health Center,Bugesera,2024-12-16,injectable_artesunate,"injectable artesunate vial (logistics unit, not a dose)",7,1,0,7.0
HC-BUG-02,Rilima Health Center,Bugesera,2024-12-23,ACT,"ACT course (logistics unit, not a dose)",5,1,0,5.0
HC-BUG-02,Rilima Health Center,Bugesera,2024-12-23,RDT,RDT kit,8,2,0,4.0
HC-BUG-02,Rilima Health Center,Bugesera,2024-12-23,injectable_artesunate,"injectable artesunate vial (logistics unit, not a dose)",10,0,0,52.0
HC-BUG-02,Rilima Health Center,Bugesera,2024-12-30,ACT,"ACT course (logistics unit, not a dose)",4,0,0,52.0
HC-BUG-02,Rilima Health Center,Bugesera,2024-12-30,RDT,RDT kit,4,4,0,1.0
HC-BUG-02,Rilima Health Center,Bugesera,2024-12-30,injectable_artesunate,"injectable artesunate vial (logistics unit, not a dose)",8,1,0,8.0
HC-BUG-02,Rilima Health Center,Bugesera,2025-01-06,ACT,"ACT course (logistics unit, not a dose)",5,0,0,52.0
HC-BUG-02,Rilima Health Center,Bugesera,2025-01-06,RDT,RDT kit,20,2,0,10.0
HC-BUG-02,Rilima Health Center,Bugesera,2025-01-06,injectable_artesunate,"injectable artesunate vial (logistics unit, not a dose)",4,0,0,52.0
HC-BUG-02,Rilima Health Center,Bugesera,2025-01-13,ACT,"ACT course (logistics unit, not a dose)",0,0,1,0.0
HC-BUG-02,Rilima Health Center,Bugesera,2025-01-13,RDT,RDT kit,1,2,0,0.5
HC-BUG-02,Rilima Health Center,Bugesera,2025-01-13,injectable_artesunate,"injectable artesunate vial (logistics unit, not a dose)",5,1,0,5.0
HC-BUG-02,Rilima Health Center,Bugesera,2025-01-20,ACT,"ACT course (logistics unit, not a dose)",8,1,0,8.0
HC-BUG-02,Rilima Health Center,Bugesera,2025-01-20,RDT,RDT kit,20,3,0,6.67
HC-BUG-02,Rilima Health Center,Bugesera,2025-01-20,injectable_artesunate,"injectable artesunate vial (logistics unit, not a dose)",8,1,0,8.0
HC-BUG-02,Rilima Health Center,Bugesera,2025-01-27,ACT,"ACT course (logistics unit, not a dose)",11,0,0,52.0
HC-BUG-02,Rilima Health Center,Bugesera,2025-01-27,RDT,RDT kit,21,2,0,10.5
HC-BUG-02,Rilima Health Center,Bugesera,2025-01-27,injectable_artesunate,"injectable artesunate vial (logistics unit, not a dose)",4,0,0,52.0
HC-BUG-02,Rilima Health Center,Bugesera,2025-02-03,ACT,"ACT course (logistics unit, not a dose)",5,0,0,52.0
HC-BUG-02,Rilima Health Center,Bugesera,2025-02-03,RDT,RDT kit,3,1,0,3.0
HC-BUG-02,Rilima Health Center,Bugesera,2025-02-03,injectable_artesunate,"injectable artesunate vial (logistics unit, not a dose)",0,0,1,0.0
HC-BUG-02,Rilima Health Center,Bugesera,2025-02-10,ACT,"ACT course (logistics unit, not a dose)",7,2,0,3.5
HC-BUG-02,Rilima Health Center,Bugesera,2025-02-10,RDT,RDT kit,74,7,0,10.57
HC-BUG-02,Rilima Health Center,Bugesera,2025-02-10,injectable_artesunate,"injectable artesunate vial (logistics unit, not a dose)",11,0,0,52.0
HC-BUG-02,Rilima Health Center,Bugesera,2025-02-17,ACT,"ACT course (logistics unit, not a dose)",8,1,0,8.0
HC-BUG-02,Rilima Health Center,Bugesera,2025-02-17,RDT,RDT kit,10,1,0,10.0
HC-BUG-02,Rilima Health Center,Bugesera,2025-02-17,injectable_artesunate,"injectable artesunate vial (logistics unit, not a dose)",7,1,0,7.0
HC-BUG-02,Rilima Health Center,Bugesera,2025-02-24,ACT,"ACT course (logistics unit, not a dose)",4,1,0,4.0
HC-BUG-02,Rilima Health Center,Bugesera,2025-02-24,RDT,RDT kit,11,1,0,11.0
HC-BUG-02,Rilima Health Center,Bugesera,2025-02-24,injectable_artesunate,"injectable artesunate vial (logistics unit, not a dose)",10,0,0,52.0
HC-BUG-02,Rilima Health Center,Bugesera,2025-03-03,ACT,"ACT course (logistics unit, not a dose)",3,1,0,3.0
HC-BUG-02,Rilima Health Center,Bugesera,2025-03-03,RDT,RDT kit,56,6,0,9.33
HC-BUG-02,Rilima Health Center,Bugesera,2025-03-03,injectable_artesunate,"injectable artesunate vial (logistics unit, not a dose)",4,0,0,52.0
HC-BUG-02,Rilima Health Center,Bugesera,2025-03-10,ACT,"ACT course (logistics unit, not a dose)",7,1,0,7.0
HC-BUG-02,Rilima Health Center,Bugesera,2025-03-10,RDT,RDT kit,17,2,0,8.5
HC-BUG-02,Rilima Health Center,Bugesera,2025-03-10,injectable_artesunate,"injectable artesunate vial (logistics unit, not a dose)",4,0,0,52.0
HC-BUG-02,Rilima Health Center,Bugesera,2025-03-17,ACT,"ACT course (logistics unit, not a dose)",8,1,0,8.0
HC-BUG-02,Rilima Health Center,Bugesera,2025-03-17,RDT,RDT kit,7,1,0,7.0
HC-BUG-02,Rilima Health Center,Bugesera,2025-03-17,injectable_artesunate,"injectable artesunate vial (logistics unit, not a dose)",0,1,1,0.0
HC-BUG-02,Rilima Health Center,Bugesera,2025-03-24,ACT,"ACT course (logistics unit, not a dose)",11,0,0,52.0
HC-BUG-02,Rilima Health Center,Bugesera,2025-03-24,RDT,RDT kit,1,1,0,1.0
HC-BUG-02,Rilima Health Center,Bugesera,2025-03-24,injectable_artesunate,"injectable artesunate vial (logistics unit, not a dose)",6,0,0,52.0
HC-BUG-02,Rilima Health Center,Bugesera,2025-03-31,ACT,"ACT course (logistics unit, not a dose)",10,1,0,10.0
HC-BUG-02,Rilima Health Center,Bugesera,2025-03-31,RDT,RDT kit,12,1,0,12.0
HC-BUG-02,Rilima Health Center,Bugesera,2025-03-31,injectable_artesunate,"injectable artesunate vial (logistics unit, not a dose)",7,0,0,52.0
HC-BUG-02,Rilima Health Center,Bugesera,2025-04-07,ACT,"ACT course (logistics unit, not a dose)",23,5,0,4.6
HC-BUG-02,Rilima Health Center,Bugesera,2025-04-07,RDT,RDT kit,20,6,0,3.33
HC-BUG-02,Rilima Health Center,Bugesera,2025-04-07,injectable_artesunate,"injectable artesunate vial (logistics unit, not a dose)",4,1,0,4.0
HC-BUG-02,Rilima Health Center,Bugesera,2025-04-14,ACT,"ACT course (logistics unit, not a dose)",6,1,0,6.0
HC-BUG-02,Rilima Health Center,Bugesera,2025-04-14,RDT,RDT kit,1,0,0,52.0
HC-BUG-02,Rilima Health Center,Bugesera,2025-04-14,injectable_artesunate,"injectable artesunate vial (logistics unit, not a dose)",9,0,0,52.0
HC-BUG-02,Rilima Health Center,Bugesera,2025-04-21,ACT,"ACT course (logistics unit, not a dose)",8,0,0,52.0
HC-BUG-02,Rilima Health Center,Bugesera,2025-04-21,RDT,RDT kit,9,3,0,3.0
HC-BUG-02,Rilima Health Center,Bugesera,2025-04-21,injectable_artesunate,"injectable artesunate vial (logistics unit, not a dose)",7,0,0,52.0
HC-BUG-02,Rilima Health Center,Bugesera,2025-04-28,ACT,"ACT course (logistics unit, not a dose)",15,2,0,7.5
HC-BUG-02,Rilima Health Center,Bugesera,2025-04-28,RDT,RDT kit,19,4,0,4.75
HC-BUG-02,Rilima Health Center,Bugesera,2025-04-28,injectable_artesunate,"injectable artesunate vial (logistics unit, not a dose)",6,0,0,52.0
HC-BUG-02,Rilima Health Center,Bugesera,2025-05-05,ACT,"ACT course (logistics unit, not a dose)",11,1,0,11.0
HC-BUG-02,Rilima Health Center,Bugesera,2025-05-05,RDT,RDT kit,11,0,0,52.0
HC-BUG-02,Rilima Health Center,Bugesera,2025-05-05,injectable_artesunate,"injectable artesunate vial (logistics unit, not a dose)",5,0,0,52.0
HC-BUG-02,Rilima Health Center,Bugesera,2025-05-12,ACT,"ACT course (logistics unit, not a dose)",23,2,0,11.5
HC-BUG-02,Rilima Health Center,Bugesera,2025-05-12,RDT,RDT kit,1,2,0,0.5
HC-BUG-02,Rilima Health Center,Bugesera,2025-05-12,injectable_artesunate,"injectable artesunate vial (logistics unit, not a dose)",1,0,0,52.0
HC-BUG-02,Rilima Health Center,Bugesera,2025-05-19,ACT,"ACT course (logistics unit, not a dose)",6,1,0,6.0
HC-BUG-02,Rilima Health Center,Bugesera,2025-05-19,RDT,RDT kit,20,2,0,10.0
HC-BUG-02,Rilima Health Center,Bugesera,2025-05-19,injectable_artesunate,"injectable artesunate vial (logistics unit, not a dose)",11,0,0,52.0
HC-BUG-02,Rilima Health Center,Bugesera,2025-05-26,ACT,"ACT course (logistics unit, not a dose)",15,2,0,7.5
HC-BUG-02,Rilima Health Center,Bugesera,2025-05-26,RDT,RDT kit,21,2,0,10.5
HC-BUG-02,Rilima Health Center,Bugesera,2025-05-26,injectable_artesunate,"injectable artesunate vial (logistics unit, not a dose)",11,0,0,52.0
HC-BUG-02,Rilima Health Center,Bugesera,2025-06-02,ACT,"ACT course (logistics unit, not a dose)",9,0,0,52.0
HC-BUG-02,Rilima Health Center,Bugesera,2025-06-02,RDT,RDT kit,9,1,0,9.0
HC-BUG-02,Rilima Health Center,Bugesera,2025-06-02,injectable_artesunate,"injectable artesunate vial (logistics unit, not a dose)",4,0,0,52.0
HC-BUG-02,Rilima Health Center,Bugesera,2025-06-09,ACT,"ACT course (logistics unit, not a dose)",14,2,0,7.0
HC-BUG-02,Rilima Health Center,Bugesera,2025-06-09,RDT,RDT kit,13,2,0,6.5
HC-BUG-02,Rilima Health Center,Bugesera,2025-06-09,injectable_artesunate,"injectable artesunate vial (logistics unit, not a dose)",0,0,1,0.0
HC-BUG-02,Rilima Health Center,Bugesera,2025-06-16,ACT,"ACT course (logistics unit, not a dose)",10,0,0,52.0
HC-BUG-02,Rilima Health Center,Bugesera,2025-06-16,RDT,RDT kit,9,2,0,4.5
HC-BUG-02,Rilima Health Center,Bugesera,2025-06-16,injectable_artesunate,"injectable artesunate vial (logistics unit, not a dose)",6,0,0,52.0
HC-BUG-02,Rilima Health Center,Bugesera,2025-06-23,ACT,"ACT course (logistics unit, not a dose)",10,0,0,52.0
HC-BUG-02,Rilima Health Center,Bugesera,2025-06-23,RDT,RDT kit,23,2,0,11.5
HC-BUG-02,Rilima Health Center,Bugesera,2025-06-23,injectable_artesunate,"injectable artesunate vial (logistics unit, not a dose)",11,0,0,52.0
HC-BUG-02,Rilima Health Center,Bugesera,2025-06-30,ACT,"ACT course (logistics unit, not a dose)",11,1,0,11.0
HC-BUG-02,Rilima Health Center,Bugesera,2025-06-30,RDT,RDT kit,18,3,0,6.0
HC-BUG-02,Rilima Health Center,Bugesera,2025-06-30,injectable_artesunate,"injectable artesunate vial (logistics unit, not a dose)",9,0,0,52.0
HC-BUG-02,Rilima Health Center,Bugesera,2025-07-07,ACT,"ACT course (logistics unit, not a dose)",7,2,0,3.5
HC-BUG-02,Rilima Health Center,Bugesera,2025-07-07,RDT,RDT kit,26,6,0,4.33
HC-BUG-02,Rilima Health Center,Bugesera,2025-07-07,injectable_artesunate,"injectable artesunate vial (logistics unit, not a dose)",0,0,1,0.0
HC-BUG-02,Rilima Health Center,Bugesera,2025-07-14,ACT,"ACT course (logistics unit, not a dose)",10,0,0,52.0
HC-BUG-02,Rilima Health Center,Bugesera,2025-07-14,RDT,RDT kit,18,2,0,9.0
HC-BUG-02,Rilima Health Center,Bugesera,2025-07-14,injectable_artesunate,"injectable artesunate vial (logistics unit, not a dose)",14,2,0,7.0
HC-BUG-02,Rilima Health Center,Bugesera,2025-07-21,ACT,"ACT course (logistics unit, not a dose)",13,2,0,6.5
HC-BUG-02,Rilima Health Center,Bugesera,2025-07-21,RDT,RDT kit,5,1,0,5.0
HC-BUG-02,Rilima Health Center,Bugesera,2025-07-21,injectable_artesunate,"injectable artesunate vial (logistics unit, not a dose)",10,0,0,52.0
HC-BUG-02,Rilima Health Center,Bugesera,2025-07-28,ACT,"ACT course (logistics unit, not a dose)",4,0,0,52.0
HC-BUG-02,Rilima Health Center,Bugesera,2025-07-28,RDT,RDT kit,5,1,0,5.0
HC-BUG-02,Rilima Health Center,Bugesera,2025-07-28,injectable_artesunate,"injectable artesunate vial (logistics unit, not a dose)",0,1,1,0.0
HC-BUG-02,Rilima Health Center,Bugesera,2025-08-04,ACT,"ACT course (logistics unit, not a dose)",4,0,0,52.0
HC-BUG-02,Rilima Health Center,Bugesera,2025-08-04,RDT,RDT kit,12,1,0,12.0
HC-BUG-02,Rilima Health Center,Bugesera,2025-08-04,injectable_artesunate,"injectable artesunate vial (logistics unit, not a dose)",4,0,0,52.0
HC-BUG-02,Rilima Health Center,Bugesera,2025-08-11,ACT,"ACT course (logistics unit, not a dose)",7,0,0,52.0
HC-BUG-02,Rilima Health Center,Bugesera,2025-08-11,RDT,RDT kit,11,2,0,5.5
HC-BUG-02,Rilima Health Center,Bugesera,2025-08-11,injectable_artesunate,"injectable artesunate vial (logistics unit, not a dose)",12,0,0,52.0
HC-BUG-02,Rilima Health Center,Bugesera,2025-08-18,ACT,"ACT course (logistics unit, not a dose)",17,2,0,8.5
HC-BUG-02,Rilima Health Center,Bugesera,2025-08-18,RDT,RDT kit,42,5,0,8.4
HC-BUG-02,Rilima Health Center,Bugesera,2025-08-18,injectable_artesunate,"injectable artesunate vial (logistics unit, not a dose)",8,0,0,52.0
HC-BUG-02,Rilima Health Center,Bugesera,2025-08-25,ACT,"ACT course (logistics unit, not a dose)",6,0,0,52.0
HC-BUG-02,Rilima Health Center,Bugesera,2025-08-25,RDT,RDT kit,46,5,0,9.2
HC-BUG-02,Rilima Health Center,Bugesera,2025-08-25,injectable_artesunate,"injectable artesunate vial (logistics unit, not a dose)",0,1,1,0.0
HC-BUG-02,Rilima Health Center,Bugesera,2025-09-01,ACT,"ACT course (logistics unit, not a dose)",7,2,0,3.5
HC-BUG-02,Rilima Health Center,Bugesera,2025-09-01,RDT,RDT kit,0,1,1,0.0
HC-BUG-02,Rilima Health Center,Bugesera,2025-09-01,injectable_artesunate,"injectable artesunate vial (logistics unit, not a dose)",5,0,0,52.0
HC-BUG-02,Rilima Health Center,Bugesera,2025-09-08,ACT,"ACT course (logistics unit, not a dose)",12,2,0,6.0
HC-BUG-02,Rilima Health Center,Bugesera,2025-09-08,RDT,RDT kit,10,1,0,10.0
HC-BUG-02,Rilima Health Center,Bugesera,2025-09-08,injectable_artesunate,"injectable artesunate vial (logistics unit, not a dose)",8,1,0,8.0
HC-BUG-02,Rilima Health Center,Bugesera,2025-09-15,ACT,"ACT course (logistics unit, not a dose)",11,1,0,11.0
HC-BUG-02,Rilima Health Center,Bugesera,2025-09-15,RDT,RDT kit,13,4,0,3.25
HC-BUG-02,Rilima Health Center,Bugesera,2025-09-15,injectable_artesunate,"injectable artesunate vial (logistics unit, not a dose)",11,0,0,52.0
HC-BUG-02,Rilima Health Center,Bugesera,2025-09-22,ACT,"ACT course (logistics unit, not a dose)",0,0,1,0.0
HC-BUG-02,Rilima Health Center,Bugesera,2025-09-22,RDT,RDT kit,10,0,0,52.0
HC-BUG-02,Rilima Health Center,Bugesera,2025-09-22,injectable_artesunate,"injectable artesunate vial (logistics unit, not a dose)",8,0,0,52.0
HC-BUG-02,Rilima Health Center,Bugesera,2025-09-29,ACT,"ACT course (logistics unit, not a dose)",7,2,0,3.5
HC-BUG-02,Rilima Health Center,Bugesera,2025-09-29,RDT,RDT kit,16,4,0,4.0
HC-BUG-02,Rilima Health Center,Bugesera,2025-09-29,injectable_artesunate,"injectable artesunate vial (logistics unit, not a dose)",0,1,1,0.0
HC-BUG-02,Rilima Health Center,Bugesera,2025-10-06,ACT,"ACT course (logistics unit, not a dose)",6,1,0,6.0
HC-BUG-02,Rilima Health Center,Bugesera,2025-10-06,RDT,RDT kit,21,3,0,7.0
HC-BUG-02,Rilima Health Center,Bugesera,2025-10-06,injectable_artesunate,"injectable artesunate vial (logistics unit, not a dose)",6,0,0,52.0
HC-BUG-02,Rilima Health Center,Bugesera,2025-10-13,ACT,"ACT course (logistics unit, not a dose)",19,2,0,9.5
HC-BUG-02,Rilima Health Center,Bugesera,2025-10-13,RDT,RDT kit,33,5,0,6.6
HC-BUG-02,Rilima Health Center,Bugesera,2025-10-13,injectable_artesunate,"injectable artesunate vial (logistics unit, not a dose)",7,0,0,52.0
HC-BUG-02,Rilima Health Center,Bugesera,2025-10-20,ACT,"ACT course (logistics unit, not a dose)",5,1,0,5.0
HC-BUG-02,Rilima Health Center,Bugesera,2025-10-20,RDT,RDT kit,32,3,0,10.67
HC-BUG-02,Rilima Health Center,Bugesera,2025-10-20,injectable_artesunate,"injectable artesunate vial (logistics unit, not a dose)",9,0,0,52.0
HC-BUG-02,Rilima Health Center,Bugesera,2025-10-27,ACT,"ACT course (logistics unit, not a dose)",9,0,0,52.0
HC-BUG-02,Rilima Health Center,Bugesera,2025-10-27,RDT,RDT kit,6,1,0,6.0
HC-BUG-02,Rilima Health Center,Bugesera,2025-10-27,injectable_artesunate,"injectable artesunate vial (logistics unit, not a dose)",9,0,0,52.0
HC-BUG-02,Rilima Health Center,Bugesera,2025-11-03,ACT,"ACT course (logistics unit, not a dose)",36,4,0,9.0
HC-BUG-02,Rilima Health Center,Bugesera,2025-11-03,RDT,RDT kit,32,5,0,6.4
HC-BUG-02,Rilima Health Center,Bugesera,2025-11-03,injectable_artesunate,"injectable artesunate vial (logistics unit, not a dose)",9,1,0,9.0
HC-BUG-02,Rilima Health Center,Bugesera,2025-11-10,ACT,"ACT course (logistics unit, not a dose)",15,2,0,7.5
HC-BUG-02,Rilima Health Center,Bugesera,2025-11-10,RDT,RDT kit,29,5,0,5.8
HC-BUG-02,Rilima Health Center,Bugesera,2025-11-10,injectable_artesunate,"injectable artesunate vial (logistics unit, not a dose)",11,1,0,11.0
HC-BUG-02,Rilima Health Center,Bugesera,2025-11-17,ACT,"ACT course (logistics unit, not a dose)",28,3,0,9.33
HC-BUG-02,Rilima Health Center,Bugesera,2025-11-17,RDT,RDT kit,43,5,0,8.6
HC-BUG-02,Rilima Health Center,Bugesera,2025-11-17,injectable_artesunate,"injectable artesunate vial (logistics unit, not a dose)",0,0,1,0.0
HC-BUG-02,Rilima Health Center,Bugesera,2025-11-24,ACT,"ACT course (logistics unit, not a dose)",26,6,0,4.33
HC-BUG-02,Rilima Health Center,Bugesera,2025-11-24,RDT,RDT kit,72,6,0,12.0
HC-BUG-02,Rilima Health Center,Bugesera,2025-11-24,injectable_artesunate,"injectable artesunate vial (logistics unit, not a dose)",7,0,0,52.0
HC-BUG-02,Rilima Health Center,Bugesera,2025-12-01,ACT,"ACT course (logistics unit, not a dose)",5,0,0,52.0
HC-BUG-02,Rilima Health Center,Bugesera,2025-12-01,RDT,RDT kit,1,2,0,0.5
HC-BUG-02,Rilima Health Center,Bugesera,2025-12-01,injectable_artesunate,"injectable artesunate vial (logistics unit, not a dose)",9,1,0,9.0
HC-BUG-02,Rilima Health Center,Bugesera,2025-12-08,ACT,"ACT course (logistics unit, not a dose)",26,3,0,8.67
HC-BUG-02,Rilima Health Center,Bugesera,2025-12-08,RDT,RDT kit,2,2,0,1.0
HC-BUG-02,Rilima Health Center,Bugesera,2025-12-08,injectable_artesunate,"injectable artesunate vial (logistics unit, not a dose)",11,0,0,52.0
HC-BUG-02,Rilima Health Center,Bugesera,2025-12-15,ACT,"ACT course (logistics unit, not a dose)",28,5,0,5.6
HC-BUG-02,Rilima Health Center,Bugesera,2025-12-15,RDT,RDT kit,12,0,0,52.0
HC-BUG-02,Rilima Health Center,Bugesera,2025-12-15,injectable_artesunate,"injectable artesunate vial (logistics unit, not a dose)",0,1,1,0.0
HC-BUG-02,Rilima Health Center,Bugesera,2025-12-22,ACT,"ACT course (logistics unit, not a dose)",48,4,0,12.0
HC-BUG-02,Rilima Health Center,Bugesera,2025-12-22,RDT,RDT kit,8,1,0,8.0
HC-BUG-02,Rilima Health Center,Bugesera,2025-12-22,injectable_artesunate,"injectable artesunate vial (logistics unit, not a dose)",5,0,0,52.0
HC-BUG-02,Rilima Health Center,Bugesera,2025-12-29,ACT,"ACT course (logistics unit, not a dose)",12,2,0,6.0
HC-BUG-02,Rilima Health Center,Bugesera,2025-12-29,RDT,RDT kit,1,2,0,0.5
HC-BUG-02,Rilima Health Center,Bugesera,2025-12-29,injectable_artesunate,"injectable artesunate vial (logistics unit, not a dose)",0,1,1,0.0
HC-BUG-02,Rilima Health Center,Bugesera,2026-01-05,ACT,"ACT course (logistics unit, not a dose)",0,1,1,0.0
HC-BUG-02,Rilima Health Center,Bugesera,2026-01-05,RDT,RDT kit,5,5,0,1.0
HC-BUG-02,Rilima Health Center,Bugesera,2026-01-05,injectable_artesunate,"injectable artesunate vial (logistics unit, not a dose)",11,0,0,52.0
HC-BUG-02,Rilima Health Center,Bugesera,2026-01-12,ACT,"ACT course (logistics unit, not a dose)",5,1,0,5.0
HC-BUG-02,Rilima Health Center,Bugesera,2026-01-12,RDT,RDT kit,8,2,0,4.0
HC-BUG-02,Rilima Health Center,Bugesera,2026-01-12,injectable_artesunate,"injectable artesunate vial (logistics unit, not a dose)",7,0,0,52.0
HC-BUG-02,Rilima Health Center,Bugesera,2026-01-19,ACT,"ACT course (logistics unit, not a dose)",9,0,0,52.0
HC-BUG-02,Rilima Health Center,Bugesera,2026-01-19,RDT,RDT kit,2,2,0,1.0
HC-BUG-02,Rilima Health Center,Bugesera,2026-01-19,injectable_artesunate,"injectable artesunate vial (logistics unit, not a dose)",10,0,0,52.0
HC-BUG-02,Rilima Health Center,Bugesera,2026-01-26,ACT,"ACT course (logistics unit, not a dose)",6,0,0,52.0
HC-BUG-02,Rilima Health Center,Bugesera,2026-01-26,RDT,RDT kit,21,2,0,10.5
HC-BUG-02,Rilima Health Center,Bugesera,2026-01-26,injectable_artesunate,"injectable artesunate vial (logistics unit, not a dose)",4,0,0,52.0
HC-BUG-02,Rilima Health Center,Bugesera,2026-02-02,ACT,"ACT course (logistics unit, not a dose)",3,1,0,3.0
HC-BUG-02,Rilima Health Center,Bugesera,2026-02-02,RDT,RDT kit,3,3,0,1.0
HC-BUG-02,Rilima Health Center,Bugesera,2026-02-02,injectable_artesunate,"injectable artesunate vial (logistics unit, not a dose)",5,0,0,52.0
HC-BUG-02,Rilima Health Center,Bugesera,2026-02-09,ACT,"ACT course (logistics unit, not a dose)",13,2,0,6.5
HC-BUG-02,Rilima Health Center,Bugesera,2026-02-09,RDT,RDT kit,12,1,0,12.0
HC-BUG-02,Rilima Health Center,Bugesera,2026-02-09,injectable_artesunate,"injectable artesunate vial (logistics unit, not a dose)",7,1,0,7.0
HC-BUG-02,Rilima Health Center,Bugesera,2026-02-16,ACT,"ACT course (logistics unit, not a dose)",1,1,0,1.0
HC-BUG-02,Rilima Health Center,Bugesera,2026-02-16,RDT,RDT kit,12,0,0,52.0
HC-BUG-02,Rilima Health Center,Bugesera,2026-02-16,injectable_artesunate,"injectable artesunate vial (logistics unit, not a dose)",12,0,0,52.0
HC-BUG-02,Rilima Health Center,Bugesera,2026-02-23,ACT,"ACT course (logistics unit, not a dose)",9,0,0,52.0
HC-BUG-02,Rilima Health Center,Bugesera,2026-02-23,RDT,RDT kit,0,2,1,0.0
HC-BUG-02,Rilima Health Center,Bugesera,2026-02-23,injectable_artesunate,"injectable artesunate vial (logistics unit, not a dose)",9,1,0,9.0
HC-BUG-02,Rilima Health Center,Bugesera,2026-03-02,ACT,"ACT course (logistics unit, not a dose)",23,5,0,4.6
HC-BUG-02,Rilima Health Center,Bugesera,2026-03-02,RDT,RDT kit,6,1,0,6.0
HC-BUG-02,Rilima Health Center,Bugesera,2026-03-02,injectable_artesunate,"injectable artesunate vial (logistics unit, not a dose)",10,0,0,52.0
HC-BUG-02,Rilima Health Center,Bugesera,2026-03-09,ACT,"ACT course (logistics unit, not a dose)",9,1,0,9.0
HC-BUG-02,Rilima Health Center,Bugesera,2026-03-09,RDT,RDT kit,47,5,0,9.4
HC-BUG-02,Rilima Health Center,Bugesera,2026-03-09,injectable_artesunate,"injectable artesunate vial (logistics unit, not a dose)",12,1,0,12.0
HC-BUG-02,Rilima Health Center,Bugesera,2026-03-16,ACT,"ACT course (logistics unit, not a dose)",5,0,0,52.0
HC-BUG-02,Rilima Health Center,Bugesera,2026-03-16,RDT,RDT kit,5,1,0,5.0
HC-BUG-02,Rilima Health Center,Bugesera,2026-03-16,injectable_artesunate,"injectable artesunate vial (logistics unit, not a dose)",11,0,0,52.0
HC-BUG-02,Rilima Health Center,Bugesera,2026-03-23,ACT,"ACT course (logistics unit, not a dose)",5,1,0,5.0
HC-BUG-02,Rilima Health Center,Bugesera,2026-03-23,RDT,RDT kit,5,1,0,5.0
HC-BUG-02,Rilima Health Center,Bugesera,2026-03-23,injectable_artesunate,"injectable artesunate vial (logistics unit, not a dose)",10,0,0,52.0
HC-BUG-02,Rilima Health Center,Bugesera,2026-03-30,ACT,"ACT course (logistics unit, not a dose)",6,0,0,52.0
HC-BUG-02,Rilima Health Center,Bugesera,2026-03-30,RDT,RDT kit,10,3,0,3.33
HC-BUG-02,Rilima Health Center,Bugesera,2026-03-30,injectable_artesunate,"injectable artesunate vial (logistics unit, not a dose)",10,0,0,52.0
HC-BUG-02,Rilima Health Center,Bugesera,2026-04-06,ACT,"ACT course (logistics unit, not a dose)",7,2,0,3.5
HC-BUG-02,Rilima Health Center,Bugesera,2026-04-06,RDT,RDT kit,66,6,0,11.0
HC-BUG-02,Rilima Health Center,Bugesera,2026-04-06,injectable_artesunate,"injectable artesunate vial (logistics unit, not a dose)",0,0,1,0.0
HC-BUG-02,Rilima Health Center,Bugesera,2026-04-13,ACT,"ACT course (logistics unit, not a dose)",7,0,0,52.0
HC-BUG-02,Rilima Health Center,Bugesera,2026-04-13,RDT,RDT kit,4,5,0,0.8
HC-BUG-02,Rilima Health Center,Bugesera,2026-04-13,injectable_artesunate,"injectable artesunate vial (logistics unit, not a dose)",3,0,0,52.0
HC-BUG-02,Rilima Health Center,Bugesera,2026-04-20,ACT,"ACT course (logistics unit, not a dose)",32,4,0,8.0
HC-BUG-02,Rilima Health Center,Bugesera,2026-04-20,RDT,RDT kit,21,5,0,4.2
HC-BUG-02,Rilima Health Center,Bugesera,2026-04-20,injectable_artesunate,"injectable artesunate vial (logistics unit, not a dose)",9,0,0,52.0
HC-BUG-02,Rilima Health Center,Bugesera,2026-04-27,ACT,"ACT course (logistics unit, not a dose)",27,3,0,9.0
HC-BUG-02,Rilima Health Center,Bugesera,2026-04-27,RDT,RDT kit,20,3,0,6.67
HC-BUG-02,Rilima Health Center,Bugesera,2026-04-27,injectable_artesunate,"injectable artesunate vial (logistics unit, not a dose)",0,0,1,0.0
HC-BUG-02,Rilima Health Center,Bugesera,2026-05-04,ACT,"ACT course (logistics unit, not a dose)",7,1,0,7.0
HC-BUG-02,Rilima Health Center,Bugesera,2026-05-04,RDT,RDT kit,6,1,0,6.0
HC-BUG-02,Rilima Health Center,Bugesera,2026-05-04,injectable_artesunate,"injectable artesunate vial (logistics unit, not a dose)",11,1,0,11.0
HC-BUG-02,Rilima Health Center,Bugesera,2026-05-11,ACT,"ACT course (logistics unit, not a dose)",5,1,0,5.0
HC-BUG-02,Rilima Health Center,Bugesera,2026-05-11,RDT,RDT kit,30,4,0,7.5
HC-BUG-02,Rilima Health Center,Bugesera,2026-05-11,injectable_artesunate,"injectable artesunate vial (logistics unit, not a dose)",6,0,0,52.0
HC-BUG-02,Rilima Health Center,Bugesera,2026-05-18,ACT,"ACT course (logistics unit, not a dose)",4,1,0,4.0
HC-BUG-02,Rilima Health Center,Bugesera,2026-05-18,RDT,RDT kit,19,6,0,3.17
HC-BUG-02,Rilima Health Center,Bugesera,2026-05-18,injectable_artesunate,"injectable artesunate vial (logistics unit, not a dose)",0,0,1,0.0
HC-BUG-02,Rilima Health Center,Bugesera,2026-05-25,ACT,"ACT course (logistics unit, not a dose)",0,4,1,0.0
HC-BUG-02,Rilima Health Center,Bugesera,2026-05-25,RDT,RDT kit,1,2,0,0.5
HC-BUG-02,Rilima Health Center,Bugesera,2026-05-25,injectable_artesunate,"injectable artesunate vial (logistics unit, not a dose)",11,0,0,52.0
HC-BUG-02,Rilima Health Center,Bugesera,2026-06-01,ACT,"ACT course (logistics unit, not a dose)",20,2,0,10.0
HC-BUG-02,Rilima Health Center,Bugesera,2026-06-01,RDT,RDT kit,3,3,0,1.0
HC-BUG-02,Rilima Health Center,Bugesera,2026-06-01,injectable_artesunate,"injectable artesunate vial (logistics unit, not a dose)",11,0,0,52.0
HC-BUG-02,Rilima Health Center,Bugesera,2026-06-08,ACT,"ACT course (logistics unit, not a dose)",7,0,0,52.0
HC-BUG-02,Rilima Health Center,Bugesera,2026-06-08,RDT,RDT kit,21,2,0,10.5
HC-BUG-02,Rilima Health Center,Bugesera,2026-06-08,injectable_artesunate,"injectable artesunate vial (logistics unit, not a dose)",7,0,0,52.0
HC-BUG-02,Rilima Health Center,Bugesera,2026-06-15,ACT,"ACT course (logistics unit, not a dose)",11,0,0,52.0
HC-BUG-02,Rilima Health Center,Bugesera,2026-06-15,RDT,RDT kit,6,0,0,52.0
HC-BUG-02,Rilima Health Center,Bugesera,2026-06-15,injectable_artesunate,"injectable artesunate vial (logistics unit, not a dose)",10,0,0,52.0
HC-BUG-02,Rilima Health Center,Bugesera,2026-06-22,ACT,"ACT course (logistics unit, not a dose)",9,1,0,9.0
HC-BUG-02,Rilima Health Center,Bugesera,2026-06-22,RDT,RDT kit,13,2,0,6.5
HC-BUG-02,Rilima Health Center,Bugesera,2026-06-22,injectable_artesunate,"injectable artesunate vial (logistics unit, not a dose)",6,0,0,52.0
HC-BUG-02,Rilima Health Center,Bugesera,2026-06-29,ACT,"ACT course (logistics unit, not a dose)",15,2,0,7.5
HC-BUG-02,Rilima Health Center,Bugesera,2026-06-29,RDT,RDT kit,20,4,0,5.0
HC-BUG-02,Rilima Health Center,Bugesera,2026-06-29,injectable_artesunate,"injectable artesunate vial (logistics unit, not a dose)",1,0,0,52.0
HC-BUG-02,Rilima Health Center,Bugesera,2026-07-06,ACT,"ACT course (logistics unit, not a dose)",9,1,0,9.0
HC-BUG-02,Rilima Health Center,Bugesera,2026-07-06,RDT,RDT kit,39,4,0,9.75
HC-BUG-02,Rilima Health Center,Bugesera,2026-07-06,injectable_artesunate,"injectable artesunate vial (logistics unit, not a dose)",7,0,0,52.0
HC-BUG-02,Rilima Health Center,Bugesera,2026-07-13,ACT,"ACT course (logistics unit, not a dose)",1,0,0,52.0
HC-BUG-02,Rilima Health Center,Bugesera,2026-07-13,RDT,RDT kit,6,0,0,52.0
HC-BUG-02,Rilima Health Center,Bugesera,2026-07-13,injectable_artesunate,"injectable artesunate vial (logistics unit, not a dose)",12,2,0,6.0
HC-BUG-02,Rilima Health Center,Bugesera,2026-07-20,ACT,"ACT course (logistics unit, not a dose)",12,0,0,52.0
HC-BUG-02,Rilima Health Center,Bugesera,2026-07-20,RDT,RDT kit,19,2,0,9.5
HC-BUG-02,Rilima Health Center,Bugesera,2026-07-20,injectable_artesunate,"injectable artesunate vial (logistics unit, not a dose)",11,0,0,52.0
HC-BUG-02,Rilima Health Center,Bugesera,2026-07-27,ACT,"ACT course (logistics unit, not a dose)",7,1,0,7.0
HC-BUG-02,Rilima Health Center,Bugesera,2026-07-27,RDT,RDT kit,4,1,0,4.0
HC-BUG-02,Rilima Health Center,Bugesera,2026-07-27,injectable_artesunate,"injectable artesunate vial (logistics unit, not a dose)",8,0,0,52.0
HC-BUG-02,Rilima Health Center,Bugesera,2026-08-03,ACT,"ACT course (logistics unit, not a dose)",7,1,0,7.0
HC-BUG-02,Rilima Health Center,Bugesera,2026-08-03,RDT,RDT kit,20,2,0,10.0
HC-BUG-02,Rilima Health Center,Bugesera,2026-08-03,injectable_artesunate,"injectable artesunate vial (logistics unit, not a dose)",6,1,0,6.0
HC-BUG-02,Rilima Health Center,Bugesera,2026-08-10,ACT,"ACT course (logistics unit, not a dose)",7,1,0,7.0
HC-BUG-02,Rilima Health Center,Bugesera,2026-08-10,RDT,RDT kit,10,0,0,52.0
HC-BUG-02,Rilima Health Center,Bugesera,2026-08-10,injectable_artesunate,"injectable artesunate vial (logistics unit, not a dose)",3,0,0,52.0
HC-BUG-02,Rilima Health Center,Bugesera,2026-08-17,ACT,"ACT course (logistics unit, not a dose)",7,0,0,52.0
HC-BUG-02,Rilima Health Center,Bugesera,2026-08-17,RDT,RDT kit,9,2,0,4.5
HC-BUG-02,Rilima Health Center,Bugesera,2026-08-17,injectable_artesunate,"injectable artesunate vial (logistics unit, not a dose)",10,0,0,52.0
HC-BUG-02,Rilima Health Center,Bugesera,2026-08-24,ACT,"ACT course (logistics unit, not a dose)",9,1,0,9.0
HC-BUG-02,Rilima Health Center,Bugesera,2026-08-24,RDT,RDT kit,16,2,0,8.0
HC-BUG-02,Rilima Health Center,Bugesera,2026-08-24,injectable_artesunate,"injectable artesunate vial (logistics unit, not a dose)",9,0,0,52.0
HC-BUG-02,Rilima Health Center,Bugesera,2026-08-31,ACT,"ACT course (logistics unit, not a dose)",10,1,0,10.0
HC-BUG-02,Rilima Health Center,Bugesera,2026-08-31,RDT,RDT kit,18,3,0,6.0
HC-BUG-02,Rilima Health Center,Bugesera,2026-08-31,injectable_artesunate,"injectable artesunate vial (logistics unit, not a dose)",9,0,0,52.0
HC-BUG-02,Rilima Health Center,Bugesera,2026-09-07,ACT,"ACT course (logistics unit, not a dose)",0,3,1,0.0
HC-BUG-02,Rilima Health Center,Bugesera,2026-09-07,RDT,RDT kit,31,3,0,10.33
HC-BUG-02,Rilima Health Center,Bugesera,2026-09-07,injectable_artesunate,"injectable artesunate vial (logistics unit, not a dose)",4,0,0,52.0
HC-BUG-02,Rilima Health Center,Bugesera,2026-09-14,ACT,"ACT course (logistics unit, not a dose)",0,1,1,0.0
HC-BUG-02,Rilima Health Center,Bugesera,2026-09-14,RDT,RDT kit,36,4,0,9.0
HC-BUG-02,Rilima Health Center,Bugesera,2026-09-14,injectable_artesunate,"injectable artesunate vial (logistics unit, not a dose)",6,0,0,52.0
HC-BUG-02,Rilima Health Center,Bugesera,2026-09-21,ACT,"ACT course (logistics unit, not a dose)",0,1,1,0.0
HC-BUG-02,Rilima Health Center,Bugesera,2026-09-21,RDT,RDT kit,16,2,0,8.0
HC-BUG-02,Rilima Health Center,Bugesera,2026-09-21,injectable_artesunate,"injectable artesunate vial (logistics unit, not a dose)",9,0,0,52.0
HC-BUG-02,Rilima Health Center,Bugesera,2026-09-28,ACT,"ACT course (logistics unit, not a dose)",0,1,1,0.0
HC-BUG-02,Rilima Health Center,Bugesera,2026-09-28,RDT,RDT kit,1,1,0,1.0
HC-BUG-02,Rilima Health Center,Bugesera,2026-09-28,injectable_artesunate,"injectable artesunate vial (logistics unit, not a dose)",6,0,0,52.0
HC-BUG-03,Mayange Health Center,Bugesera,2024-09-30,ACT,"ACT course (logistics unit, not a dose)",2,2,0,1.0
HC-BUG-03,Mayange Health Center,Bugesera,2024-09-30,RDT,RDT kit,13,2,0,6.5
HC-BUG-03,Mayange Health Center,Bugesera,2024-09-30,injectable_artesunate,"injectable artesunate vial (logistics unit, not a dose)",7,0,0,52.0
HC-BUG-03,Mayange Health Center,Bugesera,2024-10-07,ACT,"ACT course (logistics unit, not a dose)",19,2,0,9.5
HC-BUG-03,Mayange Health Center,Bugesera,2024-10-07,RDT,RDT kit,2,4,0,0.5
HC-BUG-03,Mayange Health Center,Bugesera,2024-10-07,injectable_artesunate,"injectable artesunate vial (logistics unit, not a dose)",9,1,0,9.0
HC-BUG-03,Mayange Health Center,Bugesera,2024-10-14,ACT,"ACT course (logistics unit, not a dose)",28,4,0,7.0
HC-BUG-03,Mayange Health Center,Bugesera,2024-10-14,RDT,RDT kit,7,1,0,7.0
HC-BUG-03,Mayange Health Center,Bugesera,2024-10-14,injectable_artesunate,"injectable artesunate vial (logistics unit, not a dose)",5,0,0,52.0
HC-BUG-03,Mayange Health Center,Bugesera,2024-10-21,ACT,"ACT course (logistics unit, not a dose)",14,2,0,7.0
HC-BUG-03,Mayange Health Center,Bugesera,2024-10-21,RDT,RDT kit,6,0,0,52.0
HC-BUG-03,Mayange Health Center,Bugesera,2024-10-21,injectable_artesunate,"injectable artesunate vial (logistics unit, not a dose)",7,0,0,52.0
HC-BUG-03,Mayange Health Center,Bugesera,2024-10-28,ACT,"ACT course (logistics unit, not a dose)",12,0,0,52.0
HC-BUG-03,Mayange Health Center,Bugesera,2024-10-28,RDT,RDT kit,21,3,0,7.0
HC-BUG-03,Mayange Health Center,Bugesera,2024-10-28,injectable_artesunate,"injectable artesunate vial (logistics unit, not a dose)",7,0,0,52.0
HC-BUG-03,Mayange Health Center,Bugesera,2024-11-04,ACT,"ACT course (logistics unit, not a dose)",10,1,0,10.0
HC-BUG-03,Mayange Health Center,Bugesera,2024-11-04,RDT,RDT kit,6,0,0,52.0
HC-BUG-03,Mayange Health Center,Bugesera,2024-11-04,injectable_artesunate,"injectable artesunate vial (logistics unit, not a dose)",0,1,1,0.0
HC-BUG-03,Mayange Health Center,Bugesera,2024-11-11,ACT,"ACT course (logistics unit, not a dose)",11,2,0,5.5
HC-BUG-03,Mayange Health Center,Bugesera,2024-11-11,RDT,RDT kit,19,5,0,3.8
HC-BUG-03,Mayange Health Center,Bugesera,2024-11-11,injectable_artesunate,"injectable artesunate vial (logistics unit, not a dose)",3,1,0,3.0
HC-BUG-03,Mayange Health Center,Bugesera,2024-11-18,ACT,"ACT course (logistics unit, not a dose)",53,6,0,8.83
HC-BUG-03,Mayange Health Center,Bugesera,2024-11-18,RDT,RDT kit,38,7,0,5.43
HC-BUG-03,Mayange Health Center,Bugesera,2024-11-18,injectable_artesunate,"injectable artesunate vial (logistics unit, not a dose)",6,0,0,52.0
HC-BUG-03,Mayange Health Center,Bugesera,2024-11-25,ACT,"ACT course (logistics unit, not a dose)",8,0,0,52.0
HC-BUG-03,Mayange Health Center,Bugesera,2024-11-25,RDT,RDT kit,30,3,0,10.0
HC-BUG-03,Mayange Health Center,Bugesera,2024-11-25,injectable_artesunate,"injectable artesunate vial (logistics unit, not a dose)",1,1,0,1.0
HC-BUG-03,Mayange Health Center,Bugesera,2024-12-02,ACT,"ACT course (logistics unit, not a dose)",11,0,0,52.0
HC-BUG-03,Mayange Health Center,Bugesera,2024-12-02,RDT,RDT kit,2,2,0,1.0
HC-BUG-03,Mayange Health Center,Bugesera,2024-12-02,injectable_artesunate,"injectable artesunate vial (logistics unit, not a dose)",2,2,0,1.0
HC-BUG-03,Mayange Health Center,Bugesera,2024-12-09,ACT,"ACT course (logistics unit, not a dose)",4,1,0,4.0
HC-BUG-03,Mayange Health Center,Bugesera,2024-12-09,RDT,RDT kit,12,2,0,6.0
HC-BUG-03,Mayange Health Center,Bugesera,2024-12-09,injectable_artesunate,"injectable artesunate vial (logistics unit, not a dose)",1,0,0,52.0
HC-BUG-03,Mayange Health Center,Bugesera,2024-12-16,ACT,"ACT course (logistics unit, not a dose)",12,1,0,12.0
HC-BUG-03,Mayange Health Center,Bugesera,2024-12-16,RDT,RDT kit,23,2,0,11.5
HC-BUG-03,Mayange Health Center,Bugesera,2024-12-16,injectable_artesunate,"injectable artesunate vial (logistics unit, not a dose)",8,0,0,52.0
HC-BUG-03,Mayange Health Center,Bugesera,2024-12-23,ACT,"ACT course (logistics unit, not a dose)",9,3,0,3.0
HC-BUG-03,Mayange Health Center,Bugesera,2024-12-23,RDT,RDT kit,42,4,0,10.5
HC-BUG-03,Mayange Health Center,Bugesera,2024-12-23,injectable_artesunate,"injectable artesunate vial (logistics unit, not a dose)",7,1,0,7.0
HC-BUG-03,Mayange Health Center,Bugesera,2024-12-30,ACT,"ACT course (logistics unit, not a dose)",9,2,0,4.5
HC-BUG-03,Mayange Health Center,Bugesera,2024-12-30,RDT,RDT kit,0,1,1,0.0
HC-BUG-03,Mayange Health Center,Bugesera,2024-12-30,injectable_artesunate,"injectable artesunate vial (logistics unit, not a dose)",8,1,0,8.0
HC-BUG-03,Mayange Health Center,Bugesera,2025-01-06,ACT,"ACT course (logistics unit, not a dose)",12,0,0,52.0
HC-BUG-03,Mayange Health Center,Bugesera,2025-01-06,RDT,RDT kit,10,1,0,10.0
HC-BUG-03,Mayange Health Center,Bugesera,2025-01-06,injectable_artesunate,"injectable artesunate vial (logistics unit, not a dose)",6,0,0,52.0
HC-BUG-03,Mayange Health Center,Bugesera,2025-01-13,ACT,"ACT course (logistics unit, not a dose)",1,0,0,52.0
HC-BUG-03,Mayange Health Center,Bugesera,2025-01-13,RDT,RDT kit,17,2,0,8.5
HC-BUG-03,Mayange Health Center,Bugesera,2025-01-13,injectable_artesunate,"injectable artesunate vial (logistics unit, not a dose)",4,1,0,4.0
HC-BUG-03,Mayange Health Center,Bugesera,2025-01-20,ACT,"ACT course (logistics unit, not a dose)",6,1,0,6.0
HC-BUG-03,Mayange Health Center,Bugesera,2025-01-20,RDT,RDT kit,27,3,0,9.0
HC-BUG-03,Mayange Health Center,Bugesera,2025-01-20,injectable_artesunate,"injectable artesunate vial (logistics unit, not a dose)",9,0,0,52.0
HC-BUG-03,Mayange Health Center,Bugesera,2025-01-27,ACT,"ACT course (logistics unit, not a dose)",12,0,0,52.0
HC-BUG-03,Mayange Health Center,Bugesera,2025-01-27,RDT,RDT kit,8,1,0,8.0
HC-BUG-03,Mayange Health Center,Bugesera,2025-01-27,injectable_artesunate,"injectable artesunate vial (logistics unit, not a dose)",11,1,0,11.0
HC-BUG-03,Mayange Health Center,Bugesera,2025-02-03,ACT,"ACT course (logistics unit, not a dose)",12,1,0,12.0
HC-BUG-03,Mayange Health Center,Bugesera,2025-02-03,RDT,RDT kit,9,2,0,4.5
HC-BUG-03,Mayange Health Center,Bugesera,2025-02-03,injectable_artesunate,"injectable artesunate vial (logistics unit, not a dose)",6,0,0,52.0
HC-BUG-03,Mayange Health Center,Bugesera,2025-02-10,ACT,"ACT course (logistics unit, not a dose)",21,2,0,10.5
HC-BUG-03,Mayange Health Center,Bugesera,2025-02-10,RDT,RDT kit,6,0,0,52.0
HC-BUG-03,Mayange Health Center,Bugesera,2025-02-10,injectable_artesunate,"injectable artesunate vial (logistics unit, not a dose)",6,0,0,52.0
HC-BUG-03,Mayange Health Center,Bugesera,2025-02-17,ACT,"ACT course (logistics unit, not a dose)",1,1,0,1.0
HC-BUG-03,Mayange Health Center,Bugesera,2025-02-17,RDT,RDT kit,0,1,1,0.0
HC-BUG-03,Mayange Health Center,Bugesera,2025-02-17,injectable_artesunate,"injectable artesunate vial (logistics unit, not a dose)",5,1,0,5.0
HC-BUG-03,Mayange Health Center,Bugesera,2025-02-24,ACT,"ACT course (logistics unit, not a dose)",7,0,0,52.0
HC-BUG-03,Mayange Health Center,Bugesera,2025-02-24,RDT,RDT kit,6,0,0,52.0
HC-BUG-03,Mayange Health Center,Bugesera,2025-02-24,injectable_artesunate,"injectable artesunate vial (logistics unit, not a dose)",6,0,0,52.0
HC-BUG-03,Mayange Health Center,Bugesera,2025-03-03,ACT,"ACT course (logistics unit, not a dose)",5,1,0,5.0
HC-BUG-03,Mayange Health Center,Bugesera,2025-03-03,RDT,RDT kit,23,2,0,11.5
HC-BUG-03,Mayange Health Center,Bugesera,2025-03-03,injectable_artesunate,"injectable artesunate vial (logistics unit, not a dose)",6,0,0,52.0
HC-BUG-03,Mayange Health Center,Bugesera,2025-03-10,ACT,"ACT course (logistics unit, not a dose)",15,3,0,5.0
HC-BUG-03,Mayange Health Center,Bugesera,2025-03-10,RDT,RDT kit,43,5,0,8.6
HC-BUG-03,Mayange Health Center,Bugesera,2025-03-10,injectable_artesunate,"injectable artesunate vial (logistics unit, not a dose)",8,0,0,52.0
HC-BUG-03,Mayange Health Center,Bugesera,2025-03-17,ACT,"ACT course (logistics unit, not a dose)",8,1,0,8.0
HC-BUG-03,Mayange Health Center,Bugesera,2025-03-17,RDT,RDT kit,42,4,0,10.5
HC-BUG-03,Mayange Health Center,Bugesera,2025-03-17,injectable_artesunate,"injectable artesunate vial (logistics unit, not a dose)",3,1,0,3.0
HC-BUG-03,Mayange Health Center,Bugesera,2025-03-24,ACT,"ACT course (logistics unit, not a dose)",3,0,0,52.0
HC-BUG-03,Mayange Health Center,Bugesera,2025-03-24,RDT,RDT kit,1,3,0,0.33
HC-BUG-03,Mayange Health Center,Bugesera,2025-03-24,injectable_artesunate,"injectable artesunate vial (logistics unit, not a dose)",10,1,0,10.0
HC-BUG-03,Mayange Health Center,Bugesera,2025-03-31,ACT,"ACT course (logistics unit, not a dose)",15,3,0,5.0
HC-BUG-03,Mayange Health Center,Bugesera,2025-03-31,RDT,RDT kit,28,4,0,7.0
HC-BUG-03,Mayange Health Center,Bugesera,2025-03-31,injectable_artesunate,"injectable artesunate vial (logistics unit, not a dose)",5,0,0,52.0
HC-BUG-03,Mayange Health Center,Bugesera,2025-04-07,ACT,"ACT course (logistics unit, not a dose)",1,1,0,1.0
HC-BUG-03,Mayange Health Center,Bugesera,2025-04-07,RDT,RDT kit,4,5,0,0.8
HC-BUG-03,Mayange Health Center,Bugesera,2025-04-07,injectable_artesunate,"injectable artesunate vial (logistics unit, not a dose)",5,0,0,52.0
HC-BUG-03,Mayange Health Center,Bugesera,2025-04-14,ACT,"ACT course (logistics unit, not a dose)",17,2,0,8.5
HC-BUG-03,Mayange Health Center,Bugesera,2025-04-14,RDT,RDT kit,28,5,0,5.6
HC-BUG-03,Mayange Health Center,Bugesera,2025-04-14,injectable_artesunate,"injectable artesunate vial (logistics unit, not a dose)",8,0,0,52.0
HC-BUG-03,Mayange Health Center,Bugesera,2025-04-21,ACT,"ACT course (logistics unit, not a dose)",27,4,0,6.75
HC-BUG-03,Mayange Health Center,Bugesera,2025-04-21,RDT,RDT kit,25,3,0,8.33
HC-BUG-03,Mayange Health Center,Bugesera,2025-04-21,injectable_artesunate,"injectable artesunate vial (logistics unit, not a dose)",9,0,0,52.0
HC-BUG-03,Mayange Health Center,Bugesera,2025-04-28,ACT,"ACT course (logistics unit, not a dose)",0,3,1,0.0
HC-BUG-03,Mayange Health Center,Bugesera,2025-04-28,RDT,RDT kit,37,4,0,9.25
HC-BUG-03,Mayange Health Center,Bugesera,2025-04-28,injectable_artesunate,"injectable artesunate vial (logistics unit, not a dose)",0,0,1,0.0
HC-BUG-03,Mayange Health Center,Bugesera,2025-05-05,ACT,"ACT course (logistics unit, not a dose)",17,2,0,8.5
HC-BUG-03,Mayange Health Center,Bugesera,2025-05-05,RDT,RDT kit,21,2,0,10.5
HC-BUG-03,Mayange Health Center,Bugesera,2025-05-05,injectable_artesunate,"injectable artesunate vial (logistics unit, not a dose)",0,1,1,0.0
HC-BUG-03,Mayange Health Center,Bugesera,2025-05-12,ACT,"ACT course (logistics unit, not a dose)",0,2,1,0.0
HC-BUG-03,Mayange Health Center,Bugesera,2025-05-12,RDT,RDT kit,23,4,0,5.75
HC-BUG-03,Mayange Health Center,Bugesera,2025-05-12,injectable_artesunate,"injectable artesunate vial (logistics unit, not a dose)",0,0,1,0.0
HC-BUG-03,Mayange Health Center,Bugesera,2025-05-19,ACT,"ACT course (logistics unit, not a dose)",4,1,0,4.0
HC-BUG-03,Mayange Health Center,Bugesera,2025-05-19,RDT,RDT kit,5,0,0,52.0
HC-BUG-03,Mayange Health Center,Bugesera,2025-05-19,injectable_artesunate,"injectable artesunate vial (logistics unit, not a dose)",6,0,0,52.0
HC-BUG-03,Mayange Health Center,Bugesera,2025-05-26,ACT,"ACT course (logistics unit, not a dose)",30,3,0,10.0
HC-BUG-03,Mayange Health Center,Bugesera,2025-05-26,RDT,RDT kit,60,6,0,10.0
HC-BUG-03,Mayange Health Center,Bugesera,2025-05-26,injectable_artesunate,"injectable artesunate vial (logistics unit, not a dose)",4,0,0,52.0
HC-BUG-03,Mayange Health Center,Bugesera,2025-06-02,ACT,"ACT course (logistics unit, not a dose)",8,0,0,52.0
HC-BUG-03,Mayange Health Center,Bugesera,2025-06-02,RDT,RDT kit,7,1,0,7.0
HC-BUG-03,Mayange Health Center,Bugesera,2025-06-02,injectable_artesunate,"injectable artesunate vial (logistics unit, not a dose)",7,0,0,52.0
HC-BUG-03,Mayange Health Center,Bugesera,2025-06-09,ACT,"ACT course (logistics unit, not a dose)",20,2,0,10.0
HC-BUG-03,Mayange Health Center,Bugesera,2025-06-09,RDT,RDT kit,4,0,0,52.0
HC-BUG-03,Mayange Health Center,Bugesera,2025-06-09,injectable_artesunate,"injectable artesunate vial (logistics unit, not a dose)",8,1,0,8.0
HC-BUG-03,Mayange Health Center,Bugesera,2025-06-16,ACT,"ACT course (logistics unit, not a dose)",13,2,0,6.5
HC-BUG-03,Mayange Health Center,Bugesera,2025-06-16,RDT,RDT kit,8,1,0,8.0
HC-BUG-03,Mayange Health Center,Bugesera,2025-06-16,injectable_artesunate,"injectable artesunate vial (logistics unit, not a dose)",6,0,0,52.0
HC-BUG-03,Mayange Health Center,Bugesera,2025-06-23,ACT,"ACT course (logistics unit, not a dose)",12,0,0,52.0
HC-BUG-03,Mayange Health Center,Bugesera,2025-06-23,RDT,RDT kit,28,6,0,4.67
HC-BUG-03,Mayange Health Center,Bugesera,2025-06-23,injectable_artesunate,"injectable artesunate vial (logistics unit, not a dose)",10,0,0,52.0
HC-BUG-03,Mayange Health Center,Bugesera,2025-06-30,ACT,"ACT course (logistics unit, not a dose)",13,2,0,6.5
HC-BUG-03,Mayange Health Center,Bugesera,2025-06-30,RDT,RDT kit,1,1,0,1.0
HC-BUG-03,Mayange Health Center,Bugesera,2025-06-30,injectable_artesunate,"injectable artesunate vial (logistics unit, not a dose)",8,0,0,52.0
HC-BUG-03,Mayange Health Center,Bugesera,2025-07-07,ACT,"ACT course (logistics unit, not a dose)",6,0,0,52.0
HC-BUG-03,Mayange Health Center,Bugesera,2025-07-07,RDT,RDT kit,13,2,0,6.5
HC-BUG-03,Mayange Health Center,Bugesera,2025-07-07,injectable_artesunate,"injectable artesunate vial (logistics unit, not a dose)",5,0,0,52.0
HC-BUG-03,Mayange Health Center,Bugesera,2025-07-14,ACT,"ACT course (logistics unit, not a dose)",10,2,0,5.0
HC-BUG-03,Mayange Health Center,Bugesera,2025-07-14,RDT,RDT kit,6,0,0,52.0
HC-BUG-03,Mayange Health Center,Bugesera,2025-07-14,injectable_artesunate,"injectable artesunate vial (logistics unit, not a dose)",9,1,0,9.0
HC-BUG-03,Mayange Health Center,Bugesera,2025-07-21,ACT,"ACT course (logistics unit, not a dose)",0,1,1,0.0
HC-BUG-03,Mayange Health Center,Bugesera,2025-07-21,RDT,RDT kit,43,5,0,8.6
HC-BUG-03,Mayange Health Center,Bugesera,2025-07-21,injectable_artesunate,"injectable artesunate vial (logistics unit, not a dose)",9,1,0,9.0
HC-BUG-03,Mayange Health Center,Bugesera,2025-07-28,ACT,"ACT course (logistics unit, not a dose)",4,1,0,4.0
HC-BUG-03,Mayange Health Center,Bugesera,2025-07-28,RDT,RDT kit,11,2,0,5.5
HC-BUG-03,Mayange Health Center,Bugesera,2025-07-28,injectable_artesunate,"injectable artesunate vial (logistics unit, not a dose)",7,0,0,52.0
HC-BUG-03,Mayange Health Center,Bugesera,2025-08-04,ACT,"ACT course (logistics unit, not a dose)",10,0,0,52.0
HC-BUG-03,Mayange Health Center,Bugesera,2025-08-04,RDT,RDT kit,6,2,0,3.0
HC-BUG-03,Mayange Health Center,Bugesera,2025-08-04,injectable_artesunate,"injectable artesunate vial (logistics unit, not a dose)",11,0,0,52.0
HC-BUG-03,Mayange Health Center,Bugesera,2025-08-11,ACT,"ACT course (logistics unit, not a dose)",8,0,0,52.0
HC-BUG-03,Mayange Health Center,Bugesera,2025-08-11,RDT,RDT kit,1,1,0,1.0
HC-BUG-03,Mayange Health Center,Bugesera,2025-08-11,injectable_artesunate,"injectable artesunate vial (logistics unit, not a dose)",7,0,0,52.0
HC-BUG-03,Mayange Health Center,Bugesera,2025-08-18,ACT,"ACT course (logistics unit, not a dose)",6,1,0,6.0
HC-BUG-03,Mayange Health Center,Bugesera,2025-08-18,RDT,RDT kit,50,7,0,7.14
HC-BUG-03,Mayange Health Center,Bugesera,2025-08-18,injectable_artesunate,"injectable artesunate vial (logistics unit, not a dose)",11,1,0,11.0
HC-BUG-03,Mayange Health Center,Bugesera,2025-08-25,ACT,"ACT course (logistics unit, not a dose)",9,0,0,52.0
HC-BUG-03,Mayange Health Center,Bugesera,2025-08-25,RDT,RDT kit,20,2,0,10.0
HC-BUG-03,Mayange Health Center,Bugesera,2025-08-25,injectable_artesunate,"injectable artesunate vial (logistics unit, not a dose)",10,0,0,52.0
HC-BUG-03,Mayange Health Center,Bugesera,2025-09-01,ACT,"ACT course (logistics unit, not a dose)",1,0,0,52.0
HC-BUG-03,Mayange Health Center,Bugesera,2025-09-01,RDT,RDT kit,6,1,0,6.0
HC-BUG-03,Mayange Health Center,Bugesera,2025-09-01,injectable_artesunate,"injectable artesunate vial (logistics unit, not a dose)",5,0,0,52.0
HC-BUG-03,Mayange Health Center,Bugesera,2025-09-08,ACT,"ACT course (logistics unit, not a dose)",23,2,0,11.5
HC-BUG-03,Mayange Health Center,Bugesera,2025-09-08,RDT,RDT kit,12,1,0,12.0
HC-BUG-03,Mayange Health Center,Bugesera,2025-09-08,injectable_artesunate,"injectable artesunate vial (logistics unit, not a dose)",0,0,1,0.0
HC-BUG-03,Mayange Health Center,Bugesera,2025-09-15,ACT,"ACT course (logistics unit, not a dose)",5,0,0,52.0
HC-BUG-03,Mayange Health Center,Bugesera,2025-09-15,RDT,RDT kit,1,1,0,1.0
HC-BUG-03,Mayange Health Center,Bugesera,2025-09-15,injectable_artesunate,"injectable artesunate vial (logistics unit, not a dose)",8,0,0,52.0
HC-BUG-03,Mayange Health Center,Bugesera,2025-09-22,ACT,"ACT course (logistics unit, not a dose)",4,0,0,52.0
HC-BUG-03,Mayange Health Center,Bugesera,2025-09-22,RDT,RDT kit,1,2,0,0.5
HC-BUG-03,Mayange Health Center,Bugesera,2025-09-22,injectable_artesunate,"injectable artesunate vial (logistics unit, not a dose)",11,0,0,52.0
HC-BUG-03,Mayange Health Center,Bugesera,2025-09-29,ACT,"ACT course (logistics unit, not a dose)",0,2,1,0.0
HC-BUG-03,Mayange Health Center,Bugesera,2025-09-29,RDT,RDT kit,4,1,0,4.0
HC-BUG-03,Mayange Health Center,Bugesera,2025-09-29,injectable_artesunate,"injectable artesunate vial (logistics unit, not a dose)",11,0,0,52.0
HC-BUG-03,Mayange Health Center,Bugesera,2025-10-06,ACT,"ACT course (logistics unit, not a dose)",11,1,0,11.0
HC-BUG-03,Mayange Health Center,Bugesera,2025-10-06,RDT,RDT kit,11,0,0,52.0
HC-BUG-03,Mayange Health Center,Bugesera,2025-10-06,injectable_artesunate,"injectable artesunate vial (logistics unit, not a dose)",7,0,0,52.0
HC-BUG-03,Mayange Health Center,Bugesera,2025-10-13,ACT,"ACT course (logistics unit, not a dose)",4,1,0,4.0
HC-BUG-03,Mayange Health Center,Bugesera,2025-10-13,RDT,RDT kit,22,2,0,11.0
HC-BUG-03,Mayange Health Center,Bugesera,2025-10-13,injectable_artesunate,"injectable artesunate vial (logistics unit, not a dose)",11,0,0,52.0
HC-BUG-03,Mayange Health Center,Bugesera,2025-10-20,ACT,"ACT course (logistics unit, not a dose)",0,2,1,0.0
HC-BUG-03,Mayange Health Center,Bugesera,2025-10-20,RDT,RDT kit,6,1,0,6.0
HC-BUG-03,Mayange Health Center,Bugesera,2025-10-20,injectable_artesunate,"injectable artesunate vial (logistics unit, not a dose)",5,0,0,52.0
HC-BUG-03,Mayange Health Center,Bugesera,2025-10-27,ACT,"ACT course (logistics unit, not a dose)",8,0,0,52.0
HC-BUG-03,Mayange Health Center,Bugesera,2025-10-27,RDT,RDT kit,31,3,0,10.33
HC-BUG-03,Mayange Health Center,Bugesera,2025-10-27,injectable_artesunate,"injectable artesunate vial (logistics unit, not a dose)",5,0,0,52.0
HC-BUG-03,Mayange Health Center,Bugesera,2025-11-03,ACT,"ACT course (logistics unit, not a dose)",10,2,0,5.0
HC-BUG-03,Mayange Health Center,Bugesera,2025-11-03,RDT,RDT kit,22,3,0,7.33
HC-BUG-03,Mayange Health Center,Bugesera,2025-11-03,injectable_artesunate,"injectable artesunate vial (logistics unit, not a dose)",0,1,1,0.0
HC-BUG-03,Mayange Health Center,Bugesera,2025-11-10,ACT,"ACT course (logistics unit, not a dose)",6,1,0,6.0
HC-BUG-03,Mayange Health Center,Bugesera,2025-11-10,RDT,RDT kit,12,3,0,4.0
HC-BUG-03,Mayange Health Center,Bugesera,2025-11-10,injectable_artesunate,"injectable artesunate vial (logistics unit, not a dose)",17,3,0,5.67
HC-BUG-03,Mayange Health Center,Bugesera,2025-11-17,ACT,"ACT course (logistics unit, not a dose)",23,5,0,4.6
HC-BUG-03,Mayange Health Center,Bugesera,2025-11-17,RDT,RDT kit,27,7,0,3.86
HC-BUG-03,Mayange Health Center,Bugesera,2025-11-17,injectable_artesunate,"injectable artesunate vial (logistics unit, not a dose)",7,1,0,7.0
HC-BUG-03,Mayange Health Center,Bugesera,2025-11-24,ACT,"ACT course (logistics unit, not a dose)",24,3,0,8.0
HC-BUG-03,Mayange Health Center,Bugesera,2025-11-24,RDT,RDT kit,15,2,0,7.5
HC-BUG-03,Mayange Health Center,Bugesera,2025-11-24,injectable_artesunate,"injectable artesunate vial (logistics unit, not a dose)",4,0,0,52.0
HC-BUG-03,Mayange Health Center,Bugesera,2025-12-01,ACT,"ACT course (logistics unit, not a dose)",0,1,1,0.0
HC-BUG-03,Mayange Health Center,Bugesera,2025-12-01,RDT,RDT kit,11,1,0,11.0
HC-BUG-03,Mayange Health Center,Bugesera,2025-12-01,injectable_artesunate,"injectable artesunate vial (logistics unit, not a dose)",3,0,0,52.0
HC-BUG-03,Mayange Health Center,Bugesera,2025-12-08,ACT,"ACT course (logistics unit, not a dose)",10,1,0,10.0
HC-BUG-03,Mayange Health Center,Bugesera,2025-12-08,RDT,RDT kit,10,1,0,10.0
HC-BUG-03,Mayange Health Center,Bugesera,2025-12-08,injectable_artesunate,"injectable artesunate vial (logistics unit, not a dose)",10,0,0,52.0
HC-BUG-03,Mayange Health Center,Bugesera,2025-12-15,ACT,"ACT course (logistics unit, not a dose)",4,0,0,52.0
HC-BUG-03,Mayange Health Center,Bugesera,2025-12-15,RDT,RDT kit,7,1,0,7.0
HC-BUG-03,Mayange Health Center,Bugesera,2025-12-15,injectable_artesunate,"injectable artesunate vial (logistics unit, not a dose)",11,1,0,11.0
HC-BUG-03,Mayange Health Center,Bugesera,2025-12-22,ACT,"ACT course (logistics unit, not a dose)",11,2,0,5.5
HC-BUG-03,Mayange Health Center,Bugesera,2025-12-22,RDT,RDT kit,22,3,0,7.33
HC-BUG-03,Mayange Health Center,Bugesera,2025-12-22,injectable_artesunate,"injectable artesunate vial (logistics unit, not a dose)",0,1,1,0.0
HC-BUG-03,Mayange Health Center,Bugesera,2025-12-29,ACT,"ACT course (logistics unit, not a dose)",11,1,0,11.0
HC-BUG-03,Mayange Health Center,Bugesera,2025-12-29,RDT,RDT kit,7,2,0,3.5
HC-BUG-03,Mayange Health Center,Bugesera,2025-12-29,injectable_artesunate,"injectable artesunate vial (logistics unit, not a dose)",5,0,0,52.0
HC-BUG-03,Mayange Health Center,Bugesera,2026-01-05,ACT,"ACT course (logistics unit, not a dose)",10,2,0,5.0
HC-BUG-03,Mayange Health Center,Bugesera,2026-01-05,RDT,RDT kit,23,4,0,5.75
HC-BUG-03,Mayange Health Center,Bugesera,2026-01-05,injectable_artesunate,"injectable artesunate vial (logistics unit, not a dose)",5,0,0,52.0
HC-BUG-03,Mayange Health Center,Bugesera,2026-01-12,ACT,"ACT course (logistics unit, not a dose)",11,0,0,52.0
HC-BUG-03,Mayange Health Center,Bugesera,2026-01-12,RDT,RDT kit,1,4,0,0.25
HC-BUG-03,Mayange Health Center,Bugesera,2026-01-12,injectable_artesunate,"injectable artesunate vial (logistics unit, not a dose)",7,0,0,52.0
HC-BUG-03,Mayange Health Center,Bugesera,2026-01-19,ACT,"ACT course (logistics unit, not a dose)",11,1,0,11.0
HC-BUG-03,Mayange Health Center,Bugesera,2026-01-19,RDT,RDT kit,36,3,0,12.0
HC-BUG-03,Mayange Health Center,Bugesera,2026-01-19,injectable_artesunate,"injectable artesunate vial (logistics unit, not a dose)",11,0,0,52.0
HC-BUG-03,Mayange Health Center,Bugesera,2026-01-26,ACT,"ACT course (logistics unit, not a dose)",4,1,0,4.0
HC-BUG-03,Mayange Health Center,Bugesera,2026-01-26,RDT,RDT kit,9,1,0,9.0
HC-BUG-03,Mayange Health Center,Bugesera,2026-01-26,injectable_artesunate,"injectable artesunate vial (logistics unit, not a dose)",4,0,0,52.0
HC-BUG-03,Mayange Health Center,Bugesera,2026-02-02,ACT,"ACT course (logistics unit, not a dose)",21,2,0,10.5
HC-BUG-03,Mayange Health Center,Bugesera,2026-02-02,RDT,RDT kit,52,5,0,10.4
HC-BUG-03,Mayange Health Center,Bugesera,2026-02-02,injectable_artesunate,"injectable artesunate vial (logistics unit, not a dose)",10,0,0,52.0
HC-BUG-03,Mayange Health Center,Bugesera,2026-02-09,ACT,"ACT course (logistics unit, not a dose)",31,3,0,10.33
HC-BUG-03,Mayange Health Center,Bugesera,2026-02-09,RDT,RDT kit,7,0,0,52.0
HC-BUG-03,Mayange Health Center,Bugesera,2026-02-09,injectable_artesunate,"injectable artesunate vial (logistics unit, not a dose)",5,0,0,52.0
HC-BUG-03,Mayange Health Center,Bugesera,2026-02-16,ACT,"ACT course (logistics unit, not a dose)",11,0,0,52.0
HC-BUG-03,Mayange Health Center,Bugesera,2026-02-16,RDT,RDT kit,8,2,0,4.0
HC-BUG-03,Mayange Health Center,Bugesera,2026-02-16,injectable_artesunate,"injectable artesunate vial (logistics unit, not a dose)",6,0,0,52.0
HC-BUG-03,Mayange Health Center,Bugesera,2026-02-23,ACT,"ACT course (logistics unit, not a dose)",3,1,0,3.0
HC-BUG-03,Mayange Health Center,Bugesera,2026-02-23,RDT,RDT kit,26,3,0,8.67
HC-BUG-03,Mayange Health Center,Bugesera,2026-02-23,injectable_artesunate,"injectable artesunate vial (logistics unit, not a dose)",0,0,1,0.0
HC-BUG-03,Mayange Health Center,Bugesera,2026-03-02,ACT,"ACT course (logistics unit, not a dose)",4,0,0,52.0
HC-BUG-03,Mayange Health Center,Bugesera,2026-03-02,RDT,RDT kit,80,8,0,10.0
HC-BUG-03,Mayange Health Center,Bugesera,2026-03-02,injectable_artesunate,"injectable artesunate vial (logistics unit, not a dose)",5,0,0,52.0
HC-BUG-03,Mayange Health Center,Bugesera,2026-03-09,ACT,"ACT course (logistics unit, not a dose)",46,4,0,11.5
HC-BUG-03,Mayange Health Center,Bugesera,2026-03-09,RDT,RDT kit,21,3,0,7.0
HC-BUG-03,Mayange Health Center,Bugesera,2026-03-09,injectable_artesunate,"injectable artesunate vial (logistics unit, not a dose)",7,0,0,52.0
HC-BUG-03,Mayange Health Center,Bugesera,2026-03-16,ACT,"ACT course (logistics unit, not a dose)",1,2,0,0.5
HC-BUG-03,Mayange Health Center,Bugesera,2026-03-16,RDT,RDT kit,70,7,0,10.0
HC-BUG-03,Mayange Health Center,Bugesera,2026-03-16,injectable_artesunate,"injectable artesunate vial (logistics unit, not a dose)",6,0,0,52.0
HC-BUG-03,Mayange Health Center,Bugesera,2026-03-23,ACT,"ACT course (logistics unit, not a dose)",14,2,0,7.0
HC-BUG-03,Mayange Health Center,Bugesera,2026-03-23,RDT,RDT kit,0,2,1,0.0
HC-BUG-03,Mayange Health Center,Bugesera,2026-03-23,injectable_artesunate,"injectable artesunate vial (logistics unit, not a dose)",1,1,0,1.0
HC-BUG-03,Mayange Health Center,Bugesera,2026-03-30,ACT,"ACT course (logistics unit, not a dose)",0,2,1,0.0
HC-BUG-03,Mayange Health Center,Bugesera,2026-03-30,RDT,RDT kit,7,2,0,3.5
HC-BUG-03,Mayange Health Center,Bugesera,2026-03-30,injectable_artesunate,"injectable artesunate vial (logistics unit, not a dose)",10,0,0,52.0
HC-BUG-03,Mayange Health Center,Bugesera,2026-04-06,ACT,"ACT course (logistics unit, not a dose)",8,0,0,52.0
HC-BUG-03,Mayange Health Center,Bugesera,2026-04-06,RDT,RDT kit,0,1,1,0.0
HC-BUG-03,Mayange Health Center,Bugesera,2026-04-06,injectable_artesunate,"injectable artesunate vial (logistics unit, not a dose)",0,1,1,0.0
HC-BUG-03,Mayange Health Center,Bugesera,2026-04-13,ACT,"ACT course (logistics unit, not a dose)",11,2,0,5.5
HC-BUG-03,Mayange Health Center,Bugesera,2026-04-13,RDT,RDT kit,30,4,0,7.5
HC-BUG-03,Mayange Health Center,Bugesera,2026-04-13,injectable_artesunate,"injectable artesunate vial (logistics unit, not a dose)",9,0,0,52.0
HC-BUG-03,Mayange Health Center,Bugesera,2026-04-20,ACT,"ACT course (logistics unit, not a dose)",10,1,0,10.0
HC-BUG-03,Mayange Health Center,Bugesera,2026-04-20,RDT,RDT kit,9,1,0,9.0
HC-BUG-03,Mayange Health Center,Bugesera,2026-04-20,injectable_artesunate,"injectable artesunate vial (logistics unit, not a dose)",7,0,0,52.0
HC-BUG-03,Mayange Health Center,Bugesera,2026-04-27,ACT,"ACT course (logistics unit, not a dose)",5,1,0,5.0
HC-BUG-03,Mayange Health Center,Bugesera,2026-04-27,RDT,RDT kit,65,6,0,10.83
HC-BUG-03,Mayange Health Center,Bugesera,2026-04-27,injectable_artesunate,"injectable artesunate vial (logistics unit, not a dose)",7,0,0,52.0
HC-BUG-03,Mayange Health Center,Bugesera,2026-05-04,ACT,"ACT course (logistics unit, not a dose)",21,2,0,10.5
HC-BUG-03,Mayange Health Center,Bugesera,2026-05-04,RDT,RDT kit,0,7,1,0.0
HC-BUG-03,Mayange Health Center,Bugesera,2026-05-04,injectable_artesunate,"injectable artesunate vial (logistics unit, not a dose)",8,0,0,52.0
HC-BUG-03,Mayange Health Center,Bugesera,2026-05-11,ACT,"ACT course (logistics unit, not a dose)",11,1,0,11.0
HC-BUG-03,Mayange Health Center,Bugesera,2026-05-11,RDT,RDT kit,5,1,0,5.0
HC-BUG-03,Mayange Health Center,Bugesera,2026-05-11,injectable_artesunate,"injectable artesunate vial (logistics unit, not a dose)",8,1,0,8.0
HC-BUG-03,Mayange Health Center,Bugesera,2026-05-18,ACT,"ACT course (logistics unit, not a dose)",1,1,0,1.0
HC-BUG-03,Mayange Health Center,Bugesera,2026-05-18,RDT,RDT kit,34,5,0,6.8
HC-BUG-03,Mayange Health Center,Bugesera,2026-05-18,injectable_artesunate,"injectable artesunate vial (logistics unit, not a dose)",6,0,0,52.0
HC-BUG-03,Mayange Health Center,Bugesera,2026-05-25,ACT,"ACT course (logistics unit, not a dose)",27,3,0,9.0
HC-BUG-03,Mayange Health Center,Bugesera,2026-05-25,RDT,RDT kit,3,3,0,1.0
HC-BUG-03,Mayange Health Center,Bugesera,2026-05-25,injectable_artesunate,"injectable artesunate vial (logistics unit, not a dose)",13,2,0,6.5
HC-BUG-03,Mayange Health Center,Bugesera,2026-06-01,ACT,"ACT course (logistics unit, not a dose)",33,3,0,11.0
HC-BUG-03,Mayange Health Center,Bugesera,2026-06-01,RDT,RDT kit,1,1,0,1.0
HC-BUG-03,Mayange Health Center,Bugesera,2026-06-01,injectable_artesunate,"injectable artesunate vial (logistics unit, not a dose)",8,0,0,52.0
HC-BUG-03,Mayange Health Center,Bugesera,2026-06-08,ACT,"ACT course (logistics unit, not a dose)",10,0,0,52.0
HC-BUG-03,Mayange Health Center,Bugesera,2026-06-08,RDT,RDT kit,10,2,0,5.0
HC-BUG-03,Mayange Health Center,Bugesera,2026-06-08,injectable_artesunate,"injectable artesunate vial (logistics unit, not a dose)",11,0,0,52.0
HC-BUG-03,Mayange Health Center,Bugesera,2026-06-15,ACT,"ACT course (logistics unit, not a dose)",24,2,0,12.0
HC-BUG-03,Mayange Health Center,Bugesera,2026-06-15,RDT,RDT kit,35,6,0,5.83
HC-BUG-03,Mayange Health Center,Bugesera,2026-06-15,injectable_artesunate,"injectable artesunate vial (logistics unit, not a dose)",5,0,0,52.0
HC-BUG-03,Mayange Health Center,Bugesera,2026-06-22,ACT,"ACT course (logistics unit, not a dose)",20,2,0,10.0
HC-BUG-03,Mayange Health Center,Bugesera,2026-06-22,RDT,RDT kit,17,2,0,8.5
HC-BUG-03,Mayange Health Center,Bugesera,2026-06-22,injectable_artesunate,"injectable artesunate vial (logistics unit, not a dose)",5,0,0,52.0
HC-BUG-03,Mayange Health Center,Bugesera,2026-06-29,ACT,"ACT course (logistics unit, not a dose)",8,0,0,52.0
HC-BUG-03,Mayange Health Center,Bugesera,2026-06-29,RDT,RDT kit,33,3,0,11.0
HC-BUG-03,Mayange Health Center,Bugesera,2026-06-29,injectable_artesunate,"injectable artesunate vial (logistics unit, not a dose)",6,1,0,6.0
HC-BUG-03,Mayange Health Center,Bugesera,2026-07-06,ACT,"ACT course (logistics unit, not a dose)",2,3,0,0.67
HC-BUG-03,Mayange Health Center,Bugesera,2026-07-06,RDT,RDT kit,18,2,0,9.0
HC-BUG-03,Mayange Health Center,Bugesera,2026-07-06,injectable_artesunate,"injectable artesunate vial (logistics unit, not a dose)",11,0,0,52.0
HC-BUG-03,Mayange Health Center,Bugesera,2026-07-13,ACT,"ACT course (logistics unit, not a dose)",0,0,1,0.0
HC-BUG-03,Mayange Health Center,Bugesera,2026-07-13,RDT,RDT kit,7,1,0,7.0
HC-BUG-03,Mayange Health Center,Bugesera,2026-07-13,injectable_artesunate,"injectable artesunate vial (logistics unit, not a dose)",7,0,0,52.0
HC-BUG-03,Mayange Health Center,Bugesera,2026-07-20,ACT,"ACT course (logistics unit, not a dose)",1,1,0,1.0
HC-BUG-03,Mayange Health Center,Bugesera,2026-07-20,RDT,RDT kit,7,2,0,3.5
HC-BUG-03,Mayange Health Center,Bugesera,2026-07-20,injectable_artesunate,"injectable artesunate vial (logistics unit, not a dose)",0,2,1,0.0
HC-BUG-03,Mayange Health Center,Bugesera,2026-07-27,ACT,"ACT course (logistics unit, not a dose)",1,0,0,52.0
HC-BUG-03,Mayange Health Center,Bugesera,2026-07-27,RDT,RDT kit,29,4,0,7.25
HC-BUG-03,Mayange Health Center,Bugesera,2026-07-27,injectable_artesunate,"injectable artesunate vial (logistics unit, not a dose)",0,0,1,0.0
HC-BUG-03,Mayange Health Center,Bugesera,2026-08-03,ACT,"ACT course (logistics unit, not a dose)",4,0,0,52.0
HC-BUG-03,Mayange Health Center,Bugesera,2026-08-03,RDT,RDT kit,16,5,0,3.2
HC-BUG-03,Mayange Health Center,Bugesera,2026-08-03,injectable_artesunate,"injectable artesunate vial (logistics unit, not a dose)",3,0,0,52.0
HC-BUG-03,Mayange Health Center,Bugesera,2026-08-10,ACT,"ACT course (logistics unit, not a dose)",4,0,0,52.0
HC-BUG-03,Mayange Health Center,Bugesera,2026-08-10,RDT,RDT kit,8,1,0,8.0
HC-BUG-03,Mayange Health Center,Bugesera,2026-08-10,injectable_artesunate,"injectable artesunate vial (logistics unit, not a dose)",8,0,0,52.0
HC-BUG-03,Mayange Health Center,Bugesera,2026-08-17,ACT,"ACT course (logistics unit, not a dose)",7,1,0,7.0
HC-BUG-03,Mayange Health Center,Bugesera,2026-08-17,RDT,RDT kit,23,6,0,3.83
HC-BUG-03,Mayange Health Center,Bugesera,2026-08-17,injectable_artesunate,"injectable artesunate vial (logistics unit, not a dose)",11,1,0,11.0
HC-BUG-03,Mayange Health Center,Bugesera,2026-08-24,ACT,"ACT course (logistics unit, not a dose)",11,0,0,52.0
HC-BUG-03,Mayange Health Center,Bugesera,2026-08-24,RDT,RDT kit,9,1,0,9.0
HC-BUG-03,Mayange Health Center,Bugesera,2026-08-24,injectable_artesunate,"injectable artesunate vial (logistics unit, not a dose)",0,0,1,0.0
HC-BUG-03,Mayange Health Center,Bugesera,2026-08-31,ACT,"ACT course (logistics unit, not a dose)",3,0,0,52.0
HC-BUG-03,Mayange Health Center,Bugesera,2026-08-31,RDT,RDT kit,5,1,0,5.0
HC-BUG-03,Mayange Health Center,Bugesera,2026-08-31,injectable_artesunate,"injectable artesunate vial (logistics unit, not a dose)",3,0,0,52.0
HC-BUG-03,Mayange Health Center,Bugesera,2026-09-07,ACT,"ACT course (logistics unit, not a dose)",0,1,1,0.0
HC-BUG-03,Mayange Health Center,Bugesera,2026-09-07,RDT,RDT kit,24,4,0,6.0
HC-BUG-03,Mayange Health Center,Bugesera,2026-09-07,injectable_artesunate,"injectable artesunate vial (logistics unit, not a dose)",4,0,0,52.0
HC-BUG-03,Mayange Health Center,Bugesera,2026-09-14,ACT,"ACT course (logistics unit, not a dose)",0,1,1,0.0
HC-BUG-03,Mayange Health Center,Bugesera,2026-09-14,RDT,RDT kit,9,1,0,9.0
HC-BUG-03,Mayange Health Center,Bugesera,2026-09-14,injectable_artesunate,"injectable artesunate vial (logistics unit, not a dose)",1,0,0,52.0
HC-BUG-03,Mayange Health Center,Bugesera,2026-09-21,ACT,"ACT course (logistics unit, not a dose)",0,1,1,0.0
HC-BUG-03,Mayange Health Center,Bugesera,2026-09-21,RDT,RDT kit,14,3,0,4.67
HC-BUG-03,Mayange Health Center,Bugesera,2026-09-21,injectable_artesunate,"injectable artesunate vial (logistics unit, not a dose)",8,0,0,52.0
HC-BUG-03,Mayange Health Center,Bugesera,2026-09-28,ACT,"ACT course (logistics unit, not a dose)",0,1,1,0.0
HC-BUG-03,Mayange Health Center,Bugesera,2026-09-28,RDT,RDT kit,11,0,0,52.0
HC-BUG-03,Mayange Health Center,Bugesera,2026-09-28,injectable_artesunate,"injectable artesunate vial (logistics unit, not a dose)",1,1,0,1.0
HC-BUG-04,Mareba Health Center,Bugesera,2024-09-30,ACT,"ACT course (logistics unit, not a dose)",5,0,0,52.0
HC-BUG-04,Mareba Health Center,Bugesera,2024-09-30,RDT,RDT kit,16,4,0,4.0
HC-BUG-04,Mareba Health Center,Bugesera,2024-09-30,injectable_artesunate,"injectable artesunate vial (logistics unit, not a dose)",4,0,0,52.0
HC-BUG-04,Mareba Health Center,Bugesera,2024-10-07,ACT,"ACT course (logistics unit, not a dose)",10,3,0,3.33
HC-BUG-04,Mareba Health Center,Bugesera,2024-10-07,RDT,RDT kit,11,1,0,11.0
HC-BUG-04,Mareba Health Center,Bugesera,2024-10-07,injectable_artesunate,"injectable artesunate vial (logistics unit, not a dose)",12,0,0,52.0
HC-BUG-04,Mareba Health Center,Bugesera,2024-10-14,ACT,"ACT course (logistics unit, not a dose)",11,2,0,5.5
HC-BUG-04,Mareba Health Center,Bugesera,2024-10-14,RDT,RDT kit,24,5,0,4.8
HC-BUG-04,Mareba Health Center,Bugesera,2024-10-14,injectable_artesunate,"injectable artesunate vial (logistics unit, not a dose)",5,1,0,5.0
HC-BUG-04,Mareba Health Center,Bugesera,2024-10-21,ACT,"ACT course (logistics unit, not a dose)",0,0,1,0.0
HC-BUG-04,Mareba Health Center,Bugesera,2024-10-21,RDT,RDT kit,4,1,0,4.0
HC-BUG-04,Mareba Health Center,Bugesera,2024-10-21,injectable_artesunate,"injectable artesunate vial (logistics unit, not a dose)",12,1,0,12.0
HC-BUG-04,Mareba Health Center,Bugesera,2024-10-28,ACT,"ACT course (logistics unit, not a dose)",10,1,0,10.0
HC-BUG-04,Mareba Health Center,Bugesera,2024-10-28,RDT,RDT kit,16,2,0,8.0
HC-BUG-04,Mareba Health Center,Bugesera,2024-10-28,injectable_artesunate,"injectable artesunate vial (logistics unit, not a dose)",0,0,1,0.0
HC-BUG-04,Mareba Health Center,Bugesera,2024-11-04,ACT,"ACT course (logistics unit, not a dose)",24,2,0,12.0
HC-BUG-04,Mareba Health Center,Bugesera,2024-11-04,RDT,RDT kit,8,2,0,4.0
HC-BUG-04,Mareba Health Center,Bugesera,2024-11-04,injectable_artesunate,"injectable artesunate vial (logistics unit, not a dose)",10,1,0,10.0
HC-BUG-04,Mareba Health Center,Bugesera,2024-11-11,ACT,"ACT course (logistics unit, not a dose)",16,2,0,8.0
HC-BUG-04,Mareba Health Center,Bugesera,2024-11-11,RDT,RDT kit,4,1,0,4.0
HC-BUG-04,Mareba Health Center,Bugesera,2024-11-11,injectable_artesunate,"injectable artesunate vial (logistics unit, not a dose)",8,0,0,52.0
HC-BUG-04,Mareba Health Center,Bugesera,2024-11-18,ACT,"ACT course (logistics unit, not a dose)",18,3,0,6.0
HC-BUG-04,Mareba Health Center,Bugesera,2024-11-18,RDT,RDT kit,9,2,0,4.5
HC-BUG-04,Mareba Health Center,Bugesera,2024-11-18,injectable_artesunate,"injectable artesunate vial (logistics unit, not a dose)",1,0,0,52.0
HC-BUG-04,Mareba Health Center,Bugesera,2024-11-25,ACT,"ACT course (logistics unit, not a dose)",23,4,0,5.75
HC-BUG-04,Mareba Health Center,Bugesera,2024-11-25,RDT,RDT kit,3,1,0,3.0
HC-BUG-04,Mareba Health Center,Bugesera,2024-11-25,injectable_artesunate,"injectable artesunate vial (logistics unit, not a dose)",14,2,0,7.0
HC-BUG-04,Mareba Health Center,Bugesera,2024-12-02,ACT,"ACT course (logistics unit, not a dose)",3,1,0,3.0
HC-BUG-04,Mareba Health Center,Bugesera,2024-12-02,RDT,RDT kit,10,3,0,3.33
HC-BUG-04,Mareba Health Center,Bugesera,2024-12-02,injectable_artesunate,"injectable artesunate vial (logistics unit, not a dose)",5,1,0,5.0
HC-BUG-04,Mareba Health Center,Bugesera,2024-12-09,ACT,"ACT course (logistics unit, not a dose)",5,1,0,5.0
HC-BUG-04,Mareba Health Center,Bugesera,2024-12-09,RDT,RDT kit,7,1,0,7.0
HC-BUG-04,Mareba Health Center,Bugesera,2024-12-09,injectable_artesunate,"injectable artesunate vial (logistics unit, not a dose)",3,0,0,52.0
HC-BUG-04,Mareba Health Center,Bugesera,2024-12-16,ACT,"ACT course (logistics unit, not a dose)",4,1,0,4.0
HC-BUG-04,Mareba Health Center,Bugesera,2024-12-16,RDT,RDT kit,23,2,0,11.5
HC-BUG-04,Mareba Health Center,Bugesera,2024-12-16,injectable_artesunate,"injectable artesunate vial (logistics unit, not a dose)",4,0,0,52.0
HC-BUG-04,Mareba Health Center,Bugesera,2024-12-23,ACT,"ACT course (logistics unit, not a dose)",33,3,0,11.0
HC-BUG-04,Mareba Health Center,Bugesera,2024-12-23,RDT,RDT kit,7,2,0,3.5
HC-BUG-04,Mareba Health Center,Bugesera,2024-12-23,injectable_artesunate,"injectable artesunate vial (logistics unit, not a dose)",0,0,1,0.0
HC-BUG-04,Mareba Health Center,Bugesera,2024-12-30,ACT,"ACT course (logistics unit, not a dose)",6,1,0,6.0
HC-BUG-04,Mareba Health Center,Bugesera,2024-12-30,RDT,RDT kit,31,3,0,10.33
HC-BUG-04,Mareba Health Center,Bugesera,2024-12-30,injectable_artesunate,"injectable artesunate vial (logistics unit, not a dose)",0,0,1,0.0
HC-BUG-04,Mareba Health Center,Bugesera,2025-01-06,ACT,"ACT course (logistics unit, not a dose)",22,2,0,11.0
HC-BUG-04,Mareba Health Center,Bugesera,2025-01-06,RDT,RDT kit,10,2,0,5.0
HC-BUG-04,Mareba Health Center,Bugesera,2025-01-06,injectable_artesunate,"injectable artesunate vial (logistics unit, not a dose)",9,0,0,52.0
HC-BUG-04,Mareba Health Center,Bugesera,2025-01-13,ACT,"ACT course (logistics unit, not a dose)",22,2,0,11.0
HC-BUG-04,Mareba Health Center,Bugesera,2025-01-13,RDT,RDT kit,23,2,0,11.5
HC-BUG-04,Mareba Health Center,Bugesera,2025-01-13,injectable_artesunate,"injectable artesunate vial (logistics unit, not a dose)",10,1,0,10.0
HC-BUG-04,Mareba Health Center,Bugesera,2025-01-20,ACT,"ACT course (logistics unit, not a dose)",8,1,0,8.0
HC-BUG-04,Mareba Health Center,Bugesera,2025-01-20,RDT,RDT kit,8,1,0,8.0
HC-BUG-04,Mareba Health Center,Bugesera,2025-01-20,injectable_artesunate,"injectable artesunate vial (logistics unit, not a dose)",6,0,0,52.0
HC-BUG-04,Mareba Health Center,Bugesera,2025-01-27,ACT,"ACT course (logistics unit, not a dose)",12,0,0,52.0
HC-BUG-04,Mareba Health Center,Bugesera,2025-01-27,RDT,RDT kit,6,1,0,6.0
HC-BUG-04,Mareba Health Center,Bugesera,2025-01-27,injectable_artesunate,"injectable artesunate vial (logistics unit, not a dose)",7,0,0,52.0
HC-BUG-04,Mareba Health Center,Bugesera,2025-02-03,ACT,"ACT course (logistics unit, not a dose)",22,4,0,5.5
HC-BUG-04,Mareba Health Center,Bugesera,2025-02-03,RDT,RDT kit,11,1,0,11.0
HC-BUG-04,Mareba Health Center,Bugesera,2025-02-03,injectable_artesunate,"injectable artesunate vial (logistics unit, not a dose)",5,1,0,5.0
HC-BUG-04,Mareba Health Center,Bugesera,2025-02-10,ACT,"ACT course (logistics unit, not a dose)",10,3,0,3.33
HC-BUG-04,Mareba Health Center,Bugesera,2025-02-10,RDT,RDT kit,7,1,0,7.0
HC-BUG-04,Mareba Health Center,Bugesera,2025-02-10,injectable_artesunate,"injectable artesunate vial (logistics unit, not a dose)",6,0,0,52.0
HC-BUG-04,Mareba Health Center,Bugesera,2025-02-17,ACT,"ACT course (logistics unit, not a dose)",7,1,0,7.0
HC-BUG-04,Mareba Health Center,Bugesera,2025-02-17,RDT,RDT kit,7,1,0,7.0
HC-BUG-04,Mareba Health Center,Bugesera,2025-02-17,injectable_artesunate,"injectable artesunate vial (logistics unit, not a dose)",3,1,0,3.0
HC-BUG-04,Mareba Health Center,Bugesera,2025-02-24,ACT,"ACT course (logistics unit, not a dose)",13,2,0,6.5
HC-BUG-04,Mareba Health Center,Bugesera,2025-02-24,RDT,RDT kit,28,3,0,9.33
HC-BUG-04,Mareba Health Center,Bugesera,2025-02-24,injectable_artesunate,"injectable artesunate vial (logistics unit, not a dose)",0,0,1,0.0
HC-BUG-04,Mareba Health Center,Bugesera,2025-03-03,ACT,"ACT course (logistics unit, not a dose)",19,2,0,9.5
HC-BUG-04,Mareba Health Center,Bugesera,2025-03-03,RDT,RDT kit,19,2,0,9.5
HC-BUG-04,Mareba Health Center,Bugesera,2025-03-03,injectable_artesunate,"injectable artesunate vial (logistics unit, not a dose)",0,2,1,0.0
HC-BUG-04,Mareba Health Center,Bugesera,2025-03-10,ACT,"ACT course (logistics unit, not a dose)",8,0,0,52.0
HC-BUG-04,Mareba Health Center,Bugesera,2025-03-10,RDT,RDT kit,11,1,0,11.0
HC-BUG-04,Mareba Health Center,Bugesera,2025-03-10,injectable_artesunate,"injectable artesunate vial (logistics unit, not a dose)",3,0,0,52.0
HC-BUG-04,Mareba Health Center,Bugesera,2025-03-17,ACT,"ACT course (logistics unit, not a dose)",6,0,0,52.0
HC-BUG-04,Mareba Health Center,Bugesera,2025-03-17,RDT,RDT kit,18,3,0,6.0
HC-BUG-04,Mareba Health Center,Bugesera,2025-03-17,injectable_artesunate,"injectable artesunate vial (logistics unit, not a dose)",10,1,0,10.0
HC-BUG-04,Mareba Health Center,Bugesera,2025-03-24,ACT,"ACT course (logistics unit, not a dose)",0,2,1,0.0
HC-BUG-04,Mareba Health Center,Bugesera,2025-03-24,RDT,RDT kit,6,0,0,52.0
HC-BUG-04,Mareba Health Center,Bugesera,2025-03-24,injectable_artesunate,"injectable artesunate vial (logistics unit, not a dose)",12,1,0,12.0
HC-BUG-04,Mareba Health Center,Bugesera,2025-03-31,ACT,"ACT course (logistics unit, not a dose)",52,5,0,10.4
HC-BUG-04,Mareba Health Center,Bugesera,2025-03-31,RDT,RDT kit,87,9,0,9.67
HC-BUG-04,Mareba Health Center,Bugesera,2025-03-31,injectable_artesunate,"injectable artesunate vial (logistics unit, not a dose)",0,0,1,0.0
HC-BUG-04,Mareba Health Center,Bugesera,2025-04-07,ACT,"ACT course (logistics unit, not a dose)",10,0,0,52.0
HC-BUG-04,Mareba Health Center,Bugesera,2025-04-07,RDT,RDT kit,6,1,0,6.0
HC-BUG-04,Mareba Health Center,Bugesera,2025-04-07,injectable_artesunate,"injectable artesunate vial (logistics unit, not a dose)",10,0,0,52.0
HC-BUG-04,Mareba Health Center,Bugesera,2025-04-14,ACT,"ACT course (logistics unit, not a dose)",9,1,0,9.0
HC-BUG-04,Mareba Health Center,Bugesera,2025-04-14,RDT,RDT kit,20,3,0,6.67
HC-BUG-04,Mareba Health Center,Bugesera,2025-04-14,injectable_artesunate,"injectable artesunate vial (logistics unit, not a dose)",11,0,0,52.0
HC-BUG-04,Mareba Health Center,Bugesera,2025-04-21,ACT,"ACT course (logistics unit, not a dose)",5,1,0,5.0
HC-BUG-04,Mareba Health Center,Bugesera,2025-04-21,RDT,RDT kit,69,7,0,9.86
HC-BUG-04,Mareba Health Center,Bugesera,2025-04-21,injectable_artesunate,"injectable artesunate vial (logistics unit, not a dose)",11,2,0,5.5
HC-BUG-04,Mareba Health Center,Bugesera,2025-04-28,ACT,"ACT course (logistics unit, not a dose)",19,3,0,6.33
HC-BUG-04,Mareba Health Center,Bugesera,2025-04-28,RDT,RDT kit,71,6,0,11.83
HC-BUG-04,Mareba Health Center,Bugesera,2025-04-28,injectable_artesunate,"injectable artesunate vial (logistics unit, not a dose)",10,0,0,52.0
HC-BUG-04,Mareba Health Center,Bugesera,2025-05-05,ACT,"ACT course (logistics unit, not a dose)",12,0,0,52.0
HC-BUG-04,Mareba Health Center,Bugesera,2025-05-05,RDT,RDT kit,37,9,0,4.11
HC-BUG-04,Mareba Health Center,Bugesera,2025-05-05,injectable_artesunate,"injectable artesunate vial (logistics unit, not a dose)",8,1,0,8.0
HC-BUG-04,Mareba Health Center,Bugesera,2025-05-12,ACT,"ACT course (logistics unit, not a dose)",14,2,0,7.0
HC-BUG-04,Mareba Health Center,Bugesera,2025-05-12,RDT,RDT kit,4,4,0,1.0
HC-BUG-04,Mareba Health Center,Bugesera,2025-05-12,injectable_artesunate,"injectable artesunate vial (logistics unit, not a dose)",4,0,0,52.0
HC-BUG-04,Mareba Health Center,Bugesera,2025-05-19,ACT,"ACT course (logistics unit, not a dose)",22,2,0,11.0
HC-BUG-04,Mareba Health Center,Bugesera,2025-05-19,RDT,RDT kit,13,2,0,6.5
HC-BUG-04,Mareba Health Center,Bugesera,2025-05-19,injectable_artesunate,"injectable artesunate vial (logistics unit, not a dose)",9,0,0,52.0
HC-BUG-04,Mareba Health Center,Bugesera,2025-05-26,ACT,"ACT course (logistics unit, not a dose)",5,0,0,52.0
HC-BUG-04,Mareba Health Center,Bugesera,2025-05-26,RDT,RDT kit,20,2,0,10.0
HC-BUG-04,Mareba Health Center,Bugesera,2025-05-26,injectable_artesunate,"injectable artesunate vial (logistics unit, not a dose)",11,0,0,52.0
HC-BUG-04,Mareba Health Center,Bugesera,2025-06-02,ACT,"ACT course (logistics unit, not a dose)",0,0,1,0.0
HC-BUG-04,Mareba Health Center,Bugesera,2025-06-02,RDT,RDT kit,46,4,0,11.5
HC-BUG-04,Mareba Health Center,Bugesera,2025-06-02,injectable_artesunate,"injectable artesunate vial (logistics unit, not a dose)",5,1,0,5.0
HC-BUG-04,Mareba Health Center,Bugesera,2025-06-09,ACT,"ACT course (logistics unit, not a dose)",12,0,0,52.0
HC-BUG-04,Mareba Health Center,Bugesera,2025-06-09,RDT,RDT kit,4,1,0,4.0
HC-BUG-04,Mareba Health Center,Bugesera,2025-06-09,injectable_artesunate,"injectable artesunate vial (logistics unit, not a dose)",0,1,1,0.0
HC-BUG-04,Mareba Health Center,Bugesera,2025-06-16,ACT,"ACT course (logistics unit, not a dose)",6,1,0,6.0
HC-BUG-04,Mareba Health Center,Bugesera,2025-06-16,RDT,RDT kit,23,2,0,11.5
HC-BUG-04,Mareba Health Center,Bugesera,2025-06-16,injectable_artesunate,"injectable artesunate vial (logistics unit, not a dose)",0,1,1,0.0
HC-BUG-04,Mareba Health Center,Bugesera,2025-06-23,ACT,"ACT course (logistics unit, not a dose)",4,1,0,4.0
HC-BUG-04,Mareba Health Center,Bugesera,2025-06-23,RDT,RDT kit,7,1,0,7.0
HC-BUG-04,Mareba Health Center,Bugesera,2025-06-23,injectable_artesunate,"injectable artesunate vial (logistics unit, not a dose)",0,0,1,0.0
HC-BUG-04,Mareba Health Center,Bugesera,2025-06-30,ACT,"ACT course (logistics unit, not a dose)",17,2,0,8.5
HC-BUG-04,Mareba Health Center,Bugesera,2025-06-30,RDT,RDT kit,16,2,0,8.0
HC-BUG-04,Mareba Health Center,Bugesera,2025-06-30,injectable_artesunate,"injectable artesunate vial (logistics unit, not a dose)",6,0,0,52.0
HC-BUG-04,Mareba Health Center,Bugesera,2025-07-07,ACT,"ACT course (logistics unit, not a dose)",9,1,0,9.0
HC-BUG-04,Mareba Health Center,Bugesera,2025-07-07,RDT,RDT kit,10,2,0,5.0
HC-BUG-04,Mareba Health Center,Bugesera,2025-07-07,injectable_artesunate,"injectable artesunate vial (logistics unit, not a dose)",4,0,0,52.0
HC-BUG-04,Mareba Health Center,Bugesera,2025-07-14,ACT,"ACT course (logistics unit, not a dose)",9,2,0,4.5
HC-BUG-04,Mareba Health Center,Bugesera,2025-07-14,RDT,RDT kit,4,0,0,52.0
HC-BUG-04,Mareba Health Center,Bugesera,2025-07-14,injectable_artesunate,"injectable artesunate vial (logistics unit, not a dose)",0,0,1,0.0
HC-BUG-04,Mareba Health Center,Bugesera,2025-07-21,ACT,"ACT course (logistics unit, not a dose)",10,2,0,5.0
HC-BUG-04,Mareba Health Center,Bugesera,2025-07-21,RDT,RDT kit,6,1,0,6.0
HC-BUG-04,Mareba Health Center,Bugesera,2025-07-21,injectable_artesunate,"injectable artesunate vial (logistics unit, not a dose)",8,0,0,52.0
HC-BUG-04,Mareba Health Center,Bugesera,2025-07-28,ACT,"ACT course (logistics unit, not a dose)",7,2,0,3.5
HC-BUG-04,Mareba Health Center,Bugesera,2025-07-28,RDT,RDT kit,24,5,0,4.8
HC-BUG-04,Mareba Health Center,Bugesera,2025-07-28,injectable_artesunate,"injectable artesunate vial (logistics unit, not a dose)",6,0,0,52.0
HC-BUG-04,Mareba Health Center,Bugesera,2025-08-04,ACT,"ACT course (logistics unit, not a dose)",11,0,0,52.0
HC-BUG-04,Mareba Health Center,Bugesera,2025-08-04,RDT,RDT kit,0,3,1,0.0
HC-BUG-04,Mareba Health Center,Bugesera,2025-08-04,injectable_artesunate,"injectable artesunate vial (logistics unit, not a dose)",5,0,0,52.0
HC-BUG-04,Mareba Health Center,Bugesera,2025-08-11,ACT,"ACT course (logistics unit, not a dose)",7,1,0,7.0
HC-BUG-04,Mareba Health Center,Bugesera,2025-08-11,RDT,RDT kit,10,1,0,10.0
HC-BUG-04,Mareba Health Center,Bugesera,2025-08-11,injectable_artesunate,"injectable artesunate vial (logistics unit, not a dose)",0,0,1,0.0
HC-BUG-04,Mareba Health Center,Bugesera,2025-08-18,ACT,"ACT course (logistics unit, not a dose)",5,0,0,52.0
HC-BUG-04,Mareba Health Center,Bugesera,2025-08-18,RDT,RDT kit,7,0,0,52.0
HC-BUG-04,Mareba Health Center,Bugesera,2025-08-18,injectable_artesunate,"injectable artesunate vial (logistics unit, not a dose)",3,1,0,3.0
HC-BUG-04,Mareba Health Center,Bugesera,2025-08-25,ACT,"ACT course (logistics unit, not a dose)",12,1,0,12.0
HC-BUG-04,Mareba Health Center,Bugesera,2025-08-25,RDT,RDT kit,15,2,0,7.5
HC-BUG-04,Mareba Health Center,Bugesera,2025-08-25,injectable_artesunate,"injectable artesunate vial (logistics unit, not a dose)",0,0,1,0.0
HC-BUG-04,Mareba Health Center,Bugesera,2025-09-01,ACT,"ACT course (logistics unit, not a dose)",7,0,0,52.0
HC-BUG-04,Mareba Health Center,Bugesera,2025-09-01,RDT,RDT kit,9,1,0,9.0
HC-BUG-04,Mareba Health Center,Bugesera,2025-09-01,injectable_artesunate,"injectable artesunate vial (logistics unit, not a dose)",4,1,0,4.0
HC-BUG-04,Mareba Health Center,Bugesera,2025-09-08,ACT,"ACT course (logistics unit, not a dose)",12,1,0,12.0
HC-BUG-04,Mareba Health Center,Bugesera,2025-09-08,RDT,RDT kit,0,2,1,0.0
HC-BUG-04,Mareba Health Center,Bugesera,2025-09-08,injectable_artesunate,"injectable artesunate vial (logistics unit, not a dose)",0,0,1,0.0
HC-BUG-04,Mareba Health Center,Bugesera,2025-09-15,ACT,"ACT course (logistics unit, not a dose)",2,2,0,1.0
HC-BUG-04,Mareba Health Center,Bugesera,2025-09-15,RDT,RDT kit,0,1,1,0.0
HC-BUG-04,Mareba Health Center,Bugesera,2025-09-15,injectable_artesunate,"injectable artesunate vial (logistics unit, not a dose)",7,0,0,52.0
HC-BUG-04,Mareba Health Center,Bugesera,2025-09-22,ACT,"ACT course (logistics unit, not a dose)",0,0,1,0.0
HC-BUG-04,Mareba Health Center,Bugesera,2025-09-22,RDT,RDT kit,1,0,0,52.0
HC-BUG-04,Mareba Health Center,Bugesera,2025-09-22,injectable_artesunate,"injectable artesunate vial (logistics unit, not a dose)",5,0,0,52.0
HC-BUG-04,Mareba Health Center,Bugesera,2025-09-29,ACT,"ACT course (logistics unit, not a dose)",7,1,0,7.0
HC-BUG-04,Mareba Health Center,Bugesera,2025-09-29,RDT,RDT kit,1,1,0,1.0
HC-BUG-04,Mareba Health Center,Bugesera,2025-09-29,injectable_artesunate,"injectable artesunate vial (logistics unit, not a dose)",6,0,0,52.0
HC-BUG-04,Mareba Health Center,Bugesera,2025-10-06,ACT,"ACT course (logistics unit, not a dose)",7,1,0,7.0
HC-BUG-04,Mareba Health Center,Bugesera,2025-10-06,RDT,RDT kit,8,2,0,4.0
HC-BUG-04,Mareba Health Center,Bugesera,2025-10-06,injectable_artesunate,"injectable artesunate vial (logistics unit, not a dose)",10,0,0,52.0
HC-BUG-04,Mareba Health Center,Bugesera,2025-10-13,ACT,"ACT course (logistics unit, not a dose)",10,0,0,52.0
HC-BUG-04,Mareba Health Center,Bugesera,2025-10-13,RDT,RDT kit,19,2,0,9.5
HC-BUG-04,Mareba Health Center,Bugesera,2025-10-13,injectable_artesunate,"injectable artesunate vial (logistics unit, not a dose)",12,0,0,52.0
HC-BUG-04,Mareba Health Center,Bugesera,2025-10-20,ACT,"ACT course (logistics unit, not a dose)",5,0,0,52.0
HC-BUG-04,Mareba Health Center,Bugesera,2025-10-20,RDT,RDT kit,9,1,0,9.0
HC-BUG-04,Mareba Health Center,Bugesera,2025-10-20,injectable_artesunate,"injectable artesunate vial (logistics unit, not a dose)",6,1,0,6.0
HC-BUG-04,Mareba Health Center,Bugesera,2025-10-27,ACT,"ACT course (logistics unit, not a dose)",8,0,0,52.0
HC-BUG-04,Mareba Health Center,Bugesera,2025-10-27,RDT,RDT kit,16,2,0,8.0
HC-BUG-04,Mareba Health Center,Bugesera,2025-10-27,injectable_artesunate,"injectable artesunate vial (logistics unit, not a dose)",10,0,0,52.0
HC-BUG-04,Mareba Health Center,Bugesera,2025-11-03,ACT,"ACT course (logistics unit, not a dose)",5,5,0,1.0
HC-BUG-04,Mareba Health Center,Bugesera,2025-11-03,RDT,RDT kit,56,5,0,11.2
HC-BUG-04,Mareba Health Center,Bugesera,2025-11-03,injectable_artesunate,"injectable artesunate vial (logistics unit, not a dose)",28,3,0,9.33
HC-BUG-04,Mareba Health Center,Bugesera,2025-11-10,ACT,"ACT course (logistics unit, not a dose)",6,0,0,52.0
HC-BUG-04,Mareba Health Center,Bugesera,2025-11-10,RDT,RDT kit,22,3,0,7.33
HC-BUG-04,Mareba Health Center,Bugesera,2025-11-10,injectable_artesunate,"injectable artesunate vial (logistics unit, not a dose)",12,2,0,6.0
HC-BUG-04,Mareba Health Center,Bugesera,2025-11-17,ACT,"ACT course (logistics unit, not a dose)",9,0,0,52.0
HC-BUG-04,Mareba Health Center,Bugesera,2025-11-17,RDT,RDT kit,25,4,0,6.25
HC-BUG-04,Mareba Health Center,Bugesera,2025-11-17,injectable_artesunate,"injectable artesunate vial (logistics unit, not a dose)",8,0,0,52.0
HC-BUG-04,Mareba Health Center,Bugesera,2025-11-24,ACT,"ACT course (logistics unit, not a dose)",24,3,0,8.0
HC-BUG-04,Mareba Health Center,Bugesera,2025-11-24,RDT,RDT kit,8,0,0,52.0
HC-BUG-04,Mareba Health Center,Bugesera,2025-11-24,injectable_artesunate,"injectable artesunate vial (logistics unit, not a dose)",12,0,0,52.0
HC-BUG-04,Mareba Health Center,Bugesera,2025-12-01,ACT,"ACT course (logistics unit, not a dose)",22,2,0,11.0
HC-BUG-04,Mareba Health Center,Bugesera,2025-12-01,RDT,RDT kit,20,2,0,10.0
HC-BUG-04,Mareba Health Center,Bugesera,2025-12-01,injectable_artesunate,"injectable artesunate vial (logistics unit, not a dose)",9,1,0,9.0
HC-BUG-04,Mareba Health Center,Bugesera,2025-12-08,ACT,"ACT course (logistics unit, not a dose)",7,2,0,3.5
HC-BUG-04,Mareba Health Center,Bugesera,2025-12-08,RDT,RDT kit,18,5,0,3.6
HC-BUG-04,Mareba Health Center,Bugesera,2025-12-08,injectable_artesunate,"injectable artesunate vial (logistics unit, not a dose)",12,0,0,52.0
HC-BUG-04,Mareba Health Center,Bugesera,2025-12-15,ACT,"ACT course (logistics unit, not a dose)",9,1,0,9.0
HC-BUG-04,Mareba Health Center,Bugesera,2025-12-15,RDT,RDT kit,9,2,0,4.5
HC-BUG-04,Mareba Health Center,Bugesera,2025-12-15,injectable_artesunate,"injectable artesunate vial (logistics unit, not a dose)",8,1,0,8.0
HC-BUG-04,Mareba Health Center,Bugesera,2025-12-22,ACT,"ACT course (logistics unit, not a dose)",7,0,0,52.0
HC-BUG-04,Mareba Health Center,Bugesera,2025-12-22,RDT,RDT kit,0,1,1,0.0
HC-BUG-04,Mareba Health Center,Bugesera,2025-12-22,injectable_artesunate,"injectable artesunate vial (logistics unit, not a dose)",10,0,0,52.0
HC-BUG-04,Mareba Health Center,Bugesera,2025-12-29,ACT,"ACT course (logistics unit, not a dose)",9,0,0,52.0
HC-BUG-04,Mareba Health Center,Bugesera,2025-12-29,RDT,RDT kit,3,3,0,1.0
HC-BUG-04,Mareba Health Center,Bugesera,2025-12-29,injectable_artesunate,"injectable artesunate vial (logistics unit, not a dose)",9,0,0,52.0
HC-BUG-04,Mareba Health Center,Bugesera,2026-01-05,ACT,"ACT course (logistics unit, not a dose)",20,2,0,10.0
HC-BUG-04,Mareba Health Center,Bugesera,2026-01-05,RDT,RDT kit,10,3,0,3.33
HC-BUG-04,Mareba Health Center,Bugesera,2026-01-05,injectable_artesunate,"injectable artesunate vial (logistics unit, not a dose)",11,0,0,52.0
HC-BUG-04,Mareba Health Center,Bugesera,2026-01-12,ACT,"ACT course (logistics unit, not a dose)",7,1,0,7.0
HC-BUG-04,Mareba Health Center,Bugesera,2026-01-12,RDT,RDT kit,56,5,0,11.2
HC-BUG-04,Mareba Health Center,Bugesera,2026-01-12,injectable_artesunate,"injectable artesunate vial (logistics unit, not a dose)",4,0,0,52.0
HC-BUG-04,Mareba Health Center,Bugesera,2026-01-19,ACT,"ACT course (logistics unit, not a dose)",11,0,0,52.0
HC-BUG-04,Mareba Health Center,Bugesera,2026-01-19,RDT,RDT kit,23,3,0,7.67
HC-BUG-04,Mareba Health Center,Bugesera,2026-01-19,injectable_artesunate,"injectable artesunate vial (logistics unit, not a dose)",5,0,0,52.0
HC-BUG-04,Mareba Health Center,Bugesera,2026-01-26,ACT,"ACT course (logistics unit, not a dose)",11,1,0,11.0
HC-BUG-04,Mareba Health Center,Bugesera,2026-01-26,RDT,RDT kit,11,2,0,5.5
HC-BUG-04,Mareba Health Center,Bugesera,2026-01-26,injectable_artesunate,"injectable artesunate vial (logistics unit, not a dose)",4,0,0,52.0
HC-BUG-04,Mareba Health Center,Bugesera,2026-02-02,ACT,"ACT course (logistics unit, not a dose)",22,2,0,11.0
HC-BUG-04,Mareba Health Center,Bugesera,2026-02-02,RDT,RDT kit,18,2,0,9.0
HC-BUG-04,Mareba Health Center,Bugesera,2026-02-02,injectable_artesunate,"injectable artesunate vial (logistics unit, not a dose)",7,0,0,52.0
HC-BUG-04,Mareba Health Center,Bugesera,2026-02-09,ACT,"ACT course (logistics unit, not a dose)",10,0,0,52.0
HC-BUG-04,Mareba Health Center,Bugesera,2026-02-09,RDT,RDT kit,35,4,0,8.75
HC-BUG-04,Mareba Health Center,Bugesera,2026-02-09,injectable_artesunate,"injectable artesunate vial (logistics unit, not a dose)",11,0,0,52.0
HC-BUG-04,Mareba Health Center,Bugesera,2026-02-16,ACT,"ACT course (logistics unit, not a dose)",1,0,0,52.0
HC-BUG-04,Mareba Health Center,Bugesera,2026-02-16,RDT,RDT kit,21,3,0,7.0
HC-BUG-04,Mareba Health Center,Bugesera,2026-02-16,injectable_artesunate,"injectable artesunate vial (logistics unit, not a dose)",8,0,0,52.0
HC-BUG-04,Mareba Health Center,Bugesera,2026-02-23,ACT,"ACT course (logistics unit, not a dose)",14,3,0,4.67
HC-BUG-04,Mareba Health Center,Bugesera,2026-02-23,RDT,RDT kit,4,1,0,4.0
HC-BUG-04,Mareba Health Center,Bugesera,2026-02-23,injectable_artesunate,"injectable artesunate vial (logistics unit, not a dose)",3,0,0,52.0
HC-BUG-04,Mareba Health Center,Bugesera,2026-03-02,ACT,"ACT course (logistics unit, not a dose)",40,4,0,10.0
HC-BUG-04,Mareba Health Center,Bugesera,2026-03-02,RDT,RDT kit,44,6,0,7.33
HC-BUG-04,Mareba Health Center,Bugesera,2026-03-02,injectable_artesunate,"injectable artesunate vial (logistics unit, not a dose)",6,0,0,52.0
HC-BUG-04,Mareba Health Center,Bugesera,2026-03-09,ACT,"ACT course (logistics unit, not a dose)",26,3,0,8.67
HC-BUG-04,Mareba Health Center,Bugesera,2026-03-09,RDT,RDT kit,24,3,0,8.0
HC-BUG-04,Mareba Health Center,Bugesera,2026-03-09,injectable_artesunate,"injectable artesunate vial (logistics unit, not a dose)",7,0,0,52.0
HC-BUG-04,Mareba Health Center,Bugesera,2026-03-16,ACT,"ACT course (logistics unit, not a dose)",11,0,0,52.0
HC-BUG-04,Mareba Health Center,Bugesera,2026-03-16,RDT,RDT kit,4,1,0,4.0
HC-BUG-04,Mareba Health Center,Bugesera,2026-03-16,injectable_artesunate,"injectable artesunate vial (logistics unit, not a dose)",12,0,0,52.0
HC-BUG-04,Mareba Health Center,Bugesera,2026-03-23,ACT,"ACT course (logistics unit, not a dose)",21,3,0,7.0
HC-BUG-04,Mareba Health Center,Bugesera,2026-03-23,RDT,RDT kit,31,3,0,10.33
HC-BUG-04,Mareba Health Center,Bugesera,2026-03-23,injectable_artesunate,"injectable artesunate vial (logistics unit, not a dose)",11,0,0,52.0
HC-BUG-04,Mareba Health Center,Bugesera,2026-03-30,ACT,"ACT course (logistics unit, not a dose)",7,1,0,7.0
HC-BUG-04,Mareba Health Center,Bugesera,2026-03-30,RDT,RDT kit,41,5,0,8.2
HC-BUG-04,Mareba Health Center,Bugesera,2026-03-30,injectable_artesunate,"injectable artesunate vial (logistics unit, not a dose)",10,1,0,10.0
HC-BUG-04,Mareba Health Center,Bugesera,2026-04-06,ACT,"ACT course (logistics unit, not a dose)",15,2,0,7.5
HC-BUG-04,Mareba Health Center,Bugesera,2026-04-06,RDT,RDT kit,5,1,0,5.0
HC-BUG-04,Mareba Health Center,Bugesera,2026-04-06,injectable_artesunate,"injectable artesunate vial (logistics unit, not a dose)",5,0,0,52.0
HC-BUG-04,Mareba Health Center,Bugesera,2026-04-13,ACT,"ACT course (logistics unit, not a dose)",18,3,0,6.0
HC-BUG-04,Mareba Health Center,Bugesera,2026-04-13,RDT,RDT kit,33,3,0,11.0
HC-BUG-04,Mareba Health Center,Bugesera,2026-04-13,injectable_artesunate,"injectable artesunate vial (logistics unit, not a dose)",5,1,0,5.0
HC-BUG-04,Mareba Health Center,Bugesera,2026-04-20,ACT,"ACT course (logistics unit, not a dose)",23,3,0,7.67
HC-BUG-04,Mareba Health Center,Bugesera,2026-04-20,RDT,RDT kit,14,2,0,7.0
HC-BUG-04,Mareba Health Center,Bugesera,2026-04-20,injectable_artesunate,"injectable artesunate vial (logistics unit, not a dose)",6,0,0,52.0
HC-BUG-04,Mareba Health Center,Bugesera,2026-04-27,ACT,"ACT course (logistics unit, not a dose)",19,3,0,6.33
HC-BUG-04,Mareba Health Center,Bugesera,2026-04-27,RDT,RDT kit,18,3,0,6.0
HC-BUG-04,Mareba Health Center,Bugesera,2026-04-27,injectable_artesunate,"injectable artesunate vial (logistics unit, not a dose)",6,0,0,52.0
HC-BUG-04,Mareba Health Center,Bugesera,2026-05-04,ACT,"ACT course (logistics unit, not a dose)",25,3,0,8.33
HC-BUG-04,Mareba Health Center,Bugesera,2026-05-04,RDT,RDT kit,0,1,1,0.0
HC-BUG-04,Mareba Health Center,Bugesera,2026-05-04,injectable_artesunate,"injectable artesunate vial (logistics unit, not a dose)",9,0,0,52.0
HC-BUG-04,Mareba Health Center,Bugesera,2026-05-11,ACT,"ACT course (logistics unit, not a dose)",9,1,0,9.0
HC-BUG-04,Mareba Health Center,Bugesera,2026-05-11,RDT,RDT kit,18,2,0,9.0
HC-BUG-04,Mareba Health Center,Bugesera,2026-05-11,injectable_artesunate,"injectable artesunate vial (logistics unit, not a dose)",8,0,0,52.0
HC-BUG-04,Mareba Health Center,Bugesera,2026-05-18,ACT,"ACT course (logistics unit, not a dose)",8,2,0,4.0
HC-BUG-04,Mareba Health Center,Bugesera,2026-05-18,RDT,RDT kit,1,2,0,0.5
HC-BUG-04,Mareba Health Center,Bugesera,2026-05-18,injectable_artesunate,"injectable artesunate vial (logistics unit, not a dose)",6,0,0,52.0
HC-BUG-04,Mareba Health Center,Bugesera,2026-05-25,ACT,"ACT course (logistics unit, not a dose)",0,3,1,0.0
HC-BUG-04,Mareba Health Center,Bugesera,2026-05-25,RDT,RDT kit,23,3,0,7.67
HC-BUG-04,Mareba Health Center,Bugesera,2026-05-25,injectable_artesunate,"injectable artesunate vial (logistics unit, not a dose)",0,0,1,0.0
HC-BUG-04,Mareba Health Center,Bugesera,2026-06-01,ACT,"ACT course (logistics unit, not a dose)",10,1,0,10.0
HC-BUG-04,Mareba Health Center,Bugesera,2026-06-01,RDT,RDT kit,11,0,0,52.0
HC-BUG-04,Mareba Health Center,Bugesera,2026-06-01,injectable_artesunate,"injectable artesunate vial (logistics unit, not a dose)",11,0,0,52.0
HC-BUG-04,Mareba Health Center,Bugesera,2026-06-08,ACT,"ACT course (logistics unit, not a dose)",8,0,0,52.0
HC-BUG-04,Mareba Health Center,Bugesera,2026-06-08,RDT,RDT kit,4,1,0,4.0
HC-BUG-04,Mareba Health Center,Bugesera,2026-06-08,injectable_artesunate,"injectable artesunate vial (logistics unit, not a dose)",9,0,0,52.0
HC-BUG-04,Mareba Health Center,Bugesera,2026-06-15,ACT,"ACT course (logistics unit, not a dose)",9,1,0,9.0
HC-BUG-04,Mareba Health Center,Bugesera,2026-06-15,RDT,RDT kit,12,2,0,6.0
HC-BUG-04,Mareba Health Center,Bugesera,2026-06-15,injectable_artesunate,"injectable artesunate vial (logistics unit, not a dose)",9,0,0,52.0
HC-BUG-04,Mareba Health Center,Bugesera,2026-06-22,ACT,"ACT course (logistics unit, not a dose)",8,0,0,52.0
HC-BUG-04,Mareba Health Center,Bugesera,2026-06-22,RDT,RDT kit,6,1,0,6.0
HC-BUG-04,Mareba Health Center,Bugesera,2026-06-22,injectable_artesunate,"injectable artesunate vial (logistics unit, not a dose)",9,0,0,52.0
HC-BUG-04,Mareba Health Center,Bugesera,2026-06-29,ACT,"ACT course (logistics unit, not a dose)",26,4,0,6.5
HC-BUG-04,Mareba Health Center,Bugesera,2026-06-29,RDT,RDT kit,17,2,0,8.5
HC-BUG-04,Mareba Health Center,Bugesera,2026-06-29,injectable_artesunate,"injectable artesunate vial (logistics unit, not a dose)",11,1,0,11.0
HC-BUG-04,Mareba Health Center,Bugesera,2026-07-06,ACT,"ACT course (logistics unit, not a dose)",8,0,0,52.0
HC-BUG-04,Mareba Health Center,Bugesera,2026-07-06,RDT,RDT kit,29,4,0,7.25
HC-BUG-04,Mareba Health Center,Bugesera,2026-07-06,injectable_artesunate,"injectable artesunate vial (logistics unit, not a dose)",4,1,0,4.0
HC-BUG-04,Mareba Health Center,Bugesera,2026-07-13,ACT,"ACT course (logistics unit, not a dose)",35,5,0,7.0
HC-BUG-04,Mareba Health Center,Bugesera,2026-07-13,RDT,RDT kit,22,2,0,11.0
HC-BUG-04,Mareba Health Center,Bugesera,2026-07-13,injectable_artesunate,"injectable artesunate vial (logistics unit, not a dose)",5,0,0,52.0
HC-BUG-04,Mareba Health Center,Bugesera,2026-07-20,ACT,"ACT course (logistics unit, not a dose)",0,1,1,0.0
HC-BUG-04,Mareba Health Center,Bugesera,2026-07-20,RDT,RDT kit,19,2,0,9.5
HC-BUG-04,Mareba Health Center,Bugesera,2026-07-20,injectable_artesunate,"injectable artesunate vial (logistics unit, not a dose)",8,0,0,52.0
HC-BUG-04,Mareba Health Center,Bugesera,2026-07-27,ACT,"ACT course (logistics unit, not a dose)",8,0,0,52.0
HC-BUG-04,Mareba Health Center,Bugesera,2026-07-27,RDT,RDT kit,12,1,0,12.0
HC-BUG-04,Mareba Health Center,Bugesera,2026-07-27,injectable_artesunate,"injectable artesunate vial (logistics unit, not a dose)",4,1,0,4.0
HC-BUG-04,Mareba Health Center,Bugesera,2026-08-03,ACT,"ACT course (logistics unit, not a dose)",5,0,0,52.0
HC-BUG-04,Mareba Health Center,Bugesera,2026-08-03,RDT,RDT kit,9,1,0,9.0
HC-BUG-04,Mareba Health Center,Bugesera,2026-08-03,injectable_artesunate,"injectable artesunate vial (logistics unit, not a dose)",8,0,0,52.0
HC-BUG-04,Mareba Health Center,Bugesera,2026-08-10,ACT,"ACT course (logistics unit, not a dose)",33,3,0,11.0
HC-BUG-04,Mareba Health Center,Bugesera,2026-08-10,RDT,RDT kit,8,0,0,52.0
HC-BUG-04,Mareba Health Center,Bugesera,2026-08-10,injectable_artesunate,"injectable artesunate vial (logistics unit, not a dose)",0,0,1,0.0
HC-BUG-04,Mareba Health Center,Bugesera,2026-08-17,ACT,"ACT course (logistics unit, not a dose)",25,3,0,8.33
HC-BUG-04,Mareba Health Center,Bugesera,2026-08-17,RDT,RDT kit,19,3,0,6.33
HC-BUG-04,Mareba Health Center,Bugesera,2026-08-17,injectable_artesunate,"injectable artesunate vial (logistics unit, not a dose)",6,1,0,6.0
HC-BUG-04,Mareba Health Center,Bugesera,2026-08-24,ACT,"ACT course (logistics unit, not a dose)",5,1,0,5.0
HC-BUG-04,Mareba Health Center,Bugesera,2026-08-24,RDT,RDT kit,6,1,0,6.0
HC-BUG-04,Mareba Health Center,Bugesera,2026-08-24,injectable_artesunate,"injectable artesunate vial (logistics unit, not a dose)",10,0,0,52.0
HC-BUG-04,Mareba Health Center,Bugesera,2026-08-31,ACT,"ACT course (logistics unit, not a dose)",4,0,0,52.0
HC-BUG-04,Mareba Health Center,Bugesera,2026-08-31,RDT,RDT kit,8,0,0,52.0
HC-BUG-04,Mareba Health Center,Bugesera,2026-08-31,injectable_artesunate,"injectable artesunate vial (logistics unit, not a dose)",6,0,0,52.0
HC-BUG-04,Mareba Health Center,Bugesera,2026-09-07,ACT,"ACT course (logistics unit, not a dose)",0,2,1,0.0
HC-BUG-04,Mareba Health Center,Bugesera,2026-09-07,RDT,RDT kit,8,2,0,4.0
HC-BUG-04,Mareba Health Center,Bugesera,2026-09-07,injectable_artesunate,"injectable artesunate vial (logistics unit, not a dose)",10,0,0,52.0
HC-BUG-04,Mareba Health Center,Bugesera,2026-09-14,ACT,"ACT course (logistics unit, not a dose)",0,2,1,0.0
HC-BUG-04,Mareba Health Center,Bugesera,2026-09-14,RDT,RDT kit,21,3,0,7.0
HC-BUG-04,Mareba Health Center,Bugesera,2026-09-14,injectable_artesunate,"injectable artesunate vial (logistics unit, not a dose)",0,2,1,0.0
HC-BUG-04,Mareba Health Center,Bugesera,2026-09-21,ACT,"ACT course (logistics unit, not a dose)",0,1,1,0.0
HC-BUG-04,Mareba Health Center,Bugesera,2026-09-21,RDT,RDT kit,6,0,0,52.0
HC-BUG-04,Mareba Health Center,Bugesera,2026-09-21,injectable_artesunate,"injectable artesunate vial (logistics unit, not a dose)",10,0,0,52.0
HC-BUG-04,Mareba Health Center,Bugesera,2026-09-28,ACT,"ACT course (logistics unit, not a dose)",0,1,1,0.0
HC-BUG-04,Mareba Health Center,Bugesera,2026-09-28,RDT,RDT kit,19,2,0,9.5
HC-BUG-04,Mareba Health Center,Bugesera,2026-09-28,injectable_artesunate,"injectable artesunate vial (logistics unit, not a dose)",8,0,0,52.0
HC-BUG-05,Ntarama Health Center,Bugesera,2024-09-30,ACT,"ACT course (logistics unit, not a dose)",3,0,0,52.0
HC-BUG-05,Ntarama Health Center,Bugesera,2024-09-30,RDT,RDT kit,7,0,0,52.0
HC-BUG-05,Ntarama Health Center,Bugesera,2024-09-30,injectable_artesunate,"injectable artesunate vial (logistics unit, not a dose)",9,1,0,9.0
HC-BUG-05,Ntarama Health Center,Bugesera,2024-10-07,ACT,"ACT course (logistics unit, not a dose)",8,0,0,52.0
HC-BUG-05,Ntarama Health Center,Bugesera,2024-10-07,RDT,RDT kit,23,2,0,11.5
HC-BUG-05,Ntarama Health Center,Bugesera,2024-10-07,injectable_artesunate,"injectable artesunate vial (logistics unit, not a dose)",3,0,0,52.0
HC-BUG-05,Ntarama Health Center,Bugesera,2024-10-14,ACT,"ACT course (logistics unit, not a dose)",19,2,0,9.5
HC-BUG-05,Ntarama Health Center,Bugesera,2024-10-14,RDT,RDT kit,29,3,0,9.67
HC-BUG-05,Ntarama Health Center,Bugesera,2024-10-14,injectable_artesunate,"injectable artesunate vial (logistics unit, not a dose)",5,1,0,5.0
HC-BUG-05,Ntarama Health Center,Bugesera,2024-10-21,ACT,"ACT course (logistics unit, not a dose)",33,3,0,11.0
HC-BUG-05,Ntarama Health Center,Bugesera,2024-10-21,RDT,RDT kit,10,1,0,10.0
HC-BUG-05,Ntarama Health Center,Bugesera,2024-10-21,injectable_artesunate,"injectable artesunate vial (logistics unit, not a dose)",11,0,0,52.0
HC-BUG-05,Ntarama Health Center,Bugesera,2024-10-28,ACT,"ACT course (logistics unit, not a dose)",1,1,0,1.0
HC-BUG-05,Ntarama Health Center,Bugesera,2024-10-28,RDT,RDT kit,37,5,0,7.4
HC-BUG-05,Ntarama Health Center,Bugesera,2024-10-28,injectable_artesunate,"injectable artesunate vial (logistics unit, not a dose)",10,0,0,52.0
HC-BUG-05,Ntarama Health Center,Bugesera,2024-11-04,ACT,"ACT course (logistics unit, not a dose)",5,0,0,52.0
HC-BUG-05,Ntarama Health Center,Bugesera,2024-11-04,RDT,RDT kit,4,1,0,4.0
HC-BUG-05,Ntarama Health Center,Bugesera,2024-11-04,injectable_artesunate,"injectable artesunate vial (logistics unit, not a dose)",5,0,0,52.0
HC-BUG-05,Ntarama Health Center,Bugesera,2024-11-11,ACT,"ACT course (logistics unit, not a dose)",21,2,0,10.5
HC-BUG-05,Ntarama Health Center,Bugesera,2024-11-11,RDT,RDT kit,13,3,0,4.33
HC-BUG-05,Ntarama Health Center,Bugesera,2024-11-11,injectable_artesunate,"injectable artesunate vial (logistics unit, not a dose)",10,1,0,10.0
HC-BUG-05,Ntarama Health Center,Bugesera,2024-11-18,ACT,"ACT course (logistics unit, not a dose)",11,1,0,11.0
HC-BUG-05,Ntarama Health Center,Bugesera,2024-11-18,RDT,RDT kit,1,0,0,52.0
HC-BUG-05,Ntarama Health Center,Bugesera,2024-11-18,injectable_artesunate,"injectable artesunate vial (logistics unit, not a dose)",6,0,0,52.0
HC-BUG-05,Ntarama Health Center,Bugesera,2024-11-25,ACT,"ACT course (logistics unit, not a dose)",0,1,1,0.0
HC-BUG-05,Ntarama Health Center,Bugesera,2024-11-25,RDT,RDT kit,0,1,1,0.0
HC-BUG-05,Ntarama Health Center,Bugesera,2024-11-25,injectable_artesunate,"injectable artesunate vial (logistics unit, not a dose)",11,0,0,52.0
HC-BUG-05,Ntarama Health Center,Bugesera,2024-12-02,ACT,"ACT course (logistics unit, not a dose)",16,2,0,8.0
HC-BUG-05,Ntarama Health Center,Bugesera,2024-12-02,RDT,RDT kit,0,3,1,0.0
HC-BUG-05,Ntarama Health Center,Bugesera,2024-12-02,injectable_artesunate,"injectable artesunate vial (logistics unit, not a dose)",0,0,1,0.0
HC-BUG-05,Ntarama Health Center,Bugesera,2024-12-09,ACT,"ACT course (logistics unit, not a dose)",5,1,0,5.0
HC-BUG-05,Ntarama Health Center,Bugesera,2024-12-09,RDT,RDT kit,21,3,0,7.0
HC-BUG-05,Ntarama Health Center,Bugesera,2024-12-09,injectable_artesunate,"injectable artesunate vial (logistics unit, not a dose)",11,0,0,52.0
HC-BUG-05,Ntarama Health Center,Bugesera,2024-12-16,ACT,"ACT course (logistics unit, not a dose)",29,3,0,9.67
HC-BUG-05,Ntarama Health Center,Bugesera,2024-12-16,RDT,RDT kit,6,1,0,6.0
HC-BUG-05,Ntarama Health Center,Bugesera,2024-12-16,injectable_artesunate,"injectable artesunate vial (logistics unit, not a dose)",6,0,0,52.0
HC-BUG-05,Ntarama Health Center,Bugesera,2024-12-23,ACT,"ACT course (logistics unit, not a dose)",8,1,0,8.0
HC-BUG-05,Ntarama Health Center,Bugesera,2024-12-23,RDT,RDT kit,29,3,0,9.67
HC-BUG-05,Ntarama Health Center,Bugesera,2024-12-23,injectable_artesunate,"injectable artesunate vial (logistics unit, not a dose)",9,0,0,52.0
HC-BUG-05,Ntarama Health Center,Bugesera,2024-12-30,ACT,"ACT course (logistics unit, not a dose)",6,0,0,52.0
HC-BUG-05,Ntarama Health Center,Bugesera,2024-12-30,RDT,RDT kit,1,1,0,1.0
HC-BUG-05,Ntarama Health Center,Bugesera,2024-12-30,injectable_artesunate,"injectable artesunate vial (logistics unit, not a dose)",3,0,0,52.0
HC-BUG-05,Ntarama Health Center,Bugesera,2025-01-06,ACT,"ACT course (logistics unit, not a dose)",9,0,0,52.0
HC-BUG-05,Ntarama Health Center,Bugesera,2025-01-06,RDT,RDT kit,9,0,0,52.0
HC-BUG-05,Ntarama Health Center,Bugesera,2025-01-06,injectable_artesunate,"injectable artesunate vial (logistics unit, not a dose)",0,0,1,0.0
HC-BUG-05,Ntarama Health Center,Bugesera,2025-01-13,ACT,"ACT course (logistics unit, not a dose)",0,1,1,0.0
HC-BUG-05,Ntarama Health Center,Bugesera,2025-01-13,RDT,RDT kit,5,0,0,52.0
HC-BUG-05,Ntarama Health Center,Bugesera,2025-01-13,injectable_artesunate,"injectable artesunate vial (logistics unit, not a dose)",7,0,0,52.0
HC-BUG-05,Ntarama Health Center,Bugesera,2025-01-20,ACT,"ACT course (logistics unit, not a dose)",0,1,1,0.0
HC-BUG-05,Ntarama Health Center,Bugesera,2025-01-20,RDT,RDT kit,2,2,0,1.0
HC-BUG-05,Ntarama Health Center,Bugesera,2025-01-20,injectable_artesunate,"injectable artesunate vial (logistics unit, not a dose)",23,2,0,11.5
HC-BUG-05,Ntarama Health Center,Bugesera,2025-01-27,ACT,"ACT course (logistics unit, not a dose)",7,2,0,3.5
HC-BUG-05,Ntarama Health Center,Bugesera,2025-01-27,RDT,RDT kit,11,2,0,5.5
HC-BUG-05,Ntarama Health Center,Bugesera,2025-01-27,injectable_artesunate,"injectable artesunate vial (logistics unit, not a dose)",0,0,1,0.0
HC-BUG-05,Ntarama Health Center,Bugesera,2025-02-03,ACT,"ACT course (logistics unit, not a dose)",11,0,0,52.0
HC-BUG-05,Ntarama Health Center,Bugesera,2025-02-03,RDT,RDT kit,10,1,0,10.0
HC-BUG-05,Ntarama Health Center,Bugesera,2025-02-03,injectable_artesunate,"injectable artesunate vial (logistics unit, not a dose)",3,1,0,3.0
HC-BUG-05,Ntarama Health Center,Bugesera,2025-02-10,ACT,"ACT course (logistics unit, not a dose)",10,1,0,10.0
HC-BUG-05,Ntarama Health Center,Bugesera,2025-02-10,RDT,RDT kit,10,2,0,5.0
HC-BUG-05,Ntarama Health Center,Bugesera,2025-02-10,injectable_artesunate,"injectable artesunate vial (logistics unit, not a dose)",0,0,1,0.0
HC-BUG-05,Ntarama Health Center,Bugesera,2025-02-17,ACT,"ACT course (logistics unit, not a dose)",6,0,0,52.0
HC-BUG-05,Ntarama Health Center,Bugesera,2025-02-17,RDT,RDT kit,3,0,0,52.0
HC-BUG-05,Ntarama Health Center,Bugesera,2025-02-17,injectable_artesunate,"injectable artesunate vial (logistics unit, not a dose)",10,0,0,52.0
HC-BUG-05,Ntarama Health Center,Bugesera,2025-02-24,ACT,"ACT course (logistics unit, not a dose)",8,0,0,52.0
HC-BUG-05,Ntarama Health Center,Bugesera,2025-02-24,RDT,RDT kit,23,3,0,7.67
HC-BUG-05,Ntarama Health Center,Bugesera,2025-02-24,injectable_artesunate,"injectable artesunate vial (logistics unit, not a dose)",3,1,0,3.0
HC-BUG-05,Ntarama Health Center,Bugesera,2025-03-03,ACT,"ACT course (logistics unit, not a dose)",9,1,0,9.0
HC-BUG-05,Ntarama Health Center,Bugesera,2025-03-03,RDT,RDT kit,29,5,0,5.8
HC-BUG-05,Ntarama Health Center,Bugesera,2025-03-03,injectable_artesunate,"injectable artesunate vial (logistics unit, not a dose)",6,0,0,52.0
HC-BUG-05,Ntarama Health Center,Bugesera,2025-03-10,ACT,"ACT course (logistics unit, not a dose)",17,2,0,8.5
HC-BUG-05,Ntarama Health Center,Bugesera,2025-03-10,RDT,RDT kit,0,5,1,0.0
HC-BUG-05,Ntarama Health Center,Bugesera,2025-03-10,injectable_artesunate,"injectable artesunate vial (logistics unit, not a dose)",9,0,0,52.0
HC-BUG-05,Ntarama Health Center,Bugesera,2025-03-17,ACT,"ACT course (logistics unit, not a dose)",6,1,0,6.0
HC-BUG-05,Ntarama Health Center,Bugesera,2025-03-17,RDT,RDT kit,20,2,0,10.0
HC-BUG-05,Ntarama Health Center,Bugesera,2025-03-17,injectable_artesunate,"injectable artesunate vial (logistics unit, not a dose)",6,0,0,52.0
HC-BUG-05,Ntarama Health Center,Bugesera,2025-03-24,ACT,"ACT course (logistics unit, not a dose)",8,0,0,52.0
HC-BUG-05,Ntarama Health Center,Bugesera,2025-03-24,RDT,RDT kit,4,1,0,4.0
HC-BUG-05,Ntarama Health Center,Bugesera,2025-03-24,injectable_artesunate,"injectable artesunate vial (logistics unit, not a dose)",7,0,0,52.0
HC-BUG-05,Ntarama Health Center,Bugesera,2025-03-31,ACT,"ACT course (logistics unit, not a dose)",6,0,0,52.0
HC-BUG-05,Ntarama Health Center,Bugesera,2025-03-31,RDT,RDT kit,51,6,0,8.5
HC-BUG-05,Ntarama Health Center,Bugesera,2025-03-31,injectable_artesunate,"injectable artesunate vial (logistics unit, not a dose)",8,0,0,52.0
HC-BUG-05,Ntarama Health Center,Bugesera,2025-04-07,ACT,"ACT course (logistics unit, not a dose)",3,6,0,0.5
HC-BUG-05,Ntarama Health Center,Bugesera,2025-04-07,RDT,RDT kit,28,3,0,9.33
HC-BUG-05,Ntarama Health Center,Bugesera,2025-04-07,injectable_artesunate,"injectable artesunate vial (logistics unit, not a dose)",3,0,0,52.0
HC-BUG-05,Ntarama Health Center,Bugesera,2025-04-14,ACT,"ACT course (logistics unit, not a dose)",6,2,0,3.0
HC-BUG-05,Ntarama Health Center,Bugesera,2025-04-14,RDT,RDT kit,18,3,0,6.0
HC-BUG-05,Ntarama Health Center,Bugesera,2025-04-14,injectable_artesunate,"injectable artesunate vial (logistics unit, not a dose)",4,0,0,52.0
HC-BUG-05,Ntarama Health Center,Bugesera,2025-04-21,ACT,"ACT course (logistics unit, not a dose)",10,0,0,52.0
HC-BUG-05,Ntarama Health Center,Bugesera,2025-04-21,RDT,RDT kit,22,4,0,5.5
HC-BUG-05,Ntarama Health Center,Bugesera,2025-04-21,injectable_artesunate,"injectable artesunate vial (logistics unit, not a dose)",9,0,0,52.0
HC-BUG-05,Ntarama Health Center,Bugesera,2025-04-28,ACT,"ACT course (logistics unit, not a dose)",18,2,0,9.0
HC-BUG-05,Ntarama Health Center,Bugesera,2025-04-28,RDT,RDT kit,6,6,0,1.0
HC-BUG-05,Ntarama Health Center,Bugesera,2025-04-28,injectable_artesunate,"injectable artesunate vial (logistics unit, not a dose)",3,0,0,52.0
HC-BUG-05,Ntarama Health Center,Bugesera,2025-05-05,ACT,"ACT course (logistics unit, not a dose)",0,1,1,0.0
HC-BUG-05,Ntarama Health Center,Bugesera,2025-05-05,RDT,RDT kit,40,4,0,10.0
HC-BUG-05,Ntarama Health Center,Bugesera,2025-05-05,injectable_artesunate,"injectable artesunate vial (logistics unit, not a dose)",5,0,0,52.0
HC-BUG-05,Ntarama Health Center,Bugesera,2025-05-12,ACT,"ACT course (logistics unit, not a dose)",11,1,0,11.0
HC-BUG-05,Ntarama Health Center,Bugesera,2025-05-12,RDT,RDT kit,32,4,0,8.0
HC-BUG-05,Ntarama Health Center,Bugesera,2025-05-12,injectable_artesunate,"injectable artesunate vial (logistics unit, not a dose)",9,0,0,52.0
HC-BUG-05,Ntarama Health Center,Bugesera,2025-05-19,ACT,"ACT course (logistics unit, not a dose)",17,2,0,8.5
HC-BUG-05,Ntarama Health Center,Bugesera,2025-05-19,RDT,RDT kit,18,2,0,9.0
HC-BUG-05,Ntarama Health Center,Bugesera,2025-05-19,injectable_artesunate,"injectable artesunate vial (logistics unit, not a dose)",8,0,0,52.0
HC-BUG-05,Ntarama Health Center,Bugesera,2025-05-26,ACT,"ACT course (logistics unit, not a dose)",12,2,0,6.0
HC-BUG-05,Ntarama Health Center,Bugesera,2025-05-26,RDT,RDT kit,25,3,0,8.33
HC-BUG-05,Ntarama Health Center,Bugesera,2025-05-26,injectable_artesunate,"injectable artesunate vial (logistics unit, not a dose)",4,0,0,52.0
HC-BUG-05,Ntarama Health Center,Bugesera,2025-06-02,ACT,"ACT course (logistics unit, not a dose)",11,0,0,52.0
HC-BUG-05,Ntarama Health Center,Bugesera,2025-06-02,RDT,RDT kit,1,1,0,1.0
HC-BUG-05,Ntarama Health Center,Bugesera,2025-06-02,injectable_artesunate,"injectable artesunate vial (logistics unit, not a dose)",21,2,0,10.5
HC-BUG-05,Ntarama Health Center,Bugesera,2025-06-09,ACT,"ACT course (logistics unit, not a dose)",10,1,0,10.0
HC-BUG-05,Ntarama Health Center,Bugesera,2025-06-09,RDT,RDT kit,10,0,0,52.0
HC-BUG-05,Ntarama Health Center,Bugesera,2025-06-09,injectable_artesunate,"injectable artesunate vial (logistics unit, not a dose)",6,0,0,52.0
HC-BUG-05,Ntarama Health Center,Bugesera,2025-06-16,ACT,"ACT course (logistics unit, not a dose)",11,1,0,11.0
HC-BUG-05,Ntarama Health Center,Bugesera,2025-06-16,RDT,RDT kit,34,3,0,11.33
HC-BUG-05,Ntarama Health Center,Bugesera,2025-06-16,injectable_artesunate,"injectable artesunate vial (logistics unit, not a dose)",5,0,0,52.0
HC-BUG-05,Ntarama Health Center,Bugesera,2025-06-23,ACT,"ACT course (logistics unit, not a dose)",0,1,1,0.0
HC-BUG-05,Ntarama Health Center,Bugesera,2025-06-23,RDT,RDT kit,45,4,0,11.25
HC-BUG-05,Ntarama Health Center,Bugesera,2025-06-23,injectable_artesunate,"injectable artesunate vial (logistics unit, not a dose)",6,0,0,52.0
HC-BUG-05,Ntarama Health Center,Bugesera,2025-06-30,ACT,"ACT course (logistics unit, not a dose)",4,0,0,52.0
HC-BUG-05,Ntarama Health Center,Bugesera,2025-06-30,RDT,RDT kit,4,1,0,4.0
HC-BUG-05,Ntarama Health Center,Bugesera,2025-06-30,injectable_artesunate,"injectable artesunate vial (logistics unit, not a dose)",9,0,0,52.0
HC-BUG-05,Ntarama Health Center,Bugesera,2025-07-07,ACT,"ACT course (logistics unit, not a dose)",7,1,0,7.0
HC-BUG-05,Ntarama Health Center,Bugesera,2025-07-07,RDT,RDT kit,34,3,0,11.33
HC-BUG-05,Ntarama Health Center,Bugesera,2025-07-07,injectable_artesunate,"injectable artesunate vial (logistics unit, not a dose)",1,0,0,52.0
HC-BUG-05,Ntarama Health Center,Bugesera,2025-07-14,ACT,"ACT course (logistics unit, not a dose)",0,0,1,0.0
HC-BUG-05,Ntarama Health Center,Bugesera,2025-07-14,RDT,RDT kit,13,4,0,3.25
HC-BUG-05,Ntarama Health Center,Bugesera,2025-07-14,injectable_artesunate,"injectable artesunate vial (logistics unit, not a dose)",7,0,0,52.0
HC-BUG-05,Ntarama Health Center,Bugesera,2025-07-21,ACT,"ACT course (logistics unit, not a dose)",11,1,0,11.0
HC-BUG-05,Ntarama Health Center,Bugesera,2025-07-21,RDT,RDT kit,4,1,0,4.0
HC-BUG-05,Ntarama Health Center,Bugesera,2025-07-21,injectable_artesunate,"injectable artesunate vial (logistics unit, not a dose)",10,1,0,10.0
HC-BUG-05,Ntarama Health Center,Bugesera,2025-07-28,ACT,"ACT course (logistics unit, not a dose)",5,0,0,52.0
HC-BUG-05,Ntarama Health Center,Bugesera,2025-07-28,RDT,RDT kit,21,3,0,7.0
HC-BUG-05,Ntarama Health Center,Bugesera,2025-07-28,injectable_artesunate,"injectable artesunate vial (logistics unit, not a dose)",0,0,1,0.0
HC-BUG-05,Ntarama Health Center,Bugesera,2025-08-04,ACT,"ACT course (logistics unit, not a dose)",8,0,0,52.0
HC-BUG-05,Ntarama Health Center,Bugesera,2025-08-04,RDT,RDT kit,19,3,0,6.33
HC-BUG-05,Ntarama Health Center,Bugesera,2025-08-04,injectable_artesunate,"injectable artesunate vial (logistics unit, not a dose)",3,0,0,52.0
HC-BUG-05,Ntarama Health Center,Bugesera,2025-08-11,ACT,"ACT course (logistics unit, not a dose)",6,1,0,6.0
HC-BUG-05,Ntarama Health Center,Bugesera,2025-08-11,RDT,RDT kit,3,1,0,3.0
HC-BUG-05,Ntarama Health Center,Bugesera,2025-08-11,injectable_artesunate,"injectable artesunate vial (logistics unit, not a dose)",7,0,0,52.0
HC-BUG-05,Ntarama Health Center,Bugesera,2025-08-18,ACT,"ACT course (logistics unit, not a dose)",9,1,0,9.0
HC-BUG-05,Ntarama Health Center,Bugesera,2025-08-18,RDT,RDT kit,20,4,0,5.0
HC-BUG-05,Ntarama Health Center,Bugesera,2025-08-18,injectable_artesunate,"injectable artesunate vial (logistics unit, not a dose)",3,1,0,3.0
HC-BUG-05,Ntarama Health Center,Bugesera,2025-08-25,ACT,"ACT course (logistics unit, not a dose)",7,0,0,52.0
HC-BUG-05,Ntarama Health Center,Bugesera,2025-08-25,RDT,RDT kit,26,4,0,6.5
HC-BUG-05,Ntarama Health Center,Bugesera,2025-08-25,injectable_artesunate,"injectable artesunate vial (logistics unit, not a dose)",12,0,0,52.0
HC-BUG-05,Ntarama Health Center,Bugesera,2025-09-01,ACT,"ACT course (logistics unit, not a dose)",27,3,0,9.0
HC-BUG-05,Ntarama Health Center,Bugesera,2025-09-01,RDT,RDT kit,6,1,0,6.0
HC-BUG-05,Ntarama Health Center,Bugesera,2025-09-01,injectable_artesunate,"injectable artesunate vial (logistics unit, not a dose)",5,0,0,52.0
HC-BUG-05,Ntarama Health Center,Bugesera,2025-09-08,ACT,"ACT course (logistics unit, not a dose)",12,1,0,12.0
HC-BUG-05,Ntarama Health Center,Bugesera,2025-09-08,RDT,RDT kit,21,3,0,7.0
HC-BUG-05,Ntarama Health Center,Bugesera,2025-09-08,injectable_artesunate,"injectable artesunate vial (logistics unit, not a dose)",0,0,1,0.0
HC-BUG-05,Ntarama Health Center,Bugesera,2025-09-15,ACT,"ACT course (logistics unit, not a dose)",2,2,0,1.0
HC-BUG-05,Ntarama Health Center,Bugesera,2025-09-15,RDT,RDT kit,1,4,0,0.25
HC-BUG-05,Ntarama Health Center,Bugesera,2025-09-15,injectable_artesunate,"injectable artesunate vial (logistics unit, not a dose)",10,0,0,52.0
HC-BUG-05,Ntarama Health Center,Bugesera,2025-09-22,ACT,"ACT course (logistics unit, not a dose)",12,0,0,52.0
HC-BUG-05,Ntarama Health Center,Bugesera,2025-09-22,RDT,RDT kit,12,1,0,12.0
HC-BUG-05,Ntarama Health Center,Bugesera,2025-09-22,injectable_artesunate,"injectable artesunate vial (logistics unit, not a dose)",12,0,0,52.0
HC-BUG-05,Ntarama Health Center,Bugesera,2025-09-29,ACT,"ACT course (logistics unit, not a dose)",4,1,0,4.0
HC-BUG-05,Ntarama Health Center,Bugesera,2025-09-29,RDT,RDT kit,7,0,0,52.0
HC-BUG-05,Ntarama Health Center,Bugesera,2025-09-29,injectable_artesunate,"injectable artesunate vial (logistics unit, not a dose)",0,0,1,0.0
HC-BUG-05,Ntarama Health Center,Bugesera,2025-10-06,ACT,"ACT course (logistics unit, not a dose)",0,1,1,0.0
HC-BUG-05,Ntarama Health Center,Bugesera,2025-10-06,RDT,RDT kit,22,3,0,7.33
HC-BUG-05,Ntarama Health Center,Bugesera,2025-10-06,injectable_artesunate,"injectable artesunate vial (logistics unit, not a dose)",7,1,0,7.0
HC-BUG-05,Ntarama Health Center,Bugesera,2025-10-13,ACT,"ACT course (logistics unit, not a dose)",2,3,0,0.67
HC-BUG-05,Ntarama Health Center,Bugesera,2025-10-13,RDT,RDT kit,13,2,0,6.5
HC-BUG-05,Ntarama Health Center,Bugesera,2025-10-13,injectable_artesunate,"injectable artesunate vial (logistics unit, not a dose)",4,0,0,52.0
HC-BUG-05,Ntarama Health Center,Bugesera,2025-10-20,ACT,"ACT course (logistics unit, not a dose)",9,1,0,9.0
HC-BUG-05,Ntarama Health Center,Bugesera,2025-10-20,RDT,RDT kit,12,0,0,52.0
HC-BUG-05,Ntarama Health Center,Bugesera,2025-10-20,injectable_artesunate,"injectable artesunate vial (logistics unit, not a dose)",5,0,0,52.0
HC-BUG-05,Ntarama Health Center,Bugesera,2025-10-27,ACT,"ACT course (logistics unit, not a dose)",41,4,0,10.25
HC-BUG-05,Ntarama Health Center,Bugesera,2025-10-27,RDT,RDT kit,39,5,0,7.8
HC-BUG-05,Ntarama Health Center,Bugesera,2025-10-27,injectable_artesunate,"injectable artesunate vial (logistics unit, not a dose)",5,0,0,52.0
HC-BUG-05,Ntarama Health Center,Bugesera,2025-11-03,ACT,"ACT course (logistics unit, not a dose)",33,5,0,6.6
HC-BUG-05,Ntarama Health Center,Bugesera,2025-11-03,RDT,RDT kit,21,4,0,5.25
HC-BUG-05,Ntarama Health Center,Bugesera,2025-11-03,injectable_artesunate,"injectable artesunate vial (logistics unit, not a dose)",5,0,0,52.0
HC-BUG-05,Ntarama Health Center,Bugesera,2025-11-10,ACT,"ACT course (logistics unit, not a dose)",8,2,0,4.0
HC-BUG-05,Ntarama Health Center,Bugesera,2025-11-10,RDT,RDT kit,10,0,0,52.0
HC-BUG-05,Ntarama Health Center,Bugesera,2025-11-10,injectable_artesunate,"injectable artesunate vial (logistics unit, not a dose)",4,0,0,52.0
HC-BUG-05,Ntarama Health Center,Bugesera,2025-11-17,ACT,"ACT course (logistics unit, not a dose)",32,3,0,10.67
HC-BUG-05,Ntarama Health Center,Bugesera,2025-11-17,RDT,RDT kit,58,5,0,11.6
HC-BUG-05,Ntarama Health Center,Bugesera,2025-11-17,injectable_artesunate,"injectable artesunate vial (logistics unit, not a dose)",6,0,0,52.0
HC-BUG-05,Ntarama Health Center,Bugesera,2025-11-24,ACT,"ACT course (logistics unit, not a dose)",10,2,0,5.0
HC-BUG-05,Ntarama Health Center,Bugesera,2025-11-24,RDT,RDT kit,37,6,0,6.17
HC-BUG-05,Ntarama Health Center,Bugesera,2025-11-24,injectable_artesunate,"injectable artesunate vial (logistics unit, not a dose)",3,1,0,3.0
HC-BUG-05,Ntarama Health Center,Bugesera,2025-12-01,ACT,"ACT course (logistics unit, not a dose)",11,3,0,3.67
HC-BUG-05,Ntarama Health Center,Bugesera,2025-12-01,RDT,RDT kit,39,4,0,9.75
HC-BUG-05,Ntarama Health Center,Bugesera,2025-12-01,injectable_artesunate,"injectable artesunate vial (logistics unit, not a dose)",11,1,0,11.0
HC-BUG-05,Ntarama Health Center,Bugesera,2025-12-08,ACT,"ACT course (logistics unit, not a dose)",10,0,0,52.0
HC-BUG-05,Ntarama Health Center,Bugesera,2025-12-08,RDT,RDT kit,37,4,0,9.25
HC-BUG-05,Ntarama Health Center,Bugesera,2025-12-08,injectable_artesunate,"injectable artesunate vial (logistics unit, not a dose)",10,0,0,52.0
HC-BUG-05,Ntarama Health Center,Bugesera,2025-12-15,ACT,"ACT course (logistics unit, not a dose)",7,2,0,3.5
HC-BUG-05,Ntarama Health Center,Bugesera,2025-12-15,RDT,RDT kit,24,2,0,12.0
HC-BUG-05,Ntarama Health Center,Bugesera,2025-12-15,injectable_artesunate,"injectable artesunate vial (logistics unit, not a dose)",12,3,0,4.0
HC-BUG-05,Ntarama Health Center,Bugesera,2025-12-22,ACT,"ACT course (logistics unit, not a dose)",11,0,0,52.0
HC-BUG-05,Ntarama Health Center,Bugesera,2025-12-22,RDT,RDT kit,36,5,0,7.2
HC-BUG-05,Ntarama Health Center,Bugesera,2025-12-22,injectable_artesunate,"injectable artesunate vial (logistics unit, not a dose)",6,0,0,52.0
HC-BUG-05,Ntarama Health Center,Bugesera,2025-12-29,ACT,"ACT course (logistics unit, not a dose)",6,1,0,6.0
HC-BUG-05,Ntarama Health Center,Bugesera,2025-12-29,RDT,RDT kit,5,0,0,52.0
HC-BUG-05,Ntarama Health Center,Bugesera,2025-12-29,injectable_artesunate,"injectable artesunate vial (logistics unit, not a dose)",7,0,0,52.0
HC-BUG-05,Ntarama Health Center,Bugesera,2026-01-05,ACT,"ACT course (logistics unit, not a dose)",4,1,0,4.0
HC-BUG-05,Ntarama Health Center,Bugesera,2026-01-05,RDT,RDT kit,9,2,0,4.5
HC-BUG-05,Ntarama Health Center,Bugesera,2026-01-05,injectable_artesunate,"injectable artesunate vial (logistics unit, not a dose)",0,1,1,0.0
HC-BUG-05,Ntarama Health Center,Bugesera,2026-01-12,ACT,"ACT course (logistics unit, not a dose)",33,3,0,11.0
HC-BUG-05,Ntarama Health Center,Bugesera,2026-01-12,RDT,RDT kit,13,2,0,6.5
HC-BUG-05,Ntarama Health Center,Bugesera,2026-01-12,injectable_artesunate,"injectable artesunate vial (logistics unit, not a dose)",4,0,0,52.0
HC-BUG-05,Ntarama Health Center,Bugesera,2026-01-19,ACT,"ACT course (logistics unit, not a dose)",7,1,0,7.0
HC-BUG-05,Ntarama Health Center,Bugesera,2026-01-19,RDT,RDT kit,1,1,0,1.0
HC-BUG-05,Ntarama Health Center,Bugesera,2026-01-19,injectable_artesunate,"injectable artesunate vial (logistics unit, not a dose)",0,0,1,0.0
HC-BUG-05,Ntarama Health Center,Bugesera,2026-01-26,ACT,"ACT course (logistics unit, not a dose)",4,0,0,52.0
HC-BUG-05,Ntarama Health Center,Bugesera,2026-01-26,RDT,RDT kit,9,1,0,9.0
HC-BUG-05,Ntarama Health Center,Bugesera,2026-01-26,injectable_artesunate,"injectable artesunate vial (logistics unit, not a dose)",11,0,0,52.0
HC-BUG-05,Ntarama Health Center,Bugesera,2026-02-02,ACT,"ACT course (logistics unit, not a dose)",9,1,0,9.0
HC-BUG-05,Ntarama Health Center,Bugesera,2026-02-02,RDT,RDT kit,21,6,0,3.5
HC-BUG-05,Ntarama Health Center,Bugesera,2026-02-02,injectable_artesunate,"injectable artesunate vial (logistics unit, not a dose)",9,0,0,52.0
HC-BUG-05,Ntarama Health Center,Bugesera,2026-02-09,ACT,"ACT course (logistics unit, not a dose)",23,3,0,7.67
HC-BUG-05,Ntarama Health Center,Bugesera,2026-02-09,RDT,RDT kit,21,4,0,5.25
HC-BUG-05,Ntarama Health Center,Bugesera,2026-02-09,injectable_artesunate,"injectable artesunate vial (logistics unit, not a dose)",2,2,0,1.0
HC-BUG-05,Ntarama Health Center,Bugesera,2026-02-16,ACT,"ACT course (logistics unit, not a dose)",9,2,0,4.5
HC-BUG-05,Ntarama Health Center,Bugesera,2026-02-16,RDT,RDT kit,13,2,0,6.5
HC-BUG-05,Ntarama Health Center,Bugesera,2026-02-16,injectable_artesunate,"injectable artesunate vial (logistics unit, not a dose)",1,0,0,52.0
HC-BUG-05,Ntarama Health Center,Bugesera,2026-02-23,ACT,"ACT course (logistics unit, not a dose)",7,1,0,7.0
HC-BUG-05,Ntarama Health Center,Bugesera,2026-02-23,RDT,RDT kit,10,3,0,3.33
HC-BUG-05,Ntarama Health Center,Bugesera,2026-02-23,injectable_artesunate,"injectable artesunate vial (logistics unit, not a dose)",17,2,0,8.5
HC-BUG-05,Ntarama Health Center,Bugesera,2026-03-02,ACT,"ACT course (logistics unit, not a dose)",22,3,0,7.33
HC-BUG-05,Ntarama Health Center,Bugesera,2026-03-02,RDT,RDT kit,28,3,0,9.33
HC-BUG-05,Ntarama Health Center,Bugesera,2026-03-02,injectable_artesunate,"injectable artesunate vial (logistics unit, not a dose)",12,2,0,6.0
HC-BUG-05,Ntarama Health Center,Bugesera,2026-03-09,ACT,"ACT course (logistics unit, not a dose)",4,1,0,4.0
HC-BUG-05,Ntarama Health Center,Bugesera,2026-03-09,RDT,RDT kit,20,2,0,10.0
HC-BUG-05,Ntarama Health Center,Bugesera,2026-03-09,injectable_artesunate,"injectable artesunate vial (logistics unit, not a dose)",4,0,0,52.0
HC-BUG-05,Ntarama Health Center,Bugesera,2026-03-16,ACT,"ACT course (logistics unit, not a dose)",19,3,0,6.33
HC-BUG-05,Ntarama Health Center,Bugesera,2026-03-16,RDT,RDT kit,4,1,0,4.0
HC-BUG-05,Ntarama Health Center,Bugesera,2026-03-16,injectable_artesunate,"injectable artesunate vial (logistics unit, not a dose)",0,1,1,0.0
HC-BUG-05,Ntarama Health Center,Bugesera,2026-03-23,ACT,"ACT course (logistics unit, not a dose)",0,0,1,0.0
HC-BUG-05,Ntarama Health Center,Bugesera,2026-03-23,RDT,RDT kit,4,4,0,1.0
HC-BUG-05,Ntarama Health Center,Bugesera,2026-03-23,injectable_artesunate,"injectable artesunate vial (logistics unit, not a dose)",0,0,1,0.0
HC-BUG-05,Ntarama Health Center,Bugesera,2026-03-30,ACT,"ACT course (logistics unit, not a dose)",1,1,0,1.0
HC-BUG-05,Ntarama Health Center,Bugesera,2026-03-30,RDT,RDT kit,21,4,0,5.25
HC-BUG-05,Ntarama Health Center,Bugesera,2026-03-30,injectable_artesunate,"injectable artesunate vial (logistics unit, not a dose)",6,1,0,6.0
HC-BUG-05,Ntarama Health Center,Bugesera,2026-04-06,ACT,"ACT course (logistics unit, not a dose)",7,1,0,7.0
HC-BUG-05,Ntarama Health Center,Bugesera,2026-04-06,RDT,RDT kit,35,3,0,11.67
HC-BUG-05,Ntarama Health Center,Bugesera,2026-04-06,injectable_artesunate,"injectable artesunate vial (logistics unit, not a dose)",8,1,0,8.0
HC-BUG-05,Ntarama Health Center,Bugesera,2026-04-13,ACT,"ACT course (logistics unit, not a dose)",4,1,0,4.0
HC-BUG-05,Ntarama Health Center,Bugesera,2026-04-13,RDT,RDT kit,33,3,0,11.0
HC-BUG-05,Ntarama Health Center,Bugesera,2026-04-13,injectable_artesunate,"injectable artesunate vial (logistics unit, not a dose)",0,0,1,0.0
HC-BUG-05,Ntarama Health Center,Bugesera,2026-04-20,ACT,"ACT course (logistics unit, not a dose)",7,1,0,7.0
HC-BUG-05,Ntarama Health Center,Bugesera,2026-04-20,RDT,RDT kit,46,5,0,9.2
HC-BUG-05,Ntarama Health Center,Bugesera,2026-04-20,injectable_artesunate,"injectable artesunate vial (logistics unit, not a dose)",0,0,1,0.0
HC-BUG-05,Ntarama Health Center,Bugesera,2026-04-27,ACT,"ACT course (logistics unit, not a dose)",16,3,0,5.33
HC-BUG-05,Ntarama Health Center,Bugesera,2026-04-27,RDT,RDT kit,14,2,0,7.0
HC-BUG-05,Ntarama Health Center,Bugesera,2026-04-27,injectable_artesunate,"injectable artesunate vial (logistics unit, not a dose)",10,1,0,10.0
HC-BUG-05,Ntarama Health Center,Bugesera,2026-05-04,ACT,"ACT course (logistics unit, not a dose)",4,1,0,4.0
HC-BUG-05,Ntarama Health Center,Bugesera,2026-05-04,RDT,RDT kit,12,2,0,6.0
HC-BUG-05,Ntarama Health Center,Bugesera,2026-05-04,injectable_artesunate,"injectable artesunate vial (logistics unit, not a dose)",0,1,1,0.0
HC-BUG-05,Ntarama Health Center,Bugesera,2026-05-11,ACT,"ACT course (logistics unit, not a dose)",9,3,0,3.0
HC-BUG-05,Ntarama Health Center,Bugesera,2026-05-11,RDT,RDT kit,0,1,1,0.0
HC-BUG-05,Ntarama Health Center,Bugesera,2026-05-11,injectable_artesunate,"injectable artesunate vial (logistics unit, not a dose)",7,0,0,52.0
HC-BUG-05,Ntarama Health Center,Bugesera,2026-05-18,ACT,"ACT course (logistics unit, not a dose)",1,3,0,0.33
HC-BUG-05,Ntarama Health Center,Bugesera,2026-05-18,RDT,RDT kit,38,8,0,4.75
HC-BUG-05,Ntarama Health Center,Bugesera,2026-05-18,injectable_artesunate,"injectable artesunate vial (logistics unit, not a dose)",1,0,0,52.0
HC-BUG-05,Ntarama Health Center,Bugesera,2026-05-25,ACT,"ACT course (logistics unit, not a dose)",0,4,1,0.0
HC-BUG-05,Ntarama Health Center,Bugesera,2026-05-25,RDT,RDT kit,5,1,0,5.0
HC-BUG-05,Ntarama Health Center,Bugesera,2026-05-25,injectable_artesunate,"injectable artesunate vial (logistics unit, not a dose)",0,0,1,0.0
HC-BUG-05,Ntarama Health Center,Bugesera,2026-06-01,ACT,"ACT course (logistics unit, not a dose)",10,0,0,52.0
HC-BUG-05,Ntarama Health Center,Bugesera,2026-06-01,RDT,RDT kit,7,1,0,7.0
HC-BUG-05,Ntarama Health Center,Bugesera,2026-06-01,injectable_artesunate,"injectable artesunate vial (logistics unit, not a dose)",0,0,1,0.0
HC-BUG-05,Ntarama Health Center,Bugesera,2026-06-08,ACT,"ACT course (logistics unit, not a dose)",5,0,0,52.0
HC-BUG-05,Ntarama Health Center,Bugesera,2026-06-08,RDT,RDT kit,10,0,0,52.0
HC-BUG-05,Ntarama Health Center,Bugesera,2026-06-08,injectable_artesunate,"injectable artesunate vial (logistics unit, not a dose)",1,0,0,52.0
HC-BUG-05,Ntarama Health Center,Bugesera,2026-06-15,ACT,"ACT course (logistics unit, not a dose)",10,2,0,5.0
HC-BUG-05,Ntarama Health Center,Bugesera,2026-06-15,RDT,RDT kit,22,3,0,7.33
HC-BUG-05,Ntarama Health Center,Bugesera,2026-06-15,injectable_artesunate,"injectable artesunate vial (logistics unit, not a dose)",7,0,0,52.0
HC-BUG-05,Ntarama Health Center,Bugesera,2026-06-22,ACT,"ACT course (logistics unit, not a dose)",15,2,0,7.5
HC-BUG-05,Ntarama Health Center,Bugesera,2026-06-22,RDT,RDT kit,19,2,0,9.5
HC-BUG-05,Ntarama Health Center,Bugesera,2026-06-22,injectable_artesunate,"injectable artesunate vial (logistics unit, not a dose)",4,0,0,52.0
HC-BUG-05,Ntarama Health Center,Bugesera,2026-06-29,ACT,"ACT course (logistics unit, not a dose)",20,2,0,10.0
HC-BUG-05,Ntarama Health Center,Bugesera,2026-06-29,RDT,RDT kit,5,1,0,5.0
HC-BUG-05,Ntarama Health Center,Bugesera,2026-06-29,injectable_artesunate,"injectable artesunate vial (logistics unit, not a dose)",11,0,0,52.0
HC-BUG-05,Ntarama Health Center,Bugesera,2026-07-06,ACT,"ACT course (logistics unit, not a dose)",9,2,0,4.5
HC-BUG-05,Ntarama Health Center,Bugesera,2026-07-06,RDT,RDT kit,22,2,0,11.0
HC-BUG-05,Ntarama Health Center,Bugesera,2026-07-06,injectable_artesunate,"injectable artesunate vial (logistics unit, not a dose)",4,0,0,52.0
HC-BUG-05,Ntarama Health Center,Bugesera,2026-07-13,ACT,"ACT course (logistics unit, not a dose)",10,0,0,52.0
HC-BUG-05,Ntarama Health Center,Bugesera,2026-07-13,RDT,RDT kit,24,5,0,4.8
HC-BUG-05,Ntarama Health Center,Bugesera,2026-07-13,injectable_artesunate,"injectable artesunate vial (logistics unit, not a dose)",10,1,0,10.0
HC-BUG-05,Ntarama Health Center,Bugesera,2026-07-20,ACT,"ACT course (logistics unit, not a dose)",4,0,0,52.0
HC-BUG-05,Ntarama Health Center,Bugesera,2026-07-20,RDT,RDT kit,14,3,0,4.67
HC-BUG-05,Ntarama Health Center,Bugesera,2026-07-20,injectable_artesunate,"injectable artesunate vial (logistics unit, not a dose)",9,0,0,52.0
HC-BUG-05,Ntarama Health Center,Bugesera,2026-07-27,ACT,"ACT course (logistics unit, not a dose)",6,1,0,6.0
HC-BUG-05,Ntarama Health Center,Bugesera,2026-07-27,RDT,RDT kit,6,1,0,6.0
HC-BUG-05,Ntarama Health Center,Bugesera,2026-07-27,injectable_artesunate,"injectable artesunate vial (logistics unit, not a dose)",4,0,0,52.0
HC-BUG-05,Ntarama Health Center,Bugesera,2026-08-03,ACT,"ACT course (logistics unit, not a dose)",12,1,0,12.0
HC-BUG-05,Ntarama Health Center,Bugesera,2026-08-03,RDT,RDT kit,3,0,0,52.0
HC-BUG-05,Ntarama Health Center,Bugesera,2026-08-03,injectable_artesunate,"injectable artesunate vial (logistics unit, not a dose)",5,0,0,52.0
HC-BUG-05,Ntarama Health Center,Bugesera,2026-08-10,ACT,"ACT course (logistics unit, not a dose)",0,1,1,0.0
HC-BUG-05,Ntarama Health Center,Bugesera,2026-08-10,RDT,RDT kit,6,1,0,6.0
HC-BUG-05,Ntarama Health Center,Bugesera,2026-08-10,injectable_artesunate,"injectable artesunate vial (logistics unit, not a dose)",5,0,0,52.0
HC-BUG-05,Ntarama Health Center,Bugesera,2026-08-17,ACT,"ACT course (logistics unit, not a dose)",9,0,0,52.0
HC-BUG-05,Ntarama Health Center,Bugesera,2026-08-17,RDT,RDT kit,28,3,0,9.33
HC-BUG-05,Ntarama Health Center,Bugesera,2026-08-17,injectable_artesunate,"injectable artesunate vial (logistics unit, not a dose)",8,0,0,52.0
HC-BUG-05,Ntarama Health Center,Bugesera,2026-08-24,ACT,"ACT course (logistics unit, not a dose)",0,1,1,0.0
HC-BUG-05,Ntarama Health Center,Bugesera,2026-08-24,RDT,RDT kit,30,3,0,10.0
HC-BUG-05,Ntarama Health Center,Bugesera,2026-08-24,injectable_artesunate,"injectable artesunate vial (logistics unit, not a dose)",11,0,0,52.0
HC-BUG-05,Ntarama Health Center,Bugesera,2026-08-31,ACT,"ACT course (logistics unit, not a dose)",0,0,1,0.0
HC-BUG-05,Ntarama Health Center,Bugesera,2026-08-31,RDT,RDT kit,8,1,0,8.0
HC-BUG-05,Ntarama Health Center,Bugesera,2026-08-31,injectable_artesunate,"injectable artesunate vial (logistics unit, not a dose)",5,0,0,52.0
HC-BUG-05,Ntarama Health Center,Bugesera,2026-09-07,ACT,"ACT course (logistics unit, not a dose)",0,1,1,0.0
HC-BUG-05,Ntarama Health Center,Bugesera,2026-09-07,RDT,RDT kit,8,2,0,4.0
HC-BUG-05,Ntarama Health Center,Bugesera,2026-09-07,injectable_artesunate,"injectable artesunate vial (logistics unit, not a dose)",7,1,0,7.0
HC-BUG-05,Ntarama Health Center,Bugesera,2026-09-14,ACT,"ACT course (logistics unit, not a dose)",0,1,1,0.0
HC-BUG-05,Ntarama Health Center,Bugesera,2026-09-14,RDT,RDT kit,0,6,1,0.0
HC-BUG-05,Ntarama Health Center,Bugesera,2026-09-14,injectable_artesunate,"injectable artesunate vial (logistics unit, not a dose)",4,0,0,52.0
HC-BUG-05,Ntarama Health Center,Bugesera,2026-09-21,ACT,"ACT course (logistics unit, not a dose)",0,1,1,0.0
HC-BUG-05,Ntarama Health Center,Bugesera,2026-09-21,RDT,RDT kit,4,0,0,52.0
HC-BUG-05,Ntarama Health Center,Bugesera,2026-09-21,injectable_artesunate,"injectable artesunate vial (logistics unit, not a dose)",7,0,0,52.0
HC-BUG-05,Ntarama Health Center,Bugesera,2026-09-28,ACT,"ACT course (logistics unit, not a dose)",0,1,1,0.0
HC-BUG-05,Ntarama Health Center,Bugesera,2026-09-28,RDT,RDT kit,8,1,0,8.0
HC-BUG-05,Ntarama Health Center,Bugesera,2026-09-28,injectable_artesunate,"injectable artesunate vial (logistics unit, not a dose)",8,1,0,8.0
HC-BUG-06,Gashora Health Center,Bugesera,2024-09-30,ACT,"ACT course (logistics unit, not a dose)",3,1,0,3.0
HC-BUG-06,Gashora Health Center,Bugesera,2024-09-30,RDT,RDT kit,6,1,0,6.0
HC-BUG-06,Gashora Health Center,Bugesera,2024-09-30,injectable_artesunate,"injectable artesunate vial (logistics unit, not a dose)",1,0,0,52.0
HC-BUG-06,Gashora Health Center,Bugesera,2024-10-07,ACT,"ACT course (logistics unit, not a dose)",5,1,0,5.0
HC-BUG-06,Gashora Health Center,Bugesera,2024-10-07,RDT,RDT kit,33,3,0,11.0
HC-BUG-06,Gashora Health Center,Bugesera,2024-10-07,injectable_artesunate,"injectable artesunate vial (logistics unit, not a dose)",7,0,0,52.0
HC-BUG-06,Gashora Health Center,Bugesera,2024-10-14,ACT,"ACT course (logistics unit, not a dose)",21,2,0,10.5
HC-BUG-06,Gashora Health Center,Bugesera,2024-10-14,RDT,RDT kit,60,5,0,12.0
HC-BUG-06,Gashora Health Center,Bugesera,2024-10-14,injectable_artesunate,"injectable artesunate vial (logistics unit, not a dose)",6,0,0,52.0
HC-BUG-06,Gashora Health Center,Bugesera,2024-10-21,ACT,"ACT course (logistics unit, not a dose)",15,2,0,7.5
HC-BUG-06,Gashora Health Center,Bugesera,2024-10-21,RDT,RDT kit,5,1,0,5.0
HC-BUG-06,Gashora Health Center,Bugesera,2024-10-21,injectable_artesunate,"injectable artesunate vial (logistics unit, not a dose)",0,0,1,0.0
HC-BUG-06,Gashora Health Center,Bugesera,2024-10-28,ACT,"ACT course (logistics unit, not a dose)",12,2,0,6.0
HC-BUG-06,Gashora Health Center,Bugesera,2024-10-28,RDT,RDT kit,22,6,0,3.67
HC-BUG-06,Gashora Health Center,Bugesera,2024-10-28,injectable_artesunate,"injectable artesunate vial (logistics unit, not a dose)",0,0,1,0.0
HC-BUG-06,Gashora Health Center,Bugesera,2024-11-04,ACT,"ACT course (logistics unit, not a dose)",7,1,0,7.0
HC-BUG-06,Gashora Health Center,Bugesera,2024-11-04,RDT,RDT kit,10,0,0,52.0
HC-BUG-06,Gashora Health Center,Bugesera,2024-11-04,injectable_artesunate,"injectable artesunate vial (logistics unit, not a dose)",3,0,0,52.0
HC-BUG-06,Gashora Health Center,Bugesera,2024-11-11,ACT,"ACT course (logistics unit, not a dose)",2,2,0,1.0
HC-BUG-06,Gashora Health Center,Bugesera,2024-11-11,RDT,RDT kit,9,1,0,9.0
HC-BUG-06,Gashora Health Center,Bugesera,2024-11-11,injectable_artesunate,"injectable artesunate vial (logistics unit, not a dose)",10,0,0,52.0
HC-BUG-06,Gashora Health Center,Bugesera,2024-11-18,ACT,"ACT course (logistics unit, not a dose)",6,0,0,52.0
HC-BUG-06,Gashora Health Center,Bugesera,2024-11-18,RDT,RDT kit,26,6,0,4.33
HC-BUG-06,Gashora Health Center,Bugesera,2024-11-18,injectable_artesunate,"injectable artesunate vial (logistics unit, not a dose)",3,0,0,52.0
HC-BUG-06,Gashora Health Center,Bugesera,2024-11-25,ACT,"ACT course (logistics unit, not a dose)",1,2,0,0.5
HC-BUG-06,Gashora Health Center,Bugesera,2024-11-25,RDT,RDT kit,18,2,0,9.0
HC-BUG-06,Gashora Health Center,Bugesera,2024-11-25,injectable_artesunate,"injectable artesunate vial (logistics unit, not a dose)",8,0,0,52.0
HC-BUG-06,Gashora Health Center,Bugesera,2024-12-02,ACT,"ACT course (logistics unit, not a dose)",8,0,0,52.0
HC-BUG-06,Gashora Health Center,Bugesera,2024-12-02,RDT,RDT kit,6,1,0,6.0
HC-BUG-06,Gashora Health Center,Bugesera,2024-12-02,injectable_artesunate,"injectable artesunate vial (logistics unit, not a dose)",11,0,0,52.0
HC-BUG-06,Gashora Health Center,Bugesera,2024-12-09,ACT,"ACT course (logistics unit, not a dose)",21,3,0,7.0
HC-BUG-06,Gashora Health Center,Bugesera,2024-12-09,RDT,RDT kit,9,1,0,9.0
HC-BUG-06,Gashora Health Center,Bugesera,2024-12-09,injectable_artesunate,"injectable artesunate vial (logistics unit, not a dose)",12,1,0,12.0
HC-BUG-06,Gashora Health Center,Bugesera,2024-12-16,ACT,"ACT course (logistics unit, not a dose)",11,3,0,3.67
HC-BUG-06,Gashora Health Center,Bugesera,2024-12-16,RDT,RDT kit,17,2,0,8.5
HC-BUG-06,Gashora Health Center,Bugesera,2024-12-16,injectable_artesunate,"injectable artesunate vial (logistics unit, not a dose)",3,1,0,3.0
HC-BUG-06,Gashora Health Center,Bugesera,2024-12-23,ACT,"ACT course (logistics unit, not a dose)",11,1,0,11.0
HC-BUG-06,Gashora Health Center,Bugesera,2024-12-23,RDT,RDT kit,29,5,0,5.8
HC-BUG-06,Gashora Health Center,Bugesera,2024-12-23,injectable_artesunate,"injectable artesunate vial (logistics unit, not a dose)",1,0,0,52.0
HC-BUG-06,Gashora Health Center,Bugesera,2024-12-30,ACT,"ACT course (logistics unit, not a dose)",19,3,0,6.33
HC-BUG-06,Gashora Health Center,Bugesera,2024-12-30,RDT,RDT kit,10,2,0,5.0
HC-BUG-06,Gashora Health Center,Bugesera,2024-12-30,injectable_artesunate,"injectable artesunate vial (logistics unit, not a dose)",31,3,0,10.33
HC-BUG-06,Gashora Health Center,Bugesera,2025-01-06,ACT,"ACT course (logistics unit, not a dose)",8,0,0,52.0
HC-BUG-06,Gashora Health Center,Bugesera,2025-01-06,RDT,RDT kit,4,0,0,52.0
HC-BUG-06,Gashora Health Center,Bugesera,2025-01-06,injectable_artesunate,"injectable artesunate vial (logistics unit, not a dose)",0,1,1,0.0
HC-BUG-06,Gashora Health Center,Bugesera,2025-01-13,ACT,"ACT course (logistics unit, not a dose)",1,0,0,52.0
HC-BUG-06,Gashora Health Center,Bugesera,2025-01-13,RDT,RDT kit,4,1,0,4.0
HC-BUG-06,Gashora Health Center,Bugesera,2025-01-13,injectable_artesunate,"injectable artesunate vial (logistics unit, not a dose)",6,0,0,52.0
HC-BUG-06,Gashora Health Center,Bugesera,2025-01-20,ACT,"ACT course (logistics unit, not a dose)",7,1,0,7.0
HC-BUG-06,Gashora Health Center,Bugesera,2025-01-20,RDT,RDT kit,53,5,0,10.6
HC-BUG-06,Gashora Health Center,Bugesera,2025-01-20,injectable_artesunate,"injectable artesunate vial (logistics unit, not a dose)",8,0,0,52.0
HC-BUG-06,Gashora Health Center,Bugesera,2025-01-27,ACT,"ACT course (logistics unit, not a dose)",3,0,0,52.0
HC-BUG-06,Gashora Health Center,Bugesera,2025-01-27,RDT,RDT kit,12,2,0,6.0
HC-BUG-06,Gashora Health Center,Bugesera,2025-01-27,injectable_artesunate,"injectable artesunate vial (logistics unit, not a dose)",10,0,0,52.0
HC-BUG-06,Gashora Health Center,Bugesera,2025-02-03,ACT,"ACT course (logistics unit, not a dose)",10,0,0,52.0
HC-BUG-06,Gashora Health Center,Bugesera,2025-02-03,RDT,RDT kit,4,1,0,4.0
HC-BUG-06,Gashora Health Center,Bugesera,2025-02-03,injectable_artesunate,"injectable artesunate vial (logistics unit, not a dose)",4,0,0,52.0
HC-BUG-06,Gashora Health Center,Bugesera,2025-02-10,ACT,"ACT course (logistics unit, not a dose)",16,2,0,8.0
HC-BUG-06,Gashora Health Center,Bugesera,2025-02-10,RDT,RDT kit,43,4,0,10.75
HC-BUG-06,Gashora Health Center,Bugesera,2025-02-10,injectable_artesunate,"injectable artesunate vial (logistics unit, not a dose)",7,0,0,52.0
HC-BUG-06,Gashora Health Center,Bugesera,2025-02-17,ACT,"ACT course (logistics unit, not a dose)",1,1,0,1.0
HC-BUG-06,Gashora Health Center,Bugesera,2025-02-17,RDT,RDT kit,10,2,0,5.0
HC-BUG-06,Gashora Health Center,Bugesera,2025-02-17,injectable_artesunate,"injectable artesunate vial (logistics unit, not a dose)",8,0,0,52.0
HC-BUG-06,Gashora Health Center,Bugesera,2025-02-24,ACT,"ACT course (logistics unit, not a dose)",10,2,0,5.0
HC-BUG-06,Gashora Health Center,Bugesera,2025-02-24,RDT,RDT kit,8,1,0,8.0
HC-BUG-06,Gashora Health Center,Bugesera,2025-02-24,injectable_artesunate,"injectable artesunate vial (logistics unit, not a dose)",3,0,0,52.0
HC-BUG-06,Gashora Health Center,Bugesera,2025-03-03,ACT,"ACT course (logistics unit, not a dose)",19,2,0,9.5
HC-BUG-06,Gashora Health Center,Bugesera,2025-03-03,RDT,RDT kit,21,2,0,10.5
HC-BUG-06,Gashora Health Center,Bugesera,2025-03-03,injectable_artesunate,"injectable artesunate vial (logistics unit, not a dose)",0,0,1,0.0
HC-BUG-06,Gashora Health Center,Bugesera,2025-03-10,ACT,"ACT course (logistics unit, not a dose)",0,3,1,0.0
HC-BUG-06,Gashora Health Center,Bugesera,2025-03-10,RDT,RDT kit,7,1,0,7.0
HC-BUG-06,Gashora Health Center,Bugesera,2025-03-10,injectable_artesunate,"injectable artesunate vial (logistics unit, not a dose)",4,0,0,52.0
HC-BUG-06,Gashora Health Center,Bugesera,2025-03-17,ACT,"ACT course (logistics unit, not a dose)",13,2,0,6.5
HC-BUG-06,Gashora Health Center,Bugesera,2025-03-17,RDT,RDT kit,29,4,0,7.25
HC-BUG-06,Gashora Health Center,Bugesera,2025-03-17,injectable_artesunate,"injectable artesunate vial (logistics unit, not a dose)",8,2,0,4.0
HC-BUG-06,Gashora Health Center,Bugesera,2025-03-24,ACT,"ACT course (logistics unit, not a dose)",10,2,0,5.0
HC-BUG-06,Gashora Health Center,Bugesera,2025-03-24,RDT,RDT kit,1,1,0,1.0
HC-BUG-06,Gashora Health Center,Bugesera,2025-03-24,injectable_artesunate,"injectable artesunate vial (logistics unit, not a dose)",10,0,0,52.0
HC-BUG-06,Gashora Health Center,Bugesera,2025-03-31,ACT,"ACT course (logistics unit, not a dose)",19,5,0,3.8
HC-BUG-06,Gashora Health Center,Bugesera,2025-03-31,RDT,RDT kit,6,5,0,1.2
HC-BUG-06,Gashora Health Center,Bugesera,2025-03-31,injectable_artesunate,"injectable artesunate vial (logistics unit, not a dose)",7,1,0,7.0
HC-BUG-06,Gashora Health Center,Bugesera,2025-04-07,ACT,"ACT course (logistics unit, not a dose)",4,1,0,4.0
HC-BUG-06,Gashora Health Center,Bugesera,2025-04-07,RDT,RDT kit,6,1,0,6.0
HC-BUG-06,Gashora Health Center,Bugesera,2025-04-07,injectable_artesunate,"injectable artesunate vial (logistics unit, not a dose)",7,0,0,52.0
HC-BUG-06,Gashora Health Center,Bugesera,2025-04-14,ACT,"ACT course (logistics unit, not a dose)",22,5,0,4.4
HC-BUG-06,Gashora Health Center,Bugesera,2025-04-14,RDT,RDT kit,1,3,0,0.33
HC-BUG-06,Gashora Health Center,Bugesera,2025-04-14,injectable_artesunate,"injectable artesunate vial (logistics unit, not a dose)",10,0,0,52.0
HC-BUG-06,Gashora Health Center,Bugesera,2025-04-21,ACT,"ACT course (logistics unit, not a dose)",10,1,0,10.0
HC-BUG-06,Gashora Health Center,Bugesera,2025-04-21,RDT,RDT kit,10,2,0,5.0
HC-BUG-06,Gashora Health Center,Bugesera,2025-04-21,injectable_artesunate,"injectable artesunate vial (logistics unit, not a dose)",10,0,0,52.0
HC-BUG-06,Gashora Health Center,Bugesera,2025-04-28,ACT,"ACT course (logistics unit, not a dose)",58,6,0,9.67
HC-BUG-06,Gashora Health Center,Bugesera,2025-04-28,RDT,RDT kit,39,7,0,5.57
HC-BUG-06,Gashora Health Center,Bugesera,2025-04-28,injectable_artesunate,"injectable artesunate vial (logistics unit, not a dose)",5,0,0,52.0
HC-BUG-06,Gashora Health Center,Bugesera,2025-05-05,ACT,"ACT course (logistics unit, not a dose)",9,2,0,4.5
HC-BUG-06,Gashora Health Center,Bugesera,2025-05-05,RDT,RDT kit,11,1,0,11.0
HC-BUG-06,Gashora Health Center,Bugesera,2025-05-05,injectable_artesunate,"injectable artesunate vial (logistics unit, not a dose)",8,0,0,52.0
HC-BUG-06,Gashora Health Center,Bugesera,2025-05-12,ACT,"ACT course (logistics unit, not a dose)",5,1,0,5.0
HC-BUG-06,Gashora Health Center,Bugesera,2025-05-12,RDT,RDT kit,44,5,0,8.8
HC-BUG-06,Gashora Health Center,Bugesera,2025-05-12,injectable_artesunate,"injectable artesunate vial (logistics unit, not a dose)",5,1,0,5.0
HC-BUG-06,Gashora Health Center,Bugesera,2025-05-19,ACT,"ACT course (logistics unit, not a dose)",12,1,0,12.0
HC-BUG-06,Gashora Health Center,Bugesera,2025-05-19,RDT,RDT kit,2,5,0,0.4
HC-BUG-06,Gashora Health Center,Bugesera,2025-05-19,injectable_artesunate,"injectable artesunate vial (logistics unit, not a dose)",12,0,0,52.0
HC-BUG-06,Gashora Health Center,Bugesera,2025-05-26,ACT,"ACT course (logistics unit, not a dose)",11,0,0,52.0
HC-BUG-06,Gashora Health Center,Bugesera,2025-05-26,RDT,RDT kit,56,5,0,11.2
HC-BUG-06,Gashora Health Center,Bugesera,2025-05-26,injectable_artesunate,"injectable artesunate vial (logistics unit, not a dose)",7,0,0,52.0
HC-BUG-06,Gashora Health Center,Bugesera,2025-06-02,ACT,"ACT course (logistics unit, not a dose)",9,1,0,9.0
HC-BUG-06,Gashora Health Center,Bugesera,2025-06-02,RDT,RDT kit,12,1,0,12.0
HC-BUG-06,Gashora Health Center,Bugesera,2025-06-02,injectable_artesunate,"injectable artesunate vial (logistics unit, not a dose)",15,2,0,7.5
HC-BUG-06,Gashora Health Center,Bugesera,2025-06-09,ACT,"ACT course (logistics unit, not a dose)",8,0,0,52.0
HC-BUG-06,Gashora Health Center,Bugesera,2025-06-09,RDT,RDT kit,18,3,0,6.0
HC-BUG-06,Gashora Health Center,Bugesera,2025-06-09,injectable_artesunate,"injectable artesunate vial (logistics unit, not a dose)",5,0,0,52.0
HC-BUG-06,Gashora Health Center,Bugesera,2025-06-16,ACT,"ACT course (logistics unit, not a dose)",17,2,0,8.5
HC-BUG-06,Gashora Health Center,Bugesera,2025-06-16,RDT,RDT kit,33,4,0,8.25
HC-BUG-06,Gashora Health Center,Bugesera,2025-06-16,injectable_artesunate,"injectable artesunate vial (logistics unit, not a dose)",7,0,0,52.0
HC-BUG-06,Gashora Health Center,Bugesera,2025-06-23,ACT,"ACT course (logistics unit, not a dose)",10,1,0,10.0
HC-BUG-06,Gashora Health Center,Bugesera,2025-06-23,RDT,RDT kit,34,7,0,4.86
HC-BUG-06,Gashora Health Center,Bugesera,2025-06-23,injectable_artesunate,"injectable artesunate vial (logistics unit, not a dose)",8,0,0,52.0
HC-BUG-06,Gashora Health Center,Bugesera,2025-06-30,ACT,"ACT course (logistics unit, not a dose)",1,1,0,1.0
HC-BUG-06,Gashora Health Center,Bugesera,2025-06-30,RDT,RDT kit,0,1,1,0.0
HC-BUG-06,Gashora Health Center,Bugesera,2025-06-30,injectable_artesunate,"injectable artesunate vial (logistics unit, not a dose)",1,0,0,52.0
HC-BUG-06,Gashora Health Center,Bugesera,2025-07-07,ACT,"ACT course (logistics unit, not a dose)",11,1,0,11.0
HC-BUG-06,Gashora Health Center,Bugesera,2025-07-07,RDT,RDT kit,6,1,0,6.0
HC-BUG-06,Gashora Health Center,Bugesera,2025-07-07,injectable_artesunate,"injectable artesunate vial (logistics unit, not a dose)",10,0,0,52.0
HC-BUG-06,Gashora Health Center,Bugesera,2025-07-14,ACT,"ACT course (logistics unit, not a dose)",9,1,0,9.0
HC-BUG-06,Gashora Health Center,Bugesera,2025-07-14,RDT,RDT kit,0,1,1,0.0
HC-BUG-06,Gashora Health Center,Bugesera,2025-07-14,injectable_artesunate,"injectable artesunate vial (logistics unit, not a dose)",11,0,0,52.0
HC-BUG-06,Gashora Health Center,Bugesera,2025-07-21,ACT,"ACT course (logistics unit, not a dose)",6,0,0,52.0
HC-BUG-06,Gashora Health Center,Bugesera,2025-07-21,RDT,RDT kit,15,2,0,7.5
HC-BUG-06,Gashora Health Center,Bugesera,2025-07-21,injectable_artesunate,"injectable artesunate vial (logistics unit, not a dose)",0,0,1,0.0
HC-BUG-06,Gashora Health Center,Bugesera,2025-07-28,ACT,"ACT course (logistics unit, not a dose)",0,2,1,0.0
HC-BUG-06,Gashora Health Center,Bugesera,2025-07-28,RDT,RDT kit,7,1,0,7.0
HC-BUG-06,Gashora Health Center,Bugesera,2025-07-28,injectable_artesunate,"injectable artesunate vial (logistics unit, not a dose)",11,0,0,52.0
HC-BUG-06,Gashora Health Center,Bugesera,2025-08-04,ACT,"ACT course (logistics unit, not a dose)",11,1,0,11.0
HC-BUG-06,Gashora Health Center,Bugesera,2025-08-04,RDT,RDT kit,10,2,0,5.0
HC-BUG-06,Gashora Health Center,Bugesera,2025-08-04,injectable_artesunate,"injectable artesunate vial (logistics unit, not a dose)",9,1,0,9.0
HC-BUG-06,Gashora Health Center,Bugesera,2025-08-11,ACT,"ACT course (logistics unit, not a dose)",9,0,0,52.0
HC-BUG-06,Gashora Health Center,Bugesera,2025-08-11,RDT,RDT kit,4,1,0,4.0
HC-BUG-06,Gashora Health Center,Bugesera,2025-08-11,injectable_artesunate,"injectable artesunate vial (logistics unit, not a dose)",7,0,0,52.0
HC-BUG-06,Gashora Health Center,Bugesera,2025-08-18,ACT,"ACT course (logistics unit, not a dose)",1,3,0,0.33
HC-BUG-06,Gashora Health Center,Bugesera,2025-08-18,RDT,RDT kit,31,3,0,10.33
HC-BUG-06,Gashora Health Center,Bugesera,2025-08-18,injectable_artesunate,"injectable artesunate vial (logistics unit, not a dose)",0,1,1,0.0
HC-BUG-06,Gashora Health Center,Bugesera,2025-08-25,ACT,"ACT course (logistics unit, not a dose)",21,2,0,10.5
HC-BUG-06,Gashora Health Center,Bugesera,2025-08-25,RDT,RDT kit,5,0,0,52.0
HC-BUG-06,Gashora Health Center,Bugesera,2025-08-25,injectable_artesunate,"injectable artesunate vial (logistics unit, not a dose)",10,1,0,10.0
HC-BUG-06,Gashora Health Center,Bugesera,2025-09-01,ACT,"ACT course (logistics unit, not a dose)",27,3,0,9.0
HC-BUG-06,Gashora Health Center,Bugesera,2025-09-01,RDT,RDT kit,1,0,0,52.0
HC-BUG-06,Gashora Health Center,Bugesera,2025-09-01,injectable_artesunate,"injectable artesunate vial (logistics unit, not a dose)",7,0,0,52.0
HC-BUG-06,Gashora Health Center,Bugesera,2025-09-08,ACT,"ACT course (logistics unit, not a dose)",9,0,0,52.0
HC-BUG-06,Gashora Health Center,Bugesera,2025-09-08,RDT,RDT kit,1,1,0,1.0
HC-BUG-06,Gashora Health Center,Bugesera,2025-09-08,injectable_artesunate,"injectable artesunate vial (logistics unit, not a dose)",11,0,0,52.0
HC-BUG-06,Gashora Health Center,Bugesera,2025-09-15,ACT,"ACT course (logistics unit, not a dose)",4,0,0,52.0
HC-BUG-06,Gashora Health Center,Bugesera,2025-09-15,RDT,RDT kit,32,3,0,10.67
HC-BUG-06,Gashora Health Center,Bugesera,2025-09-15,injectable_artesunate,"injectable artesunate vial (logistics unit, not a dose)",7,0,0,52.0
HC-BUG-06,Gashora Health Center,Bugesera,2025-09-22,ACT,"ACT course (logistics unit, not a dose)",0,0,1,0.0
HC-BUG-06,Gashora Health Center,Bugesera,2025-09-22,RDT,RDT kit,13,3,0,4.33
HC-BUG-06,Gashora Health Center,Bugesera,2025-09-22,injectable_artesunate,"injectable artesunate vial (logistics unit, not a dose)",8,0,0,52.0
HC-BUG-06,Gashora Health Center,Bugesera,2025-09-29,ACT,"ACT course (logistics unit, not a dose)",4,0,0,52.0
HC-BUG-06,Gashora Health Center,Bugesera,2025-09-29,RDT,RDT kit,35,3,0,11.67
HC-BUG-06,Gashora Health Center,Bugesera,2025-09-29,injectable_artesunate,"injectable artesunate vial (logistics unit, not a dose)",7,1,0,7.0
HC-BUG-06,Gashora Health Center,Bugesera,2025-10-06,ACT,"ACT course (logistics unit, not a dose)",4,0,0,52.0
HC-BUG-06,Gashora Health Center,Bugesera,2025-10-06,RDT,RDT kit,6,1,0,6.0
HC-BUG-06,Gashora Health Center,Bugesera,2025-10-06,injectable_artesunate,"injectable artesunate vial (logistics unit, not a dose)",8,1,0,8.0
HC-BUG-06,Gashora Health Center,Bugesera,2025-10-13,ACT,"ACT course (logistics unit, not a dose)",9,0,0,52.0
HC-BUG-06,Gashora Health Center,Bugesera,2025-10-13,RDT,RDT kit,33,6,0,5.5
HC-BUG-06,Gashora Health Center,Bugesera,2025-10-13,injectable_artesunate,"injectable artesunate vial (logistics unit, not a dose)",0,0,1,0.0
HC-BUG-06,Gashora Health Center,Bugesera,2025-10-20,ACT,"ACT course (logistics unit, not a dose)",8,0,0,52.0
HC-BUG-06,Gashora Health Center,Bugesera,2025-10-20,RDT,RDT kit,6,2,0,3.0
HC-BUG-06,Gashora Health Center,Bugesera,2025-10-20,injectable_artesunate,"injectable artesunate vial (logistics unit, not a dose)",6,0,0,52.0
HC-BUG-06,Gashora Health Center,Bugesera,2025-10-27,ACT,"ACT course (logistics unit, not a dose)",9,1,0,9.0
HC-BUG-06,Gashora Health Center,Bugesera,2025-10-27,RDT,RDT kit,21,2,0,10.5
HC-BUG-06,Gashora Health Center,Bugesera,2025-10-27,injectable_artesunate,"injectable artesunate vial (logistics unit, not a dose)",1,0,0,52.0
HC-BUG-06,Gashora Health Center,Bugesera,2025-11-03,ACT,"ACT course (logistics unit, not a dose)",8,1,0,8.0
HC-BUG-06,Gashora Health Center,Bugesera,2025-11-03,RDT,RDT kit,3,6,0,0.5
HC-BUG-06,Gashora Health Center,Bugesera,2025-11-03,injectable_artesunate,"injectable artesunate vial (logistics unit, not a dose)",0,1,1,0.0
HC-BUG-06,Gashora Health Center,Bugesera,2025-11-10,ACT,"ACT course (logistics unit, not a dose)",10,2,0,5.0
HC-BUG-06,Gashora Health Center,Bugesera,2025-11-10,RDT,RDT kit,48,5,0,9.6
HC-BUG-06,Gashora Health Center,Bugesera,2025-11-10,injectable_artesunate,"injectable artesunate vial (logistics unit, not a dose)",12,0,0,52.0
HC-BUG-06,Gashora Health Center,Bugesera,2025-11-17,ACT,"ACT course (logistics unit, not a dose)",12,1,0,12.0
HC-BUG-06,Gashora Health Center,Bugesera,2025-11-17,RDT,RDT kit,85,9,0,9.44
HC-BUG-06,Gashora Health Center,Bugesera,2025-11-17,injectable_artesunate,"injectable artesunate vial (logistics unit, not a dose)",3,1,0,3.0
HC-BUG-06,Gashora Health Center,Bugesera,2025-11-24,ACT,"ACT course (logistics unit, not a dose)",6,1,0,6.0
HC-BUG-06,Gashora Health Center,Bugesera,2025-11-24,RDT,RDT kit,35,4,0,8.75
HC-BUG-06,Gashora Health Center,Bugesera,2025-11-24,injectable_artesunate,"injectable artesunate vial (logistics unit, not a dose)",0,0,1,0.0
HC-BUG-06,Gashora Health Center,Bugesera,2025-12-01,ACT,"ACT course (logistics unit, not a dose)",9,2,0,4.5
HC-BUG-06,Gashora Health Center,Bugesera,2025-12-01,RDT,RDT kit,1,0,0,52.0
HC-BUG-06,Gashora Health Center,Bugesera,2025-12-01,injectable_artesunate,"injectable artesunate vial (logistics unit, not a dose)",11,1,0,11.0
HC-BUG-06,Gashora Health Center,Bugesera,2025-12-08,ACT,"ACT course (logistics unit, not a dose)",15,2,0,7.5
HC-BUG-06,Gashora Health Center,Bugesera,2025-12-08,RDT,RDT kit,6,1,0,6.0
HC-BUG-06,Gashora Health Center,Bugesera,2025-12-08,injectable_artesunate,"injectable artesunate vial (logistics unit, not a dose)",12,0,0,52.0
HC-BUG-06,Gashora Health Center,Bugesera,2025-12-15,ACT,"ACT course (logistics unit, not a dose)",11,1,0,11.0
HC-BUG-06,Gashora Health Center,Bugesera,2025-12-15,RDT,RDT kit,8,1,0,8.0
HC-BUG-06,Gashora Health Center,Bugesera,2025-12-15,injectable_artesunate,"injectable artesunate vial (logistics unit, not a dose)",5,0,0,52.0
HC-BUG-06,Gashora Health Center,Bugesera,2025-12-22,ACT,"ACT course (logistics unit, not a dose)",16,2,0,8.0
HC-BUG-06,Gashora Health Center,Bugesera,2025-12-22,RDT,RDT kit,16,2,0,8.0
HC-BUG-06,Gashora Health Center,Bugesera,2025-12-22,injectable_artesunate,"injectable artesunate vial (logistics unit, not a dose)",4,1,0,4.0
HC-BUG-06,Gashora Health Center,Bugesera,2025-12-29,ACT,"ACT course (logistics unit, not a dose)",0,1,1,0.0
HC-BUG-06,Gashora Health Center,Bugesera,2025-12-29,RDT,RDT kit,10,0,0,52.0
HC-BUG-06,Gashora Health Center,Bugesera,2025-12-29,injectable_artesunate,"injectable artesunate vial (logistics unit, not a dose)",7,0,0,52.0
HC-BUG-06,Gashora Health Center,Bugesera,2026-01-05,ACT,"ACT course (logistics unit, not a dose)",4,1,0,4.0
HC-BUG-06,Gashora Health Center,Bugesera,2026-01-05,RDT,RDT kit,17,2,0,8.5
HC-BUG-06,Gashora Health Center,Bugesera,2026-01-05,injectable_artesunate,"injectable artesunate vial (logistics unit, not a dose)",5,0,0,52.0
HC-BUG-06,Gashora Health Center,Bugesera,2026-01-12,ACT,"ACT course (logistics unit, not a dose)",4,1,0,4.0
HC-BUG-06,Gashora Health Center,Bugesera,2026-01-12,RDT,RDT kit,18,3,0,6.0
HC-BUG-06,Gashora Health Center,Bugesera,2026-01-12,injectable_artesunate,"injectable artesunate vial (logistics unit, not a dose)",4,0,0,52.0
HC-BUG-06,Gashora Health Center,Bugesera,2026-01-19,ACT,"ACT course (logistics unit, not a dose)",8,1,0,8.0
HC-BUG-06,Gashora Health Center,Bugesera,2026-01-19,RDT,RDT kit,15,2,0,7.5
HC-BUG-06,Gashora Health Center,Bugesera,2026-01-19,injectable_artesunate,"injectable artesunate vial (logistics unit, not a dose)",10,0,0,52.0
HC-BUG-06,Gashora Health Center,Bugesera,2026-01-26,ACT,"ACT course (logistics unit, not a dose)",6,1,0,6.0
HC-BUG-06,Gashora Health Center,Bugesera,2026-01-26,RDT,RDT kit,7,2,0,3.5
HC-BUG-06,Gashora Health Center,Bugesera,2026-01-26,injectable_artesunate,"injectable artesunate vial (logistics unit, not a dose)",0,1,1,0.0
HC-BUG-06,Gashora Health Center,Bugesera,2026-02-02,ACT,"ACT course (logistics unit, not a dose)",7,2,0,3.5
HC-BUG-06,Gashora Health Center,Bugesera,2026-02-02,RDT,RDT kit,59,5,0,11.8
HC-BUG-06,Gashora Health Center,Bugesera,2026-02-02,injectable_artesunate,"injectable artesunate vial (logistics unit, not a dose)",5,0,0,52.0
HC-BUG-06,Gashora Health Center,Bugesera,2026-02-09,ACT,"ACT course (logistics unit, not a dose)",1,0,0,52.0
HC-BUG-06,Gashora Health Center,Bugesera,2026-02-09,RDT,RDT kit,10,1,0,10.0
HC-BUG-06,Gashora Health Center,Bugesera,2026-02-09,injectable_artesunate,"injectable artesunate vial (logistics unit, not a dose)",9,0,0,52.0
HC-BUG-06,Gashora Health Center,Bugesera,2026-02-16,ACT,"ACT course (logistics unit, not a dose)",26,3,0,8.67
HC-BUG-06,Gashora Health Center,Bugesera,2026-02-16,RDT,RDT kit,2,2,0,1.0
HC-BUG-06,Gashora Health Center,Bugesera,2026-02-16,injectable_artesunate,"injectable artesunate vial (logistics unit, not a dose)",5,0,0,52.0
HC-BUG-06,Gashora Health Center,Bugesera,2026-02-23,ACT,"ACT course (logistics unit, not a dose)",15,3,0,5.0
HC-BUG-06,Gashora Health Center,Bugesera,2026-02-23,RDT,RDT kit,22,2,0,11.0
HC-BUG-06,Gashora Health Center,Bugesera,2026-02-23,injectable_artesunate,"injectable artesunate vial (logistics unit, not a dose)",12,1,0,12.0
HC-BUG-06,Gashora Health Center,Bugesera,2026-03-02,ACT,"ACT course (logistics unit, not a dose)",3,1,0,3.0
HC-BUG-06,Gashora Health Center,Bugesera,2026-03-02,RDT,RDT kit,24,6,0,4.0
HC-BUG-06,Gashora Health Center,Bugesera,2026-03-02,injectable_artesunate,"injectable artesunate vial (logistics unit, not a dose)",1,0,0,52.0
HC-BUG-06,Gashora Health Center,Bugesera,2026-03-09,ACT,"ACT course (logistics unit, not a dose)",15,3,0,5.0
HC-BUG-06,Gashora Health Center,Bugesera,2026-03-09,RDT,RDT kit,4,5,0,0.8
HC-BUG-06,Gashora Health Center,Bugesera,2026-03-09,injectable_artesunate,"injectable artesunate vial (logistics unit, not a dose)",6,0,0,52.0
HC-BUG-06,Gashora Health Center,Bugesera,2026-03-16,ACT,"ACT course (logistics unit, not a dose)",9,2,0,4.5
HC-BUG-06,Gashora Health Center,Bugesera,2026-03-16,RDT,RDT kit,3,3,0,1.0
HC-BUG-06,Gashora Health Center,Bugesera,2026-03-16,injectable_artesunate,"injectable artesunate vial (logistics unit, not a dose)",1,0,0,52.0
HC-BUG-06,Gashora Health Center,Bugesera,2026-03-23,ACT,"ACT course (logistics unit, not a dose)",4,0,0,52.0
HC-BUG-06,Gashora Health Center,Bugesera,2026-03-23,RDT,RDT kit,55,5,0,11.0
HC-BUG-06,Gashora Health Center,Bugesera,2026-03-23,injectable_artesunate,"injectable artesunate vial (logistics unit, not a dose)",5,0,0,52.0
HC-BUG-06,Gashora Health Center,Bugesera,2026-03-30,ACT,"ACT course (logistics unit, not a dose)",4,0,0,52.0
HC-BUG-06,Gashora Health Center,Bugesera,2026-03-30,RDT,RDT kit,55,6,0,9.17
HC-BUG-06,Gashora Health Center,Bugesera,2026-03-30,injectable_artesunate,"injectable artesunate vial (logistics unit, not a dose)",15,2,0,7.5
HC-BUG-06,Gashora Health Center,Bugesera,2026-04-06,ACT,"ACT course (logistics unit, not a dose)",15,2,0,7.5
HC-BUG-06,Gashora Health Center,Bugesera,2026-04-06,RDT,RDT kit,33,3,0,11.0
HC-BUG-06,Gashora Health Center,Bugesera,2026-04-06,injectable_artesunate,"injectable artesunate vial (logistics unit, not a dose)",4,0,0,52.0
HC-BUG-06,Gashora Health Center,Bugesera,2026-04-13,ACT,"ACT course (logistics unit, not a dose)",5,1,0,5.0
HC-BUG-06,Gashora Health Center,Bugesera,2026-04-13,RDT,RDT kit,67,6,0,11.17
HC-BUG-06,Gashora Health Center,Bugesera,2026-04-13,injectable_artesunate,"injectable artesunate vial (logistics unit, not a dose)",0,0,1,0.0
HC-BUG-06,Gashora Health Center,Bugesera,2026-04-20,ACT,"ACT course (logistics unit, not a dose)",9,1,0,9.0
HC-BUG-06,Gashora Health Center,Bugesera,2026-04-20,RDT,RDT kit,46,4,0,11.5
HC-BUG-06,Gashora Health Center,Bugesera,2026-04-20,injectable_artesunate,"injectable artesunate vial (logistics unit, not a dose)",3,0,0,52.0
HC-BUG-06,Gashora Health Center,Bugesera,2026-04-27,ACT,"ACT course (logistics unit, not a dose)",7,1,0,7.0
HC-BUG-06,Gashora Health Center,Bugesera,2026-04-27,RDT,RDT kit,2,3,0,0.67
HC-BUG-06,Gashora Health Center,Bugesera,2026-04-27,injectable_artesunate,"injectable artesunate vial (logistics unit, not a dose)",0,2,1,0.0
HC-BUG-06,Gashora Health Center,Bugesera,2026-05-04,ACT,"ACT course (logistics unit, not a dose)",19,4,0,4.75
HC-BUG-06,Gashora Health Center,Bugesera,2026-05-04,RDT,RDT kit,30,5,0,6.0
HC-BUG-06,Gashora Health Center,Bugesera,2026-05-04,injectable_artesunate,"injectable artesunate vial (logistics unit, not a dose)",7,0,0,52.0
HC-BUG-06,Gashora Health Center,Bugesera,2026-05-11,ACT,"ACT course (logistics unit, not a dose)",15,3,0,5.0
HC-BUG-06,Gashora Health Center,Bugesera,2026-05-11,RDT,RDT kit,17,2,0,8.5
HC-BUG-06,Gashora Health Center,Bugesera,2026-05-11,injectable_artesunate,"injectable artesunate vial (logistics unit, not a dose)",0,0,1,0.0
HC-BUG-06,Gashora Health Center,Bugesera,2026-05-18,ACT,"ACT course (logistics unit, not a dose)",12,1,0,12.0
HC-BUG-06,Gashora Health Center,Bugesera,2026-05-18,RDT,RDT kit,29,6,0,4.83
HC-BUG-06,Gashora Health Center,Bugesera,2026-05-18,injectable_artesunate,"injectable artesunate vial (logistics unit, not a dose)",10,0,0,52.0
HC-BUG-06,Gashora Health Center,Bugesera,2026-05-25,ACT,"ACT course (logistics unit, not a dose)",55,5,0,11.0
HC-BUG-06,Gashora Health Center,Bugesera,2026-05-25,RDT,RDT kit,18,2,0,9.0
HC-BUG-06,Gashora Health Center,Bugesera,2026-05-25,injectable_artesunate,"injectable artesunate vial (logistics unit, not a dose)",0,1,1,0.0
HC-BUG-06,Gashora Health Center,Bugesera,2026-06-01,ACT,"ACT course (logistics unit, not a dose)",10,2,0,5.0
HC-BUG-06,Gashora Health Center,Bugesera,2026-06-01,RDT,RDT kit,58,6,0,9.67
HC-BUG-06,Gashora Health Center,Bugesera,2026-06-01,injectable_artesunate,"injectable artesunate vial (logistics unit, not a dose)",12,1,0,12.0
HC-BUG-06,Gashora Health Center,Bugesera,2026-06-08,ACT,"ACT course (logistics unit, not a dose)",36,4,0,9.0
HC-BUG-06,Gashora Health Center,Bugesera,2026-06-08,RDT,RDT kit,9,1,0,9.0
HC-BUG-06,Gashora Health Center,Bugesera,2026-06-08,injectable_artesunate,"injectable artesunate vial (logistics unit, not a dose)",5,0,0,52.0
HC-BUG-06,Gashora Health Center,Bugesera,2026-06-15,ACT,"ACT course (logistics unit, not a dose)",7,0,0,52.0
HC-BUG-06,Gashora Health Center,Bugesera,2026-06-15,RDT,RDT kit,4,1,0,4.0
HC-BUG-06,Gashora Health Center,Bugesera,2026-06-15,injectable_artesunate,"injectable artesunate vial (logistics unit, not a dose)",11,0,0,52.0
HC-BUG-06,Gashora Health Center,Bugesera,2026-06-22,ACT,"ACT course (logistics unit, not a dose)",3,0,0,52.0
HC-BUG-06,Gashora Health Center,Bugesera,2026-06-22,RDT,RDT kit,4,1,0,4.0
HC-BUG-06,Gashora Health Center,Bugesera,2026-06-22,injectable_artesunate,"injectable artesunate vial (logistics unit, not a dose)",7,0,0,52.0
HC-BUG-06,Gashora Health Center,Bugesera,2026-06-29,ACT,"ACT course (logistics unit, not a dose)",3,0,0,52.0
HC-BUG-06,Gashora Health Center,Bugesera,2026-06-29,RDT,RDT kit,10,3,0,3.33
HC-BUG-06,Gashora Health Center,Bugesera,2026-06-29,injectable_artesunate,"injectable artesunate vial (logistics unit, not a dose)",3,0,0,52.0
HC-BUG-06,Gashora Health Center,Bugesera,2026-07-06,ACT,"ACT course (logistics unit, not a dose)",7,2,0,3.5
HC-BUG-06,Gashora Health Center,Bugesera,2026-07-06,RDT,RDT kit,19,3,0,6.33
HC-BUG-06,Gashora Health Center,Bugesera,2026-07-06,injectable_artesunate,"injectable artesunate vial (logistics unit, not a dose)",0,0,1,0.0
HC-BUG-06,Gashora Health Center,Bugesera,2026-07-13,ACT,"ACT course (logistics unit, not a dose)",12,1,0,12.0
HC-BUG-06,Gashora Health Center,Bugesera,2026-07-13,RDT,RDT kit,22,2,0,11.0
HC-BUG-06,Gashora Health Center,Bugesera,2026-07-13,injectable_artesunate,"injectable artesunate vial (logistics unit, not a dose)",3,0,0,52.0
HC-BUG-06,Gashora Health Center,Bugesera,2026-07-20,ACT,"ACT course (logistics unit, not a dose)",9,1,0,9.0
HC-BUG-06,Gashora Health Center,Bugesera,2026-07-20,RDT,RDT kit,11,1,0,11.0
HC-BUG-06,Gashora Health Center,Bugesera,2026-07-20,injectable_artesunate,"injectable artesunate vial (logistics unit, not a dose)",4,1,0,4.0
HC-BUG-06,Gashora Health Center,Bugesera,2026-07-27,ACT,"ACT course (logistics unit, not a dose)",4,1,0,4.0
HC-BUG-06,Gashora Health Center,Bugesera,2026-07-27,RDT,RDT kit,10,0,0,52.0
HC-BUG-06,Gashora Health Center,Bugesera,2026-07-27,injectable_artesunate,"injectable artesunate vial (logistics unit, not a dose)",7,0,0,52.0
HC-BUG-06,Gashora Health Center,Bugesera,2026-08-03,ACT,"ACT course (logistics unit, not a dose)",9,0,0,52.0
HC-BUG-06,Gashora Health Center,Bugesera,2026-08-03,RDT,RDT kit,10,1,0,10.0
HC-BUG-06,Gashora Health Center,Bugesera,2026-08-03,injectable_artesunate,"injectable artesunate vial (logistics unit, not a dose)",5,0,0,52.0
HC-BUG-06,Gashora Health Center,Bugesera,2026-08-10,ACT,"ACT course (logistics unit, not a dose)",7,0,0,52.0
HC-BUG-06,Gashora Health Center,Bugesera,2026-08-10,RDT,RDT kit,12,0,0,52.0
HC-BUG-06,Gashora Health Center,Bugesera,2026-08-10,injectable_artesunate,"injectable artesunate vial (logistics unit, not a dose)",6,0,0,52.0
HC-BUG-06,Gashora Health Center,Bugesera,2026-08-17,ACT,"ACT course (logistics unit, not a dose)",9,3,0,3.0
HC-BUG-06,Gashora Health Center,Bugesera,2026-08-17,RDT,RDT kit,46,4,0,11.5
HC-BUG-06,Gashora Health Center,Bugesera,2026-08-17,injectable_artesunate,"injectable artesunate vial (logistics unit, not a dose)",0,0,1,0.0
HC-BUG-06,Gashora Health Center,Bugesera,2026-08-24,ACT,"ACT course (logistics unit, not a dose)",11,1,0,11.0
HC-BUG-06,Gashora Health Center,Bugesera,2026-08-24,RDT,RDT kit,23,2,0,11.5
HC-BUG-06,Gashora Health Center,Bugesera,2026-08-24,injectable_artesunate,"injectable artesunate vial (logistics unit, not a dose)",6,1,0,6.0
HC-BUG-06,Gashora Health Center,Bugesera,2026-08-31,ACT,"ACT course (logistics unit, not a dose)",12,1,0,12.0
HC-BUG-06,Gashora Health Center,Bugesera,2026-08-31,RDT,RDT kit,45,5,0,9.0
HC-BUG-06,Gashora Health Center,Bugesera,2026-08-31,injectable_artesunate,"injectable artesunate vial (logistics unit, not a dose)",4,0,0,52.0
HC-BUG-06,Gashora Health Center,Bugesera,2026-09-07,ACT,"ACT course (logistics unit, not a dose)",0,1,1,0.0
HC-BUG-06,Gashora Health Center,Bugesera,2026-09-07,RDT,RDT kit,18,4,0,4.5
HC-BUG-06,Gashora Health Center,Bugesera,2026-09-07,injectable_artesunate,"injectable artesunate vial (logistics unit, not a dose)",4,1,0,4.0
HC-BUG-06,Gashora Health Center,Bugesera,2026-09-14,ACT,"ACT course (logistics unit, not a dose)",0,3,1,0.0
HC-BUG-06,Gashora Health Center,Bugesera,2026-09-14,RDT,RDT kit,51,5,0,10.2
HC-BUG-06,Gashora Health Center,Bugesera,2026-09-14,injectable_artesunate,"injectable artesunate vial (logistics unit, not a dose)",1,0,0,52.0
HC-BUG-06,Gashora Health Center,Bugesera,2026-09-21,ACT,"ACT course (logistics unit, not a dose)",0,1,1,0.0
HC-BUG-06,Gashora Health Center,Bugesera,2026-09-21,RDT,RDT kit,4,0,0,52.0
HC-BUG-06,Gashora Health Center,Bugesera,2026-09-21,injectable_artesunate,"injectable artesunate vial (logistics unit, not a dose)",11,0,0,52.0
HC-BUG-06,Gashora Health Center,Bugesera,2026-09-28,ACT,"ACT course (logistics unit, not a dose)",0,1,1,0.0
HC-BUG-06,Gashora Health Center,Bugesera,2026-09-28,RDT,RDT kit,0,1,1,0.0
HC-BUG-06,Gashora Health Center,Bugesera,2026-09-28,injectable_artesunate,"injectable artesunate vial (logistics unit, not a dose)",4,1,0,4.0
HC-NYG-01,Nyagatare Health Center,Nyagatare,2024-09-30,ACT,"ACT course (logistics unit, not a dose)",5,1,0,5.0
HC-NYG-01,Nyagatare Health Center,Nyagatare,2024-09-30,RDT,RDT kit,21,4,0,5.25
HC-NYG-01,Nyagatare Health Center,Nyagatare,2024-09-30,injectable_artesunate,"injectable artesunate vial (logistics unit, not a dose)",5,0,0,52.0
HC-NYG-01,Nyagatare Health Center,Nyagatare,2024-10-07,ACT,"ACT course (logistics unit, not a dose)",7,0,0,52.0
HC-NYG-01,Nyagatare Health Center,Nyagatare,2024-10-07,RDT,RDT kit,0,0,1,0.0
HC-NYG-01,Nyagatare Health Center,Nyagatare,2024-10-07,injectable_artesunate,"injectable artesunate vial (logistics unit, not a dose)",5,0,0,52.0
HC-NYG-01,Nyagatare Health Center,Nyagatare,2024-10-14,ACT,"ACT course (logistics unit, not a dose)",28,4,0,7.0
HC-NYG-01,Nyagatare Health Center,Nyagatare,2024-10-14,RDT,RDT kit,17,3,0,5.67
HC-NYG-01,Nyagatare Health Center,Nyagatare,2024-10-14,injectable_artesunate,"injectable artesunate vial (logistics unit, not a dose)",7,0,0,52.0
HC-NYG-01,Nyagatare Health Center,Nyagatare,2024-10-21,ACT,"ACT course (logistics unit, not a dose)",23,2,0,11.5
HC-NYG-01,Nyagatare Health Center,Nyagatare,2024-10-21,RDT,RDT kit,10,1,0,10.0
HC-NYG-01,Nyagatare Health Center,Nyagatare,2024-10-21,injectable_artesunate,"injectable artesunate vial (logistics unit, not a dose)",4,0,0,52.0
HC-NYG-01,Nyagatare Health Center,Nyagatare,2024-10-28,ACT,"ACT course (logistics unit, not a dose)",10,0,0,52.0
HC-NYG-01,Nyagatare Health Center,Nyagatare,2024-10-28,RDT,RDT kit,26,5,0,5.2
HC-NYG-01,Nyagatare Health Center,Nyagatare,2024-10-28,injectable_artesunate,"injectable artesunate vial (logistics unit, not a dose)",8,0,0,52.0
HC-NYG-01,Nyagatare Health Center,Nyagatare,2024-11-04,ACT,"ACT course (logistics unit, not a dose)",20,3,0,6.67
HC-NYG-01,Nyagatare Health Center,Nyagatare,2024-11-04,RDT,RDT kit,16,2,0,8.0
HC-NYG-01,Nyagatare Health Center,Nyagatare,2024-11-04,injectable_artesunate,"injectable artesunate vial (logistics unit, not a dose)",9,0,0,52.0
HC-NYG-01,Nyagatare Health Center,Nyagatare,2024-11-11,ACT,"ACT course (logistics unit, not a dose)",28,3,0,9.33
HC-NYG-01,Nyagatare Health Center,Nyagatare,2024-11-11,RDT,RDT kit,18,3,0,6.0
HC-NYG-01,Nyagatare Health Center,Nyagatare,2024-11-11,injectable_artesunate,"injectable artesunate vial (logistics unit, not a dose)",1,0,0,52.0
HC-NYG-01,Nyagatare Health Center,Nyagatare,2024-11-18,ACT,"ACT course (logistics unit, not a dose)",9,1,0,9.0
HC-NYG-01,Nyagatare Health Center,Nyagatare,2024-11-18,RDT,RDT kit,9,3,0,3.0
HC-NYG-01,Nyagatare Health Center,Nyagatare,2024-11-18,injectable_artesunate,"injectable artesunate vial (logistics unit, not a dose)",4,0,0,52.0
HC-NYG-01,Nyagatare Health Center,Nyagatare,2024-11-25,ACT,"ACT course (logistics unit, not a dose)",30,3,0,10.0
HC-NYG-01,Nyagatare Health Center,Nyagatare,2024-11-25,RDT,RDT kit,12,3,0,4.0
HC-NYG-01,Nyagatare Health Center,Nyagatare,2024-11-25,injectable_artesunate,"injectable artesunate vial (logistics unit, not a dose)",9,0,0,52.0
HC-NYG-01,Nyagatare Health Center,Nyagatare,2024-12-02,ACT,"ACT course (logistics unit, not a dose)",8,1,0,8.0
HC-NYG-01,Nyagatare Health Center,Nyagatare,2024-12-02,RDT,RDT kit,9,1,0,9.0
HC-NYG-01,Nyagatare Health Center,Nyagatare,2024-12-02,injectable_artesunate,"injectable artesunate vial (logistics unit, not a dose)",10,0,0,52.0
HC-NYG-01,Nyagatare Health Center,Nyagatare,2024-12-09,ACT,"ACT course (logistics unit, not a dose)",5,1,0,5.0
HC-NYG-01,Nyagatare Health Center,Nyagatare,2024-12-09,RDT,RDT kit,12,1,0,12.0
HC-NYG-01,Nyagatare Health Center,Nyagatare,2024-12-09,injectable_artesunate,"injectable artesunate vial (logistics unit, not a dose)",8,0,0,52.0
HC-NYG-01,Nyagatare Health Center,Nyagatare,2024-12-16,ACT,"ACT course (logistics unit, not a dose)",8,0,0,52.0
HC-NYG-01,Nyagatare Health Center,Nyagatare,2024-12-16,RDT,RDT kit,9,2,0,4.5
HC-NYG-01,Nyagatare Health Center,Nyagatare,2024-12-16,injectable_artesunate,"injectable artesunate vial (logistics unit, not a dose)",8,0,0,52.0
HC-NYG-01,Nyagatare Health Center,Nyagatare,2024-12-23,ACT,"ACT course (logistics unit, not a dose)",13,2,0,6.5
HC-NYG-01,Nyagatare Health Center,Nyagatare,2024-12-23,RDT,RDT kit,4,1,0,4.0
HC-NYG-01,Nyagatare Health Center,Nyagatare,2024-12-23,injectable_artesunate,"injectable artesunate vial (logistics unit, not a dose)",5,0,0,52.0
HC-NYG-01,Nyagatare Health Center,Nyagatare,2024-12-30,ACT,"ACT course (logistics unit, not a dose)",3,1,0,3.0
HC-NYG-01,Nyagatare Health Center,Nyagatare,2024-12-30,RDT,RDT kit,10,2,0,5.0
HC-NYG-01,Nyagatare Health Center,Nyagatare,2024-12-30,injectable_artesunate,"injectable artesunate vial (logistics unit, not a dose)",0,0,1,0.0
HC-NYG-01,Nyagatare Health Center,Nyagatare,2025-01-06,ACT,"ACT course (logistics unit, not a dose)",6,0,0,52.0
HC-NYG-01,Nyagatare Health Center,Nyagatare,2025-01-06,RDT,RDT kit,32,3,0,10.67
HC-NYG-01,Nyagatare Health Center,Nyagatare,2025-01-06,injectable_artesunate,"injectable artesunate vial (logistics unit, not a dose)",4,0,0,52.0
HC-NYG-01,Nyagatare Health Center,Nyagatare,2025-01-13,ACT,"ACT course (logistics unit, not a dose)",10,0,0,52.0
HC-NYG-01,Nyagatare Health Center,Nyagatare,2025-01-13,RDT,RDT kit,38,4,0,9.5
HC-NYG-01,Nyagatare Health Center,Nyagatare,2025-01-13,injectable_artesunate,"injectable artesunate vial (logistics unit, not a dose)",6,1,0,6.0
HC-NYG-01,Nyagatare Health Center,Nyagatare,2025-01-20,ACT,"ACT course (logistics unit, not a dose)",3,1,0,3.0
HC-NYG-01,Nyagatare Health Center,Nyagatare,2025-01-20,RDT,RDT kit,7,2,0,3.5
HC-NYG-01,Nyagatare Health Center,Nyagatare,2025-01-20,injectable_artesunate,"injectable artesunate vial (logistics unit, not a dose)",0,0,1,0.0
HC-NYG-01,Nyagatare Health Center,Nyagatare,2025-01-27,ACT,"ACT course (logistics unit, not a dose)",12,0,0,52.0
HC-NYG-01,Nyagatare Health Center,Nyagatare,2025-01-27,RDT,RDT kit,8,0,0,52.0
HC-NYG-01,Nyagatare Health Center,Nyagatare,2025-01-27,injectable_artesunate,"injectable artesunate vial (logistics unit, not a dose)",1,0,0,52.0
HC-NYG-01,Nyagatare Health Center,Nyagatare,2025-02-03,ACT,"ACT course (logistics unit, not a dose)",25,3,0,8.33
HC-NYG-01,Nyagatare Health Center,Nyagatare,2025-02-03,RDT,RDT kit,40,4,0,10.0
HC-NYG-01,Nyagatare Health Center,Nyagatare,2025-02-03,injectable_artesunate,"injectable artesunate vial (logistics unit, not a dose)",8,0,0,52.0
HC-NYG-01,Nyagatare Health Center,Nyagatare,2025-02-10,ACT,"ACT course (logistics unit, not a dose)",23,2,0,11.5
HC-NYG-01,Nyagatare Health Center,Nyagatare,2025-02-10,RDT,RDT kit,1,1,0,1.0
HC-NYG-01,Nyagatare Health Center,Nyagatare,2025-02-10,injectable_artesunate,"injectable artesunate vial (logistics unit, not a dose)",4,1,0,4.0
HC-NYG-01,Nyagatare Health Center,Nyagatare,2025-02-17,ACT,"ACT course (logistics unit, not a dose)",4,1,0,4.0
HC-NYG-01,Nyagatare Health Center,Nyagatare,2025-02-17,RDT,RDT kit,0,1,1,0.0
HC-NYG-01,Nyagatare Health Center,Nyagatare,2025-02-17,injectable_artesunate,"injectable artesunate vial (logistics unit, not a dose)",14,2,0,7.0
HC-NYG-01,Nyagatare Health Center,Nyagatare,2025-02-24,ACT,"ACT course (logistics unit, not a dose)",31,3,0,10.33
HC-NYG-01,Nyagatare Health Center,Nyagatare,2025-02-24,RDT,RDT kit,15,2,0,7.5
HC-NYG-01,Nyagatare Health Center,Nyagatare,2025-02-24,injectable_artesunate,"injectable artesunate vial (logistics unit, not a dose)",10,1,0,10.0
HC-NYG-01,Nyagatare Health Center,Nyagatare,2025-03-03,ACT,"ACT course (logistics unit, not a dose)",23,2,0,11.5
HC-NYG-01,Nyagatare Health Center,Nyagatare,2025-03-03,RDT,RDT kit,7,2,0,3.5
HC-NYG-01,Nyagatare Health Center,Nyagatare,2025-03-03,injectable_artesunate,"injectable artesunate vial (logistics unit, not a dose)",4,0,0,52.0
HC-NYG-01,Nyagatare Health Center,Nyagatare,2025-03-10,ACT,"ACT course (logistics unit, not a dose)",22,2,0,11.0
HC-NYG-01,Nyagatare Health Center,Nyagatare,2025-03-10,RDT,RDT kit,21,2,0,10.5
HC-NYG-01,Nyagatare Health Center,Nyagatare,2025-03-10,injectable_artesunate,"injectable artesunate vial (logistics unit, not a dose)",11,0,0,52.0
HC-NYG-01,Nyagatare Health Center,Nyagatare,2025-03-17,ACT,"ACT course (logistics unit, not a dose)",9,3,0,3.0
HC-NYG-01,Nyagatare Health Center,Nyagatare,2025-03-17,RDT,RDT kit,30,4,0,7.5
HC-NYG-01,Nyagatare Health Center,Nyagatare,2025-03-17,injectable_artesunate,"injectable artesunate vial (logistics unit, not a dose)",0,0,1,0.0
HC-NYG-01,Nyagatare Health Center,Nyagatare,2025-03-24,ACT,"ACT course (logistics unit, not a dose)",9,0,0,52.0
HC-NYG-01,Nyagatare Health Center,Nyagatare,2025-03-24,RDT,RDT kit,3,4,0,0.75
HC-NYG-01,Nyagatare Health Center,Nyagatare,2025-03-24,injectable_artesunate,"injectable artesunate vial (logistics unit, not a dose)",4,0,0,52.0
HC-NYG-01,Nyagatare Health Center,Nyagatare,2025-03-31,ACT,"ACT course (logistics unit, not a dose)",21,2,0,10.5
HC-NYG-01,Nyagatare Health Center,Nyagatare,2025-03-31,RDT,RDT kit,10,2,0,5.0
HC-NYG-01,Nyagatare Health Center,Nyagatare,2025-03-31,injectable_artesunate,"injectable artesunate vial (logistics unit, not a dose)",4,0,0,52.0
HC-NYG-01,Nyagatare Health Center,Nyagatare,2025-04-07,ACT,"ACT course (logistics unit, not a dose)",21,2,0,10.5
HC-NYG-01,Nyagatare Health Center,Nyagatare,2025-04-07,RDT,RDT kit,0,2,1,0.0
HC-NYG-01,Nyagatare Health Center,Nyagatare,2025-04-07,injectable_artesunate,"injectable artesunate vial (logistics unit, not a dose)",8,0,0,52.0
HC-NYG-01,Nyagatare Health Center,Nyagatare,2025-04-14,ACT,"ACT course (logistics unit, not a dose)",8,0,0,52.0
HC-NYG-01,Nyagatare Health Center,Nyagatare,2025-04-14,RDT,RDT kit,100,10,0,10.0
HC-NYG-01,Nyagatare Health Center,Nyagatare,2025-04-14,injectable_artesunate,"injectable artesunate vial (logistics unit, not a dose)",9,0,0,52.0
HC-NYG-01,Nyagatare Health Center,Nyagatare,2025-04-21,ACT,"ACT course (logistics unit, not a dose)",59,6,0,9.83
HC-NYG-01,Nyagatare Health Center,Nyagatare,2025-04-21,RDT,RDT kit,31,6,0,5.17
HC-NYG-01,Nyagatare Health Center,Nyagatare,2025-04-21,injectable_artesunate,"injectable artesunate vial (logistics unit, not a dose)",10,1,0,10.0
HC-NYG-01,Nyagatare Health Center,Nyagatare,2025-04-28,ACT,"ACT course (logistics unit, not a dose)",16,2,0,8.0
HC-NYG-01,Nyagatare Health Center,Nyagatare,2025-04-28,RDT,RDT kit,30,4,0,7.5
HC-NYG-01,Nyagatare Health Center,Nyagatare,2025-04-28,injectable_artesunate,"injectable artesunate vial (logistics unit, not a dose)",3,1,0,3.0
HC-NYG-01,Nyagatare Health Center,Nyagatare,2025-05-05,ACT,"ACT course (logistics unit, not a dose)",15,2,0,7.5
HC-NYG-01,Nyagatare Health Center,Nyagatare,2025-05-05,RDT,RDT kit,10,3,0,3.33
HC-NYG-01,Nyagatare Health Center,Nyagatare,2025-05-05,injectable_artesunate,"injectable artesunate vial (logistics unit, not a dose)",7,0,0,52.0
HC-NYG-01,Nyagatare Health Center,Nyagatare,2025-05-12,ACT,"ACT course (logistics unit, not a dose)",12,2,0,6.0
HC-NYG-01,Nyagatare Health Center,Nyagatare,2025-05-12,RDT,RDT kit,7,6,0,1.17
HC-NYG-01,Nyagatare Health Center,Nyagatare,2025-05-12,injectable_artesunate,"injectable artesunate vial (logistics unit, not a dose)",6,1,0,6.0
HC-NYG-01,Nyagatare Health Center,Nyagatare,2025-05-19,ACT,"ACT course (logistics unit, not a dose)",33,3,0,11.0
HC-NYG-01,Nyagatare Health Center,Nyagatare,2025-05-19,RDT,RDT kit,0,5,1,0.0
HC-NYG-01,Nyagatare Health Center,Nyagatare,2025-05-19,injectable_artesunate,"injectable artesunate vial (logistics unit, not a dose)",8,0,0,52.0
HC-NYG-01,Nyagatare Health Center,Nyagatare,2025-05-26,ACT,"ACT course (logistics unit, not a dose)",18,2,0,9.0
HC-NYG-01,Nyagatare Health Center,Nyagatare,2025-05-26,RDT,RDT kit,10,1,0,10.0
HC-NYG-01,Nyagatare Health Center,Nyagatare,2025-05-26,injectable_artesunate,"injectable artesunate vial (logistics unit, not a dose)",12,0,0,52.0
HC-NYG-01,Nyagatare Health Center,Nyagatare,2025-06-02,ACT,"ACT course (logistics unit, not a dose)",9,0,0,52.0
HC-NYG-01,Nyagatare Health Center,Nyagatare,2025-06-02,RDT,RDT kit,9,2,0,4.5
HC-NYG-01,Nyagatare Health Center,Nyagatare,2025-06-02,injectable_artesunate,"injectable artesunate vial (logistics unit, not a dose)",19,2,0,9.5
HC-NYG-01,Nyagatare Health Center,Nyagatare,2025-06-09,ACT,"ACT course (logistics unit, not a dose)",11,0,0,52.0
HC-NYG-01,Nyagatare Health Center,Nyagatare,2025-06-09,RDT,RDT kit,8,1,0,8.0
HC-NYG-01,Nyagatare Health Center,Nyagatare,2025-06-09,injectable_artesunate,"injectable artesunate vial (logistics unit, not a dose)",7,0,0,52.0
HC-NYG-01,Nyagatare Health Center,Nyagatare,2025-06-16,ACT,"ACT course (logistics unit, not a dose)",9,1,0,9.0
HC-NYG-01,Nyagatare Health Center,Nyagatare,2025-06-16,RDT,RDT kit,12,3,0,4.0
HC-NYG-01,Nyagatare Health Center,Nyagatare,2025-06-16,injectable_artesunate,"injectable artesunate vial (logistics unit, not a dose)",7,1,0,7.0
HC-NYG-01,Nyagatare Health Center,Nyagatare,2025-06-23,ACT,"ACT course (logistics unit, not a dose)",1,2,0,0.5
HC-NYG-01,Nyagatare Health Center,Nyagatare,2025-06-23,RDT,RDT kit,22,3,0,7.33
HC-NYG-01,Nyagatare Health Center,Nyagatare,2025-06-23,injectable_artesunate,"injectable artesunate vial (logistics unit, not a dose)",8,1,0,8.0
HC-NYG-01,Nyagatare Health Center,Nyagatare,2025-06-30,ACT,"ACT course (logistics unit, not a dose)",0,1,1,0.0
HC-NYG-01,Nyagatare Health Center,Nyagatare,2025-06-30,RDT,RDT kit,21,2,0,10.5
HC-NYG-01,Nyagatare Health Center,Nyagatare,2025-06-30,injectable_artesunate,"injectable artesunate vial (logistics unit, not a dose)",8,1,0,8.0
HC-NYG-01,Nyagatare Health Center,Nyagatare,2025-07-07,ACT,"ACT course (logistics unit, not a dose)",10,2,0,5.0
HC-NYG-01,Nyagatare Health Center,Nyagatare,2025-07-07,RDT,RDT kit,39,6,0,6.5
HC-NYG-01,Nyagatare Health Center,Nyagatare,2025-07-07,injectable_artesunate,"injectable artesunate vial (logistics unit, not a dose)",12,0,0,52.0
HC-NYG-01,Nyagatare Health Center,Nyagatare,2025-07-14,ACT,"ACT course (logistics unit, not a dose)",7,2,0,3.5
HC-NYG-01,Nyagatare Health Center,Nyagatare,2025-07-14,RDT,RDT kit,7,2,0,3.5
HC-NYG-01,Nyagatare Health Center,Nyagatare,2025-07-14,injectable_artesunate,"injectable artesunate vial (logistics unit, not a dose)",11,1,0,11.0
HC-NYG-01,Nyagatare Health Center,Nyagatare,2025-07-21,ACT,"ACT course (logistics unit, not a dose)",23,2,0,11.5
HC-NYG-01,Nyagatare Health Center,Nyagatare,2025-07-21,RDT,RDT kit,35,3,0,11.67
HC-NYG-01,Nyagatare Health Center,Nyagatare,2025-07-21,injectable_artesunate,"injectable artesunate vial (logistics unit, not a dose)",4,1,0,4.0
HC-NYG-01,Nyagatare Health Center,Nyagatare,2025-07-28,ACT,"ACT course (logistics unit, not a dose)",6,0,0,52.0
HC-NYG-01,Nyagatare Health Center,Nyagatare,2025-07-28,RDT,RDT kit,13,2,0,6.5
HC-NYG-01,Nyagatare Health Center,Nyagatare,2025-07-28,injectable_artesunate,"injectable artesunate vial (logistics unit, not a dose)",7,0,0,52.0
HC-NYG-01,Nyagatare Health Center,Nyagatare,2025-08-04,ACT,"ACT course (logistics unit, not a dose)",5,1,0,5.0
HC-NYG-01,Nyagatare Health Center,Nyagatare,2025-08-04,RDT,RDT kit,17,2,0,8.5
HC-NYG-01,Nyagatare Health Center,Nyagatare,2025-08-04,injectable_artesunate,"injectable artesunate vial (logistics unit, not a dose)",0,1,1,0.0
HC-NYG-01,Nyagatare Health Center,Nyagatare,2025-08-11,ACT,"ACT course (logistics unit, not a dose)",6,0,0,52.0
HC-NYG-01,Nyagatare Health Center,Nyagatare,2025-08-11,RDT,RDT kit,23,4,0,5.75
HC-NYG-01,Nyagatare Health Center,Nyagatare,2025-08-11,injectable_artesunate,"injectable artesunate vial (logistics unit, not a dose)",9,0,0,52.0
HC-NYG-01,Nyagatare Health Center,Nyagatare,2025-08-18,ACT,"ACT course (logistics unit, not a dose)",21,2,0,10.5
HC-NYG-01,Nyagatare Health Center,Nyagatare,2025-08-18,RDT,RDT kit,16,2,0,8.0
HC-NYG-01,Nyagatare Health Center,Nyagatare,2025-08-18,injectable_artesunate,"injectable artesunate vial (logistics unit, not a dose)",4,0,0,52.0
HC-NYG-01,Nyagatare Health Center,Nyagatare,2025-08-25,ACT,"ACT course (logistics unit, not a dose)",2,2,0,1.0
HC-NYG-01,Nyagatare Health Center,Nyagatare,2025-08-25,RDT,RDT kit,8,1,0,8.0
HC-NYG-01,Nyagatare Health Center,Nyagatare,2025-08-25,injectable_artesunate,"injectable artesunate vial (logistics unit, not a dose)",6,0,0,52.0
HC-NYG-01,Nyagatare Health Center,Nyagatare,2025-09-01,ACT,"ACT course (logistics unit, not a dose)",10,1,0,10.0
HC-NYG-01,Nyagatare Health Center,Nyagatare,2025-09-01,RDT,RDT kit,19,3,0,6.33
HC-NYG-01,Nyagatare Health Center,Nyagatare,2025-09-01,injectable_artesunate,"injectable artesunate vial (logistics unit, not a dose)",8,1,0,8.0
HC-NYG-01,Nyagatare Health Center,Nyagatare,2025-09-08,ACT,"ACT course (logistics unit, not a dose)",3,1,0,3.0
HC-NYG-01,Nyagatare Health Center,Nyagatare,2025-09-08,RDT,RDT kit,18,3,0,6.0
HC-NYG-01,Nyagatare Health Center,Nyagatare,2025-09-08,injectable_artesunate,"injectable artesunate vial (logistics unit, not a dose)",10,0,0,52.0
HC-NYG-01,Nyagatare Health Center,Nyagatare,2025-09-15,ACT,"ACT course (logistics unit, not a dose)",12,2,0,6.0
HC-NYG-01,Nyagatare Health Center,Nyagatare,2025-09-15,RDT,RDT kit,16,3,0,5.33
HC-NYG-01,Nyagatare Health Center,Nyagatare,2025-09-15,injectable_artesunate,"injectable artesunate vial (logistics unit, not a dose)",10,0,0,52.0
HC-NYG-01,Nyagatare Health Center,Nyagatare,2025-09-22,ACT,"ACT course (logistics unit, not a dose)",5,1,0,5.0
HC-NYG-01,Nyagatare Health Center,Nyagatare,2025-09-22,RDT,RDT kit,5,1,0,5.0
HC-NYG-01,Nyagatare Health Center,Nyagatare,2025-09-22,injectable_artesunate,"injectable artesunate vial (logistics unit, not a dose)",8,0,0,52.0
HC-NYG-01,Nyagatare Health Center,Nyagatare,2025-09-29,ACT,"ACT course (logistics unit, not a dose)",3,0,0,52.0
HC-NYG-01,Nyagatare Health Center,Nyagatare,2025-09-29,RDT,RDT kit,32,5,0,6.4
HC-NYG-01,Nyagatare Health Center,Nyagatare,2025-09-29,injectable_artesunate,"injectable artesunate vial (logistics unit, not a dose)",4,0,0,52.0
HC-NYG-01,Nyagatare Health Center,Nyagatare,2025-10-06,ACT,"ACT course (logistics unit, not a dose)",24,2,0,12.0
HC-NYG-01,Nyagatare Health Center,Nyagatare,2025-10-06,RDT,RDT kit,14,4,0,3.5
HC-NYG-01,Nyagatare Health Center,Nyagatare,2025-10-06,injectable_artesunate,"injectable artesunate vial (logistics unit, not a dose)",1,1,0,1.0
HC-NYG-01,Nyagatare Health Center,Nyagatare,2025-10-13,ACT,"ACT course (logistics unit, not a dose)",1,0,0,52.0
HC-NYG-01,Nyagatare Health Center,Nyagatare,2025-10-13,RDT,RDT kit,6,0,0,52.0
HC-NYG-01,Nyagatare Health Center,Nyagatare,2025-10-13,injectable_artesunate,"injectable artesunate vial (logistics unit, not a dose)",8,0,0,52.0
HC-NYG-01,Nyagatare Health Center,Nyagatare,2025-10-20,ACT,"ACT course (logistics unit, not a dose)",10,1,0,10.0
HC-NYG-01,Nyagatare Health Center,Nyagatare,2025-10-20,RDT,RDT kit,35,6,0,5.83
HC-NYG-01,Nyagatare Health Center,Nyagatare,2025-10-20,injectable_artesunate,"injectable artesunate vial (logistics unit, not a dose)",11,0,0,52.0
HC-NYG-01,Nyagatare Health Center,Nyagatare,2025-10-27,ACT,"ACT course (logistics unit, not a dose)",7,0,0,52.0
HC-NYG-01,Nyagatare Health Center,Nyagatare,2025-10-27,RDT,RDT kit,10,3,0,3.33
HC-NYG-01,Nyagatare Health Center,Nyagatare,2025-10-27,injectable_artesunate,"injectable artesunate vial (logistics unit, not a dose)",5,0,0,52.0
HC-NYG-01,Nyagatare Health Center,Nyagatare,2025-11-03,ACT,"ACT course (logistics unit, not a dose)",8,0,0,52.0
HC-NYG-01,Nyagatare Health Center,Nyagatare,2025-11-03,RDT,RDT kit,0,5,1,0.0
HC-NYG-01,Nyagatare Health Center,Nyagatare,2025-11-03,injectable_artesunate,"injectable artesunate vial (logistics unit, not a dose)",5,0,0,52.0
HC-NYG-01,Nyagatare Health Center,Nyagatare,2025-11-10,ACT,"ACT course (logistics unit, not a dose)",21,3,0,7.0
HC-NYG-01,Nyagatare Health Center,Nyagatare,2025-11-10,RDT,RDT kit,68,6,0,11.33
HC-NYG-01,Nyagatare Health Center,Nyagatare,2025-11-10,injectable_artesunate,"injectable artesunate vial (logistics unit, not a dose)",9,0,0,52.0
HC-NYG-01,Nyagatare Health Center,Nyagatare,2025-11-17,ACT,"ACT course (logistics unit, not a dose)",15,4,0,3.75
HC-NYG-01,Nyagatare Health Center,Nyagatare,2025-11-17,RDT,RDT kit,16,4,0,4.0
HC-NYG-01,Nyagatare Health Center,Nyagatare,2025-11-17,injectable_artesunate,"injectable artesunate vial (logistics unit, not a dose)",7,0,0,52.0
HC-NYG-01,Nyagatare Health Center,Nyagatare,2025-11-24,ACT,"ACT course (logistics unit, not a dose)",1,1,0,1.0
HC-NYG-01,Nyagatare Health Center,Nyagatare,2025-11-24,RDT,RDT kit,31,3,0,10.33
HC-NYG-01,Nyagatare Health Center,Nyagatare,2025-11-24,injectable_artesunate,"injectable artesunate vial (logistics unit, not a dose)",12,1,0,12.0
HC-NYG-01,Nyagatare Health Center,Nyagatare,2025-12-01,ACT,"ACT course (logistics unit, not a dose)",13,3,0,4.33
HC-NYG-01,Nyagatare Health Center,Nyagatare,2025-12-01,RDT,RDT kit,34,3,0,11.33
HC-NYG-01,Nyagatare Health Center,Nyagatare,2025-12-01,injectable_artesunate,"injectable artesunate vial (logistics unit, not a dose)",7,0,0,52.0
HC-NYG-01,Nyagatare Health Center,Nyagatare,2025-12-08,ACT,"ACT course (logistics unit, not a dose)",22,3,0,7.33
HC-NYG-01,Nyagatare Health Center,Nyagatare,2025-12-08,RDT,RDT kit,10,2,0,5.0
HC-NYG-01,Nyagatare Health Center,Nyagatare,2025-12-08,injectable_artesunate,"injectable artesunate vial (logistics unit, not a dose)",11,1,0,11.0
HC-NYG-01,Nyagatare Health Center,Nyagatare,2025-12-15,ACT,"ACT course (logistics unit, not a dose)",1,1,0,1.0
HC-NYG-01,Nyagatare Health Center,Nyagatare,2025-12-15,RDT,RDT kit,13,4,0,3.25
HC-NYG-01,Nyagatare Health Center,Nyagatare,2025-12-15,injectable_artesunate,"injectable artesunate vial (logistics unit, not a dose)",0,1,1,0.0
HC-NYG-01,Nyagatare Health Center,Nyagatare,2025-12-22,ACT,"ACT course (logistics unit, not a dose)",6,1,0,6.0
HC-NYG-01,Nyagatare Health Center,Nyagatare,2025-12-22,RDT,RDT kit,38,5,0,7.6
HC-NYG-01,Nyagatare Health Center,Nyagatare,2025-12-22,injectable_artesunate,"injectable artesunate vial (logistics unit, not a dose)",9,0,0,52.0
HC-NYG-01,Nyagatare Health Center,Nyagatare,2025-12-29,ACT,"ACT course (logistics unit, not a dose)",7,0,0,52.0
HC-NYG-01,Nyagatare Health Center,Nyagatare,2025-12-29,RDT,RDT kit,19,3,0,6.33
HC-NYG-01,Nyagatare Health Center,Nyagatare,2025-12-29,injectable_artesunate,"injectable artesunate vial (logistics unit, not a dose)",13,2,0,6.5
HC-NYG-01,Nyagatare Health Center,Nyagatare,2026-01-05,ACT,"ACT course (logistics unit, not a dose)",17,3,0,5.67
HC-NYG-01,Nyagatare Health Center,Nyagatare,2026-01-05,RDT,RDT kit,45,4,0,11.25
HC-NYG-01,Nyagatare Health Center,Nyagatare,2026-01-05,injectable_artesunate,"injectable artesunate vial (logistics unit, not a dose)",5,0,0,52.0
HC-NYG-01,Nyagatare Health Center,Nyagatare,2026-01-12,ACT,"ACT course (logistics unit, not a dose)",5,1,0,5.0
HC-NYG-01,Nyagatare Health Center,Nyagatare,2026-01-12,RDT,RDT kit,34,4,0,8.5
HC-NYG-01,Nyagatare Health Center,Nyagatare,2026-01-12,injectable_artesunate,"injectable artesunate vial (logistics unit, not a dose)",11,0,0,52.0
HC-NYG-01,Nyagatare Health Center,Nyagatare,2026-01-19,ACT,"ACT course (logistics unit, not a dose)",5,1,0,5.0
HC-NYG-01,Nyagatare Health Center,Nyagatare,2026-01-19,RDT,RDT kit,1,4,0,0.25
HC-NYG-01,Nyagatare Health Center,Nyagatare,2026-01-19,injectable_artesunate,"injectable artesunate vial (logistics unit, not a dose)",9,0,0,52.0
HC-NYG-01,Nyagatare Health Center,Nyagatare,2026-01-26,ACT,"ACT course (logistics unit, not a dose)",12,1,0,12.0
HC-NYG-01,Nyagatare Health Center,Nyagatare,2026-01-26,RDT,RDT kit,1,3,0,0.33
HC-NYG-01,Nyagatare Health Center,Nyagatare,2026-01-26,injectable_artesunate,"injectable artesunate vial (logistics unit, not a dose)",11,1,0,11.0
HC-NYG-01,Nyagatare Health Center,Nyagatare,2026-02-02,ACT,"ACT course (logistics unit, not a dose)",1,1,0,1.0
HC-NYG-01,Nyagatare Health Center,Nyagatare,2026-02-02,RDT,RDT kit,8,0,0,52.0
HC-NYG-01,Nyagatare Health Center,Nyagatare,2026-02-02,injectable_artesunate,"injectable artesunate vial (logistics unit, not a dose)",6,0,0,52.0
HC-NYG-01,Nyagatare Health Center,Nyagatare,2026-02-09,ACT,"ACT course (logistics unit, not a dose)",40,4,0,10.0
HC-NYG-01,Nyagatare Health Center,Nyagatare,2026-02-09,RDT,RDT kit,8,1,0,8.0
HC-NYG-01,Nyagatare Health Center,Nyagatare,2026-02-09,injectable_artesunate,"injectable artesunate vial (logistics unit, not a dose)",12,1,0,12.0
HC-NYG-01,Nyagatare Health Center,Nyagatare,2026-02-16,ACT,"ACT course (logistics unit, not a dose)",10,1,0,10.0
HC-NYG-01,Nyagatare Health Center,Nyagatare,2026-02-16,RDT,RDT kit,7,2,0,3.5
HC-NYG-01,Nyagatare Health Center,Nyagatare,2026-02-16,injectable_artesunate,"injectable artesunate vial (logistics unit, not a dose)",0,0,1,0.0
HC-NYG-01,Nyagatare Health Center,Nyagatare,2026-02-23,ACT,"ACT course (logistics unit, not a dose)",20,4,0,5.0
HC-NYG-01,Nyagatare Health Center,Nyagatare,2026-02-23,RDT,RDT kit,8,1,0,8.0
HC-NYG-01,Nyagatare Health Center,Nyagatare,2026-02-23,injectable_artesunate,"injectable artesunate vial (logistics unit, not a dose)",8,0,0,52.0
HC-NYG-01,Nyagatare Health Center,Nyagatare,2026-03-02,ACT,"ACT course (logistics unit, not a dose)",9,0,0,52.0
HC-NYG-01,Nyagatare Health Center,Nyagatare,2026-03-02,RDT,RDT kit,12,2,0,6.0
HC-NYG-01,Nyagatare Health Center,Nyagatare,2026-03-02,injectable_artesunate,"injectable artesunate vial (logistics unit, not a dose)",9,0,0,52.0
HC-NYG-01,Nyagatare Health Center,Nyagatare,2026-03-09,ACT,"ACT course (logistics unit, not a dose)",8,0,0,52.0
HC-NYG-01,Nyagatare Health Center,Nyagatare,2026-03-09,RDT,RDT kit,16,4,0,4.0
HC-NYG-01,Nyagatare Health Center,Nyagatare,2026-03-09,injectable_artesunate,"injectable artesunate vial (logistics unit, not a dose)",11,0,0,52.0
HC-NYG-01,Nyagatare Health Center,Nyagatare,2026-03-16,ACT,"ACT course (logistics unit, not a dose)",5,1,0,5.0
HC-NYG-01,Nyagatare Health Center,Nyagatare,2026-03-16,RDT,RDT kit,38,5,0,7.6
HC-NYG-01,Nyagatare Health Center,Nyagatare,2026-03-16,injectable_artesunate,"injectable artesunate vial (logistics unit, not a dose)",10,1,0,10.0
HC-NYG-01,Nyagatare Health Center,Nyagatare,2026-03-23,ACT,"ACT course (logistics unit, not a dose)",15,2,0,7.5
HC-NYG-01,Nyagatare Health Center,Nyagatare,2026-03-23,RDT,RDT kit,7,1,0,7.0
HC-NYG-01,Nyagatare Health Center,Nyagatare,2026-03-23,injectable_artesunate,"injectable artesunate vial (logistics unit, not a dose)",9,1,0,9.0
HC-NYG-01,Nyagatare Health Center,Nyagatare,2026-03-30,ACT,"ACT course (logistics unit, not a dose)",34,3,0,11.33
HC-NYG-01,Nyagatare Health Center,Nyagatare,2026-03-30,RDT,RDT kit,47,4,0,11.75
HC-NYG-01,Nyagatare Health Center,Nyagatare,2026-03-30,injectable_artesunate,"injectable artesunate vial (logistics unit, not a dose)",8,0,0,52.0
HC-NYG-01,Nyagatare Health Center,Nyagatare,2026-04-06,ACT,"ACT course (logistics unit, not a dose)",27,3,0,9.0
HC-NYG-01,Nyagatare Health Center,Nyagatare,2026-04-06,RDT,RDT kit,44,6,0,7.33
HC-NYG-01,Nyagatare Health Center,Nyagatare,2026-04-06,injectable_artesunate,"injectable artesunate vial (logistics unit, not a dose)",10,0,0,52.0
HC-NYG-01,Nyagatare Health Center,Nyagatare,2026-04-13,ACT,"ACT course (logistics unit, not a dose)",23,4,0,5.75
HC-NYG-01,Nyagatare Health Center,Nyagatare,2026-04-13,RDT,RDT kit,26,3,0,8.67
HC-NYG-01,Nyagatare Health Center,Nyagatare,2026-04-13,injectable_artesunate,"injectable artesunate vial (logistics unit, not a dose)",10,1,0,10.0
HC-NYG-01,Nyagatare Health Center,Nyagatare,2026-04-20,ACT,"ACT course (logistics unit, not a dose)",35,4,0,8.75
HC-NYG-01,Nyagatare Health Center,Nyagatare,2026-04-20,RDT,RDT kit,61,7,0,8.71
HC-NYG-01,Nyagatare Health Center,Nyagatare,2026-04-20,injectable_artesunate,"injectable artesunate vial (logistics unit, not a dose)",6,0,0,52.0
HC-NYG-01,Nyagatare Health Center,Nyagatare,2026-04-27,ACT,"ACT course (logistics unit, not a dose)",4,1,0,4.0
HC-NYG-01,Nyagatare Health Center,Nyagatare,2026-04-27,RDT,RDT kit,50,6,0,8.33
HC-NYG-01,Nyagatare Health Center,Nyagatare,2026-04-27,injectable_artesunate,"injectable artesunate vial (logistics unit, not a dose)",10,0,0,52.0
HC-NYG-01,Nyagatare Health Center,Nyagatare,2026-05-04,ACT,"ACT course (logistics unit, not a dose)",1,1,0,1.0
HC-NYG-01,Nyagatare Health Center,Nyagatare,2026-05-04,RDT,RDT kit,25,3,0,8.33
HC-NYG-01,Nyagatare Health Center,Nyagatare,2026-05-04,injectable_artesunate,"injectable artesunate vial (logistics unit, not a dose)",8,0,0,52.0
HC-NYG-01,Nyagatare Health Center,Nyagatare,2026-05-11,ACT,"ACT course (logistics unit, not a dose)",9,2,0,4.5
HC-NYG-01,Nyagatare Health Center,Nyagatare,2026-05-11,RDT,RDT kit,12,4,0,3.0
HC-NYG-01,Nyagatare Health Center,Nyagatare,2026-05-11,injectable_artesunate,"injectable artesunate vial (logistics unit, not a dose)",6,1,0,6.0
HC-NYG-01,Nyagatare Health Center,Nyagatare,2026-05-18,ACT,"ACT course (logistics unit, not a dose)",24,3,0,8.0
HC-NYG-01,Nyagatare Health Center,Nyagatare,2026-05-18,RDT,RDT kit,33,5,0,6.6
HC-NYG-01,Nyagatare Health Center,Nyagatare,2026-05-18,injectable_artesunate,"injectable artesunate vial (logistics unit, not a dose)",11,1,0,11.0
HC-NYG-01,Nyagatare Health Center,Nyagatare,2026-05-25,ACT,"ACT course (logistics unit, not a dose)",54,5,0,10.8
HC-NYG-01,Nyagatare Health Center,Nyagatare,2026-05-25,RDT,RDT kit,30,4,0,7.5
HC-NYG-01,Nyagatare Health Center,Nyagatare,2026-05-25,injectable_artesunate,"injectable artesunate vial (logistics unit, not a dose)",10,0,0,52.0
HC-NYG-01,Nyagatare Health Center,Nyagatare,2026-06-01,ACT,"ACT course (logistics unit, not a dose)",12,1,0,12.0
HC-NYG-01,Nyagatare Health Center,Nyagatare,2026-06-01,RDT,RDT kit,14,2,0,7.0
HC-NYG-01,Nyagatare Health Center,Nyagatare,2026-06-01,injectable_artesunate,"injectable artesunate vial (logistics unit, not a dose)",8,1,0,8.0
HC-NYG-01,Nyagatare Health Center,Nyagatare,2026-06-08,ACT,"ACT course (logistics unit, not a dose)",4,1,0,4.0
HC-NYG-01,Nyagatare Health Center,Nyagatare,2026-06-08,RDT,RDT kit,7,2,0,3.5
HC-NYG-01,Nyagatare Health Center,Nyagatare,2026-06-08,injectable_artesunate,"injectable artesunate vial (logistics unit, not a dose)",1,0,0,52.0
HC-NYG-01,Nyagatare Health Center,Nyagatare,2026-06-15,ACT,"ACT course (logistics unit, not a dose)",0,1,1,0.0
HC-NYG-01,Nyagatare Health Center,Nyagatare,2026-06-15,RDT,RDT kit,26,3,0,8.67
HC-NYG-01,Nyagatare Health Center,Nyagatare,2026-06-15,injectable_artesunate,"injectable artesunate vial (logistics unit, not a dose)",12,0,0,52.0
HC-NYG-01,Nyagatare Health Center,Nyagatare,2026-06-22,ACT,"ACT course (logistics unit, not a dose)",1,0,0,52.0
HC-NYG-01,Nyagatare Health Center,Nyagatare,2026-06-22,RDT,RDT kit,3,3,0,1.0
HC-NYG-01,Nyagatare Health Center,Nyagatare,2026-06-22,injectable_artesunate,"injectable artesunate vial (logistics unit, not a dose)",7,1,0,7.0
HC-NYG-01,Nyagatare Health Center,Nyagatare,2026-06-29,ACT,"ACT course (logistics unit, not a dose)",3,1,0,3.0
HC-NYG-01,Nyagatare Health Center,Nyagatare,2026-06-29,RDT,RDT kit,4,1,0,4.0
HC-NYG-01,Nyagatare Health Center,Nyagatare,2026-06-29,injectable_artesunate,"injectable artesunate vial (logistics unit, not a dose)",11,0,0,52.0
HC-NYG-01,Nyagatare Health Center,Nyagatare,2026-07-06,ACT,"ACT course (logistics unit, not a dose)",8,0,0,52.0
HC-NYG-01,Nyagatare Health Center,Nyagatare,2026-07-06,RDT,RDT kit,30,3,0,10.0
HC-NYG-01,Nyagatare Health Center,Nyagatare,2026-07-06,injectable_artesunate,"injectable artesunate vial (logistics unit, not a dose)",6,0,0,52.0
HC-NYG-01,Nyagatare Health Center,Nyagatare,2026-07-13,ACT,"ACT course (logistics unit, not a dose)",0,2,1,0.0
HC-NYG-01,Nyagatare Health Center,Nyagatare,2026-07-13,RDT,RDT kit,20,2,0,10.0
HC-NYG-01,Nyagatare Health Center,Nyagatare,2026-07-13,injectable_artesunate,"injectable artesunate vial (logistics unit, not a dose)",6,0,0,52.0
HC-NYG-01,Nyagatare Health Center,Nyagatare,2026-07-20,ACT,"ACT course (logistics unit, not a dose)",9,1,0,9.0
HC-NYG-01,Nyagatare Health Center,Nyagatare,2026-07-20,RDT,RDT kit,30,4,0,7.5
HC-NYG-01,Nyagatare Health Center,Nyagatare,2026-07-20,injectable_artesunate,"injectable artesunate vial (logistics unit, not a dose)",10,0,0,52.0
HC-NYG-01,Nyagatare Health Center,Nyagatare,2026-07-27,ACT,"ACT course (logistics unit, not a dose)",14,2,0,7.0
HC-NYG-01,Nyagatare Health Center,Nyagatare,2026-07-27,RDT,RDT kit,8,1,0,8.0
HC-NYG-01,Nyagatare Health Center,Nyagatare,2026-07-27,injectable_artesunate,"injectable artesunate vial (logistics unit, not a dose)",11,0,0,52.0
HC-NYG-01,Nyagatare Health Center,Nyagatare,2026-08-03,ACT,"ACT course (logistics unit, not a dose)",5,1,0,5.0
HC-NYG-01,Nyagatare Health Center,Nyagatare,2026-08-03,RDT,RDT kit,21,2,0,10.5
HC-NYG-01,Nyagatare Health Center,Nyagatare,2026-08-03,injectable_artesunate,"injectable artesunate vial (logistics unit, not a dose)",0,0,1,0.0
HC-NYG-01,Nyagatare Health Center,Nyagatare,2026-08-10,ACT,"ACT course (logistics unit, not a dose)",24,3,0,8.0
HC-NYG-01,Nyagatare Health Center,Nyagatare,2026-08-10,RDT,RDT kit,20,2,0,10.0
HC-NYG-01,Nyagatare Health Center,Nyagatare,2026-08-10,injectable_artesunate,"injectable artesunate vial (logistics unit, not a dose)",11,0,0,52.0
HC-NYG-01,Nyagatare Health Center,Nyagatare,2026-08-17,ACT,"ACT course (logistics unit, not a dose)",35,6,0,5.83
HC-NYG-01,Nyagatare Health Center,Nyagatare,2026-08-17,RDT,RDT kit,5,9,0,0.56
HC-NYG-01,Nyagatare Health Center,Nyagatare,2026-08-17,injectable_artesunate,"injectable artesunate vial (logistics unit, not a dose)",1,2,0,0.5
HC-NYG-01,Nyagatare Health Center,Nyagatare,2026-08-24,ACT,"ACT course (logistics unit, not a dose)",15,4,0,3.75
HC-NYG-01,Nyagatare Health Center,Nyagatare,2026-08-24,RDT,RDT kit,48,10,0,4.8
HC-NYG-01,Nyagatare Health Center,Nyagatare,2026-08-24,injectable_artesunate,"injectable artesunate vial (logistics unit, not a dose)",1,2,0,0.5
HC-NYG-01,Nyagatare Health Center,Nyagatare,2026-08-31,ACT,"ACT course (logistics unit, not a dose)",46,4,0,11.5
HC-NYG-01,Nyagatare Health Center,Nyagatare,2026-08-31,RDT,RDT kit,8,8,0,1.0
HC-NYG-01,Nyagatare Health Center,Nyagatare,2026-08-31,injectable_artesunate,"injectable artesunate vial (logistics unit, not a dose)",1,2,0,0.5
HC-NYG-01,Nyagatare Health Center,Nyagatare,2026-09-07,ACT,"ACT course (logistics unit, not a dose)",43,8,0,5.38
HC-NYG-01,Nyagatare Health Center,Nyagatare,2026-09-07,RDT,RDT kit,30,7,0,4.29
HC-NYG-01,Nyagatare Health Center,Nyagatare,2026-09-07,injectable_artesunate,"injectable artesunate vial (logistics unit, not a dose)",1,2,0,0.5
HC-NYG-01,Nyagatare Health Center,Nyagatare,2026-09-14,ACT,"ACT course (logistics unit, not a dose)",47,5,0,9.4
HC-NYG-01,Nyagatare Health Center,Nyagatare,2026-09-14,RDT,RDT kit,50,6,0,8.33
HC-NYG-01,Nyagatare Health Center,Nyagatare,2026-09-14,injectable_artesunate,"injectable artesunate vial (logistics unit, not a dose)",1,2,0,0.5
HC-NYG-01,Nyagatare Health Center,Nyagatare,2026-09-21,ACT,"ACT course (logistics unit, not a dose)",71,8,0,8.88
HC-NYG-01,Nyagatare Health Center,Nyagatare,2026-09-21,RDT,RDT kit,30,9,0,3.33
HC-NYG-01,Nyagatare Health Center,Nyagatare,2026-09-21,injectable_artesunate,"injectable artesunate vial (logistics unit, not a dose)",1,2,0,0.5
HC-NYG-01,Nyagatare Health Center,Nyagatare,2026-09-28,ACT,"ACT course (logistics unit, not a dose)",3,1,0,3.0
HC-NYG-01,Nyagatare Health Center,Nyagatare,2026-09-28,RDT,RDT kit,39,5,0,7.8
HC-NYG-01,Nyagatare Health Center,Nyagatare,2026-09-28,injectable_artesunate,"injectable artesunate vial (logistics unit, not a dose)",1,2,0,0.5
HC-NYG-02,Karangazi Health Center,Nyagatare,2024-09-30,ACT,"ACT course (logistics unit, not a dose)",21,2,0,10.5
HC-NYG-02,Karangazi Health Center,Nyagatare,2024-09-30,RDT,RDT kit,32,3,0,10.67
HC-NYG-02,Karangazi Health Center,Nyagatare,2024-09-30,injectable_artesunate,"injectable artesunate vial (logistics unit, not a dose)",5,0,0,52.0
HC-NYG-02,Karangazi Health Center,Nyagatare,2024-10-07,ACT,"ACT course (logistics unit, not a dose)",16,3,0,5.33
HC-NYG-02,Karangazi Health Center,Nyagatare,2024-10-07,RDT,RDT kit,3,5,0,0.6
HC-NYG-02,Karangazi Health Center,Nyagatare,2024-10-07,injectable_artesunate,"injectable artesunate vial (logistics unit, not a dose)",11,0,0,52.0
HC-NYG-02,Karangazi Health Center,Nyagatare,2024-10-14,ACT,"ACT course (logistics unit, not a dose)",32,3,0,10.67
HC-NYG-02,Karangazi Health Center,Nyagatare,2024-10-14,RDT,RDT kit,36,3,0,12.0
HC-NYG-02,Karangazi Health Center,Nyagatare,2024-10-14,injectable_artesunate,"injectable artesunate vial (logistics unit, not a dose)",6,1,0,6.0
HC-NYG-02,Karangazi Health Center,Nyagatare,2024-10-21,ACT,"ACT course (logistics unit, not a dose)",10,3,0,3.33
HC-NYG-02,Karangazi Health Center,Nyagatare,2024-10-21,RDT,RDT kit,5,1,0,5.0
HC-NYG-02,Karangazi Health Center,Nyagatare,2024-10-21,injectable_artesunate,"injectable artesunate vial (logistics unit, not a dose)",11,0,0,52.0
HC-NYG-02,Karangazi Health Center,Nyagatare,2024-10-28,ACT,"ACT course (logistics unit, not a dose)",5,0,0,52.0
HC-NYG-02,Karangazi Health Center,Nyagatare,2024-10-28,RDT,RDT kit,46,4,0,11.5
HC-NYG-02,Karangazi Health Center,Nyagatare,2024-10-28,injectable_artesunate,"injectable artesunate vial (logistics unit, not a dose)",11,1,0,11.0
HC-NYG-02,Karangazi Health Center,Nyagatare,2024-11-04,ACT,"ACT course (logistics unit, not a dose)",10,2,0,5.0
HC-NYG-02,Karangazi Health Center,Nyagatare,2024-11-04,RDT,RDT kit,34,6,0,5.67
HC-NYG-02,Karangazi Health Center,Nyagatare,2024-11-04,injectable_artesunate,"injectable artesunate vial (logistics unit, not a dose)",0,3,1,0.0
HC-NYG-02,Karangazi Health Center,Nyagatare,2024-11-11,ACT,"ACT course (logistics unit, not a dose)",12,3,0,4.0
HC-NYG-02,Karangazi Health Center,Nyagatare,2024-11-11,RDT,RDT kit,19,2,0,9.5
HC-NYG-02,Karangazi Health Center,Nyagatare,2024-11-11,injectable_artesunate,"injectable artesunate vial (logistics unit, not a dose)",11,0,0,52.0
HC-NYG-02,Karangazi Health Center,Nyagatare,2024-11-18,ACT,"ACT course (logistics unit, not a dose)",5,1,0,5.0
HC-NYG-02,Karangazi Health Center,Nyagatare,2024-11-18,RDT,RDT kit,5,1,0,5.0
HC-NYG-02,Karangazi Health Center,Nyagatare,2024-11-18,injectable_artesunate,"injectable artesunate vial (logistics unit, not a dose)",5,0,0,52.0
HC-NYG-02,Karangazi Health Center,Nyagatare,2024-11-25,ACT,"ACT course (logistics unit, not a dose)",7,0,0,52.0
HC-NYG-02,Karangazi Health Center,Nyagatare,2024-11-25,RDT,RDT kit,37,5,0,7.4
HC-NYG-02,Karangazi Health Center,Nyagatare,2024-11-25,injectable_artesunate,"injectable artesunate vial (logistics unit, not a dose)",3,0,0,52.0
HC-NYG-02,Karangazi Health Center,Nyagatare,2024-12-02,ACT,"ACT course (logistics unit, not a dose)",9,0,0,52.0
HC-NYG-02,Karangazi Health Center,Nyagatare,2024-12-02,RDT,RDT kit,6,1,0,6.0
HC-NYG-02,Karangazi Health Center,Nyagatare,2024-12-02,injectable_artesunate,"injectable artesunate vial (logistics unit, not a dose)",1,1,0,1.0
HC-NYG-02,Karangazi Health Center,Nyagatare,2024-12-09,ACT,"ACT course (logistics unit, not a dose)",11,1,0,11.0
HC-NYG-02,Karangazi Health Center,Nyagatare,2024-12-09,RDT,RDT kit,0,1,1,0.0
HC-NYG-02,Karangazi Health Center,Nyagatare,2024-12-09,injectable_artesunate,"injectable artesunate vial (logistics unit, not a dose)",0,1,1,0.0
HC-NYG-02,Karangazi Health Center,Nyagatare,2024-12-16,ACT,"ACT course (logistics unit, not a dose)",7,1,0,7.0
HC-NYG-02,Karangazi Health Center,Nyagatare,2024-12-16,RDT,RDT kit,27,3,0,9.0
HC-NYG-02,Karangazi Health Center,Nyagatare,2024-12-16,injectable_artesunate,"injectable artesunate vial (logistics unit, not a dose)",6,0,0,52.0
HC-NYG-02,Karangazi Health Center,Nyagatare,2024-12-23,ACT,"ACT course (logistics unit, not a dose)",1,1,0,1.0
HC-NYG-02,Karangazi Health Center,Nyagatare,2024-12-23,RDT,RDT kit,15,2,0,7.5
HC-NYG-02,Karangazi Health Center,Nyagatare,2024-12-23,injectable_artesunate,"injectable artesunate vial (logistics unit, not a dose)",12,1,0,12.0
HC-NYG-02,Karangazi Health Center,Nyagatare,2024-12-30,ACT,"ACT course (logistics unit, not a dose)",5,1,0,5.0
HC-NYG-02,Karangazi Health Center,Nyagatare,2024-12-30,RDT,RDT kit,16,4,0,4.0
HC-NYG-02,Karangazi Health Center,Nyagatare,2024-12-30,injectable_artesunate,"injectable artesunate vial (logistics unit, not a dose)",9,0,0,52.0
HC-NYG-02,Karangazi Health Center,Nyagatare,2025-01-06,ACT,"ACT course (logistics unit, not a dose)",5,1,0,5.0
HC-NYG-02,Karangazi Health Center,Nyagatare,2025-01-06,RDT,RDT kit,0,1,1,0.0
HC-NYG-02,Karangazi Health Center,Nyagatare,2025-01-06,injectable_artesunate,"injectable artesunate vial (logistics unit, not a dose)",1,0,0,52.0
HC-NYG-02,Karangazi Health Center,Nyagatare,2025-01-13,ACT,"ACT course (logistics unit, not a dose)",12,1,0,12.0
HC-NYG-02,Karangazi Health Center,Nyagatare,2025-01-13,RDT,RDT kit,10,3,0,3.33
HC-NYG-02,Karangazi Health Center,Nyagatare,2025-01-13,injectable_artesunate,"injectable artesunate vial (logistics unit, not a dose)",0,0,1,0.0
HC-NYG-02,Karangazi Health Center,Nyagatare,2025-01-20,ACT,"ACT course (logistics unit, not a dose)",22,2,0,11.0
HC-NYG-02,Karangazi Health Center,Nyagatare,2025-01-20,RDT,RDT kit,6,1,0,6.0
HC-NYG-02,Karangazi Health Center,Nyagatare,2025-01-20,injectable_artesunate,"injectable artesunate vial (logistics unit, not a dose)",10,0,0,52.0
HC-NYG-02,Karangazi Health Center,Nyagatare,2025-01-27,ACT,"ACT course (logistics unit, not a dose)",4,1,0,4.0
HC-NYG-02,Karangazi Health Center,Nyagatare,2025-01-27,RDT,RDT kit,19,3,0,6.33
HC-NYG-02,Karangazi Health Center,Nyagatare,2025-01-27,injectable_artesunate,"injectable artesunate vial (logistics unit, not a dose)",11,0,0,52.0
HC-NYG-02,Karangazi Health Center,Nyagatare,2025-02-03,ACT,"ACT course (logistics unit, not a dose)",2,2,0,1.0
HC-NYG-02,Karangazi Health Center,Nyagatare,2025-02-03,RDT,RDT kit,25,3,0,8.33
HC-NYG-02,Karangazi Health Center,Nyagatare,2025-02-03,injectable_artesunate,"injectable artesunate vial (logistics unit, not a dose)",8,0,0,52.0
HC-NYG-02,Karangazi Health Center,Nyagatare,2025-02-10,ACT,"ACT course (logistics unit, not a dose)",47,4,0,11.75
HC-NYG-02,Karangazi Health Center,Nyagatare,2025-02-10,RDT,RDT kit,12,0,0,52.0
HC-NYG-02,Karangazi Health Center,Nyagatare,2025-02-10,injectable_artesunate,"injectable artesunate vial (logistics unit, not a dose)",6,0,0,52.0
HC-NYG-02,Karangazi Health Center,Nyagatare,2025-02-17,ACT,"ACT course (logistics unit, not a dose)",5,0,0,52.0
HC-NYG-02,Karangazi Health Center,Nyagatare,2025-02-17,RDT,RDT kit,14,4,0,3.5
HC-NYG-02,Karangazi Health Center,Nyagatare,2025-02-17,injectable_artesunate,"injectable artesunate vial (logistics unit, not a dose)",5,0,0,52.0
HC-NYG-02,Karangazi Health Center,Nyagatare,2025-02-24,ACT,"ACT course (logistics unit, not a dose)",12,2,0,6.0
HC-NYG-02,Karangazi Health Center,Nyagatare,2025-02-24,RDT,RDT kit,66,6,0,11.0
HC-NYG-02,Karangazi Health Center,Nyagatare,2025-02-24,injectable_artesunate,"injectable artesunate vial (logistics unit, not a dose)",11,0,0,52.0
HC-NYG-02,Karangazi Health Center,Nyagatare,2025-03-03,ACT,"ACT course (logistics unit, not a dose)",12,1,0,12.0
HC-NYG-02,Karangazi Health Center,Nyagatare,2025-03-03,RDT,RDT kit,6,1,0,6.0
HC-NYG-02,Karangazi Health Center,Nyagatare,2025-03-03,injectable_artesunate,"injectable artesunate vial (logistics unit, not a dose)",0,0,1,0.0
HC-NYG-02,Karangazi Health Center,Nyagatare,2025-03-10,ACT,"ACT course (logistics unit, not a dose)",18,2,0,9.0
HC-NYG-02,Karangazi Health Center,Nyagatare,2025-03-10,RDT,RDT kit,5,1,0,5.0
HC-NYG-02,Karangazi Health Center,Nyagatare,2025-03-10,injectable_artesunate,"injectable artesunate vial (logistics unit, not a dose)",6,0,0,52.0
HC-NYG-02,Karangazi Health Center,Nyagatare,2025-03-17,ACT,"ACT course (logistics unit, not a dose)",1,1,0,1.0
HC-NYG-02,Karangazi Health Center,Nyagatare,2025-03-17,RDT,RDT kit,39,6,0,6.5
HC-NYG-02,Karangazi Health Center,Nyagatare,2025-03-17,injectable_artesunate,"injectable artesunate vial (logistics unit, not a dose)",0,1,1,0.0
HC-NYG-02,Karangazi Health Center,Nyagatare,2025-03-24,ACT,"ACT course (logistics unit, not a dose)",26,3,0,8.67
HC-NYG-02,Karangazi Health Center,Nyagatare,2025-03-24,RDT,RDT kit,7,2,0,3.5
HC-NYG-02,Karangazi Health Center,Nyagatare,2025-03-24,injectable_artesunate,"injectable artesunate vial (logistics unit, not a dose)",3,0,0,52.0
HC-NYG-02,Karangazi Health Center,Nyagatare,2025-03-31,ACT,"ACT course (logistics unit, not a dose)",14,2,0,7.0
HC-NYG-02,Karangazi Health Center,Nyagatare,2025-03-31,RDT,RDT kit,55,5,0,11.0
HC-NYG-02,Karangazi Health Center,Nyagatare,2025-03-31,injectable_artesunate,"injectable artesunate vial (logistics unit, not a dose)",12,0,0,52.0
HC-NYG-02,Karangazi Health Center,Nyagatare,2025-04-07,ACT,"ACT course (logistics unit, not a dose)",10,0,0,52.0
HC-NYG-02,Karangazi Health Center,Nyagatare,2025-04-07,RDT,RDT kit,0,2,1,0.0
HC-NYG-02,Karangazi Health Center,Nyagatare,2025-04-07,injectable_artesunate,"injectable artesunate vial (logistics unit, not a dose)",6,1,0,6.0
HC-NYG-02,Karangazi Health Center,Nyagatare,2025-04-14,ACT,"ACT course (logistics unit, not a dose)",5,1,0,5.0
HC-NYG-02,Karangazi Health Center,Nyagatare,2025-04-14,RDT,RDT kit,18,4,0,4.5
HC-NYG-02,Karangazi Health Center,Nyagatare,2025-04-14,injectable_artesunate,"injectable artesunate vial (logistics unit, not a dose)",7,2,0,3.5
HC-NYG-02,Karangazi Health Center,Nyagatare,2025-04-21,ACT,"ACT course (logistics unit, not a dose)",33,3,0,11.0
HC-NYG-02,Karangazi Health Center,Nyagatare,2025-04-21,RDT,RDT kit,30,9,0,3.33
HC-NYG-02,Karangazi Health Center,Nyagatare,2025-04-21,injectable_artesunate,"injectable artesunate vial (logistics unit, not a dose)",8,1,0,8.0
HC-NYG-02,Karangazi Health Center,Nyagatare,2025-04-28,ACT,"ACT course (logistics unit, not a dose)",1,2,0,0.5
HC-NYG-02,Karangazi Health Center,Nyagatare,2025-04-28,RDT,RDT kit,26,4,0,6.5
HC-NYG-02,Karangazi Health Center,Nyagatare,2025-04-28,injectable_artesunate,"injectable artesunate vial (logistics unit, not a dose)",12,0,0,52.0
HC-NYG-02,Karangazi Health Center,Nyagatare,2025-05-05,ACT,"ACT course (logistics unit, not a dose)",14,2,0,7.0
HC-NYG-02,Karangazi Health Center,Nyagatare,2025-05-05,RDT,RDT kit,72,6,0,12.0
HC-NYG-02,Karangazi Health Center,Nyagatare,2025-05-05,injectable_artesunate,"injectable artesunate vial (logistics unit, not a dose)",5,0,0,52.0
HC-NYG-02,Karangazi Health Center,Nyagatare,2025-05-12,ACT,"ACT course (logistics unit, not a dose)",15,4,0,3.75
HC-NYG-02,Karangazi Health Center,Nyagatare,2025-05-12,RDT,RDT kit,13,4,0,3.25
HC-NYG-02,Karangazi Health Center,Nyagatare,2025-05-12,injectable_artesunate,"injectable artesunate vial (logistics unit, not a dose)",7,0,0,52.0
HC-NYG-02,Karangazi Health Center,Nyagatare,2025-05-19,ACT,"ACT course (logistics unit, not a dose)",22,2,0,11.0
HC-NYG-02,Karangazi Health Center,Nyagatare,2025-05-19,RDT,RDT kit,21,2,0,10.5
HC-NYG-02,Karangazi Health Center,Nyagatare,2025-05-19,injectable_artesunate,"injectable artesunate vial (logistics unit, not a dose)",6,0,0,52.0
HC-NYG-02,Karangazi Health Center,Nyagatare,2025-05-26,ACT,"ACT course (logistics unit, not a dose)",11,0,0,52.0
HC-NYG-02,Karangazi Health Center,Nyagatare,2025-05-26,RDT,RDT kit,6,2,0,3.0
HC-NYG-02,Karangazi Health Center,Nyagatare,2025-05-26,injectable_artesunate,"injectable artesunate vial (logistics unit, not a dose)",11,0,0,52.0
HC-NYG-02,Karangazi Health Center,Nyagatare,2025-06-02,ACT,"ACT course (logistics unit, not a dose)",23,2,0,11.5
HC-NYG-02,Karangazi Health Center,Nyagatare,2025-06-02,RDT,RDT kit,49,9,0,5.44
HC-NYG-02,Karangazi Health Center,Nyagatare,2025-06-02,injectable_artesunate,"injectable artesunate vial (logistics unit, not a dose)",10,0,0,52.0
HC-NYG-02,Karangazi Health Center,Nyagatare,2025-06-09,ACT,"ACT course (logistics unit, not a dose)",22,2,0,11.0
HC-NYG-02,Karangazi Health Center,Nyagatare,2025-06-09,RDT,RDT kit,40,4,0,10.0
HC-NYG-02,Karangazi Health Center,Nyagatare,2025-06-09,injectable_artesunate,"injectable artesunate vial (logistics unit, not a dose)",6,0,0,52.0
HC-NYG-02,Karangazi Health Center,Nyagatare,2025-06-16,ACT,"ACT course (logistics unit, not a dose)",3,0,0,52.0
HC-NYG-02,Karangazi Health Center,Nyagatare,2025-06-16,RDT,RDT kit,10,2,0,5.0
HC-NYG-02,Karangazi Health Center,Nyagatare,2025-06-16,injectable_artesunate,"injectable artesunate vial (logistics unit, not a dose)",7,0,0,52.0
HC-NYG-02,Karangazi Health Center,Nyagatare,2025-06-23,ACT,"ACT course (logistics unit, not a dose)",1,0,0,52.0
HC-NYG-02,Karangazi Health Center,Nyagatare,2025-06-23,RDT,RDT kit,7,1,0,7.0
HC-NYG-02,Karangazi Health Center,Nyagatare,2025-06-23,injectable_artesunate,"injectable artesunate vial (logistics unit, not a dose)",9,1,0,9.0
HC-NYG-02,Karangazi Health Center,Nyagatare,2025-06-30,ACT,"ACT course (logistics unit, not a dose)",7,1,0,7.0
HC-NYG-02,Karangazi Health Center,Nyagatare,2025-06-30,RDT,RDT kit,12,2,0,6.0
HC-NYG-02,Karangazi Health Center,Nyagatare,2025-06-30,injectable_artesunate,"injectable artesunate vial (logistics unit, not a dose)",11,1,0,11.0
HC-NYG-02,Karangazi Health Center,Nyagatare,2025-07-07,ACT,"ACT course (logistics unit, not a dose)",23,2,0,11.5
HC-NYG-02,Karangazi Health Center,Nyagatare,2025-07-07,RDT,RDT kit,33,3,0,11.0
HC-NYG-02,Karangazi Health Center,Nyagatare,2025-07-07,injectable_artesunate,"injectable artesunate vial (logistics unit, not a dose)",8,0,0,52.0
HC-NYG-02,Karangazi Health Center,Nyagatare,2025-07-14,ACT,"ACT course (logistics unit, not a dose)",1,1,0,1.0
HC-NYG-02,Karangazi Health Center,Nyagatare,2025-07-14,RDT,RDT kit,7,2,0,3.5
HC-NYG-02,Karangazi Health Center,Nyagatare,2025-07-14,injectable_artesunate,"injectable artesunate vial (logistics unit, not a dose)",8,0,0,52.0
HC-NYG-02,Karangazi Health Center,Nyagatare,2025-07-21,ACT,"ACT course (logistics unit, not a dose)",22,2,0,11.0
HC-NYG-02,Karangazi Health Center,Nyagatare,2025-07-21,RDT,RDT kit,15,3,0,5.0
HC-NYG-02,Karangazi Health Center,Nyagatare,2025-07-21,injectable_artesunate,"injectable artesunate vial (logistics unit, not a dose)",3,0,0,52.0
HC-NYG-02,Karangazi Health Center,Nyagatare,2025-07-28,ACT,"ACT course (logistics unit, not a dose)",0,0,1,0.0
HC-NYG-02,Karangazi Health Center,Nyagatare,2025-07-28,RDT,RDT kit,14,4,0,3.5
HC-NYG-02,Karangazi Health Center,Nyagatare,2025-07-28,injectable_artesunate,"injectable artesunate vial (logistics unit, not a dose)",7,0,0,52.0
HC-NYG-02,Karangazi Health Center,Nyagatare,2025-08-04,ACT,"ACT course (logistics unit, not a dose)",9,1,0,9.0
HC-NYG-02,Karangazi Health Center,Nyagatare,2025-08-04,RDT,RDT kit,13,2,0,6.5
HC-NYG-02,Karangazi Health Center,Nyagatare,2025-08-04,injectable_artesunate,"injectable artesunate vial (logistics unit, not a dose)",11,1,0,11.0
HC-NYG-02,Karangazi Health Center,Nyagatare,2025-08-11,ACT,"ACT course (logistics unit, not a dose)",4,0,0,52.0
HC-NYG-02,Karangazi Health Center,Nyagatare,2025-08-11,RDT,RDT kit,5,0,0,52.0
HC-NYG-02,Karangazi Health Center,Nyagatare,2025-08-11,injectable_artesunate,"injectable artesunate vial (logistics unit, not a dose)",10,0,0,52.0
HC-NYG-02,Karangazi Health Center,Nyagatare,2025-08-18,ACT,"ACT course (logistics unit, not a dose)",23,2,0,11.5
HC-NYG-02,Karangazi Health Center,Nyagatare,2025-08-18,RDT,RDT kit,58,5,0,11.6
HC-NYG-02,Karangazi Health Center,Nyagatare,2025-08-18,injectable_artesunate,"injectable artesunate vial (logistics unit, not a dose)",8,0,0,52.0
HC-NYG-02,Karangazi Health Center,Nyagatare,2025-08-25,ACT,"ACT course (logistics unit, not a dose)",11,0,0,52.0
HC-NYG-02,Karangazi Health Center,Nyagatare,2025-08-25,RDT,RDT kit,0,1,1,0.0
HC-NYG-02,Karangazi Health Center,Nyagatare,2025-08-25,injectable_artesunate,"injectable artesunate vial (logistics unit, not a dose)",0,0,1,0.0
HC-NYG-02,Karangazi Health Center,Nyagatare,2025-09-01,ACT,"ACT course (logistics unit, not a dose)",20,2,0,10.0
HC-NYG-02,Karangazi Health Center,Nyagatare,2025-09-01,RDT,RDT kit,18,3,0,6.0
HC-NYG-02,Karangazi Health Center,Nyagatare,2025-09-01,injectable_artesunate,"injectable artesunate vial (logistics unit, not a dose)",3,1,0,3.0
HC-NYG-02,Karangazi Health Center,Nyagatare,2025-09-08,ACT,"ACT course (logistics unit, not a dose)",14,2,0,7.0
HC-NYG-02,Karangazi Health Center,Nyagatare,2025-09-08,RDT,RDT kit,10,0,0,52.0
HC-NYG-02,Karangazi Health Center,Nyagatare,2025-09-08,injectable_artesunate,"injectable artesunate vial (logistics unit, not a dose)",5,1,0,5.0
HC-NYG-02,Karangazi Health Center,Nyagatare,2025-09-15,ACT,"ACT course (logistics unit, not a dose)",43,4,0,10.75
HC-NYG-02,Karangazi Health Center,Nyagatare,2025-09-15,RDT,RDT kit,25,3,0,8.33
HC-NYG-02,Karangazi Health Center,Nyagatare,2025-09-15,injectable_artesunate,"injectable artesunate vial (logistics unit, not a dose)",6,0,0,52.0
HC-NYG-02,Karangazi Health Center,Nyagatare,2025-09-22,ACT,"ACT course (logistics unit, not a dose)",20,2,0,10.0
HC-NYG-02,Karangazi Health Center,Nyagatare,2025-09-22,RDT,RDT kit,22,5,0,4.4
HC-NYG-02,Karangazi Health Center,Nyagatare,2025-09-22,injectable_artesunate,"injectable artesunate vial (logistics unit, not a dose)",1,0,0,52.0
HC-NYG-02,Karangazi Health Center,Nyagatare,2025-09-29,ACT,"ACT course (logistics unit, not a dose)",16,4,0,4.0
HC-NYG-02,Karangazi Health Center,Nyagatare,2025-09-29,RDT,RDT kit,16,2,0,8.0
HC-NYG-02,Karangazi Health Center,Nyagatare,2025-09-29,injectable_artesunate,"injectable artesunate vial (logistics unit, not a dose)",6,0,0,52.0
HC-NYG-02,Karangazi Health Center,Nyagatare,2025-10-06,ACT,"ACT course (logistics unit, not a dose)",0,0,1,0.0
HC-NYG-02,Karangazi Health Center,Nyagatare,2025-10-06,RDT,RDT kit,60,6,0,10.0
HC-NYG-02,Karangazi Health Center,Nyagatare,2025-10-06,injectable_artesunate,"injectable artesunate vial (logistics unit, not a dose)",8,1,0,8.0
HC-NYG-02,Karangazi Health Center,Nyagatare,2025-10-13,ACT,"ACT course (logistics unit, not a dose)",11,1,0,11.0
HC-NYG-02,Karangazi Health Center,Nyagatare,2025-10-13,RDT,RDT kit,11,2,0,5.5
HC-NYG-02,Karangazi Health Center,Nyagatare,2025-10-13,injectable_artesunate,"injectable artesunate vial (logistics unit, not a dose)",17,2,0,8.5
HC-NYG-02,Karangazi Health Center,Nyagatare,2025-10-20,ACT,"ACT course (logistics unit, not a dose)",48,4,0,12.0
HC-NYG-02,Karangazi Health Center,Nyagatare,2025-10-20,RDT,RDT kit,36,5,0,7.2
HC-NYG-02,Karangazi Health Center,Nyagatare,2025-10-20,injectable_artesunate,"injectable artesunate vial (logistics unit, not a dose)",10,0,0,52.0
HC-NYG-02,Karangazi Health Center,Nyagatare,2025-10-27,ACT,"ACT course (logistics unit, not a dose)",12,1,0,12.0
HC-NYG-02,Karangazi Health Center,Nyagatare,2025-10-27,RDT,RDT kit,3,0,0,52.0
HC-NYG-02,Karangazi Health Center,Nyagatare,2025-10-27,injectable_artesunate,"injectable artesunate vial (logistics unit, not a dose)",18,2,0,9.0
HC-NYG-02,Karangazi Health Center,Nyagatare,2025-11-03,ACT,"ACT course (logistics unit, not a dose)",8,1,0,8.0
HC-NYG-02,Karangazi Health Center,Nyagatare,2025-11-03,RDT,RDT kit,13,2,0,6.5
HC-NYG-02,Karangazi Health Center,Nyagatare,2025-11-03,injectable_artesunate,"injectable artesunate vial (logistics unit, not a dose)",4,0,0,52.0
HC-NYG-02,Karangazi Health Center,Nyagatare,2025-11-10,ACT,"ACT course (logistics unit, not a dose)",10,0,0,52.0
HC-NYG-02,Karangazi Health Center,Nyagatare,2025-11-10,RDT,RDT kit,0,3,1,0.0
HC-NYG-02,Karangazi Health Center,Nyagatare,2025-11-10,injectable_artesunate,"injectable artesunate vial (logistics unit, not a dose)",5,0,0,52.0
HC-NYG-02,Karangazi Health Center,Nyagatare,2025-11-17,ACT,"ACT course (logistics unit, not a dose)",23,2,0,11.5
HC-NYG-02,Karangazi Health Center,Nyagatare,2025-11-17,RDT,RDT kit,2,6,0,0.33
HC-NYG-02,Karangazi Health Center,Nyagatare,2025-11-17,injectable_artesunate,"injectable artesunate vial (logistics unit, not a dose)",15,2,0,7.5
HC-NYG-02,Karangazi Health Center,Nyagatare,2025-11-24,ACT,"ACT course (logistics unit, not a dose)",10,1,0,10.0
HC-NYG-02,Karangazi Health Center,Nyagatare,2025-11-24,RDT,RDT kit,23,5,0,4.6
HC-NYG-02,Karangazi Health Center,Nyagatare,2025-11-24,injectable_artesunate,"injectable artesunate vial (logistics unit, not a dose)",11,1,0,11.0
HC-NYG-02,Karangazi Health Center,Nyagatare,2025-12-01,ACT,"ACT course (logistics unit, not a dose)",11,1,0,11.0
HC-NYG-02,Karangazi Health Center,Nyagatare,2025-12-01,RDT,RDT kit,18,4,0,4.5
HC-NYG-02,Karangazi Health Center,Nyagatare,2025-12-01,injectable_artesunate,"injectable artesunate vial (logistics unit, not a dose)",10,1,0,10.0
HC-NYG-02,Karangazi Health Center,Nyagatare,2025-12-08,ACT,"ACT course (logistics unit, not a dose)",11,1,0,11.0
HC-NYG-02,Karangazi Health Center,Nyagatare,2025-12-08,RDT,RDT kit,10,0,0,52.0
HC-NYG-02,Karangazi Health Center,Nyagatare,2025-12-08,injectable_artesunate,"injectable artesunate vial (logistics unit, not a dose)",8,0,0,52.0
HC-NYG-02,Karangazi Health Center,Nyagatare,2025-12-15,ACT,"ACT course (logistics unit, not a dose)",6,1,0,6.0
HC-NYG-02,Karangazi Health Center,Nyagatare,2025-12-15,RDT,RDT kit,10,1,0,10.0
HC-NYG-02,Karangazi Health Center,Nyagatare,2025-12-15,injectable_artesunate,"injectable artesunate vial (logistics unit, not a dose)",3,1,0,3.0
HC-NYG-02,Karangazi Health Center,Nyagatare,2025-12-22,ACT,"ACT course (logistics unit, not a dose)",17,2,0,8.5
HC-NYG-02,Karangazi Health Center,Nyagatare,2025-12-22,RDT,RDT kit,11,1,0,11.0
HC-NYG-02,Karangazi Health Center,Nyagatare,2025-12-22,injectable_artesunate,"injectable artesunate vial (logistics unit, not a dose)",11,0,0,52.0
HC-NYG-02,Karangazi Health Center,Nyagatare,2025-12-29,ACT,"ACT course (logistics unit, not a dose)",25,3,0,8.33
HC-NYG-02,Karangazi Health Center,Nyagatare,2025-12-29,RDT,RDT kit,44,4,0,11.0
HC-NYG-02,Karangazi Health Center,Nyagatare,2025-12-29,injectable_artesunate,"injectable artesunate vial (logistics unit, not a dose)",0,0,1,0.0
HC-NYG-02,Karangazi Health Center,Nyagatare,2026-01-05,ACT,"ACT course (logistics unit, not a dose)",16,2,0,8.0
HC-NYG-02,Karangazi Health Center,Nyagatare,2026-01-05,RDT,RDT kit,0,2,1,0.0
HC-NYG-02,Karangazi Health Center,Nyagatare,2026-01-05,injectable_artesunate,"injectable artesunate vial (logistics unit, not a dose)",1,1,0,1.0
HC-NYG-02,Karangazi Health Center,Nyagatare,2026-01-12,ACT,"ACT course (logistics unit, not a dose)",25,4,0,6.25
HC-NYG-02,Karangazi Health Center,Nyagatare,2026-01-12,RDT,RDT kit,10,1,0,10.0
HC-NYG-02,Karangazi Health Center,Nyagatare,2026-01-12,injectable_artesunate,"injectable artesunate vial (logistics unit, not a dose)",0,2,1,0.0
HC-NYG-02,Karangazi Health Center,Nyagatare,2026-01-19,ACT,"ACT course (logistics unit, not a dose)",9,0,0,52.0
HC-NYG-02,Karangazi Health Center,Nyagatare,2026-01-19,RDT,RDT kit,19,3,0,6.33
HC-NYG-02,Karangazi Health Center,Nyagatare,2026-01-19,injectable_artesunate,"injectable artesunate vial (logistics unit, not a dose)",7,0,0,52.0
HC-NYG-02,Karangazi Health Center,Nyagatare,2026-01-26,ACT,"ACT course (logistics unit, not a dose)",13,3,0,4.33
HC-NYG-02,Karangazi Health Center,Nyagatare,2026-01-26,RDT,RDT kit,1,3,0,0.33
HC-NYG-02,Karangazi Health Center,Nyagatare,2026-01-26,injectable_artesunate,"injectable artesunate vial (logistics unit, not a dose)",9,0,0,52.0
HC-NYG-02,Karangazi Health Center,Nyagatare,2026-02-02,ACT,"ACT course (logistics unit, not a dose)",21,2,0,10.5
HC-NYG-02,Karangazi Health Center,Nyagatare,2026-02-02,RDT,RDT kit,7,0,0,52.0
HC-NYG-02,Karangazi Health Center,Nyagatare,2026-02-02,injectable_artesunate,"injectable artesunate vial (logistics unit, not a dose)",0,0,1,0.0
HC-NYG-02,Karangazi Health Center,Nyagatare,2026-02-09,ACT,"ACT course (logistics unit, not a dose)",32,3,0,10.67
HC-NYG-02,Karangazi Health Center,Nyagatare,2026-02-09,RDT,RDT kit,9,2,0,4.5
HC-NYG-02,Karangazi Health Center,Nyagatare,2026-02-09,injectable_artesunate,"injectable artesunate vial (logistics unit, not a dose)",8,0,0,52.0
HC-NYG-02,Karangazi Health Center,Nyagatare,2026-02-16,ACT,"ACT course (logistics unit, not a dose)",29,3,0,9.67
HC-NYG-02,Karangazi Health Center,Nyagatare,2026-02-16,RDT,RDT kit,13,2,0,6.5
HC-NYG-02,Karangazi Health Center,Nyagatare,2026-02-16,injectable_artesunate,"injectable artesunate vial (logistics unit, not a dose)",9,0,0,52.0
HC-NYG-02,Karangazi Health Center,Nyagatare,2026-02-23,ACT,"ACT course (logistics unit, not a dose)",8,0,0,52.0
HC-NYG-02,Karangazi Health Center,Nyagatare,2026-02-23,RDT,RDT kit,11,2,0,5.5
HC-NYG-02,Karangazi Health Center,Nyagatare,2026-02-23,injectable_artesunate,"injectable artesunate vial (logistics unit, not a dose)",12,0,0,52.0
HC-NYG-02,Karangazi Health Center,Nyagatare,2026-03-02,ACT,"ACT course (logistics unit, not a dose)",12,1,0,12.0
HC-NYG-02,Karangazi Health Center,Nyagatare,2026-03-02,RDT,RDT kit,5,1,0,5.0
HC-NYG-02,Karangazi Health Center,Nyagatare,2026-03-02,injectable_artesunate,"injectable artesunate vial (logistics unit, not a dose)",0,0,1,0.0
HC-NYG-02,Karangazi Health Center,Nyagatare,2026-03-09,ACT,"ACT course (logistics unit, not a dose)",60,5,0,12.0
HC-NYG-02,Karangazi Health Center,Nyagatare,2026-03-09,RDT,RDT kit,16,2,0,8.0
HC-NYG-02,Karangazi Health Center,Nyagatare,2026-03-09,injectable_artesunate,"injectable artesunate vial (logistics unit, not a dose)",3,0,0,52.0
HC-NYG-02,Karangazi Health Center,Nyagatare,2026-03-16,ACT,"ACT course (logistics unit, not a dose)",0,0,1,0.0
HC-NYG-02,Karangazi Health Center,Nyagatare,2026-03-16,RDT,RDT kit,17,2,0,8.5
HC-NYG-02,Karangazi Health Center,Nyagatare,2026-03-16,injectable_artesunate,"injectable artesunate vial (logistics unit, not a dose)",4,0,0,52.0
HC-NYG-02,Karangazi Health Center,Nyagatare,2026-03-23,ACT,"ACT course (logistics unit, not a dose)",6,1,0,6.0
HC-NYG-02,Karangazi Health Center,Nyagatare,2026-03-23,RDT,RDT kit,7,1,0,7.0
HC-NYG-02,Karangazi Health Center,Nyagatare,2026-03-23,injectable_artesunate,"injectable artesunate vial (logistics unit, not a dose)",6,0,0,52.0
HC-NYG-02,Karangazi Health Center,Nyagatare,2026-03-30,ACT,"ACT course (logistics unit, not a dose)",11,1,0,11.0
HC-NYG-02,Karangazi Health Center,Nyagatare,2026-03-30,RDT,RDT kit,37,4,0,9.25
HC-NYG-02,Karangazi Health Center,Nyagatare,2026-03-30,injectable_artesunate,"injectable artesunate vial (logistics unit, not a dose)",0,1,1,0.0
HC-NYG-02,Karangazi Health Center,Nyagatare,2026-04-06,ACT,"ACT course (logistics unit, not a dose)",35,4,0,8.75
HC-NYG-02,Karangazi Health Center,Nyagatare,2026-04-06,RDT,RDT kit,76,9,0,8.44
HC-NYG-02,Karangazi Health Center,Nyagatare,2026-04-06,injectable_artesunate,"injectable artesunate vial (logistics unit, not a dose)",0,1,1,0.0
HC-NYG-02,Karangazi Health Center,Nyagatare,2026-04-13,ACT,"ACT course (logistics unit, not a dose)",12,3,0,4.0
HC-NYG-02,Karangazi Health Center,Nyagatare,2026-04-13,RDT,RDT kit,17,2,0,8.5
HC-NYG-02,Karangazi Health Center,Nyagatare,2026-04-13,injectable_artesunate,"injectable artesunate vial (logistics unit, not a dose)",10,1,0,10.0
HC-NYG-02,Karangazi Health Center,Nyagatare,2026-04-20,ACT,"ACT course (logistics unit, not a dose)",26,3,0,8.67
HC-NYG-02,Karangazi Health Center,Nyagatare,2026-04-20,RDT,RDT kit,15,4,0,3.75
HC-NYG-02,Karangazi Health Center,Nyagatare,2026-04-20,injectable_artesunate,"injectable artesunate vial (logistics unit, not a dose)",5,0,0,52.0
HC-NYG-02,Karangazi Health Center,Nyagatare,2026-04-27,ACT,"ACT course (logistics unit, not a dose)",24,2,0,12.0
HC-NYG-02,Karangazi Health Center,Nyagatare,2026-04-27,RDT,RDT kit,15,3,0,5.0
HC-NYG-02,Karangazi Health Center,Nyagatare,2026-04-27,injectable_artesunate,"injectable artesunate vial (logistics unit, not a dose)",8,0,0,52.0
HC-NYG-02,Karangazi Health Center,Nyagatare,2026-05-04,ACT,"ACT course (logistics unit, not a dose)",12,0,0,52.0
HC-NYG-02,Karangazi Health Center,Nyagatare,2026-05-04,RDT,RDT kit,6,0,0,52.0
HC-NYG-02,Karangazi Health Center,Nyagatare,2026-05-04,injectable_artesunate,"injectable artesunate vial (logistics unit, not a dose)",10,1,0,10.0
HC-NYG-02,Karangazi Health Center,Nyagatare,2026-05-11,ACT,"ACT course (logistics unit, not a dose)",11,0,0,52.0
HC-NYG-02,Karangazi Health Center,Nyagatare,2026-05-11,RDT,RDT kit,4,3,0,1.33
HC-NYG-02,Karangazi Health Center,Nyagatare,2026-05-11,injectable_artesunate,"injectable artesunate vial (logistics unit, not a dose)",12,0,0,52.0
HC-NYG-02,Karangazi Health Center,Nyagatare,2026-05-18,ACT,"ACT course (logistics unit, not a dose)",11,3,0,3.67
HC-NYG-02,Karangazi Health Center,Nyagatare,2026-05-18,RDT,RDT kit,65,6,0,10.83
HC-NYG-02,Karangazi Health Center,Nyagatare,2026-05-18,injectable_artesunate,"injectable artesunate vial (logistics unit, not a dose)",11,0,0,52.0
HC-NYG-02,Karangazi Health Center,Nyagatare,2026-05-25,ACT,"ACT course (logistics unit, not a dose)",4,4,0,1.0
HC-NYG-02,Karangazi Health Center,Nyagatare,2026-05-25,RDT,RDT kit,36,5,0,7.2
HC-NYG-02,Karangazi Health Center,Nyagatare,2026-05-25,injectable_artesunate,"injectable artesunate vial (logistics unit, not a dose)",7,0,0,52.0
HC-NYG-02,Karangazi Health Center,Nyagatare,2026-06-01,ACT,"ACT course (logistics unit, not a dose)",11,2,0,5.5
HC-NYG-02,Karangazi Health Center,Nyagatare,2026-06-01,RDT,RDT kit,20,2,0,10.0
HC-NYG-02,Karangazi Health Center,Nyagatare,2026-06-01,injectable_artesunate,"injectable artesunate vial (logistics unit, not a dose)",13,2,0,6.5
HC-NYG-02,Karangazi Health Center,Nyagatare,2026-06-08,ACT,"ACT course (logistics unit, not a dose)",18,2,0,9.0
HC-NYG-02,Karangazi Health Center,Nyagatare,2026-06-08,RDT,RDT kit,10,0,0,52.0
HC-NYG-02,Karangazi Health Center,Nyagatare,2026-06-08,injectable_artesunate,"injectable artesunate vial (logistics unit, not a dose)",12,1,0,12.0
HC-NYG-02,Karangazi Health Center,Nyagatare,2026-06-15,ACT,"ACT course (logistics unit, not a dose)",32,3,0,10.67
HC-NYG-02,Karangazi Health Center,Nyagatare,2026-06-15,RDT,RDT kit,19,2,0,9.5
HC-NYG-02,Karangazi Health Center,Nyagatare,2026-06-15,injectable_artesunate,"injectable artesunate vial (logistics unit, not a dose)",6,0,0,52.0
HC-NYG-02,Karangazi Health Center,Nyagatare,2026-06-22,ACT,"ACT course (logistics unit, not a dose)",3,3,0,1.0
HC-NYG-02,Karangazi Health Center,Nyagatare,2026-06-22,RDT,RDT kit,7,2,0,3.5
HC-NYG-02,Karangazi Health Center,Nyagatare,2026-06-22,injectable_artesunate,"injectable artesunate vial (logistics unit, not a dose)",4,0,0,52.0
HC-NYG-02,Karangazi Health Center,Nyagatare,2026-06-29,ACT,"ACT course (logistics unit, not a dose)",5,1,0,5.0
HC-NYG-02,Karangazi Health Center,Nyagatare,2026-06-29,RDT,RDT kit,0,2,1,0.0
HC-NYG-02,Karangazi Health Center,Nyagatare,2026-06-29,injectable_artesunate,"injectable artesunate vial (logistics unit, not a dose)",0,0,1,0.0
HC-NYG-02,Karangazi Health Center,Nyagatare,2026-07-06,ACT,"ACT course (logistics unit, not a dose)",3,0,0,52.0
HC-NYG-02,Karangazi Health Center,Nyagatare,2026-07-06,RDT,RDT kit,6,2,0,3.0
HC-NYG-02,Karangazi Health Center,Nyagatare,2026-07-06,injectable_artesunate,"injectable artesunate vial (logistics unit, not a dose)",1,0,0,52.0
HC-NYG-02,Karangazi Health Center,Nyagatare,2026-07-13,ACT,"ACT course (logistics unit, not a dose)",1,1,0,1.0
HC-NYG-02,Karangazi Health Center,Nyagatare,2026-07-13,RDT,RDT kit,12,2,0,6.0
HC-NYG-02,Karangazi Health Center,Nyagatare,2026-07-13,injectable_artesunate,"injectable artesunate vial (logistics unit, not a dose)",4,0,0,52.0
HC-NYG-02,Karangazi Health Center,Nyagatare,2026-07-20,ACT,"ACT course (logistics unit, not a dose)",6,0,0,52.0
HC-NYG-02,Karangazi Health Center,Nyagatare,2026-07-20,RDT,RDT kit,2,2,0,1.0
HC-NYG-02,Karangazi Health Center,Nyagatare,2026-07-20,injectable_artesunate,"injectable artesunate vial (logistics unit, not a dose)",10,0,0,52.0
HC-NYG-02,Karangazi Health Center,Nyagatare,2026-07-27,ACT,"ACT course (logistics unit, not a dose)",11,1,0,11.0
HC-NYG-02,Karangazi Health Center,Nyagatare,2026-07-27,RDT,RDT kit,17,5,0,3.4
HC-NYG-02,Karangazi Health Center,Nyagatare,2026-07-27,injectable_artesunate,"injectable artesunate vial (logistics unit, not a dose)",12,0,0,52.0
HC-NYG-02,Karangazi Health Center,Nyagatare,2026-08-03,ACT,"ACT course (logistics unit, not a dose)",6,0,0,52.0
HC-NYG-02,Karangazi Health Center,Nyagatare,2026-08-03,RDT,RDT kit,6,0,0,52.0
HC-NYG-02,Karangazi Health Center,Nyagatare,2026-08-03,injectable_artesunate,"injectable artesunate vial (logistics unit, not a dose)",9,1,0,9.0
HC-NYG-02,Karangazi Health Center,Nyagatare,2026-08-10,ACT,"ACT course (logistics unit, not a dose)",4,1,0,4.0
HC-NYG-02,Karangazi Health Center,Nyagatare,2026-08-10,RDT,RDT kit,22,4,0,5.5
HC-NYG-02,Karangazi Health Center,Nyagatare,2026-08-10,injectable_artesunate,"injectable artesunate vial (logistics unit, not a dose)",0,1,1,0.0
HC-NYG-02,Karangazi Health Center,Nyagatare,2026-08-17,ACT,"ACT course (logistics unit, not a dose)",39,6,0,6.5
HC-NYG-02,Karangazi Health Center,Nyagatare,2026-08-17,RDT,RDT kit,72,7,0,10.29
HC-NYG-02,Karangazi Health Center,Nyagatare,2026-08-17,injectable_artesunate,"injectable artesunate vial (logistics unit, not a dose)",0,3,1,0.0
HC-NYG-02,Karangazi Health Center,Nyagatare,2026-08-24,ACT,"ACT course (logistics unit, not a dose)",21,2,0,10.5
HC-NYG-02,Karangazi Health Center,Nyagatare,2026-08-24,RDT,RDT kit,2,8,0,0.25
HC-NYG-02,Karangazi Health Center,Nyagatare,2026-08-24,injectable_artesunate,"injectable artesunate vial (logistics unit, not a dose)",0,2,1,0.0
HC-NYG-02,Karangazi Health Center,Nyagatare,2026-08-31,ACT,"ACT course (logistics unit, not a dose)",13,4,0,3.25
HC-NYG-02,Karangazi Health Center,Nyagatare,2026-08-31,RDT,RDT kit,54,7,0,7.71
HC-NYG-02,Karangazi Health Center,Nyagatare,2026-08-31,injectable_artesunate,"injectable artesunate vial (logistics unit, not a dose)",0,2,1,0.0
HC-NYG-02,Karangazi Health Center,Nyagatare,2026-09-07,ACT,"ACT course (logistics unit, not a dose)",9,1,0,9.0
HC-NYG-02,Karangazi Health Center,Nyagatare,2026-09-07,RDT,RDT kit,66,8,0,8.25
HC-NYG-02,Karangazi Health Center,Nyagatare,2026-09-07,injectable_artesunate,"injectable artesunate vial (logistics unit, not a dose)",0,2,1,0.0
HC-NYG-02,Karangazi Health Center,Nyagatare,2026-09-14,ACT,"ACT course (logistics unit, not a dose)",35,6,0,5.83
HC-NYG-02,Karangazi Health Center,Nyagatare,2026-09-14,RDT,RDT kit,42,7,0,6.0
HC-NYG-02,Karangazi Health Center,Nyagatare,2026-09-14,injectable_artesunate,"injectable artesunate vial (logistics unit, not a dose)",0,2,1,0.0
HC-NYG-02,Karangazi Health Center,Nyagatare,2026-09-21,ACT,"ACT course (logistics unit, not a dose)",5,1,0,5.0
HC-NYG-02,Karangazi Health Center,Nyagatare,2026-09-21,RDT,RDT kit,100,9,0,11.11
HC-NYG-02,Karangazi Health Center,Nyagatare,2026-09-21,injectable_artesunate,"injectable artesunate vial (logistics unit, not a dose)",0,2,1,0.0
HC-NYG-02,Karangazi Health Center,Nyagatare,2026-09-28,ACT,"ACT course (logistics unit, not a dose)",20,2,0,10.0
HC-NYG-02,Karangazi Health Center,Nyagatare,2026-09-28,RDT,RDT kit,16,2,0,8.0
HC-NYG-02,Karangazi Health Center,Nyagatare,2026-09-28,injectable_artesunate,"injectable artesunate vial (logistics unit, not a dose)",0,2,1,0.0
HC-NYG-03,Rwimiyaga Health Center,Nyagatare,2024-09-30,ACT,"ACT course (logistics unit, not a dose)",5,1,0,5.0
HC-NYG-03,Rwimiyaga Health Center,Nyagatare,2024-09-30,RDT,RDT kit,16,2,0,8.0
HC-NYG-03,Rwimiyaga Health Center,Nyagatare,2024-09-30,injectable_artesunate,"injectable artesunate vial (logistics unit, not a dose)",0,0,1,0.0
HC-NYG-03,Rwimiyaga Health Center,Nyagatare,2024-10-07,ACT,"ACT course (logistics unit, not a dose)",0,2,1,0.0
HC-NYG-03,Rwimiyaga Health Center,Nyagatare,2024-10-07,RDT,RDT kit,18,5,0,3.6
HC-NYG-03,Rwimiyaga Health Center,Nyagatare,2024-10-07,injectable_artesunate,"injectable artesunate vial (logistics unit, not a dose)",9,0,0,52.0
HC-NYG-03,Rwimiyaga Health Center,Nyagatare,2024-10-14,ACT,"ACT course (logistics unit, not a dose)",29,4,0,7.25
HC-NYG-03,Rwimiyaga Health Center,Nyagatare,2024-10-14,RDT,RDT kit,11,1,0,11.0
HC-NYG-03,Rwimiyaga Health Center,Nyagatare,2024-10-14,injectable_artesunate,"injectable artesunate vial (logistics unit, not a dose)",9,0,0,52.0
HC-NYG-03,Rwimiyaga Health Center,Nyagatare,2024-10-21,ACT,"ACT course (logistics unit, not a dose)",3,0,0,52.0
HC-NYG-03,Rwimiyaga Health Center,Nyagatare,2024-10-21,RDT,RDT kit,8,1,0,8.0
HC-NYG-03,Rwimiyaga Health Center,Nyagatare,2024-10-21,injectable_artesunate,"injectable artesunate vial (logistics unit, not a dose)",10,0,0,52.0
HC-NYG-03,Rwimiyaga Health Center,Nyagatare,2024-10-28,ACT,"ACT course (logistics unit, not a dose)",0,3,1,0.0
HC-NYG-03,Rwimiyaga Health Center,Nyagatare,2024-10-28,RDT,RDT kit,19,2,0,9.5
HC-NYG-03,Rwimiyaga Health Center,Nyagatare,2024-10-28,injectable_artesunate,"injectable artesunate vial (logistics unit, not a dose)",10,1,0,10.0
HC-NYG-03,Rwimiyaga Health Center,Nyagatare,2024-11-04,ACT,"ACT course (logistics unit, not a dose)",8,1,0,8.0
HC-NYG-03,Rwimiyaga Health Center,Nyagatare,2024-11-04,RDT,RDT kit,5,6,0,0.83
HC-NYG-03,Rwimiyaga Health Center,Nyagatare,2024-11-04,injectable_artesunate,"injectable artesunate vial (logistics unit, not a dose)",19,3,0,6.33
HC-NYG-03,Rwimiyaga Health Center,Nyagatare,2024-11-11,ACT,"ACT course (logistics unit, not a dose)",11,0,0,52.0
HC-NYG-03,Rwimiyaga Health Center,Nyagatare,2024-11-11,RDT,RDT kit,68,6,0,11.33
HC-NYG-03,Rwimiyaga Health Center,Nyagatare,2024-11-11,injectable_artesunate,"injectable artesunate vial (logistics unit, not a dose)",9,1,0,9.0
HC-NYG-03,Rwimiyaga Health Center,Nyagatare,2024-11-18,ACT,"ACT course (logistics unit, not a dose)",10,1,0,10.0
HC-NYG-03,Rwimiyaga Health Center,Nyagatare,2024-11-18,RDT,RDT kit,22,4,0,5.5
HC-NYG-03,Rwimiyaga Health Center,Nyagatare,2024-11-18,injectable_artesunate,"injectable artesunate vial (logistics unit, not a dose)",11,0,0,52.0
HC-NYG-03,Rwimiyaga Health Center,Nyagatare,2024-11-25,ACT,"ACT course (logistics unit, not a dose)",32,4,0,8.0
HC-NYG-03,Rwimiyaga Health Center,Nyagatare,2024-11-25,RDT,RDT kit,3,1,0,3.0
HC-NYG-03,Rwimiyaga Health Center,Nyagatare,2024-11-25,injectable_artesunate,"injectable artesunate vial (logistics unit, not a dose)",5,0,0,52.0
HC-NYG-03,Rwimiyaga Health Center,Nyagatare,2024-12-02,ACT,"ACT course (logistics unit, not a dose)",6,0,0,52.0
HC-NYG-03,Rwimiyaga Health Center,Nyagatare,2024-12-02,RDT,RDT kit,6,1,0,6.0
HC-NYG-03,Rwimiyaga Health Center,Nyagatare,2024-12-02,injectable_artesunate,"injectable artesunate vial (logistics unit, not a dose)",19,2,0,9.5
HC-NYG-03,Rwimiyaga Health Center,Nyagatare,2024-12-09,ACT,"ACT course (logistics unit, not a dose)",6,1,0,6.0
HC-NYG-03,Rwimiyaga Health Center,Nyagatare,2024-12-09,RDT,RDT kit,15,2,0,7.5
HC-NYG-03,Rwimiyaga Health Center,Nyagatare,2024-12-09,injectable_artesunate,"injectable artesunate vial (logistics unit, not a dose)",5,0,0,52.0
HC-NYG-03,Rwimiyaga Health Center,Nyagatare,2024-12-16,ACT,"ACT course (logistics unit, not a dose)",0,2,1,0.0
HC-NYG-03,Rwimiyaga Health Center,Nyagatare,2024-12-16,RDT,RDT kit,22,4,0,5.5
HC-NYG-03,Rwimiyaga Health Center,Nyagatare,2024-12-16,injectable_artesunate,"injectable artesunate vial (logistics unit, not a dose)",11,1,0,11.0
HC-NYG-03,Rwimiyaga Health Center,Nyagatare,2024-12-23,ACT,"ACT course (logistics unit, not a dose)",0,0,1,0.0
HC-NYG-03,Rwimiyaga Health Center,Nyagatare,2024-12-23,RDT,RDT kit,7,1,0,7.0
HC-NYG-03,Rwimiyaga Health Center,Nyagatare,2024-12-23,injectable_artesunate,"injectable artesunate vial (logistics unit, not a dose)",4,0,0,52.0
HC-NYG-03,Rwimiyaga Health Center,Nyagatare,2024-12-30,ACT,"ACT course (logistics unit, not a dose)",6,1,0,6.0
HC-NYG-03,Rwimiyaga Health Center,Nyagatare,2024-12-30,RDT,RDT kit,32,3,0,10.67
HC-NYG-03,Rwimiyaga Health Center,Nyagatare,2024-12-30,injectable_artesunate,"injectable artesunate vial (logistics unit, not a dose)",7,0,0,52.0
HC-NYG-03,Rwimiyaga Health Center,Nyagatare,2025-01-06,ACT,"ACT course (logistics unit, not a dose)",20,2,0,10.0
HC-NYG-03,Rwimiyaga Health Center,Nyagatare,2025-01-06,RDT,RDT kit,52,5,0,10.4
HC-NYG-03,Rwimiyaga Health Center,Nyagatare,2025-01-06,injectable_artesunate,"injectable artesunate vial (logistics unit, not a dose)",19,2,0,9.5
HC-NYG-03,Rwimiyaga Health Center,Nyagatare,2025-01-13,ACT,"ACT course (logistics unit, not a dose)",54,5,0,10.8
HC-NYG-03,Rwimiyaga Health Center,Nyagatare,2025-01-13,RDT,RDT kit,43,4,0,10.75
HC-NYG-03,Rwimiyaga Health Center,Nyagatare,2025-01-13,injectable_artesunate,"injectable artesunate vial (logistics unit, not a dose)",8,0,0,52.0
HC-NYG-03,Rwimiyaga Health Center,Nyagatare,2025-01-20,ACT,"ACT course (logistics unit, not a dose)",11,1,0,11.0
HC-NYG-03,Rwimiyaga Health Center,Nyagatare,2025-01-20,RDT,RDT kit,13,3,0,4.33
HC-NYG-03,Rwimiyaga Health Center,Nyagatare,2025-01-20,injectable_artesunate,"injectable artesunate vial (logistics unit, not a dose)",8,1,0,8.0
HC-NYG-03,Rwimiyaga Health Center,Nyagatare,2025-01-27,ACT,"ACT course (logistics unit, not a dose)",9,1,0,9.0
HC-NYG-03,Rwimiyaga Health Center,Nyagatare,2025-01-27,RDT,RDT kit,17,3,0,5.67
HC-NYG-03,Rwimiyaga Health Center,Nyagatare,2025-01-27,injectable_artesunate,"injectable artesunate vial (logistics unit, not a dose)",11,0,0,52.0
HC-NYG-03,Rwimiyaga Health Center,Nyagatare,2025-02-03,ACT,"ACT course (logistics unit, not a dose)",10,1,0,10.0
HC-NYG-03,Rwimiyaga Health Center,Nyagatare,2025-02-03,RDT,RDT kit,11,1,0,11.0
HC-NYG-03,Rwimiyaga Health Center,Nyagatare,2025-02-03,injectable_artesunate,"injectable artesunate vial (logistics unit, not a dose)",0,0,1,0.0
HC-NYG-03,Rwimiyaga Health Center,Nyagatare,2025-02-10,ACT,"ACT course (logistics unit, not a dose)",8,1,0,8.0
HC-NYG-03,Rwimiyaga Health Center,Nyagatare,2025-02-10,RDT,RDT kit,8,1,0,8.0
HC-NYG-03,Rwimiyaga Health Center,Nyagatare,2025-02-10,injectable_artesunate,"injectable artesunate vial (logistics unit, not a dose)",12,0,0,52.0
HC-NYG-03,Rwimiyaga Health Center,Nyagatare,2025-02-17,ACT,"ACT course (logistics unit, not a dose)",8,1,0,8.0
HC-NYG-03,Rwimiyaga Health Center,Nyagatare,2025-02-17,RDT,RDT kit,26,3,0,8.67
HC-NYG-03,Rwimiyaga Health Center,Nyagatare,2025-02-17,injectable_artesunate,"injectable artesunate vial (logistics unit, not a dose)",5,0,0,52.0
HC-NYG-03,Rwimiyaga Health Center,Nyagatare,2025-02-24,ACT,"ACT course (logistics unit, not a dose)",36,4,0,9.0
HC-NYG-03,Rwimiyaga Health Center,Nyagatare,2025-02-24,RDT,RDT kit,0,2,1,0.0
HC-NYG-03,Rwimiyaga Health Center,Nyagatare,2025-02-24,injectable_artesunate,"injectable artesunate vial (logistics unit, not a dose)",1,0,0,52.0
HC-NYG-03,Rwimiyaga Health Center,Nyagatare,2025-03-03,ACT,"ACT course (logistics unit, not a dose)",30,3,0,10.0
HC-NYG-03,Rwimiyaga Health Center,Nyagatare,2025-03-03,RDT,RDT kit,8,1,0,8.0
HC-NYG-03,Rwimiyaga Health Center,Nyagatare,2025-03-03,injectable_artesunate,"injectable artesunate vial (logistics unit, not a dose)",6,0,0,52.0
HC-NYG-03,Rwimiyaga Health Center,Nyagatare,2025-03-10,ACT,"ACT course (logistics unit, not a dose)",7,1,0,7.0
HC-NYG-03,Rwimiyaga Health Center,Nyagatare,2025-03-10,RDT,RDT kit,8,2,0,4.0
HC-NYG-03,Rwimiyaga Health Center,Nyagatare,2025-03-10,injectable_artesunate,"injectable artesunate vial (logistics unit, not a dose)",4,1,0,4.0
HC-NYG-03,Rwimiyaga Health Center,Nyagatare,2025-03-17,ACT,"ACT course (logistics unit, not a dose)",1,0,0,52.0
HC-NYG-03,Rwimiyaga Health Center,Nyagatare,2025-03-17,RDT,RDT kit,17,2,0,8.5
HC-NYG-03,Rwimiyaga Health Center,Nyagatare,2025-03-17,injectable_artesunate,"injectable artesunate vial (logistics unit, not a dose)",6,0,0,52.0
HC-NYG-03,Rwimiyaga Health Center,Nyagatare,2025-03-24,ACT,"ACT course (logistics unit, not a dose)",8,0,0,52.0
HC-NYG-03,Rwimiyaga Health Center,Nyagatare,2025-03-24,RDT,RDT kit,0,3,1,0.0
HC-NYG-03,Rwimiyaga Health Center,Nyagatare,2025-03-24,injectable_artesunate,"injectable artesunate vial (logistics unit, not a dose)",8,0,0,52.0
HC-NYG-03,Rwimiyaga Health Center,Nyagatare,2025-03-31,ACT,"ACT course (logistics unit, not a dose)",10,1,0,10.0
HC-NYG-03,Rwimiyaga Health Center,Nyagatare,2025-03-31,RDT,RDT kit,24,3,0,8.0
HC-NYG-03,Rwimiyaga Health Center,Nyagatare,2025-03-31,injectable_artesunate,"injectable artesunate vial (logistics unit, not a dose)",0,0,1,0.0
HC-NYG-03,Rwimiyaga Health Center,Nyagatare,2025-04-07,ACT,"ACT course (logistics unit, not a dose)",35,3,0,11.67
HC-NYG-03,Rwimiyaga Health Center,Nyagatare,2025-04-07,RDT,RDT kit,63,6,0,10.5
HC-NYG-03,Rwimiyaga Health Center,Nyagatare,2025-04-07,injectable_artesunate,"injectable artesunate vial (logistics unit, not a dose)",27,3,0,9.0
HC-NYG-03,Rwimiyaga Health Center,Nyagatare,2025-04-14,ACT,"ACT course (logistics unit, not a dose)",21,2,0,10.5
HC-NYG-03,Rwimiyaga Health Center,Nyagatare,2025-04-14,RDT,RDT kit,46,4,0,11.5
HC-NYG-03,Rwimiyaga Health Center,Nyagatare,2025-04-14,injectable_artesunate,"injectable artesunate vial (logistics unit, not a dose)",6,0,0,52.0
HC-NYG-03,Rwimiyaga Health Center,Nyagatare,2025-04-21,ACT,"ACT course (logistics unit, not a dose)",3,1,0,3.0
HC-NYG-03,Rwimiyaga Health Center,Nyagatare,2025-04-21,RDT,RDT kit,14,3,0,4.67
HC-NYG-03,Rwimiyaga Health Center,Nyagatare,2025-04-21,injectable_artesunate,"injectable artesunate vial (logistics unit, not a dose)",0,0,1,0.0
HC-NYG-03,Rwimiyaga Health Center,Nyagatare,2025-04-28,ACT,"ACT course (logistics unit, not a dose)",20,4,0,5.0
HC-NYG-03,Rwimiyaga Health Center,Nyagatare,2025-04-28,RDT,RDT kit,33,6,0,5.5
HC-NYG-03,Rwimiyaga Health Center,Nyagatare,2025-04-28,injectable_artesunate,"injectable artesunate vial (logistics unit, not a dose)",6,0,0,52.0
HC-NYG-03,Rwimiyaga Health Center,Nyagatare,2025-05-05,ACT,"ACT course (logistics unit, not a dose)",1,2,0,0.5
HC-NYG-03,Rwimiyaga Health Center,Nyagatare,2025-05-05,RDT,RDT kit,20,6,0,3.33
HC-NYG-03,Rwimiyaga Health Center,Nyagatare,2025-05-05,injectable_artesunate,"injectable artesunate vial (logistics unit, not a dose)",10,0,0,52.0
HC-NYG-03,Rwimiyaga Health Center,Nyagatare,2025-05-12,ACT,"ACT course (logistics unit, not a dose)",12,1,0,12.0
HC-NYG-03,Rwimiyaga Health Center,Nyagatare,2025-05-12,RDT,RDT kit,0,6,1,0.0
HC-NYG-03,Rwimiyaga Health Center,Nyagatare,2025-05-12,injectable_artesunate,"injectable artesunate vial (logistics unit, not a dose)",10,0,0,52.0
HC-NYG-03,Rwimiyaga Health Center,Nyagatare,2025-05-19,ACT,"ACT course (logistics unit, not a dose)",6,1,0,6.0
HC-NYG-03,Rwimiyaga Health Center,Nyagatare,2025-05-19,RDT,RDT kit,26,3,0,8.67
HC-NYG-03,Rwimiyaga Health Center,Nyagatare,2025-05-19,injectable_artesunate,"injectable artesunate vial (logistics unit, not a dose)",8,0,0,52.0
HC-NYG-03,Rwimiyaga Health Center,Nyagatare,2025-05-26,ACT,"ACT course (logistics unit, not a dose)",10,0,0,52.0
HC-NYG-03,Rwimiyaga Health Center,Nyagatare,2025-05-26,RDT,RDT kit,1,2,0,0.5
HC-NYG-03,Rwimiyaga Health Center,Nyagatare,2025-05-26,injectable_artesunate,"injectable artesunate vial (logistics unit, not a dose)",9,1,0,9.0
HC-NYG-03,Rwimiyaga Health Center,Nyagatare,2025-06-02,ACT,"ACT course (logistics unit, not a dose)",16,2,0,8.0
HC-NYG-03,Rwimiyaga Health Center,Nyagatare,2025-06-02,RDT,RDT kit,23,4,0,5.75
HC-NYG-03,Rwimiyaga Health Center,Nyagatare,2025-06-02,injectable_artesunate,"injectable artesunate vial (logistics unit, not a dose)",7,0,0,52.0
HC-NYG-03,Rwimiyaga Health Center,Nyagatare,2025-06-09,ACT,"ACT course (logistics unit, not a dose)",12,3,0,4.0
HC-NYG-03,Rwimiyaga Health Center,Nyagatare,2025-06-09,RDT,RDT kit,8,0,0,52.0
HC-NYG-03,Rwimiyaga Health Center,Nyagatare,2025-06-09,injectable_artesunate,"injectable artesunate vial (logistics unit, not a dose)",7,0,0,52.0
HC-NYG-03,Rwimiyaga Health Center,Nyagatare,2025-06-16,ACT,"ACT course (logistics unit, not a dose)",7,1,0,7.0
HC-NYG-03,Rwimiyaga Health Center,Nyagatare,2025-06-16,RDT,RDT kit,1,1,0,1.0
HC-NYG-03,Rwimiyaga Health Center,Nyagatare,2025-06-16,injectable_artesunate,"injectable artesunate vial (logistics unit, not a dose)",10,0,0,52.0
HC-NYG-03,Rwimiyaga Health Center,Nyagatare,2025-06-23,ACT,"ACT course (logistics unit, not a dose)",1,1,0,1.0
HC-NYG-03,Rwimiyaga Health Center,Nyagatare,2025-06-23,RDT,RDT kit,14,2,0,7.0
HC-NYG-03,Rwimiyaga Health Center,Nyagatare,2025-06-23,injectable_artesunate,"injectable artesunate vial (logistics unit, not a dose)",8,0,0,52.0
HC-NYG-03,Rwimiyaga Health Center,Nyagatare,2025-06-30,ACT,"ACT course (logistics unit, not a dose)",4,1,0,4.0
HC-NYG-03,Rwimiyaga Health Center,Nyagatare,2025-06-30,RDT,RDT kit,0,2,1,0.0
HC-NYG-03,Rwimiyaga Health Center,Nyagatare,2025-06-30,injectable_artesunate,"injectable artesunate vial (logistics unit, not a dose)",5,1,0,5.0
HC-NYG-03,Rwimiyaga Health Center,Nyagatare,2025-07-07,ACT,"ACT course (logistics unit, not a dose)",20,2,0,10.0
HC-NYG-03,Rwimiyaga Health Center,Nyagatare,2025-07-07,RDT,RDT kit,6,2,0,3.0
HC-NYG-03,Rwimiyaga Health Center,Nyagatare,2025-07-07,injectable_artesunate,"injectable artesunate vial (logistics unit, not a dose)",4,0,0,52.0
HC-NYG-03,Rwimiyaga Health Center,Nyagatare,2025-07-14,ACT,"ACT course (logistics unit, not a dose)",1,1,0,1.0
HC-NYG-03,Rwimiyaga Health Center,Nyagatare,2025-07-14,RDT,RDT kit,12,2,0,6.0
HC-NYG-03,Rwimiyaga Health Center,Nyagatare,2025-07-14,injectable_artesunate,"injectable artesunate vial (logistics unit, not a dose)",9,0,0,52.0
HC-NYG-03,Rwimiyaga Health Center,Nyagatare,2025-07-21,ACT,"ACT course (logistics unit, not a dose)",34,3,0,11.33
HC-NYG-03,Rwimiyaga Health Center,Nyagatare,2025-07-21,RDT,RDT kit,16,3,0,5.33
HC-NYG-03,Rwimiyaga Health Center,Nyagatare,2025-07-21,injectable_artesunate,"injectable artesunate vial (logistics unit, not a dose)",6,0,0,52.0
HC-NYG-03,Rwimiyaga Health Center,Nyagatare,2025-07-28,ACT,"ACT course (logistics unit, not a dose)",11,0,0,52.0
HC-NYG-03,Rwimiyaga Health Center,Nyagatare,2025-07-28,RDT,RDT kit,38,4,0,9.5
HC-NYG-03,Rwimiyaga Health Center,Nyagatare,2025-07-28,injectable_artesunate,"injectable artesunate vial (logistics unit, not a dose)",1,0,0,52.0
HC-NYG-03,Rwimiyaga Health Center,Nyagatare,2025-08-04,ACT,"ACT course (logistics unit, not a dose)",10,0,0,52.0
HC-NYG-03,Rwimiyaga Health Center,Nyagatare,2025-08-04,RDT,RDT kit,4,6,0,0.67
HC-NYG-03,Rwimiyaga Health Center,Nyagatare,2025-08-04,injectable_artesunate,"injectable artesunate vial (logistics unit, not a dose)",0,2,1,0.0
HC-NYG-03,Rwimiyaga Health Center,Nyagatare,2025-08-11,ACT,"ACT course (logistics unit, not a dose)",10,1,0,10.0
HC-NYG-03,Rwimiyaga Health Center,Nyagatare,2025-08-11,RDT,RDT kit,0,1,1,0.0
HC-NYG-03,Rwimiyaga Health Center,Nyagatare,2025-08-11,injectable_artesunate,"injectable artesunate vial (logistics unit, not a dose)",3,0,0,52.0
HC-NYG-03,Rwimiyaga Health Center,Nyagatare,2025-08-18,ACT,"ACT course (logistics unit, not a dose)",12,1,0,12.0
HC-NYG-03,Rwimiyaga Health Center,Nyagatare,2025-08-18,RDT,RDT kit,23,3,0,7.67
HC-NYG-03,Rwimiyaga Health Center,Nyagatare,2025-08-18,injectable_artesunate,"injectable artesunate vial (logistics unit, not a dose)",10,0,0,52.0
HC-NYG-03,Rwimiyaga Health Center,Nyagatare,2025-08-25,ACT,"ACT course (logistics unit, not a dose)",12,1,0,12.0
HC-NYG-03,Rwimiyaga Health Center,Nyagatare,2025-08-25,RDT,RDT kit,5,0,0,52.0
HC-NYG-03,Rwimiyaga Health Center,Nyagatare,2025-08-25,injectable_artesunate,"injectable artesunate vial (logistics unit, not a dose)",9,1,0,9.0
HC-NYG-03,Rwimiyaga Health Center,Nyagatare,2025-09-01,ACT,"ACT course (logistics unit, not a dose)",10,1,0,10.0
HC-NYG-03,Rwimiyaga Health Center,Nyagatare,2025-09-01,RDT,RDT kit,78,7,0,11.14
HC-NYG-03,Rwimiyaga Health Center,Nyagatare,2025-09-01,injectable_artesunate,"injectable artesunate vial (logistics unit, not a dose)",16,2,0,8.0
HC-NYG-03,Rwimiyaga Health Center,Nyagatare,2025-09-08,ACT,"ACT course (logistics unit, not a dose)",25,7,0,3.57
HC-NYG-03,Rwimiyaga Health Center,Nyagatare,2025-09-08,RDT,RDT kit,24,4,0,6.0
HC-NYG-03,Rwimiyaga Health Center,Nyagatare,2025-09-08,injectable_artesunate,"injectable artesunate vial (logistics unit, not a dose)",9,1,0,9.0
HC-NYG-03,Rwimiyaga Health Center,Nyagatare,2025-09-15,ACT,"ACT course (logistics unit, not a dose)",9,2,0,4.5
HC-NYG-03,Rwimiyaga Health Center,Nyagatare,2025-09-15,RDT,RDT kit,55,5,0,11.0
HC-NYG-03,Rwimiyaga Health Center,Nyagatare,2025-09-15,injectable_artesunate,"injectable artesunate vial (logistics unit, not a dose)",9,0,0,52.0
HC-NYG-03,Rwimiyaga Health Center,Nyagatare,2025-09-22,ACT,"ACT course (logistics unit, not a dose)",34,3,0,11.33
HC-NYG-03,Rwimiyaga Health Center,Nyagatare,2025-09-22,RDT,RDT kit,11,1,0,11.0
HC-NYG-03,Rwimiyaga Health Center,Nyagatare,2025-09-22,injectable_artesunate,"injectable artesunate vial (logistics unit, not a dose)",7,0,0,52.0
HC-NYG-03,Rwimiyaga Health Center,Nyagatare,2025-09-29,ACT,"ACT course (logistics unit, not a dose)",21,2,0,10.5
HC-NYG-03,Rwimiyaga Health Center,Nyagatare,2025-09-29,RDT,RDT kit,28,5,0,5.6
HC-NYG-03,Rwimiyaga Health Center,Nyagatare,2025-09-29,injectable_artesunate,"injectable artesunate vial (logistics unit, not a dose)",0,0,1,0.0
HC-NYG-03,Rwimiyaga Health Center,Nyagatare,2025-10-06,ACT,"ACT course (logistics unit, not a dose)",23,2,0,11.5
HC-NYG-03,Rwimiyaga Health Center,Nyagatare,2025-10-06,RDT,RDT kit,83,7,0,11.86
HC-NYG-03,Rwimiyaga Health Center,Nyagatare,2025-10-06,injectable_artesunate,"injectable artesunate vial (logistics unit, not a dose)",11,0,0,52.0
HC-NYG-03,Rwimiyaga Health Center,Nyagatare,2025-10-13,ACT,"ACT course (logistics unit, not a dose)",1,0,0,52.0
HC-NYG-03,Rwimiyaga Health Center,Nyagatare,2025-10-13,RDT,RDT kit,6,1,0,6.0
HC-NYG-03,Rwimiyaga Health Center,Nyagatare,2025-10-13,injectable_artesunate,"injectable artesunate vial (logistics unit, not a dose)",8,1,0,8.0
HC-NYG-03,Rwimiyaga Health Center,Nyagatare,2025-10-20,ACT,"ACT course (logistics unit, not a dose)",3,3,0,1.0
HC-NYG-03,Rwimiyaga Health Center,Nyagatare,2025-10-20,RDT,RDT kit,65,6,0,10.83
HC-NYG-03,Rwimiyaga Health Center,Nyagatare,2025-10-20,injectable_artesunate,"injectable artesunate vial (logistics unit, not a dose)",11,0,0,52.0
HC-NYG-03,Rwimiyaga Health Center,Nyagatare,2025-10-27,ACT,"ACT course (logistics unit, not a dose)",12,1,0,12.0
HC-NYG-03,Rwimiyaga Health Center,Nyagatare,2025-10-27,RDT,RDT kit,4,1,0,4.0
HC-NYG-03,Rwimiyaga Health Center,Nyagatare,2025-10-27,injectable_artesunate,"injectable artesunate vial (logistics unit, not a dose)",12,0,0,52.0
HC-NYG-03,Rwimiyaga Health Center,Nyagatare,2025-11-03,ACT,"ACT course (logistics unit, not a dose)",21,2,0,10.5
HC-NYG-03,Rwimiyaga Health Center,Nyagatare,2025-11-03,RDT,RDT kit,3,0,0,52.0
HC-NYG-03,Rwimiyaga Health Center,Nyagatare,2025-11-03,injectable_artesunate,"injectable artesunate vial (logistics unit, not a dose)",9,0,0,52.0
HC-NYG-03,Rwimiyaga Health Center,Nyagatare,2025-11-10,ACT,"ACT course (logistics unit, not a dose)",1,1,0,1.0
HC-NYG-03,Rwimiyaga Health Center,Nyagatare,2025-11-10,RDT,RDT kit,1,1,0,1.0
HC-NYG-03,Rwimiyaga Health Center,Nyagatare,2025-11-10,injectable_artesunate,"injectable artesunate vial (logistics unit, not a dose)",0,0,1,0.0
HC-NYG-03,Rwimiyaga Health Center,Nyagatare,2025-11-17,ACT,"ACT course (logistics unit, not a dose)",1,3,0,0.33
HC-NYG-03,Rwimiyaga Health Center,Nyagatare,2025-11-17,RDT,RDT kit,1,2,0,0.5
HC-NYG-03,Rwimiyaga Health Center,Nyagatare,2025-11-17,injectable_artesunate,"injectable artesunate vial (logistics unit, not a dose)",3,0,0,52.0
HC-NYG-03,Rwimiyaga Health Center,Nyagatare,2025-11-24,ACT,"ACT course (logistics unit, not a dose)",18,3,0,6.0
HC-NYG-03,Rwimiyaga Health Center,Nyagatare,2025-11-24,RDT,RDT kit,3,7,0,0.43
HC-NYG-03,Rwimiyaga Health Center,Nyagatare,2025-11-24,injectable_artesunate,"injectable artesunate vial (logistics unit, not a dose)",8,0,0,52.0
HC-NYG-03,Rwimiyaga Health Center,Nyagatare,2025-12-01,ACT,"ACT course (logistics unit, not a dose)",11,3,0,3.67
HC-NYG-03,Rwimiyaga Health Center,Nyagatare,2025-12-01,RDT,RDT kit,18,2,0,9.0
HC-NYG-03,Rwimiyaga Health Center,Nyagatare,2025-12-01,injectable_artesunate,"injectable artesunate vial (logistics unit, not a dose)",8,0,0,52.0
HC-NYG-03,Rwimiyaga Health Center,Nyagatare,2025-12-08,ACT,"ACT course (logistics unit, not a dose)",11,1,0,11.0
HC-NYG-03,Rwimiyaga Health Center,Nyagatare,2025-12-08,RDT,RDT kit,18,2,0,9.0
HC-NYG-03,Rwimiyaga Health Center,Nyagatare,2025-12-08,injectable_artesunate,"injectable artesunate vial (logistics unit, not a dose)",5,0,0,52.0
HC-NYG-03,Rwimiyaga Health Center,Nyagatare,2025-12-15,ACT,"ACT course (logistics unit, not a dose)",11,1,0,11.0
HC-NYG-03,Rwimiyaga Health Center,Nyagatare,2025-12-15,RDT,RDT kit,4,0,0,52.0
HC-NYG-03,Rwimiyaga Health Center,Nyagatare,2025-12-15,injectable_artesunate,"injectable artesunate vial (logistics unit, not a dose)",11,0,0,52.0
HC-NYG-03,Rwimiyaga Health Center,Nyagatare,2025-12-22,ACT,"ACT course (logistics unit, not a dose)",10,1,0,10.0
HC-NYG-03,Rwimiyaga Health Center,Nyagatare,2025-12-22,RDT,RDT kit,26,7,0,3.71
HC-NYG-03,Rwimiyaga Health Center,Nyagatare,2025-12-22,injectable_artesunate,"injectable artesunate vial (logistics unit, not a dose)",6,0,0,52.0
HC-NYG-03,Rwimiyaga Health Center,Nyagatare,2025-12-29,ACT,"ACT course (logistics unit, not a dose)",7,0,0,52.0
HC-NYG-03,Rwimiyaga Health Center,Nyagatare,2025-12-29,RDT,RDT kit,20,2,0,10.0
HC-NYG-03,Rwimiyaga Health Center,Nyagatare,2025-12-29,injectable_artesunate,"injectable artesunate vial (logistics unit, not a dose)",10,1,0,10.0
HC-NYG-03,Rwimiyaga Health Center,Nyagatare,2026-01-05,ACT,"ACT course (logistics unit, not a dose)",57,5,0,11.4
HC-NYG-03,Rwimiyaga Health Center,Nyagatare,2026-01-05,RDT,RDT kit,23,2,0,11.5
HC-NYG-03,Rwimiyaga Health Center,Nyagatare,2026-01-05,injectable_artesunate,"injectable artesunate vial (logistics unit, not a dose)",1,0,0,52.0
HC-NYG-03,Rwimiyaga Health Center,Nyagatare,2026-01-12,ACT,"ACT course (logistics unit, not a dose)",22,2,0,11.0
HC-NYG-03,Rwimiyaga Health Center,Nyagatare,2026-01-12,RDT,RDT kit,10,1,0,10.0
HC-NYG-03,Rwimiyaga Health Center,Nyagatare,2026-01-12,injectable_artesunate,"injectable artesunate vial (logistics unit, not a dose)",7,0,0,52.0
HC-NYG-03,Rwimiyaga Health Center,Nyagatare,2026-01-19,ACT,"ACT course (logistics unit, not a dose)",4,1,0,4.0
HC-NYG-03,Rwimiyaga Health Center,Nyagatare,2026-01-19,RDT,RDT kit,15,2,0,7.5
HC-NYG-03,Rwimiyaga Health Center,Nyagatare,2026-01-19,injectable_artesunate,"injectable artesunate vial (logistics unit, not a dose)",8,0,0,52.0
HC-NYG-03,Rwimiyaga Health Center,Nyagatare,2026-01-26,ACT,"ACT course (logistics unit, not a dose)",12,2,0,6.0
HC-NYG-03,Rwimiyaga Health Center,Nyagatare,2026-01-26,RDT,RDT kit,33,3,0,11.0
HC-NYG-03,Rwimiyaga Health Center,Nyagatare,2026-01-26,injectable_artesunate,"injectable artesunate vial (logistics unit, not a dose)",7,1,0,7.0
HC-NYG-03,Rwimiyaga Health Center,Nyagatare,2026-02-02,ACT,"ACT course (logistics unit, not a dose)",6,1,0,6.0
HC-NYG-03,Rwimiyaga Health Center,Nyagatare,2026-02-02,RDT,RDT kit,24,3,0,8.0
HC-NYG-03,Rwimiyaga Health Center,Nyagatare,2026-02-02,injectable_artesunate,"injectable artesunate vial (logistics unit, not a dose)",0,0,1,0.0
HC-NYG-03,Rwimiyaga Health Center,Nyagatare,2026-02-09,ACT,"ACT course (logistics unit, not a dose)",10,0,0,52.0
HC-NYG-03,Rwimiyaga Health Center,Nyagatare,2026-02-09,RDT,RDT kit,8,2,0,4.0
HC-NYG-03,Rwimiyaga Health Center,Nyagatare,2026-02-09,injectable_artesunate,"injectable artesunate vial (logistics unit, not a dose)",8,1,0,8.0
HC-NYG-03,Rwimiyaga Health Center,Nyagatare,2026-02-16,ACT,"ACT course (logistics unit, not a dose)",7,2,0,3.5
HC-NYG-03,Rwimiyaga Health Center,Nyagatare,2026-02-16,RDT,RDT kit,6,1,0,6.0
HC-NYG-03,Rwimiyaga Health Center,Nyagatare,2026-02-16,injectable_artesunate,"injectable artesunate vial (logistics unit, not a dose)",4,0,0,52.0
HC-NYG-03,Rwimiyaga Health Center,Nyagatare,2026-02-23,ACT,"ACT course (logistics unit, not a dose)",8,0,0,52.0
HC-NYG-03,Rwimiyaga Health Center,Nyagatare,2026-02-23,RDT,RDT kit,38,5,0,7.6
HC-NYG-03,Rwimiyaga Health Center,Nyagatare,2026-02-23,injectable_artesunate,"injectable artesunate vial (logistics unit, not a dose)",9,0,0,52.0
HC-NYG-03,Rwimiyaga Health Center,Nyagatare,2026-03-02,ACT,"ACT course (logistics unit, not a dose)",0,4,1,0.0
HC-NYG-03,Rwimiyaga Health Center,Nyagatare,2026-03-02,RDT,RDT kit,24,3,0,8.0
HC-NYG-03,Rwimiyaga Health Center,Nyagatare,2026-03-02,injectable_artesunate,"injectable artesunate vial (logistics unit, not a dose)",9,0,0,52.0
HC-NYG-03,Rwimiyaga Health Center,Nyagatare,2026-03-09,ACT,"ACT course (logistics unit, not a dose)",6,2,0,3.0
HC-NYG-03,Rwimiyaga Health Center,Nyagatare,2026-03-09,RDT,RDT kit,55,5,0,11.0
HC-NYG-03,Rwimiyaga Health Center,Nyagatare,2026-03-09,injectable_artesunate,"injectable artesunate vial (logistics unit, not a dose)",0,0,1,0.0
HC-NYG-03,Rwimiyaga Health Center,Nyagatare,2026-03-16,ACT,"ACT course (logistics unit, not a dose)",10,3,0,3.33
HC-NYG-03,Rwimiyaga Health Center,Nyagatare,2026-03-16,RDT,RDT kit,18,4,0,4.5
HC-NYG-03,Rwimiyaga Health Center,Nyagatare,2026-03-16,injectable_artesunate,"injectable artesunate vial (logistics unit, not a dose)",4,1,0,4.0
HC-NYG-03,Rwimiyaga Health Center,Nyagatare,2026-03-23,ACT,"ACT course (logistics unit, not a dose)",8,1,0,8.0
HC-NYG-03,Rwimiyaga Health Center,Nyagatare,2026-03-23,RDT,RDT kit,14,2,0,7.0
HC-NYG-03,Rwimiyaga Health Center,Nyagatare,2026-03-23,injectable_artesunate,"injectable artesunate vial (logistics unit, not a dose)",4,0,0,52.0
HC-NYG-03,Rwimiyaga Health Center,Nyagatare,2026-03-30,ACT,"ACT course (logistics unit, not a dose)",22,2,0,11.0
HC-NYG-03,Rwimiyaga Health Center,Nyagatare,2026-03-30,RDT,RDT kit,6,2,0,3.0
HC-NYG-03,Rwimiyaga Health Center,Nyagatare,2026-03-30,injectable_artesunate,"injectable artesunate vial (logistics unit, not a dose)",1,1,0,1.0
HC-NYG-03,Rwimiyaga Health Center,Nyagatare,2026-04-06,ACT,"ACT course (logistics unit, not a dose)",0,3,1,0.0
HC-NYG-03,Rwimiyaga Health Center,Nyagatare,2026-04-06,RDT,RDT kit,27,3,0,9.0
HC-NYG-03,Rwimiyaga Health Center,Nyagatare,2026-04-06,injectable_artesunate,"injectable artesunate vial (logistics unit, not a dose)",4,0,0,52.0
HC-NYG-03,Rwimiyaga Health Center,Nyagatare,2026-04-13,ACT,"ACT course (logistics unit, not a dose)",7,1,0,7.0
HC-NYG-03,Rwimiyaga Health Center,Nyagatare,2026-04-13,RDT,RDT kit,9,1,0,9.0
HC-NYG-03,Rwimiyaga Health Center,Nyagatare,2026-04-13,injectable_artesunate,"injectable artesunate vial (logistics unit, not a dose)",10,1,0,10.0
HC-NYG-03,Rwimiyaga Health Center,Nyagatare,2026-04-20,ACT,"ACT course (logistics unit, not a dose)",2,2,0,1.0
HC-NYG-03,Rwimiyaga Health Center,Nyagatare,2026-04-20,RDT,RDT kit,36,7,0,5.14
HC-NYG-03,Rwimiyaga Health Center,Nyagatare,2026-04-20,injectable_artesunate,"injectable artesunate vial (logistics unit, not a dose)",0,0,1,0.0
HC-NYG-03,Rwimiyaga Health Center,Nyagatare,2026-04-27,ACT,"ACT course (logistics unit, not a dose)",6,1,0,6.0
HC-NYG-03,Rwimiyaga Health Center,Nyagatare,2026-04-27,RDT,RDT kit,17,2,0,8.5
HC-NYG-03,Rwimiyaga Health Center,Nyagatare,2026-04-27,injectable_artesunate,"injectable artesunate vial (logistics unit, not a dose)",4,0,0,52.0
HC-NYG-03,Rwimiyaga Health Center,Nyagatare,2026-05-04,ACT,"ACT course (logistics unit, not a dose)",5,0,0,52.0
HC-NYG-03,Rwimiyaga Health Center,Nyagatare,2026-05-04,RDT,RDT kit,19,3,0,6.33
HC-NYG-03,Rwimiyaga Health Center,Nyagatare,2026-05-04,injectable_artesunate,"injectable artesunate vial (logistics unit, not a dose)",7,0,0,52.0
HC-NYG-03,Rwimiyaga Health Center,Nyagatare,2026-05-11,ACT,"ACT course (logistics unit, not a dose)",3,4,0,0.75
HC-NYG-03,Rwimiyaga Health Center,Nyagatare,2026-05-11,RDT,RDT kit,28,5,0,5.6
HC-NYG-03,Rwimiyaga Health Center,Nyagatare,2026-05-11,injectable_artesunate,"injectable artesunate vial (logistics unit, not a dose)",7,1,0,7.0
HC-NYG-03,Rwimiyaga Health Center,Nyagatare,2026-05-18,ACT,"ACT course (logistics unit, not a dose)",19,2,0,9.5
HC-NYG-03,Rwimiyaga Health Center,Nyagatare,2026-05-18,RDT,RDT kit,44,5,0,8.8
HC-NYG-03,Rwimiyaga Health Center,Nyagatare,2026-05-18,injectable_artesunate,"injectable artesunate vial (logistics unit, not a dose)",8,1,0,8.0
HC-NYG-03,Rwimiyaga Health Center,Nyagatare,2026-05-25,ACT,"ACT course (logistics unit, not a dose)",32,3,0,10.67
HC-NYG-03,Rwimiyaga Health Center,Nyagatare,2026-05-25,RDT,RDT kit,21,2,0,10.5
HC-NYG-03,Rwimiyaga Health Center,Nyagatare,2026-05-25,injectable_artesunate,"injectable artesunate vial (logistics unit, not a dose)",6,1,0,6.0
HC-NYG-03,Rwimiyaga Health Center,Nyagatare,2026-06-01,ACT,"ACT course (logistics unit, not a dose)",9,2,0,4.5
HC-NYG-03,Rwimiyaga Health Center,Nyagatare,2026-06-01,RDT,RDT kit,12,1,0,12.0
HC-NYG-03,Rwimiyaga Health Center,Nyagatare,2026-06-01,injectable_artesunate,"injectable artesunate vial (logistics unit, not a dose)",16,2,0,8.0
HC-NYG-03,Rwimiyaga Health Center,Nyagatare,2026-06-08,ACT,"ACT course (logistics unit, not a dose)",37,4,0,9.25
HC-NYG-03,Rwimiyaga Health Center,Nyagatare,2026-06-08,RDT,RDT kit,0,1,1,0.0
HC-NYG-03,Rwimiyaga Health Center,Nyagatare,2026-06-08,injectable_artesunate,"injectable artesunate vial (logistics unit, not a dose)",12,0,0,52.0
HC-NYG-03,Rwimiyaga Health Center,Nyagatare,2026-06-15,ACT,"ACT course (logistics unit, not a dose)",21,2,0,10.5
HC-NYG-03,Rwimiyaga Health Center,Nyagatare,2026-06-15,RDT,RDT kit,9,1,0,9.0
HC-NYG-03,Rwimiyaga Health Center,Nyagatare,2026-06-15,injectable_artesunate,"injectable artesunate vial (logistics unit, not a dose)",5,0,0,52.0
HC-NYG-03,Rwimiyaga Health Center,Nyagatare,2026-06-22,ACT,"ACT course (logistics unit, not a dose)",12,1,0,12.0
HC-NYG-03,Rwimiyaga Health Center,Nyagatare,2026-06-22,RDT,RDT kit,33,3,0,11.0
HC-NYG-03,Rwimiyaga Health Center,Nyagatare,2026-06-22,injectable_artesunate,"injectable artesunate vial (logistics unit, not a dose)",8,0,0,52.0
HC-NYG-03,Rwimiyaga Health Center,Nyagatare,2026-06-29,ACT,"ACT course (logistics unit, not a dose)",12,1,0,12.0
HC-NYG-03,Rwimiyaga Health Center,Nyagatare,2026-06-29,RDT,RDT kit,21,2,0,10.5
HC-NYG-03,Rwimiyaga Health Center,Nyagatare,2026-06-29,injectable_artesunate,"injectable artesunate vial (logistics unit, not a dose)",8,0,0,52.0
HC-NYG-03,Rwimiyaga Health Center,Nyagatare,2026-07-06,ACT,"ACT course (logistics unit, not a dose)",6,0,0,52.0
HC-NYG-03,Rwimiyaga Health Center,Nyagatare,2026-07-06,RDT,RDT kit,45,4,0,11.25
HC-NYG-03,Rwimiyaga Health Center,Nyagatare,2026-07-06,injectable_artesunate,"injectable artesunate vial (logistics unit, not a dose)",6,0,0,52.0
HC-NYG-03,Rwimiyaga Health Center,Nyagatare,2026-07-13,ACT,"ACT course (logistics unit, not a dose)",13,2,0,6.5
HC-NYG-03,Rwimiyaga Health Center,Nyagatare,2026-07-13,RDT,RDT kit,32,4,0,8.0
HC-NYG-03,Rwimiyaga Health Center,Nyagatare,2026-07-13,injectable_artesunate,"injectable artesunate vial (logistics unit, not a dose)",0,0,1,0.0
HC-NYG-03,Rwimiyaga Health Center,Nyagatare,2026-07-20,ACT,"ACT course (logistics unit, not a dose)",11,1,0,11.0
HC-NYG-03,Rwimiyaga Health Center,Nyagatare,2026-07-20,RDT,RDT kit,9,2,0,4.5
HC-NYG-03,Rwimiyaga Health Center,Nyagatare,2026-07-20,injectable_artesunate,"injectable artesunate vial (logistics unit, not a dose)",3,1,0,3.0
HC-NYG-03,Rwimiyaga Health Center,Nyagatare,2026-07-27,ACT,"ACT course (logistics unit, not a dose)",12,2,0,6.0
HC-NYG-03,Rwimiyaga Health Center,Nyagatare,2026-07-27,RDT,RDT kit,23,3,0,7.67
HC-NYG-03,Rwimiyaga Health Center,Nyagatare,2026-07-27,injectable_artesunate,"injectable artesunate vial (logistics unit, not a dose)",9,1,0,9.0
HC-NYG-03,Rwimiyaga Health Center,Nyagatare,2026-08-03,ACT,"ACT course (logistics unit, not a dose)",7,0,0,52.0
HC-NYG-03,Rwimiyaga Health Center,Nyagatare,2026-08-03,RDT,RDT kit,10,1,0,10.0
HC-NYG-03,Rwimiyaga Health Center,Nyagatare,2026-08-03,injectable_artesunate,"injectable artesunate vial (logistics unit, not a dose)",5,0,0,52.0
HC-NYG-03,Rwimiyaga Health Center,Nyagatare,2026-08-10,ACT,"ACT course (logistics unit, not a dose)",20,2,0,10.0
HC-NYG-03,Rwimiyaga Health Center,Nyagatare,2026-08-10,RDT,RDT kit,21,3,0,7.0
HC-NYG-03,Rwimiyaga Health Center,Nyagatare,2026-08-10,injectable_artesunate,"injectable artesunate vial (logistics unit, not a dose)",0,0,1,0.0
HC-NYG-03,Rwimiyaga Health Center,Nyagatare,2026-08-17,ACT,"ACT course (logistics unit, not a dose)",2,3,0,0.67
HC-NYG-03,Rwimiyaga Health Center,Nyagatare,2026-08-17,RDT,RDT kit,9,3,0,3.0
HC-NYG-03,Rwimiyaga Health Center,Nyagatare,2026-08-17,injectable_artesunate,"injectable artesunate vial (logistics unit, not a dose)",0,2,1,0.0
HC-NYG-03,Rwimiyaga Health Center,Nyagatare,2026-08-24,ACT,"ACT course (logistics unit, not a dose)",24,3,0,8.0
HC-NYG-03,Rwimiyaga Health Center,Nyagatare,2026-08-24,RDT,RDT kit,25,6,0,4.17
HC-NYG-03,Rwimiyaga Health Center,Nyagatare,2026-08-24,injectable_artesunate,"injectable artesunate vial (logistics unit, not a dose)",0,2,1,0.0
HC-NYG-03,Rwimiyaga Health Center,Nyagatare,2026-08-31,ACT,"ACT course (logistics unit, not a dose)",76,8,0,9.5
HC-NYG-03,Rwimiyaga Health Center,Nyagatare,2026-08-31,RDT,RDT kit,116,10,0,11.6
HC-NYG-03,Rwimiyaga Health Center,Nyagatare,2026-08-31,injectable_artesunate,"injectable artesunate vial (logistics unit, not a dose)",0,2,1,0.0
HC-NYG-03,Rwimiyaga Health Center,Nyagatare,2026-09-07,ACT,"ACT course (logistics unit, not a dose)",33,3,0,11.0
HC-NYG-03,Rwimiyaga Health Center,Nyagatare,2026-09-07,RDT,RDT kit,49,6,0,8.17
HC-NYG-03,Rwimiyaga Health Center,Nyagatare,2026-09-07,injectable_artesunate,"injectable artesunate vial (logistics unit, not a dose)",0,2,1,0.0
HC-NYG-03,Rwimiyaga Health Center,Nyagatare,2026-09-14,ACT,"ACT course (logistics unit, not a dose)",12,1,0,12.0
HC-NYG-03,Rwimiyaga Health Center,Nyagatare,2026-09-14,RDT,RDT kit,77,7,0,11.0
HC-NYG-03,Rwimiyaga Health Center,Nyagatare,2026-09-14,injectable_artesunate,"injectable artesunate vial (logistics unit, not a dose)",0,2,1,0.0
HC-NYG-03,Rwimiyaga Health Center,Nyagatare,2026-09-21,ACT,"ACT course (logistics unit, not a dose)",71,6,0,11.83
HC-NYG-03,Rwimiyaga Health Center,Nyagatare,2026-09-21,RDT,RDT kit,84,7,0,12.0
HC-NYG-03,Rwimiyaga Health Center,Nyagatare,2026-09-21,injectable_artesunate,"injectable artesunate vial (logistics unit, not a dose)",0,4,1,0.0
HC-NYG-03,Rwimiyaga Health Center,Nyagatare,2026-09-28,ACT,"ACT course (logistics unit, not a dose)",7,1,0,7.0
HC-NYG-03,Rwimiyaga Health Center,Nyagatare,2026-09-28,RDT,RDT kit,23,3,0,7.67
HC-NYG-03,Rwimiyaga Health Center,Nyagatare,2026-09-28,injectable_artesunate,"injectable artesunate vial (logistics unit, not a dose)",0,2,1,0.0
HC-NYG-04,Matimba Health Center,Nyagatare,2024-09-30,ACT,"ACT course (logistics unit, not a dose)",0,5,1,0.0
HC-NYG-04,Matimba Health Center,Nyagatare,2024-09-30,RDT,RDT kit,23,2,0,11.5
HC-NYG-04,Matimba Health Center,Nyagatare,2024-09-30,injectable_artesunate,"injectable artesunate vial (logistics unit, not a dose)",10,0,0,52.0
HC-NYG-04,Matimba Health Center,Nyagatare,2024-10-07,ACT,"ACT course (logistics unit, not a dose)",1,2,0,0.5
HC-NYG-04,Matimba Health Center,Nyagatare,2024-10-07,RDT,RDT kit,25,3,0,8.33
HC-NYG-04,Matimba Health Center,Nyagatare,2024-10-07,injectable_artesunate,"injectable artesunate vial (logistics unit, not a dose)",4,0,0,52.0
HC-NYG-04,Matimba Health Center,Nyagatare,2024-10-14,ACT,"ACT course (logistics unit, not a dose)",4,1,0,4.0
HC-NYG-04,Matimba Health Center,Nyagatare,2024-10-14,RDT,RDT kit,18,5,0,3.6
HC-NYG-04,Matimba Health Center,Nyagatare,2024-10-14,injectable_artesunate,"injectable artesunate vial (logistics unit, not a dose)",4,0,0,52.0
HC-NYG-04,Matimba Health Center,Nyagatare,2024-10-21,ACT,"ACT course (logistics unit, not a dose)",11,0,0,52.0
HC-NYG-04,Matimba Health Center,Nyagatare,2024-10-21,RDT,RDT kit,13,2,0,6.5
HC-NYG-04,Matimba Health Center,Nyagatare,2024-10-21,injectable_artesunate,"injectable artesunate vial (logistics unit, not a dose)",1,0,0,52.0
HC-NYG-04,Matimba Health Center,Nyagatare,2024-10-28,ACT,"ACT course (logistics unit, not a dose)",8,2,0,4.0
HC-NYG-04,Matimba Health Center,Nyagatare,2024-10-28,RDT,RDT kit,0,4,1,0.0
HC-NYG-04,Matimba Health Center,Nyagatare,2024-10-28,injectable_artesunate,"injectable artesunate vial (logistics unit, not a dose)",9,0,0,52.0
HC-NYG-04,Matimba Health Center,Nyagatare,2024-11-04,ACT,"ACT course (logistics unit, not a dose)",10,3,0,3.33
HC-NYG-04,Matimba Health Center,Nyagatare,2024-11-04,RDT,RDT kit,38,4,0,9.5
HC-NYG-04,Matimba Health Center,Nyagatare,2024-11-04,injectable_artesunate,"injectable artesunate vial (logistics unit, not a dose)",22,2,0,11.0
HC-NYG-04,Matimba Health Center,Nyagatare,2024-11-11,ACT,"ACT course (logistics unit, not a dose)",48,6,0,8.0
HC-NYG-04,Matimba Health Center,Nyagatare,2024-11-11,RDT,RDT kit,24,2,0,12.0
HC-NYG-04,Matimba Health Center,Nyagatare,2024-11-11,injectable_artesunate,"injectable artesunate vial (logistics unit, not a dose)",0,1,1,0.0
HC-NYG-04,Matimba Health Center,Nyagatare,2024-11-18,ACT,"ACT course (logistics unit, not a dose)",6,0,0,52.0
HC-NYG-04,Matimba Health Center,Nyagatare,2024-11-18,RDT,RDT kit,12,4,0,3.0
HC-NYG-04,Matimba Health Center,Nyagatare,2024-11-18,injectable_artesunate,"injectable artesunate vial (logistics unit, not a dose)",12,1,0,12.0
HC-NYG-04,Matimba Health Center,Nyagatare,2024-11-25,ACT,"ACT course (logistics unit, not a dose)",8,2,0,4.0
HC-NYG-04,Matimba Health Center,Nyagatare,2024-11-25,RDT,RDT kit,20,3,0,6.67
HC-NYG-04,Matimba Health Center,Nyagatare,2024-11-25,injectable_artesunate,"injectable artesunate vial (logistics unit, not a dose)",3,0,0,52.0
HC-NYG-04,Matimba Health Center,Nyagatare,2024-12-02,ACT,"ACT course (logistics unit, not a dose)",3,0,0,52.0
HC-NYG-04,Matimba Health Center,Nyagatare,2024-12-02,RDT,RDT kit,0,4,1,0.0
HC-NYG-04,Matimba Health Center,Nyagatare,2024-12-02,injectable_artesunate,"injectable artesunate vial (logistics unit, not a dose)",6,1,0,6.0
HC-NYG-04,Matimba Health Center,Nyagatare,2024-12-09,ACT,"ACT course (logistics unit, not a dose)",8,1,0,8.0
HC-NYG-04,Matimba Health Center,Nyagatare,2024-12-09,RDT,RDT kit,0,1,1,0.0
HC-NYG-04,Matimba Health Center,Nyagatare,2024-12-09,injectable_artesunate,"injectable artesunate vial (logistics unit, not a dose)",10,0,0,52.0
HC-NYG-04,Matimba Health Center,Nyagatare,2024-12-16,ACT,"ACT course (logistics unit, not a dose)",7,0,0,52.0
HC-NYG-04,Matimba Health Center,Nyagatare,2024-12-16,RDT,RDT kit,9,1,0,9.0
HC-NYG-04,Matimba Health Center,Nyagatare,2024-12-16,injectable_artesunate,"injectable artesunate vial (logistics unit, not a dose)",9,0,0,52.0
HC-NYG-04,Matimba Health Center,Nyagatare,2024-12-23,ACT,"ACT course (logistics unit, not a dose)",17,2,0,8.5
HC-NYG-04,Matimba Health Center,Nyagatare,2024-12-23,RDT,RDT kit,11,1,0,11.0
HC-NYG-04,Matimba Health Center,Nyagatare,2024-12-23,injectable_artesunate,"injectable artesunate vial (logistics unit, not a dose)",7,0,0,52.0
HC-NYG-04,Matimba Health Center,Nyagatare,2024-12-30,ACT,"ACT course (logistics unit, not a dose)",11,2,0,5.5
HC-NYG-04,Matimba Health Center,Nyagatare,2024-12-30,RDT,RDT kit,40,5,0,8.0
HC-NYG-04,Matimba Health Center,Nyagatare,2024-12-30,injectable_artesunate,"injectable artesunate vial (logistics unit, not a dose)",8,0,0,52.0
HC-NYG-04,Matimba Health Center,Nyagatare,2025-01-06,ACT,"ACT course (logistics unit, not a dose)",29,3,0,9.67
HC-NYG-04,Matimba Health Center,Nyagatare,2025-01-06,RDT,RDT kit,0,3,1,0.0
HC-NYG-04,Matimba Health Center,Nyagatare,2025-01-06,injectable_artesunate,"injectable artesunate vial (logistics unit, not a dose)",3,0,0,52.0
HC-NYG-04,Matimba Health Center,Nyagatare,2025-01-13,ACT,"ACT course (logistics unit, not a dose)",9,0,0,52.0
HC-NYG-04,Matimba Health Center,Nyagatare,2025-01-13,RDT,RDT kit,21,3,0,7.0
HC-NYG-04,Matimba Health Center,Nyagatare,2025-01-13,injectable_artesunate,"injectable artesunate vial (logistics unit, not a dose)",0,0,1,0.0
HC-NYG-04,Matimba Health Center,Nyagatare,2025-01-20,ACT,"ACT course (logistics unit, not a dose)",9,3,0,3.0
HC-NYG-04,Matimba Health Center,Nyagatare,2025-01-20,RDT,RDT kit,30,5,0,6.0
HC-NYG-04,Matimba Health Center,Nyagatare,2025-01-20,injectable_artesunate,"injectable artesunate vial (logistics unit, not a dose)",10,0,0,52.0
HC-NYG-04,Matimba Health Center,Nyagatare,2025-01-27,ACT,"ACT course (logistics unit, not a dose)",1,1,0,1.0
HC-NYG-04,Matimba Health Center,Nyagatare,2025-01-27,RDT,RDT kit,11,1,0,11.0
HC-NYG-04,Matimba Health Center,Nyagatare,2025-01-27,injectable_artesunate,"injectable artesunate vial (logistics unit, not a dose)",9,0,0,52.0
HC-NYG-04,Matimba Health Center,Nyagatare,2025-02-03,ACT,"ACT course (logistics unit, not a dose)",6,0,0,52.0
HC-NYG-04,Matimba Health Center,Nyagatare,2025-02-03,RDT,RDT kit,0,0,1,0.0
HC-NYG-04,Matimba Health Center,Nyagatare,2025-02-03,injectable_artesunate,"injectable artesunate vial (logistics unit, not a dose)",5,0,0,52.0
HC-NYG-04,Matimba Health Center,Nyagatare,2025-02-10,ACT,"ACT course (logistics unit, not a dose)",9,0,0,52.0
HC-NYG-04,Matimba Health Center,Nyagatare,2025-02-10,RDT,RDT kit,33,7,0,4.71
HC-NYG-04,Matimba Health Center,Nyagatare,2025-02-10,injectable_artesunate,"injectable artesunate vial (logistics unit, not a dose)",0,0,1,0.0
HC-NYG-04,Matimba Health Center,Nyagatare,2025-02-17,ACT,"ACT course (logistics unit, not a dose)",17,2,0,8.5
HC-NYG-04,Matimba Health Center,Nyagatare,2025-02-17,RDT,RDT kit,12,1,0,12.0
HC-NYG-04,Matimba Health Center,Nyagatare,2025-02-17,injectable_artesunate,"injectable artesunate vial (logistics unit, not a dose)",9,0,0,52.0
HC-NYG-04,Matimba Health Center,Nyagatare,2025-02-24,ACT,"ACT course (logistics unit, not a dose)",11,2,0,5.5
HC-NYG-04,Matimba Health Center,Nyagatare,2025-02-24,RDT,RDT kit,0,3,1,0.0
HC-NYG-04,Matimba Health Center,Nyagatare,2025-02-24,injectable_artesunate,"injectable artesunate vial (logistics unit, not a dose)",8,0,0,52.0
HC-NYG-04,Matimba Health Center,Nyagatare,2025-03-03,ACT,"ACT course (logistics unit, not a dose)",20,6,0,3.33
HC-NYG-04,Matimba Health Center,Nyagatare,2025-03-03,RDT,RDT kit,11,2,0,5.5
HC-NYG-04,Matimba Health Center,Nyagatare,2025-03-03,injectable_artesunate,"injectable artesunate vial (logistics unit, not a dose)",11,0,0,52.0
HC-NYG-04,Matimba Health Center,Nyagatare,2025-03-10,ACT,"ACT course (logistics unit, not a dose)",2,3,0,0.67
HC-NYG-04,Matimba Health Center,Nyagatare,2025-03-10,RDT,RDT kit,10,2,0,5.0
HC-NYG-04,Matimba Health Center,Nyagatare,2025-03-10,injectable_artesunate,"injectable artesunate vial (logistics unit, not a dose)",7,0,0,52.0
HC-NYG-04,Matimba Health Center,Nyagatare,2025-03-17,ACT,"ACT course (logistics unit, not a dose)",20,2,0,10.0
HC-NYG-04,Matimba Health Center,Nyagatare,2025-03-17,RDT,RDT kit,9,1,0,9.0
HC-NYG-04,Matimba Health Center,Nyagatare,2025-03-17,injectable_artesunate,"injectable artesunate vial (logistics unit, not a dose)",5,1,0,5.0
HC-NYG-04,Matimba Health Center,Nyagatare,2025-03-24,ACT,"ACT course (logistics unit, not a dose)",11,0,0,52.0
HC-NYG-04,Matimba Health Center,Nyagatare,2025-03-24,RDT,RDT kit,18,2,0,9.0
HC-NYG-04,Matimba Health Center,Nyagatare,2025-03-24,injectable_artesunate,"injectable artesunate vial (logistics unit, not a dose)",7,1,0,7.0
HC-NYG-04,Matimba Health Center,Nyagatare,2025-03-31,ACT,"ACT course (logistics unit, not a dose)",9,2,0,4.5
HC-NYG-04,Matimba Health Center,Nyagatare,2025-03-31,RDT,RDT kit,6,2,0,3.0
HC-NYG-04,Matimba Health Center,Nyagatare,2025-03-31,injectable_artesunate,"injectable artesunate vial (logistics unit, not a dose)",9,0,0,52.0
HC-NYG-04,Matimba Health Center,Nyagatare,2025-04-07,ACT,"ACT course (logistics unit, not a dose)",10,3,0,3.33
HC-NYG-04,Matimba Health Center,Nyagatare,2025-04-07,RDT,RDT kit,53,5,0,10.6
HC-NYG-04,Matimba Health Center,Nyagatare,2025-04-07,injectable_artesunate,"injectable artesunate vial (logistics unit, not a dose)",6,0,0,52.0
HC-NYG-04,Matimba Health Center,Nyagatare,2025-04-14,ACT,"ACT course (logistics unit, not a dose)",11,0,0,52.0
HC-NYG-04,Matimba Health Center,Nyagatare,2025-04-14,RDT,RDT kit,28,4,0,7.0
HC-NYG-04,Matimba Health Center,Nyagatare,2025-04-14,injectable_artesunate,"injectable artesunate vial (logistics unit, not a dose)",6,0,0,52.0
HC-NYG-04,Matimba Health Center,Nyagatare,2025-04-21,ACT,"ACT course (logistics unit, not a dose)",9,0,0,52.0
HC-NYG-04,Matimba Health Center,Nyagatare,2025-04-21,RDT,RDT kit,18,4,0,4.5
HC-NYG-04,Matimba Health Center,Nyagatare,2025-04-21,injectable_artesunate,"injectable artesunate vial (logistics unit, not a dose)",7,0,0,52.0
HC-NYG-04,Matimba Health Center,Nyagatare,2025-04-28,ACT,"ACT course (logistics unit, not a dose)",10,0,0,52.0
HC-NYG-04,Matimba Health Center,Nyagatare,2025-04-28,RDT,RDT kit,29,3,0,9.67
HC-NYG-04,Matimba Health Center,Nyagatare,2025-04-28,injectable_artesunate,"injectable artesunate vial (logistics unit, not a dose)",12,0,0,52.0
HC-NYG-04,Matimba Health Center,Nyagatare,2025-05-05,ACT,"ACT course (logistics unit, not a dose)",8,1,0,8.0
HC-NYG-04,Matimba Health Center,Nyagatare,2025-05-05,RDT,RDT kit,9,0,0,52.0
HC-NYG-04,Matimba Health Center,Nyagatare,2025-05-05,injectable_artesunate,"injectable artesunate vial (logistics unit, not a dose)",10,0,0,52.0
HC-NYG-04,Matimba Health Center,Nyagatare,2025-05-12,ACT,"ACT course (logistics unit, not a dose)",31,3,0,10.33
HC-NYG-04,Matimba Health Center,Nyagatare,2025-05-12,RDT,RDT kit,21,5,0,4.2
HC-NYG-04,Matimba Health Center,Nyagatare,2025-05-12,injectable_artesunate,"injectable artesunate vial (logistics unit, not a dose)",7,1,0,7.0
HC-NYG-04,Matimba Health Center,Nyagatare,2025-05-19,ACT,"ACT course (logistics unit, not a dose)",3,1,0,3.0
HC-NYG-04,Matimba Health Center,Nyagatare,2025-05-19,RDT,RDT kit,55,6,0,9.17
HC-NYG-04,Matimba Health Center,Nyagatare,2025-05-19,injectable_artesunate,"injectable artesunate vial (logistics unit, not a dose)",3,0,0,52.0
HC-NYG-04,Matimba Health Center,Nyagatare,2025-05-26,ACT,"ACT course (logistics unit, not a dose)",6,1,0,6.0
HC-NYG-04,Matimba Health Center,Nyagatare,2025-05-26,RDT,RDT kit,14,3,0,4.67
HC-NYG-04,Matimba Health Center,Nyagatare,2025-05-26,injectable_artesunate,"injectable artesunate vial (logistics unit, not a dose)",1,0,0,52.0
HC-NYG-04,Matimba Health Center,Nyagatare,2025-06-02,ACT,"ACT course (logistics unit, not a dose)",13,3,0,4.33
HC-NYG-04,Matimba Health Center,Nyagatare,2025-06-02,RDT,RDT kit,30,3,0,10.0
HC-NYG-04,Matimba Health Center,Nyagatare,2025-06-02,injectable_artesunate,"injectable artesunate vial (logistics unit, not a dose)",12,1,0,12.0
HC-NYG-04,Matimba Health Center,Nyagatare,2025-06-09,ACT,"ACT course (logistics unit, not a dose)",16,3,0,5.33
HC-NYG-04,Matimba Health Center,Nyagatare,2025-06-09,RDT,RDT kit,17,2,0,8.5
HC-NYG-04,Matimba Health Center,Nyagatare,2025-06-09,injectable_artesunate,"injectable artesunate vial (logistics unit, not a dose)",4,0,0,52.0
HC-NYG-04,Matimba Health Center,Nyagatare,2025-06-16,ACT,"ACT course (logistics unit, not a dose)",7,0,0,52.0
HC-NYG-04,Matimba Health Center,Nyagatare,2025-06-16,RDT,RDT kit,18,2,0,9.0
HC-NYG-04,Matimba Health Center,Nyagatare,2025-06-16,injectable_artesunate,"injectable artesunate vial (logistics unit, not a dose)",11,0,0,52.0
HC-NYG-04,Matimba Health Center,Nyagatare,2025-06-23,ACT,"ACT course (logistics unit, not a dose)",15,2,0,7.5
HC-NYG-04,Matimba Health Center,Nyagatare,2025-06-23,RDT,RDT kit,9,1,0,9.0
HC-NYG-04,Matimba Health Center,Nyagatare,2025-06-23,injectable_artesunate,"injectable artesunate vial (logistics unit, not a dose)",21,3,0,7.0
HC-NYG-04,Matimba Health Center,Nyagatare,2025-06-30,ACT,"ACT course (logistics unit, not a dose)",6,1,0,6.0
HC-NYG-04,Matimba Health Center,Nyagatare,2025-06-30,RDT,RDT kit,30,3,0,10.0
HC-NYG-04,Matimba Health Center,Nyagatare,2025-06-30,injectable_artesunate,"injectable artesunate vial (logistics unit, not a dose)",11,0,0,52.0
HC-NYG-04,Matimba Health Center,Nyagatare,2025-07-07,ACT,"ACT course (logistics unit, not a dose)",4,1,0,4.0
HC-NYG-04,Matimba Health Center,Nyagatare,2025-07-07,RDT,RDT kit,1,0,0,52.0
HC-NYG-04,Matimba Health Center,Nyagatare,2025-07-07,injectable_artesunate,"injectable artesunate vial (logistics unit, not a dose)",9,1,0,9.0
HC-NYG-04,Matimba Health Center,Nyagatare,2025-07-14,ACT,"ACT course (logistics unit, not a dose)",7,0,0,52.0
HC-NYG-04,Matimba Health Center,Nyagatare,2025-07-14,RDT,RDT kit,9,2,0,4.5
HC-NYG-04,Matimba Health Center,Nyagatare,2025-07-14,injectable_artesunate,"injectable artesunate vial (logistics unit, not a dose)",8,0,0,52.0
HC-NYG-04,Matimba Health Center,Nyagatare,2025-07-21,ACT,"ACT course (logistics unit, not a dose)",12,1,0,12.0
HC-NYG-04,Matimba Health Center,Nyagatare,2025-07-21,RDT,RDT kit,4,0,0,52.0
HC-NYG-04,Matimba Health Center,Nyagatare,2025-07-21,injectable_artesunate,"injectable artesunate vial (logistics unit, not a dose)",8,0,0,52.0
HC-NYG-04,Matimba Health Center,Nyagatare,2025-07-28,ACT,"ACT course (logistics unit, not a dose)",11,1,0,11.0
HC-NYG-04,Matimba Health Center,Nyagatare,2025-07-28,RDT,RDT kit,28,3,0,9.33
HC-NYG-04,Matimba Health Center,Nyagatare,2025-07-28,injectable_artesunate,"injectable artesunate vial (logistics unit, not a dose)",6,0,0,52.0
HC-NYG-04,Matimba Health Center,Nyagatare,2025-08-04,ACT,"ACT course (logistics unit, not a dose)",11,1,0,11.0
HC-NYG-04,Matimba Health Center,Nyagatare,2025-08-04,RDT,RDT kit,46,6,0,7.67
HC-NYG-04,Matimba Health Center,Nyagatare,2025-08-04,injectable_artesunate,"injectable artesunate vial (logistics unit, not a dose)",11,0,0,52.0
HC-NYG-04,Matimba Health Center,Nyagatare,2025-08-11,ACT,"ACT course (logistics unit, not a dose)",4,1,0,4.0
HC-NYG-04,Matimba Health Center,Nyagatare,2025-08-11,RDT,RDT kit,31,3,0,10.33
HC-NYG-04,Matimba Health Center,Nyagatare,2025-08-11,injectable_artesunate,"injectable artesunate vial (logistics unit, not a dose)",4,0,0,52.0
HC-NYG-04,Matimba Health Center,Nyagatare,2025-08-18,ACT,"ACT course (logistics unit, not a dose)",35,3,0,11.67
HC-NYG-04,Matimba Health Center,Nyagatare,2025-08-18,RDT,RDT kit,8,2,0,4.0
HC-NYG-04,Matimba Health Center,Nyagatare,2025-08-18,injectable_artesunate,"injectable artesunate vial (logistics unit, not a dose)",5,0,0,52.0
HC-NYG-04,Matimba Health Center,Nyagatare,2025-08-25,ACT,"ACT course (logistics unit, not a dose)",7,0,0,52.0
HC-NYG-04,Matimba Health Center,Nyagatare,2025-08-25,RDT,RDT kit,1,0,0,52.0
HC-NYG-04,Matimba Health Center,Nyagatare,2025-08-25,injectable_artesunate,"injectable artesunate vial (logistics unit, not a dose)",6,0,0,52.0
HC-NYG-04,Matimba Health Center,Nyagatare,2025-09-01,ACT,"ACT course (logistics unit, not a dose)",2,2,0,1.0
HC-NYG-04,Matimba Health Center,Nyagatare,2025-09-01,RDT,RDT kit,13,2,0,6.5
HC-NYG-04,Matimba Health Center,Nyagatare,2025-09-01,injectable_artesunate,"injectable artesunate vial (logistics unit, not a dose)",3,1,0,3.0
HC-NYG-04,Matimba Health Center,Nyagatare,2025-09-08,ACT,"ACT course (logistics unit, not a dose)",17,3,0,5.67
HC-NYG-04,Matimba Health Center,Nyagatare,2025-09-08,RDT,RDT kit,10,2,0,5.0
HC-NYG-04,Matimba Health Center,Nyagatare,2025-09-08,injectable_artesunate,"injectable artesunate vial (logistics unit, not a dose)",10,1,0,10.0
HC-NYG-04,Matimba Health Center,Nyagatare,2025-09-15,ACT,"ACT course (logistics unit, not a dose)",10,0,0,52.0
HC-NYG-04,Matimba Health Center,Nyagatare,2025-09-15,RDT,RDT kit,53,6,0,8.83
HC-NYG-04,Matimba Health Center,Nyagatare,2025-09-15,injectable_artesunate,"injectable artesunate vial (logistics unit, not a dose)",6,0,0,52.0
HC-NYG-04,Matimba Health Center,Nyagatare,2025-09-22,ACT,"ACT course (logistics unit, not a dose)",1,1,0,1.0
HC-NYG-04,Matimba Health Center,Nyagatare,2025-09-22,RDT,RDT kit,18,5,0,3.6
HC-NYG-04,Matimba Health Center,Nyagatare,2025-09-22,injectable_artesunate,"injectable artesunate vial (logistics unit, not a dose)",9,0,0,52.0
HC-NYG-04,Matimba Health Center,Nyagatare,2025-09-29,ACT,"ACT course (logistics unit, not a dose)",7,1,0,7.0
HC-NYG-04,Matimba Health Center,Nyagatare,2025-09-29,RDT,RDT kit,35,3,0,11.67
HC-NYG-04,Matimba Health Center,Nyagatare,2025-09-29,injectable_artesunate,"injectable artesunate vial (logistics unit, not a dose)",10,1,0,10.0
HC-NYG-04,Matimba Health Center,Nyagatare,2025-10-06,ACT,"ACT course (logistics unit, not a dose)",11,0,0,52.0
HC-NYG-04,Matimba Health Center,Nyagatare,2025-10-06,RDT,RDT kit,30,3,0,10.0
HC-NYG-04,Matimba Health Center,Nyagatare,2025-10-06,injectable_artesunate,"injectable artesunate vial (logistics unit, not a dose)",10,1,0,10.0
HC-NYG-04,Matimba Health Center,Nyagatare,2025-10-13,ACT,"ACT course (logistics unit, not a dose)",10,0,0,52.0
HC-NYG-04,Matimba Health Center,Nyagatare,2025-10-13,RDT,RDT kit,49,5,0,9.8
HC-NYG-04,Matimba Health Center,Nyagatare,2025-10-13,injectable_artesunate,"injectable artesunate vial (logistics unit, not a dose)",3,1,0,3.0
HC-NYG-04,Matimba Health Center,Nyagatare,2025-10-20,ACT,"ACT course (logistics unit, not a dose)",7,2,0,3.5
HC-NYG-04,Matimba Health Center,Nyagatare,2025-10-20,RDT,RDT kit,30,3,0,10.0
HC-NYG-04,Matimba Health Center,Nyagatare,2025-10-20,injectable_artesunate,"injectable artesunate vial (logistics unit, not a dose)",8,0,0,52.0
HC-NYG-04,Matimba Health Center,Nyagatare,2025-10-27,ACT,"ACT course (logistics unit, not a dose)",28,4,0,7.0
HC-NYG-04,Matimba Health Center,Nyagatare,2025-10-27,RDT,RDT kit,34,5,0,6.8
HC-NYG-04,Matimba Health Center,Nyagatare,2025-10-27,injectable_artesunate,"injectable artesunate vial (logistics unit, not a dose)",8,0,0,52.0
HC-NYG-04,Matimba Health Center,Nyagatare,2025-11-03,ACT,"ACT course (logistics unit, not a dose)",7,2,0,3.5
HC-NYG-04,Matimba Health Center,Nyagatare,2025-11-03,RDT,RDT kit,16,4,0,4.0
HC-NYG-04,Matimba Health Center,Nyagatare,2025-11-03,injectable_artesunate,"injectable artesunate vial (logistics unit, not a dose)",0,0,1,0.0
HC-NYG-04,Matimba Health Center,Nyagatare,2025-11-10,ACT,"ACT course (logistics unit, not a dose)",35,3,0,11.67
HC-NYG-04,Matimba Health Center,Nyagatare,2025-11-10,RDT,RDT kit,14,2,0,7.0
HC-NYG-04,Matimba Health Center,Nyagatare,2025-11-10,injectable_artesunate,"injectable artesunate vial (logistics unit, not a dose)",0,0,1,0.0
HC-NYG-04,Matimba Health Center,Nyagatare,2025-11-17,ACT,"ACT course (logistics unit, not a dose)",4,4,0,1.0
HC-NYG-04,Matimba Health Center,Nyagatare,2025-11-17,RDT,RDT kit,16,2,0,8.0
HC-NYG-04,Matimba Health Center,Nyagatare,2025-11-17,injectable_artesunate,"injectable artesunate vial (logistics unit, not a dose)",8,1,0,8.0
HC-NYG-04,Matimba Health Center,Nyagatare,2025-11-24,ACT,"ACT course (logistics unit, not a dose)",11,1,0,11.0
HC-NYG-04,Matimba Health Center,Nyagatare,2025-11-24,RDT,RDT kit,9,1,0,9.0
HC-NYG-04,Matimba Health Center,Nyagatare,2025-11-24,injectable_artesunate,"injectable artesunate vial (logistics unit, not a dose)",5,1,0,5.0
HC-NYG-04,Matimba Health Center,Nyagatare,2025-12-01,ACT,"ACT course (logistics unit, not a dose)",1,2,0,0.5
HC-NYG-04,Matimba Health Center,Nyagatare,2025-12-01,RDT,RDT kit,42,6,0,7.0
HC-NYG-04,Matimba Health Center,Nyagatare,2025-12-01,injectable_artesunate,"injectable artesunate vial (logistics unit, not a dose)",6,1,0,6.0
HC-NYG-04,Matimba Health Center,Nyagatare,2025-12-08,ACT,"ACT course (logistics unit, not a dose)",34,3,0,11.33
HC-NYG-04,Matimba Health Center,Nyagatare,2025-12-08,RDT,RDT kit,17,2,0,8.5
HC-NYG-04,Matimba Health Center,Nyagatare,2025-12-08,injectable_artesunate,"injectable artesunate vial (logistics unit, not a dose)",9,0,0,52.0
HC-NYG-04,Matimba Health Center,Nyagatare,2025-12-15,ACT,"ACT course (logistics unit, not a dose)",23,2,0,11.5
HC-NYG-04,Matimba Health Center,Nyagatare,2025-12-15,RDT,RDT kit,6,0,0,52.0
HC-NYG-04,Matimba Health Center,Nyagatare,2025-12-15,injectable_artesunate,"injectable artesunate vial (logistics unit, not a dose)",12,1,0,12.0
HC-NYG-04,Matimba Health Center,Nyagatare,2025-12-22,ACT,"ACT course (logistics unit, not a dose)",4,0,0,52.0
HC-NYG-04,Matimba Health Center,Nyagatare,2025-12-22,RDT,RDT kit,24,6,0,4.0
HC-NYG-04,Matimba Health Center,Nyagatare,2025-12-22,injectable_artesunate,"injectable artesunate vial (logistics unit, not a dose)",9,0,0,52.0
HC-NYG-04,Matimba Health Center,Nyagatare,2025-12-29,ACT,"ACT course (logistics unit, not a dose)",5,0,0,52.0
HC-NYG-04,Matimba Health Center,Nyagatare,2025-12-29,RDT,RDT kit,8,1,0,8.0
HC-NYG-04,Matimba Health Center,Nyagatare,2025-12-29,injectable_artesunate,"injectable artesunate vial (logistics unit, not a dose)",0,0,1,0.0
HC-NYG-04,Matimba Health Center,Nyagatare,2026-01-05,ACT,"ACT course (logistics unit, not a dose)",0,2,1,0.0
HC-NYG-04,Matimba Health Center,Nyagatare,2026-01-05,RDT,RDT kit,57,6,0,9.5
HC-NYG-04,Matimba Health Center,Nyagatare,2026-01-05,injectable_artesunate,"injectable artesunate vial (logistics unit, not a dose)",6,0,0,52.0
HC-NYG-04,Matimba Health Center,Nyagatare,2026-01-12,ACT,"ACT course (logistics unit, not a dose)",5,0,0,52.0
HC-NYG-04,Matimba Health Center,Nyagatare,2026-01-12,RDT,RDT kit,30,3,0,10.0
HC-NYG-04,Matimba Health Center,Nyagatare,2026-01-12,injectable_artesunate,"injectable artesunate vial (logistics unit, not a dose)",9,0,0,52.0
HC-NYG-04,Matimba Health Center,Nyagatare,2026-01-19,ACT,"ACT course (logistics unit, not a dose)",1,0,0,52.0
HC-NYG-04,Matimba Health Center,Nyagatare,2026-01-19,RDT,RDT kit,8,1,0,8.0
HC-NYG-04,Matimba Health Center,Nyagatare,2026-01-19,injectable_artesunate,"injectable artesunate vial (logistics unit, not a dose)",8,1,0,8.0
HC-NYG-04,Matimba Health Center,Nyagatare,2026-01-26,ACT,"ACT course (logistics unit, not a dose)",10,1,0,10.0
HC-NYG-04,Matimba Health Center,Nyagatare,2026-01-26,RDT,RDT kit,0,3,1,0.0
HC-NYG-04,Matimba Health Center,Nyagatare,2026-01-26,injectable_artesunate,"injectable artesunate vial (logistics unit, not a dose)",8,0,0,52.0
HC-NYG-04,Matimba Health Center,Nyagatare,2026-02-02,ACT,"ACT course (logistics unit, not a dose)",7,0,0,52.0
HC-NYG-04,Matimba Health Center,Nyagatare,2026-02-02,RDT,RDT kit,14,2,0,7.0
HC-NYG-04,Matimba Health Center,Nyagatare,2026-02-02,injectable_artesunate,"injectable artesunate vial (logistics unit, not a dose)",0,0,1,0.0
HC-NYG-04,Matimba Health Center,Nyagatare,2026-02-09,ACT,"ACT course (logistics unit, not a dose)",11,0,0,52.0
HC-NYG-04,Matimba Health Center,Nyagatare,2026-02-09,RDT,RDT kit,26,3,0,8.67
HC-NYG-04,Matimba Health Center,Nyagatare,2026-02-09,injectable_artesunate,"injectable artesunate vial (logistics unit, not a dose)",11,0,0,52.0
HC-NYG-04,Matimba Health Center,Nyagatare,2026-02-16,ACT,"ACT course (logistics unit, not a dose)",9,1,0,9.0
HC-NYG-04,Matimba Health Center,Nyagatare,2026-02-16,RDT,RDT kit,8,2,0,4.0
HC-NYG-04,Matimba Health Center,Nyagatare,2026-02-16,injectable_artesunate,"injectable artesunate vial (logistics unit, not a dose)",11,0,0,52.0
HC-NYG-04,Matimba Health Center,Nyagatare,2026-02-23,ACT,"ACT course (logistics unit, not a dose)",5,1,0,5.0
HC-NYG-04,Matimba Health Center,Nyagatare,2026-02-23,RDT,RDT kit,29,5,0,5.8
HC-NYG-04,Matimba Health Center,Nyagatare,2026-02-23,injectable_artesunate,"injectable artesunate vial (logistics unit, not a dose)",10,0,0,52.0
HC-NYG-04,Matimba Health Center,Nyagatare,2026-03-02,ACT,"ACT course (logistics unit, not a dose)",13,2,0,6.5
HC-NYG-04,Matimba Health Center,Nyagatare,2026-03-02,RDT,RDT kit,24,2,0,12.0
HC-NYG-04,Matimba Health Center,Nyagatare,2026-03-02,injectable_artesunate,"injectable artesunate vial (logistics unit, not a dose)",11,1,0,11.0
HC-NYG-04,Matimba Health Center,Nyagatare,2026-03-09,ACT,"ACT course (logistics unit, not a dose)",5,1,0,5.0
HC-NYG-04,Matimba Health Center,Nyagatare,2026-03-09,RDT,RDT kit,18,2,0,9.0
HC-NYG-04,Matimba Health Center,Nyagatare,2026-03-09,injectable_artesunate,"injectable artesunate vial (logistics unit, not a dose)",5,0,0,52.0
HC-NYG-04,Matimba Health Center,Nyagatare,2026-03-16,ACT,"ACT course (logistics unit, not a dose)",11,1,0,11.0
HC-NYG-04,Matimba Health Center,Nyagatare,2026-03-16,RDT,RDT kit,8,2,0,4.0
HC-NYG-04,Matimba Health Center,Nyagatare,2026-03-16,injectable_artesunate,"injectable artesunate vial (logistics unit, not a dose)",17,3,0,5.67
HC-NYG-04,Matimba Health Center,Nyagatare,2026-03-23,ACT,"ACT course (logistics unit, not a dose)",7,2,0,3.5
HC-NYG-04,Matimba Health Center,Nyagatare,2026-03-23,RDT,RDT kit,11,1,0,11.0
HC-NYG-04,Matimba Health Center,Nyagatare,2026-03-23,injectable_artesunate,"injectable artesunate vial (logistics unit, not a dose)",7,0,0,52.0
HC-NYG-04,Matimba Health Center,Nyagatare,2026-03-30,ACT,"ACT course (logistics unit, not a dose)",0,2,1,0.0
HC-NYG-04,Matimba Health Center,Nyagatare,2026-03-30,RDT,RDT kit,18,2,0,9.0
HC-NYG-04,Matimba Health Center,Nyagatare,2026-03-30,injectable_artesunate,"injectable artesunate vial (logistics unit, not a dose)",10,0,0,52.0
HC-NYG-04,Matimba Health Center,Nyagatare,2026-04-06,ACT,"ACT course (logistics unit, not a dose)",13,3,0,4.33
HC-NYG-04,Matimba Health Center,Nyagatare,2026-04-06,RDT,RDT kit,62,7,0,8.86
HC-NYG-04,Matimba Health Center,Nyagatare,2026-04-06,injectable_artesunate,"injectable artesunate vial (logistics unit, not a dose)",0,3,1,0.0
HC-NYG-04,Matimba Health Center,Nyagatare,2026-04-13,ACT,"ACT course (logistics unit, not a dose)",25,5,0,5.0
HC-NYG-04,Matimba Health Center,Nyagatare,2026-04-13,RDT,RDT kit,12,2,0,6.0
HC-NYG-04,Matimba Health Center,Nyagatare,2026-04-13,injectable_artesunate,"injectable artesunate vial (logistics unit, not a dose)",7,2,0,3.5
HC-NYG-04,Matimba Health Center,Nyagatare,2026-04-20,ACT,"ACT course (logistics unit, not a dose)",0,3,1,0.0
HC-NYG-04,Matimba Health Center,Nyagatare,2026-04-20,RDT,RDT kit,55,5,0,11.0
HC-NYG-04,Matimba Health Center,Nyagatare,2026-04-20,injectable_artesunate,"injectable artesunate vial (logistics unit, not a dose)",4,0,0,52.0
HC-NYG-04,Matimba Health Center,Nyagatare,2026-04-27,ACT,"ACT course (logistics unit, not a dose)",8,0,0,52.0
HC-NYG-04,Matimba Health Center,Nyagatare,2026-04-27,RDT,RDT kit,44,4,0,11.0
HC-NYG-04,Matimba Health Center,Nyagatare,2026-04-27,injectable_artesunate,"injectable artesunate vial (logistics unit, not a dose)",1,0,0,52.0
HC-NYG-04,Matimba Health Center,Nyagatare,2026-05-04,ACT,"ACT course (logistics unit, not a dose)",3,0,0,52.0
HC-NYG-04,Matimba Health Center,Nyagatare,2026-05-04,RDT,RDT kit,16,5,0,3.2
HC-NYG-04,Matimba Health Center,Nyagatare,2026-05-04,injectable_artesunate,"injectable artesunate vial (logistics unit, not a dose)",11,0,0,52.0
HC-NYG-04,Matimba Health Center,Nyagatare,2026-05-11,ACT,"ACT course (logistics unit, not a dose)",12,1,0,12.0
HC-NYG-04,Matimba Health Center,Nyagatare,2026-05-11,RDT,RDT kit,28,3,0,9.33
HC-NYG-04,Matimba Health Center,Nyagatare,2026-05-11,injectable_artesunate,"injectable artesunate vial (logistics unit, not a dose)",11,0,0,52.0
HC-NYG-04,Matimba Health Center,Nyagatare,2026-05-18,ACT,"ACT course (logistics unit, not a dose)",12,1,0,12.0
HC-NYG-04,Matimba Health Center,Nyagatare,2026-05-18,RDT,RDT kit,70,6,0,11.67
HC-NYG-04,Matimba Health Center,Nyagatare,2026-05-18,injectable_artesunate,"injectable artesunate vial (logistics unit, not a dose)",0,1,1,0.0
HC-NYG-04,Matimba Health Center,Nyagatare,2026-05-25,ACT,"ACT course (logistics unit, not a dose)",23,3,0,7.67
HC-NYG-04,Matimba Health Center,Nyagatare,2026-05-25,RDT,RDT kit,17,2,0,8.5
HC-NYG-04,Matimba Health Center,Nyagatare,2026-05-25,injectable_artesunate,"injectable artesunate vial (logistics unit, not a dose)",4,0,0,52.0
HC-NYG-04,Matimba Health Center,Nyagatare,2026-06-01,ACT,"ACT course (logistics unit, not a dose)",8,1,0,8.0
HC-NYG-04,Matimba Health Center,Nyagatare,2026-06-01,RDT,RDT kit,21,3,0,7.0
HC-NYG-04,Matimba Health Center,Nyagatare,2026-06-01,injectable_artesunate,"injectable artesunate vial (logistics unit, not a dose)",4,0,0,52.0
HC-NYG-04,Matimba Health Center,Nyagatare,2026-06-08,ACT,"ACT course (logistics unit, not a dose)",1,0,0,52.0
HC-NYG-04,Matimba Health Center,Nyagatare,2026-06-08,RDT,RDT kit,11,1,0,11.0
HC-NYG-04,Matimba Health Center,Nyagatare,2026-06-08,injectable_artesunate,"injectable artesunate vial (logistics unit, not a dose)",13,2,0,6.5
HC-NYG-04,Matimba Health Center,Nyagatare,2026-06-15,ACT,"ACT course (logistics unit, not a dose)",4,1,0,4.0
HC-NYG-04,Matimba Health Center,Nyagatare,2026-06-15,RDT,RDT kit,10,3,0,3.33
HC-NYG-04,Matimba Health Center,Nyagatare,2026-06-15,injectable_artesunate,"injectable artesunate vial (logistics unit, not a dose)",10,0,0,52.0
HC-NYG-04,Matimba Health Center,Nyagatare,2026-06-22,ACT,"ACT course (logistics unit, not a dose)",9,0,0,52.0
HC-NYG-04,Matimba Health Center,Nyagatare,2026-06-22,RDT,RDT kit,47,6,0,7.83
HC-NYG-04,Matimba Health Center,Nyagatare,2026-06-22,injectable_artesunate,"injectable artesunate vial (logistics unit, not a dose)",8,0,0,52.0
HC-NYG-04,Matimba Health Center,Nyagatare,2026-06-29,ACT,"ACT course (logistics unit, not a dose)",9,1,0,9.0
HC-NYG-04,Matimba Health Center,Nyagatare,2026-06-29,RDT,RDT kit,9,1,0,9.0
HC-NYG-04,Matimba Health Center,Nyagatare,2026-06-29,injectable_artesunate,"injectable artesunate vial (logistics unit, not a dose)",3,0,0,52.0
HC-NYG-04,Matimba Health Center,Nyagatare,2026-07-06,ACT,"ACT course (logistics unit, not a dose)",3,0,0,52.0
HC-NYG-04,Matimba Health Center,Nyagatare,2026-07-06,RDT,RDT kit,6,0,0,52.0
HC-NYG-04,Matimba Health Center,Nyagatare,2026-07-06,injectable_artesunate,"injectable artesunate vial (logistics unit, not a dose)",11,0,0,52.0
HC-NYG-04,Matimba Health Center,Nyagatare,2026-07-13,ACT,"ACT course (logistics unit, not a dose)",16,2,0,8.0
HC-NYG-04,Matimba Health Center,Nyagatare,2026-07-13,RDT,RDT kit,3,1,0,3.0
HC-NYG-04,Matimba Health Center,Nyagatare,2026-07-13,injectable_artesunate,"injectable artesunate vial (logistics unit, not a dose)",0,1,1,0.0
HC-NYG-04,Matimba Health Center,Nyagatare,2026-07-20,ACT,"ACT course (logistics unit, not a dose)",4,1,0,4.0
HC-NYG-04,Matimba Health Center,Nyagatare,2026-07-20,RDT,RDT kit,20,4,0,5.0
HC-NYG-04,Matimba Health Center,Nyagatare,2026-07-20,injectable_artesunate,"injectable artesunate vial (logistics unit, not a dose)",1,0,0,52.0
HC-NYG-04,Matimba Health Center,Nyagatare,2026-07-27,ACT,"ACT course (logistics unit, not a dose)",4,0,0,52.0
HC-NYG-04,Matimba Health Center,Nyagatare,2026-07-27,RDT,RDT kit,25,3,0,8.33
HC-NYG-04,Matimba Health Center,Nyagatare,2026-07-27,injectable_artesunate,"injectable artesunate vial (logistics unit, not a dose)",1,0,0,52.0
HC-NYG-04,Matimba Health Center,Nyagatare,2026-08-03,ACT,"ACT course (logistics unit, not a dose)",6,0,0,52.0
HC-NYG-04,Matimba Health Center,Nyagatare,2026-08-03,RDT,RDT kit,27,4,0,6.75
HC-NYG-04,Matimba Health Center,Nyagatare,2026-08-03,injectable_artesunate,"injectable artesunate vial (logistics unit, not a dose)",9,0,0,52.0
HC-NYG-04,Matimba Health Center,Nyagatare,2026-08-10,ACT,"ACT course (logistics unit, not a dose)",3,4,0,0.75
HC-NYG-04,Matimba Health Center,Nyagatare,2026-08-10,RDT,RDT kit,2,3,0,0.67
HC-NYG-04,Matimba Health Center,Nyagatare,2026-08-10,injectable_artesunate,"injectable artesunate vial (logistics unit, not a dose)",0,1,1,0.0
HC-NYG-04,Matimba Health Center,Nyagatare,2026-08-17,ACT,"ACT course (logistics unit, not a dose)",3,4,0,0.75
HC-NYG-04,Matimba Health Center,Nyagatare,2026-08-17,RDT,RDT kit,0,5,1,0.0
HC-NYG-04,Matimba Health Center,Nyagatare,2026-08-17,injectable_artesunate,"injectable artesunate vial (logistics unit, not a dose)",1,2,0,0.5
HC-NYG-04,Matimba Health Center,Nyagatare,2026-08-24,ACT,"ACT course (logistics unit, not a dose)",67,6,0,11.17
HC-NYG-04,Matimba Health Center,Nyagatare,2026-08-24,RDT,RDT kit,6,9,0,0.67
HC-NYG-04,Matimba Health Center,Nyagatare,2026-08-24,injectable_artesunate,"injectable artesunate vial (logistics unit, not a dose)",1,2,0,0.5
HC-NYG-04,Matimba Health Center,Nyagatare,2026-08-31,ACT,"ACT course (logistics unit, not a dose)",53,8,0,6.62
HC-NYG-04,Matimba Health Center,Nyagatare,2026-08-31,RDT,RDT kit,45,4,0,11.25
HC-NYG-04,Matimba Health Center,Nyagatare,2026-08-31,injectable_artesunate,"injectable artesunate vial (logistics unit, not a dose)",1,2,0,0.5
HC-NYG-04,Matimba Health Center,Nyagatare,2026-09-07,ACT,"ACT course (logistics unit, not a dose)",27,3,0,9.0
HC-NYG-04,Matimba Health Center,Nyagatare,2026-09-07,RDT,RDT kit,32,7,0,4.57
HC-NYG-04,Matimba Health Center,Nyagatare,2026-09-07,injectable_artesunate,"injectable artesunate vial (logistics unit, not a dose)",1,2,0,0.5
HC-NYG-04,Matimba Health Center,Nyagatare,2026-09-14,ACT,"ACT course (logistics unit, not a dose)",10,1,0,10.0
HC-NYG-04,Matimba Health Center,Nyagatare,2026-09-14,RDT,RDT kit,39,4,0,9.75
HC-NYG-04,Matimba Health Center,Nyagatare,2026-09-14,injectable_artesunate,"injectable artesunate vial (logistics unit, not a dose)",1,2,0,0.5
HC-NYG-04,Matimba Health Center,Nyagatare,2026-09-21,ACT,"ACT course (logistics unit, not a dose)",23,2,0,11.5
HC-NYG-04,Matimba Health Center,Nyagatare,2026-09-21,RDT,RDT kit,78,7,0,11.14
HC-NYG-04,Matimba Health Center,Nyagatare,2026-09-21,injectable_artesunate,"injectable artesunate vial (logistics unit, not a dose)",1,2,0,0.5
HC-NYG-04,Matimba Health Center,Nyagatare,2026-09-28,ACT,"ACT course (logistics unit, not a dose)",25,3,0,8.33
HC-NYG-04,Matimba Health Center,Nyagatare,2026-09-28,RDT,RDT kit,7,2,0,3.5
HC-NYG-04,Matimba Health Center,Nyagatare,2026-09-28,injectable_artesunate,"injectable artesunate vial (logistics unit, not a dose)",1,2,0,0.5
HC-NYG-05,Mimuri Health Center,Nyagatare,2024-09-30,ACT,"ACT course (logistics unit, not a dose)",9,1,0,9.0
HC-NYG-05,Mimuri Health Center,Nyagatare,2024-09-30,RDT,RDT kit,26,4,0,6.5
HC-NYG-05,Mimuri Health Center,Nyagatare,2024-09-30,injectable_artesunate,"injectable artesunate vial (logistics unit, not a dose)",9,0,0,52.0
HC-NYG-05,Mimuri Health Center,Nyagatare,2024-10-07,ACT,"ACT course (logistics unit, not a dose)",24,5,0,4.8
HC-NYG-05,Mimuri Health Center,Nyagatare,2024-10-07,RDT,RDT kit,22,4,0,5.5
HC-NYG-05,Mimuri Health Center,Nyagatare,2024-10-07,injectable_artesunate,"injectable artesunate vial (logistics unit, not a dose)",8,0,0,52.0
HC-NYG-05,Mimuri Health Center,Nyagatare,2024-10-14,ACT,"ACT course (logistics unit, not a dose)",46,5,0,9.2
HC-NYG-05,Mimuri Health Center,Nyagatare,2024-10-14,RDT,RDT kit,14,3,0,4.67
HC-NYG-05,Mimuri Health Center,Nyagatare,2024-10-14,injectable_artesunate,"injectable artesunate vial (logistics unit, not a dose)",11,1,0,11.0
HC-NYG-05,Mimuri Health Center,Nyagatare,2024-10-21,ACT,"ACT course (logistics unit, not a dose)",3,1,0,3.0
HC-NYG-05,Mimuri Health Center,Nyagatare,2024-10-21,RDT,RDT kit,22,3,0,7.33
HC-NYG-05,Mimuri Health Center,Nyagatare,2024-10-21,injectable_artesunate,"injectable artesunate vial (logistics unit, not a dose)",3,0,0,52.0
HC-NYG-05,Mimuri Health Center,Nyagatare,2024-10-28,ACT,"ACT course (logistics unit, not a dose)",36,3,0,12.0
HC-NYG-05,Mimuri Health Center,Nyagatare,2024-10-28,RDT,RDT kit,8,2,0,4.0
HC-NYG-05,Mimuri Health Center,Nyagatare,2024-10-28,injectable_artesunate,"injectable artesunate vial (logistics unit, not a dose)",7,1,0,7.0
HC-NYG-05,Mimuri Health Center,Nyagatare,2024-11-04,ACT,"ACT course (logistics unit, not a dose)",17,2,0,8.5
HC-NYG-05,Mimuri Health Center,Nyagatare,2024-11-04,RDT,RDT kit,5,6,0,0.83
HC-NYG-05,Mimuri Health Center,Nyagatare,2024-11-04,injectable_artesunate,"injectable artesunate vial (logistics unit, not a dose)",0,4,1,0.0
HC-NYG-05,Mimuri Health Center,Nyagatare,2024-11-11,ACT,"ACT course (logistics unit, not a dose)",17,3,0,5.67
HC-NYG-05,Mimuri Health Center,Nyagatare,2024-11-11,RDT,RDT kit,37,4,0,9.25
HC-NYG-05,Mimuri Health Center,Nyagatare,2024-11-11,injectable_artesunate,"injectable artesunate vial (logistics unit, not a dose)",0,0,1,0.0
HC-NYG-05,Mimuri Health Center,Nyagatare,2024-11-18,ACT,"ACT course (logistics unit, not a dose)",20,2,0,10.0
HC-NYG-05,Mimuri Health Center,Nyagatare,2024-11-18,RDT,RDT kit,47,5,0,9.4
HC-NYG-05,Mimuri Health Center,Nyagatare,2024-11-18,injectable_artesunate,"injectable artesunate vial (logistics unit, not a dose)",9,1,0,9.0
HC-NYG-05,Mimuri Health Center,Nyagatare,2024-11-25,ACT,"ACT course (logistics unit, not a dose)",5,0,0,52.0
HC-NYG-05,Mimuri Health Center,Nyagatare,2024-11-25,RDT,RDT kit,2,2,0,1.0
HC-NYG-05,Mimuri Health Center,Nyagatare,2024-11-25,injectable_artesunate,"injectable artesunate vial (logistics unit, not a dose)",12,1,0,12.0
HC-NYG-05,Mimuri Health Center,Nyagatare,2024-12-02,ACT,"ACT course (logistics unit, not a dose)",22,2,0,11.0
HC-NYG-05,Mimuri Health Center,Nyagatare,2024-12-02,RDT,RDT kit,0,1,1,0.0
HC-NYG-05,Mimuri Health Center,Nyagatare,2024-12-02,injectable_artesunate,"injectable artesunate vial (logistics unit, not a dose)",9,0,0,52.0
HC-NYG-05,Mimuri Health Center,Nyagatare,2024-12-09,ACT,"ACT course (logistics unit, not a dose)",18,3,0,6.0
HC-NYG-05,Mimuri Health Center,Nyagatare,2024-12-09,RDT,RDT kit,7,2,0,3.5
HC-NYG-05,Mimuri Health Center,Nyagatare,2024-12-09,injectable_artesunate,"injectable artesunate vial (logistics unit, not a dose)",10,1,0,10.0
HC-NYG-05,Mimuri Health Center,Nyagatare,2024-12-16,ACT,"ACT course (logistics unit, not a dose)",8,1,0,8.0
HC-NYG-05,Mimuri Health Center,Nyagatare,2024-12-16,RDT,RDT kit,47,4,0,11.75
HC-NYG-05,Mimuri Health Center,Nyagatare,2024-12-16,injectable_artesunate,"injectable artesunate vial (logistics unit, not a dose)",10,0,0,52.0
HC-NYG-05,Mimuri Health Center,Nyagatare,2024-12-23,ACT,"ACT course (logistics unit, not a dose)",5,1,0,5.0
HC-NYG-05,Mimuri Health Center,Nyagatare,2024-12-23,RDT,RDT kit,20,3,0,6.67
HC-NYG-05,Mimuri Health Center,Nyagatare,2024-12-23,injectable_artesunate,"injectable artesunate vial (logistics unit, not a dose)",9,0,0,52.0
HC-NYG-05,Mimuri Health Center,Nyagatare,2024-12-30,ACT,"ACT course (logistics unit, not a dose)",17,2,0,8.5
HC-NYG-05,Mimuri Health Center,Nyagatare,2024-12-30,RDT,RDT kit,20,5,0,4.0
HC-NYG-05,Mimuri Health Center,Nyagatare,2024-12-30,injectable_artesunate,"injectable artesunate vial (logistics unit, not a dose)",7,1,0,7.0
HC-NYG-05,Mimuri Health Center,Nyagatare,2025-01-06,ACT,"ACT course (logistics unit, not a dose)",1,2,0,0.5
HC-NYG-05,Mimuri Health Center,Nyagatare,2025-01-06,RDT,RDT kit,7,1,0,7.0
HC-NYG-05,Mimuri Health Center,Nyagatare,2025-01-06,injectable_artesunate,"injectable artesunate vial (logistics unit, not a dose)",6,0,0,52.0
HC-NYG-05,Mimuri Health Center,Nyagatare,2025-01-13,ACT,"ACT course (logistics unit, not a dose)",36,3,0,12.0
HC-NYG-05,Mimuri Health Center,Nyagatare,2025-01-13,RDT,RDT kit,22,3,0,7.33
HC-NYG-05,Mimuri Health Center,Nyagatare,2025-01-13,injectable_artesunate,"injectable artesunate vial (logistics unit, not a dose)",7,0,0,52.0
HC-NYG-05,Mimuri Health Center,Nyagatare,2025-01-20,ACT,"ACT course (logistics unit, not a dose)",10,1,0,10.0
HC-NYG-05,Mimuri Health Center,Nyagatare,2025-01-20,RDT,RDT kit,27,3,0,9.0
HC-NYG-05,Mimuri Health Center,Nyagatare,2025-01-20,injectable_artesunate,"injectable artesunate vial (logistics unit, not a dose)",5,0,0,52.0
HC-NYG-05,Mimuri Health Center,Nyagatare,2025-01-27,ACT,"ACT course (logistics unit, not a dose)",15,2,0,7.5
HC-NYG-05,Mimuri Health Center,Nyagatare,2025-01-27,RDT,RDT kit,18,3,0,6.0
HC-NYG-05,Mimuri Health Center,Nyagatare,2025-01-27,injectable_artesunate,"injectable artesunate vial (logistics unit, not a dose)",0,0,1,0.0
HC-NYG-05,Mimuri Health Center,Nyagatare,2025-02-03,ACT,"ACT course (logistics unit, not a dose)",9,1,0,9.0
HC-NYG-05,Mimuri Health Center,Nyagatare,2025-02-03,RDT,RDT kit,9,1,0,9.0
HC-NYG-05,Mimuri Health Center,Nyagatare,2025-02-03,injectable_artesunate,"injectable artesunate vial (logistics unit, not a dose)",12,1,0,12.0
HC-NYG-05,Mimuri Health Center,Nyagatare,2025-02-10,ACT,"ACT course (logistics unit, not a dose)",9,0,0,52.0
HC-NYG-05,Mimuri Health Center,Nyagatare,2025-02-10,RDT,RDT kit,10,2,0,5.0
HC-NYG-05,Mimuri Health Center,Nyagatare,2025-02-10,injectable_artesunate,"injectable artesunate vial (logistics unit, not a dose)",7,0,0,52.0
HC-NYG-05,Mimuri Health Center,Nyagatare,2025-02-17,ACT,"ACT course (logistics unit, not a dose)",7,2,0,3.5
HC-NYG-05,Mimuri Health Center,Nyagatare,2025-02-17,RDT,RDT kit,3,3,0,1.0
HC-NYG-05,Mimuri Health Center,Nyagatare,2025-02-17,injectable_artesunate,"injectable artesunate vial (logistics unit, not a dose)",4,0,0,52.0
HC-NYG-05,Mimuri Health Center,Nyagatare,2025-02-24,ACT,"ACT course (logistics unit, not a dose)",2,2,0,1.0
HC-NYG-05,Mimuri Health Center,Nyagatare,2025-02-24,RDT,RDT kit,53,8,0,6.62
HC-NYG-05,Mimuri Health Center,Nyagatare,2025-02-24,injectable_artesunate,"injectable artesunate vial (logistics unit, not a dose)",12,0,0,52.0
HC-NYG-05,Mimuri Health Center,Nyagatare,2025-03-03,ACT,"ACT course (logistics unit, not a dose)",3,0,0,52.0
HC-NYG-05,Mimuri Health Center,Nyagatare,2025-03-03,RDT,RDT kit,22,4,0,5.5
HC-NYG-05,Mimuri Health Center,Nyagatare,2025-03-03,injectable_artesunate,"injectable artesunate vial (logistics unit, not a dose)",11,1,0,11.0
HC-NYG-05,Mimuri Health Center,Nyagatare,2025-03-10,ACT,"ACT course (logistics unit, not a dose)",4,1,0,4.0
HC-NYG-05,Mimuri Health Center,Nyagatare,2025-03-10,RDT,RDT kit,10,2,0,5.0
HC-NYG-05,Mimuri Health Center,Nyagatare,2025-03-10,injectable_artesunate,"injectable artesunate vial (logistics unit, not a dose)",8,0,0,52.0
HC-NYG-05,Mimuri Health Center,Nyagatare,2025-03-17,ACT,"ACT course (logistics unit, not a dose)",1,0,0,52.0
HC-NYG-05,Mimuri Health Center,Nyagatare,2025-03-17,RDT,RDT kit,16,3,0,5.33
HC-NYG-05,Mimuri Health Center,Nyagatare,2025-03-17,injectable_artesunate,"injectable artesunate vial (logistics unit, not a dose)",11,0,0,52.0
HC-NYG-05,Mimuri Health Center,Nyagatare,2025-03-24,ACT,"ACT course (logistics unit, not a dose)",21,3,0,7.0
HC-NYG-05,Mimuri Health Center,Nyagatare,2025-03-24,RDT,RDT kit,24,4,0,6.0
HC-NYG-05,Mimuri Health Center,Nyagatare,2025-03-24,injectable_artesunate,"injectable artesunate vial (logistics unit, not a dose)",11,1,0,11.0
HC-NYG-05,Mimuri Health Center,Nyagatare,2025-03-31,ACT,"ACT course (logistics unit, not a dose)",17,2,0,8.5
HC-NYG-05,Mimuri Health Center,Nyagatare,2025-03-31,RDT,RDT kit,21,4,0,5.25
HC-NYG-05,Mimuri Health Center,Nyagatare,2025-03-31,injectable_artesunate,"injectable artesunate vial (logistics unit, not a dose)",10,2,0,5.0
HC-NYG-05,Mimuri Health Center,Nyagatare,2025-04-07,ACT,"ACT course (logistics unit, not a dose)",7,2,0,3.5
HC-NYG-05,Mimuri Health Center,Nyagatare,2025-04-07,RDT,RDT kit,94,8,0,11.75
HC-NYG-05,Mimuri Health Center,Nyagatare,2025-04-07,injectable_artesunate,"injectable artesunate vial (logistics unit, not a dose)",9,3,0,3.0
HC-NYG-05,Mimuri Health Center,Nyagatare,2025-04-14,ACT,"ACT course (logistics unit, not a dose)",7,1,0,7.0
HC-NYG-05,Mimuri Health Center,Nyagatare,2025-04-14,RDT,RDT kit,36,5,0,7.2
HC-NYG-05,Mimuri Health Center,Nyagatare,2025-04-14,injectable_artesunate,"injectable artesunate vial (logistics unit, not a dose)",9,1,0,9.0
HC-NYG-05,Mimuri Health Center,Nyagatare,2025-04-21,ACT,"ACT course (logistics unit, not a dose)",2,2,0,1.0
HC-NYG-05,Mimuri Health Center,Nyagatare,2025-04-21,RDT,RDT kit,49,5,0,9.8
HC-NYG-05,Mimuri Health Center,Nyagatare,2025-04-21,injectable_artesunate,"injectable artesunate vial (logistics unit, not a dose)",6,0,0,52.0
HC-NYG-05,Mimuri Health Center,Nyagatare,2025-04-28,ACT,"ACT course (logistics unit, not a dose)",1,1,0,1.0
HC-NYG-05,Mimuri Health Center,Nyagatare,2025-04-28,RDT,RDT kit,20,4,0,5.0
HC-NYG-05,Mimuri Health Center,Nyagatare,2025-04-28,injectable_artesunate,"injectable artesunate vial (logistics unit, not a dose)",0,1,1,0.0
HC-NYG-05,Mimuri Health Center,Nyagatare,2025-05-05,ACT,"ACT course (logistics unit, not a dose)",9,3,0,3.0
HC-NYG-05,Mimuri Health Center,Nyagatare,2025-05-05,RDT,RDT kit,29,3,0,9.67
HC-NYG-05,Mimuri Health Center,Nyagatare,2025-05-05,injectable_artesunate,"injectable artesunate vial (logistics unit, not a dose)",0,1,1,0.0
HC-NYG-05,Mimuri Health Center,Nyagatare,2025-05-12,ACT,"ACT course (logistics unit, not a dose)",0,1,1,0.0
HC-NYG-05,Mimuri Health Center,Nyagatare,2025-05-12,RDT,RDT kit,32,8,0,4.0
HC-NYG-05,Mimuri Health Center,Nyagatare,2025-05-12,injectable_artesunate,"injectable artesunate vial (logistics unit, not a dose)",9,0,0,52.0
HC-NYG-05,Mimuri Health Center,Nyagatare,2025-05-19,ACT,"ACT course (logistics unit, not a dose)",1,2,0,0.5
HC-NYG-05,Mimuri Health Center,Nyagatare,2025-05-19,RDT,RDT kit,36,5,0,7.2
HC-NYG-05,Mimuri Health Center,Nyagatare,2025-05-19,injectable_artesunate,"injectable artesunate vial (logistics unit, not a dose)",9,0,0,52.0
HC-NYG-05,Mimuri Health Center,Nyagatare,2025-05-26,ACT,"ACT course (logistics unit, not a dose)",17,2,0,8.5
HC-NYG-05,Mimuri Health Center,Nyagatare,2025-05-26,RDT,RDT kit,6,1,0,6.0
HC-NYG-05,Mimuri Health Center,Nyagatare,2025-05-26,injectable_artesunate,"injectable artesunate vial (logistics unit, not a dose)",4,0,0,52.0
HC-NYG-05,Mimuri Health Center,Nyagatare,2025-06-02,ACT,"ACT course (logistics unit, not a dose)",1,0,0,52.0
HC-NYG-05,Mimuri Health Center,Nyagatare,2025-06-02,RDT,RDT kit,29,5,0,5.8
HC-NYG-05,Mimuri Health Center,Nyagatare,2025-06-02,injectable_artesunate,"injectable artesunate vial (logistics unit, not a dose)",1,1,0,1.0
HC-NYG-05,Mimuri Health Center,Nyagatare,2025-06-09,ACT,"ACT course (logistics unit, not a dose)",5,0,0,52.0
HC-NYG-05,Mimuri Health Center,Nyagatare,2025-06-09,RDT,RDT kit,21,2,0,10.5
HC-NYG-05,Mimuri Health Center,Nyagatare,2025-06-09,injectable_artesunate,"injectable artesunate vial (logistics unit, not a dose)",3,1,0,3.0
HC-NYG-05,Mimuri Health Center,Nyagatare,2025-06-16,ACT,"ACT course (logistics unit, not a dose)",34,4,0,8.5
HC-NYG-05,Mimuri Health Center,Nyagatare,2025-06-16,RDT,RDT kit,11,3,0,3.67
HC-NYG-05,Mimuri Health Center,Nyagatare,2025-06-16,injectable_artesunate,"injectable artesunate vial (logistics unit, not a dose)",8,0,0,52.0
HC-NYG-05,Mimuri Health Center,Nyagatare,2025-06-23,ACT,"ACT course (logistics unit, not a dose)",16,2,0,8.0
HC-NYG-05,Mimuri Health Center,Nyagatare,2025-06-23,RDT,RDT kit,5,1,0,5.0
HC-NYG-05,Mimuri Health Center,Nyagatare,2025-06-23,injectable_artesunate,"injectable artesunate vial (logistics unit, not a dose)",6,0,0,52.0
HC-NYG-05,Mimuri Health Center,Nyagatare,2025-06-30,ACT,"ACT course (logistics unit, not a dose)",10,0,0,52.0
HC-NYG-05,Mimuri Health Center,Nyagatare,2025-06-30,RDT,RDT kit,22,2,0,11.0
HC-NYG-05,Mimuri Health Center,Nyagatare,2025-06-30,injectable_artesunate,"injectable artesunate vial (logistics unit, not a dose)",12,0,0,52.0
HC-NYG-05,Mimuri Health Center,Nyagatare,2025-07-07,ACT,"ACT course (logistics unit, not a dose)",7,1,0,7.0
HC-NYG-05,Mimuri Health Center,Nyagatare,2025-07-07,RDT,RDT kit,7,2,0,3.5
HC-NYG-05,Mimuri Health Center,Nyagatare,2025-07-07,injectable_artesunate,"injectable artesunate vial (logistics unit, not a dose)",8,0,0,52.0
HC-NYG-05,Mimuri Health Center,Nyagatare,2025-07-14,ACT,"ACT course (logistics unit, not a dose)",7,1,0,7.0
HC-NYG-05,Mimuri Health Center,Nyagatare,2025-07-14,RDT,RDT kit,14,2,0,7.0
HC-NYG-05,Mimuri Health Center,Nyagatare,2025-07-14,injectable_artesunate,"injectable artesunate vial (logistics unit, not a dose)",8,0,0,52.0
HC-NYG-05,Mimuri Health Center,Nyagatare,2025-07-21,ACT,"ACT course (logistics unit, not a dose)",11,1,0,11.0
HC-NYG-05,Mimuri Health Center,Nyagatare,2025-07-21,RDT,RDT kit,7,2,0,3.5
HC-NYG-05,Mimuri Health Center,Nyagatare,2025-07-21,injectable_artesunate,"injectable artesunate vial (logistics unit, not a dose)",5,0,0,52.0
HC-NYG-05,Mimuri Health Center,Nyagatare,2025-07-28,ACT,"ACT course (logistics unit, not a dose)",21,2,0,10.5
HC-NYG-05,Mimuri Health Center,Nyagatare,2025-07-28,RDT,RDT kit,10,1,0,10.0
HC-NYG-05,Mimuri Health Center,Nyagatare,2025-07-28,injectable_artesunate,"injectable artesunate vial (logistics unit, not a dose)",0,1,1,0.0
HC-NYG-05,Mimuri Health Center,Nyagatare,2025-08-04,ACT,"ACT course (logistics unit, not a dose)",11,2,0,5.5
HC-NYG-05,Mimuri Health Center,Nyagatare,2025-08-04,RDT,RDT kit,10,0,0,52.0
HC-NYG-05,Mimuri Health Center,Nyagatare,2025-08-04,injectable_artesunate,"injectable artesunate vial (logistics unit, not a dose)",1,0,0,52.0
HC-NYG-05,Mimuri Health Center,Nyagatare,2025-08-11,ACT,"ACT course (logistics unit, not a dose)",10,0,0,52.0
HC-NYG-05,Mimuri Health Center,Nyagatare,2025-08-11,RDT,RDT kit,1,0,0,52.0
HC-NYG-05,Mimuri Health Center,Nyagatare,2025-08-11,injectable_artesunate,"injectable artesunate vial (logistics unit, not a dose)",10,0,0,52.0
HC-NYG-05,Mimuri Health Center,Nyagatare,2025-08-18,ACT,"ACT course (logistics unit, not a dose)",16,3,0,5.33
HC-NYG-05,Mimuri Health Center,Nyagatare,2025-08-18,RDT,RDT kit,5,1,0,5.0
HC-NYG-05,Mimuri Health Center,Nyagatare,2025-08-18,injectable_artesunate,"injectable artesunate vial (logistics unit, not a dose)",4,0,0,52.0
HC-NYG-05,Mimuri Health Center,Nyagatare,2025-08-25,ACT,"ACT course (logistics unit, not a dose)",7,0,0,52.0
HC-NYG-05,Mimuri Health Center,Nyagatare,2025-08-25,RDT,RDT kit,6,1,0,6.0
HC-NYG-05,Mimuri Health Center,Nyagatare,2025-08-25,injectable_artesunate,"injectable artesunate vial (logistics unit, not a dose)",9,1,0,9.0
HC-NYG-05,Mimuri Health Center,Nyagatare,2025-09-01,ACT,"ACT course (logistics unit, not a dose)",22,2,0,11.0
HC-NYG-05,Mimuri Health Center,Nyagatare,2025-09-01,RDT,RDT kit,7,2,0,3.5
HC-NYG-05,Mimuri Health Center,Nyagatare,2025-09-01,injectable_artesunate,"injectable artesunate vial (logistics unit, not a dose)",5,1,0,5.0
HC-NYG-05,Mimuri Health Center,Nyagatare,2025-09-08,ACT,"ACT course (logistics unit, not a dose)",0,2,1,0.0
HC-NYG-05,Mimuri Health Center,Nyagatare,2025-09-08,RDT,RDT kit,5,1,0,5.0
HC-NYG-05,Mimuri Health Center,Nyagatare,2025-09-08,injectable_artesunate,"injectable artesunate vial (logistics unit, not a dose)",6,0,0,52.0
HC-NYG-05,Mimuri Health Center,Nyagatare,2025-09-15,ACT,"ACT course (logistics unit, not a dose)",4,1,0,4.0
HC-NYG-05,Mimuri Health Center,Nyagatare,2025-09-15,RDT,RDT kit,2,6,0,0.33
HC-NYG-05,Mimuri Health Center,Nyagatare,2025-09-15,injectable_artesunate,"injectable artesunate vial (logistics unit, not a dose)",7,0,0,52.0
HC-NYG-05,Mimuri Health Center,Nyagatare,2025-09-22,ACT,"ACT course (logistics unit, not a dose)",6,1,0,6.0
HC-NYG-05,Mimuri Health Center,Nyagatare,2025-09-22,RDT,RDT kit,12,2,0,6.0
HC-NYG-05,Mimuri Health Center,Nyagatare,2025-09-22,injectable_artesunate,"injectable artesunate vial (logistics unit, not a dose)",3,0,0,52.0
HC-NYG-05,Mimuri Health Center,Nyagatare,2025-09-29,ACT,"ACT course (logistics unit, not a dose)",11,0,0,52.0
HC-NYG-05,Mimuri Health Center,Nyagatare,2025-09-29,RDT,RDT kit,29,3,0,9.67
HC-NYG-05,Mimuri Health Center,Nyagatare,2025-09-29,injectable_artesunate,"injectable artesunate vial (logistics unit, not a dose)",4,0,0,52.0
HC-NYG-05,Mimuri Health Center,Nyagatare,2025-10-06,ACT,"ACT course (logistics unit, not a dose)",4,1,0,4.0
HC-NYG-05,Mimuri Health Center,Nyagatare,2025-10-06,RDT,RDT kit,29,3,0,9.67
HC-NYG-05,Mimuri Health Center,Nyagatare,2025-10-06,injectable_artesunate,"injectable artesunate vial (logistics unit, not a dose)",7,1,0,7.0
HC-NYG-05,Mimuri Health Center,Nyagatare,2025-10-13,ACT,"ACT course (logistics unit, not a dose)",9,0,0,52.0
HC-NYG-05,Mimuri Health Center,Nyagatare,2025-10-13,RDT,RDT kit,1,1,0,1.0
HC-NYG-05,Mimuri Health Center,Nyagatare,2025-10-13,injectable_artesunate,"injectable artesunate vial (logistics unit, not a dose)",1,1,0,1.0
HC-NYG-05,Mimuri Health Center,Nyagatare,2025-10-20,ACT,"ACT course (logistics unit, not a dose)",8,1,0,8.0
HC-NYG-05,Mimuri Health Center,Nyagatare,2025-10-20,RDT,RDT kit,89,8,0,11.12
HC-NYG-05,Mimuri Health Center,Nyagatare,2025-10-20,injectable_artesunate,"injectable artesunate vial (logistics unit, not a dose)",8,1,0,8.0
HC-NYG-05,Mimuri Health Center,Nyagatare,2025-10-27,ACT,"ACT course (logistics unit, not a dose)",4,0,0,52.0
HC-NYG-05,Mimuri Health Center,Nyagatare,2025-10-27,RDT,RDT kit,43,4,0,10.75
HC-NYG-05,Mimuri Health Center,Nyagatare,2025-10-27,injectable_artesunate,"injectable artesunate vial (logistics unit, not a dose)",8,0,0,52.0
HC-NYG-05,Mimuri Health Center,Nyagatare,2025-11-03,ACT,"ACT course (logistics unit, not a dose)",3,1,0,3.0
HC-NYG-05,Mimuri Health Center,Nyagatare,2025-11-03,RDT,RDT kit,6,0,0,52.0
HC-NYG-05,Mimuri Health Center,Nyagatare,2025-11-03,injectable_artesunate,"injectable artesunate vial (logistics unit, not a dose)",5,0,0,52.0
HC-NYG-05,Mimuri Health Center,Nyagatare,2025-11-10,ACT,"ACT course (logistics unit, not a dose)",18,3,0,6.0
HC-NYG-05,Mimuri Health Center,Nyagatare,2025-11-10,RDT,RDT kit,8,1,0,8.0
HC-NYG-05,Mimuri Health Center,Nyagatare,2025-11-10,injectable_artesunate,"injectable artesunate vial (logistics unit, not a dose)",10,1,0,10.0
HC-NYG-05,Mimuri Health Center,Nyagatare,2025-11-17,ACT,"ACT course (logistics unit, not a dose)",0,3,1,0.0
HC-NYG-05,Mimuri Health Center,Nyagatare,2025-11-17,RDT,RDT kit,24,3,0,8.0
HC-NYG-05,Mimuri Health Center,Nyagatare,2025-11-17,injectable_artesunate,"injectable artesunate vial (logistics unit, not a dose)",33,4,0,8.25
HC-NYG-05,Mimuri Health Center,Nyagatare,2025-11-24,ACT,"ACT course (logistics unit, not a dose)",5,1,0,5.0
HC-NYG-05,Mimuri Health Center,Nyagatare,2025-11-24,RDT,RDT kit,9,2,0,4.5
HC-NYG-05,Mimuri Health Center,Nyagatare,2025-11-24,injectable_artesunate,"injectable artesunate vial (logistics unit, not a dose)",10,1,0,10.0
HC-NYG-05,Mimuri Health Center,Nyagatare,2025-12-01,ACT,"ACT course (logistics unit, not a dose)",11,1,0,11.0
HC-NYG-05,Mimuri Health Center,Nyagatare,2025-12-01,RDT,RDT kit,8,2,0,4.0
HC-NYG-05,Mimuri Health Center,Nyagatare,2025-12-01,injectable_artesunate,"injectable artesunate vial (logistics unit, not a dose)",5,0,0,52.0
HC-NYG-05,Mimuri Health Center,Nyagatare,2025-12-08,ACT,"ACT course (logistics unit, not a dose)",22,4,0,5.5
HC-NYG-05,Mimuri Health Center,Nyagatare,2025-12-08,RDT,RDT kit,5,1,0,5.0
HC-NYG-05,Mimuri Health Center,Nyagatare,2025-12-08,injectable_artesunate,"injectable artesunate vial (logistics unit, not a dose)",10,1,0,10.0
HC-NYG-05,Mimuri Health Center,Nyagatare,2025-12-15,ACT,"ACT course (logistics unit, not a dose)",10,1,0,10.0
HC-NYG-05,Mimuri Health Center,Nyagatare,2025-12-15,RDT,RDT kit,8,0,0,52.0
HC-NYG-05,Mimuri Health Center,Nyagatare,2025-12-15,injectable_artesunate,"injectable artesunate vial (logistics unit, not a dose)",0,0,1,0.0
HC-NYG-05,Mimuri Health Center,Nyagatare,2025-12-22,ACT,"ACT course (logistics unit, not a dose)",2,2,0,1.0
HC-NYG-05,Mimuri Health Center,Nyagatare,2025-12-22,RDT,RDT kit,29,3,0,9.67
HC-NYG-05,Mimuri Health Center,Nyagatare,2025-12-22,injectable_artesunate,"injectable artesunate vial (logistics unit, not a dose)",7,0,0,52.0
HC-NYG-05,Mimuri Health Center,Nyagatare,2025-12-29,ACT,"ACT course (logistics unit, not a dose)",19,2,0,9.5
HC-NYG-05,Mimuri Health Center,Nyagatare,2025-12-29,RDT,RDT kit,10,1,0,10.0
HC-NYG-05,Mimuri Health Center,Nyagatare,2025-12-29,injectable_artesunate,"injectable artesunate vial (logistics unit, not a dose)",7,1,0,7.0
HC-NYG-05,Mimuri Health Center,Nyagatare,2026-01-05,ACT,"ACT course (logistics unit, not a dose)",3,1,0,3.0
HC-NYG-05,Mimuri Health Center,Nyagatare,2026-01-05,RDT,RDT kit,15,2,0,7.5
HC-NYG-05,Mimuri Health Center,Nyagatare,2026-01-05,injectable_artesunate,"injectable artesunate vial (logistics unit, not a dose)",8,1,0,8.0
HC-NYG-05,Mimuri Health Center,Nyagatare,2026-01-12,ACT,"ACT course (logistics unit, not a dose)",7,0,0,52.0
HC-NYG-05,Mimuri Health Center,Nyagatare,2026-01-12,RDT,RDT kit,1,1,0,1.0
HC-NYG-05,Mimuri Health Center,Nyagatare,2026-01-12,injectable_artesunate,"injectable artesunate vial (logistics unit, not a dose)",11,0,0,52.0
HC-NYG-05,Mimuri Health Center,Nyagatare,2026-01-19,ACT,"ACT course (logistics unit, not a dose)",8,0,0,52.0
HC-NYG-05,Mimuri Health Center,Nyagatare,2026-01-19,RDT,RDT kit,28,3,0,9.33
HC-NYG-05,Mimuri Health Center,Nyagatare,2026-01-19,injectable_artesunate,"injectable artesunate vial (logistics unit, not a dose)",5,0,0,52.0
HC-NYG-05,Mimuri Health Center,Nyagatare,2026-01-26,ACT,"ACT course (logistics unit, not a dose)",3,0,0,52.0
HC-NYG-05,Mimuri Health Center,Nyagatare,2026-01-26,RDT,RDT kit,49,5,0,9.8
HC-NYG-05,Mimuri Health Center,Nyagatare,2026-01-26,injectable_artesunate,"injectable artesunate vial (logistics unit, not a dose)",4,0,0,52.0
HC-NYG-05,Mimuri Health Center,Nyagatare,2026-02-02,ACT,"ACT course (logistics unit, not a dose)",12,0,0,52.0
HC-NYG-05,Mimuri Health Center,Nyagatare,2026-02-02,RDT,RDT kit,29,3,0,9.67
HC-NYG-05,Mimuri Health Center,Nyagatare,2026-02-02,injectable_artesunate,"injectable artesunate vial (logistics unit, not a dose)",5,0,0,52.0
HC-NYG-05,Mimuri Health Center,Nyagatare,2026-02-09,ACT,"ACT course (logistics unit, not a dose)",8,2,0,4.0
HC-NYG-05,Mimuri Health Center,Nyagatare,2026-02-09,RDT,RDT kit,33,4,0,8.25
HC-NYG-05,Mimuri Health Center,Nyagatare,2026-02-09,injectable_artesunate,"injectable artesunate vial (logistics unit, not a dose)",10,0,0,52.0
HC-NYG-05,Mimuri Health Center,Nyagatare,2026-02-16,ACT,"ACT course (logistics unit, not a dose)",9,1,0,9.0
HC-NYG-05,Mimuri Health Center,Nyagatare,2026-02-16,RDT,RDT kit,26,6,0,4.33
HC-NYG-05,Mimuri Health Center,Nyagatare,2026-02-16,injectable_artesunate,"injectable artesunate vial (logistics unit, not a dose)",1,0,0,52.0
HC-NYG-05,Mimuri Health Center,Nyagatare,2026-02-23,ACT,"ACT course (logistics unit, not a dose)",8,0,0,52.0
HC-NYG-05,Mimuri Health Center,Nyagatare,2026-02-23,RDT,RDT kit,19,3,0,6.33
HC-NYG-05,Mimuri Health Center,Nyagatare,2026-02-23,injectable_artesunate,"injectable artesunate vial (logistics unit, not a dose)",1,1,0,1.0
HC-NYG-05,Mimuri Health Center,Nyagatare,2026-03-02,ACT,"ACT course (logistics unit, not a dose)",10,1,0,10.0
HC-NYG-05,Mimuri Health Center,Nyagatare,2026-03-02,RDT,RDT kit,24,3,0,8.0
HC-NYG-05,Mimuri Health Center,Nyagatare,2026-03-02,injectable_artesunate,"injectable artesunate vial (logistics unit, not a dose)",17,2,0,8.5
HC-NYG-05,Mimuri Health Center,Nyagatare,2026-03-09,ACT,"ACT course (logistics unit, not a dose)",9,1,0,9.0
HC-NYG-05,Mimuri Health Center,Nyagatare,2026-03-09,RDT,RDT kit,21,2,0,10.5
HC-NYG-05,Mimuri Health Center,Nyagatare,2026-03-09,injectable_artesunate,"injectable artesunate vial (logistics unit, not a dose)",9,1,0,9.0
HC-NYG-05,Mimuri Health Center,Nyagatare,2026-03-16,ACT,"ACT course (logistics unit, not a dose)",17,2,0,8.5
HC-NYG-05,Mimuri Health Center,Nyagatare,2026-03-16,RDT,RDT kit,3,3,0,1.0
HC-NYG-05,Mimuri Health Center,Nyagatare,2026-03-16,injectable_artesunate,"injectable artesunate vial (logistics unit, not a dose)",14,2,0,7.0
HC-NYG-05,Mimuri Health Center,Nyagatare,2026-03-23,ACT,"ACT course (logistics unit, not a dose)",19,2,0,9.5
HC-NYG-05,Mimuri Health Center,Nyagatare,2026-03-23,RDT,RDT kit,22,3,0,7.33
HC-NYG-05,Mimuri Health Center,Nyagatare,2026-03-23,injectable_artesunate,"injectable artesunate vial (logistics unit, not a dose)",7,0,0,52.0
HC-NYG-05,Mimuri Health Center,Nyagatare,2026-03-30,ACT,"ACT course (logistics unit, not a dose)",0,1,1,0.0
HC-NYG-05,Mimuri Health Center,Nyagatare,2026-03-30,RDT,RDT kit,55,5,0,11.0
HC-NYG-05,Mimuri Health Center,Nyagatare,2026-03-30,injectable_artesunate,"injectable artesunate vial (logistics unit, not a dose)",10,0,0,52.0
HC-NYG-05,Mimuri Health Center,Nyagatare,2026-04-06,ACT,"ACT course (logistics unit, not a dose)",31,4,0,7.75
HC-NYG-05,Mimuri Health Center,Nyagatare,2026-04-06,RDT,RDT kit,0,2,1,0.0
HC-NYG-05,Mimuri Health Center,Nyagatare,2026-04-06,injectable_artesunate,"injectable artesunate vial (logistics unit, not a dose)",10,0,0,52.0
HC-NYG-05,Mimuri Health Center,Nyagatare,2026-04-13,ACT,"ACT course (logistics unit, not a dose)",1,0,0,52.0
HC-NYG-05,Mimuri Health Center,Nyagatare,2026-04-13,RDT,RDT kit,19,2,0,9.5
HC-NYG-05,Mimuri Health Center,Nyagatare,2026-04-13,injectable_artesunate,"injectable artesunate vial (logistics unit, not a dose)",19,2,0,9.5
HC-NYG-05,Mimuri Health Center,Nyagatare,2026-04-20,ACT,"ACT course (logistics unit, not a dose)",26,3,0,8.67
HC-NYG-05,Mimuri Health Center,Nyagatare,2026-04-20,RDT,RDT kit,3,3,0,1.0
HC-NYG-05,Mimuri Health Center,Nyagatare,2026-04-20,injectable_artesunate,"injectable artesunate vial (logistics unit, not a dose)",11,1,0,11.0
HC-NYG-05,Mimuri Health Center,Nyagatare,2026-04-27,ACT,"ACT course (logistics unit, not a dose)",3,1,0,3.0
HC-NYG-05,Mimuri Health Center,Nyagatare,2026-04-27,RDT,RDT kit,28,6,0,4.67
HC-NYG-05,Mimuri Health Center,Nyagatare,2026-04-27,injectable_artesunate,"injectable artesunate vial (logistics unit, not a dose)",7,0,0,52.0
HC-NYG-05,Mimuri Health Center,Nyagatare,2026-05-04,ACT,"ACT course (logistics unit, not a dose)",25,3,0,8.33
HC-NYG-05,Mimuri Health Center,Nyagatare,2026-05-04,RDT,RDT kit,1,2,0,0.5
HC-NYG-05,Mimuri Health Center,Nyagatare,2026-05-04,injectable_artesunate,"injectable artesunate vial (logistics unit, not a dose)",3,0,0,52.0
HC-NYG-05,Mimuri Health Center,Nyagatare,2026-05-11,ACT,"ACT course (logistics unit, not a dose)",11,0,0,52.0
HC-NYG-05,Mimuri Health Center,Nyagatare,2026-05-11,RDT,RDT kit,39,11,0,3.55
HC-NYG-05,Mimuri Health Center,Nyagatare,2026-05-11,injectable_artesunate,"injectable artesunate vial (logistics unit, not a dose)",1,0,0,52.0
HC-NYG-05,Mimuri Health Center,Nyagatare,2026-05-18,ACT,"ACT course (logistics unit, not a dose)",29,3,0,9.67
HC-NYG-05,Mimuri Health Center,Nyagatare,2026-05-18,RDT,RDT kit,22,4,0,5.5
HC-NYG-05,Mimuri Health Center,Nyagatare,2026-05-18,injectable_artesunate,"injectable artesunate vial (logistics unit, not a dose)",7,1,0,7.0
HC-NYG-05,Mimuri Health Center,Nyagatare,2026-05-25,ACT,"ACT course (logistics unit, not a dose)",11,1,0,11.0
HC-NYG-05,Mimuri Health Center,Nyagatare,2026-05-25,RDT,RDT kit,41,5,0,8.2
HC-NYG-05,Mimuri Health Center,Nyagatare,2026-05-25,injectable_artesunate,"injectable artesunate vial (logistics unit, not a dose)",7,0,0,52.0
HC-NYG-05,Mimuri Health Center,Nyagatare,2026-06-01,ACT,"ACT course (logistics unit, not a dose)",10,1,0,10.0
HC-NYG-05,Mimuri Health Center,Nyagatare,2026-06-01,RDT,RDT kit,17,2,0,8.5
HC-NYG-05,Mimuri Health Center,Nyagatare,2026-06-01,injectable_artesunate,"injectable artesunate vial (logistics unit, not a dose)",4,0,0,52.0
HC-NYG-05,Mimuri Health Center,Nyagatare,2026-06-08,ACT,"ACT course (logistics unit, not a dose)",21,2,0,10.5
HC-NYG-05,Mimuri Health Center,Nyagatare,2026-06-08,RDT,RDT kit,21,2,0,10.5
HC-NYG-05,Mimuri Health Center,Nyagatare,2026-06-08,injectable_artesunate,"injectable artesunate vial (logistics unit, not a dose)",5,0,0,52.0
HC-NYG-05,Mimuri Health Center,Nyagatare,2026-06-15,ACT,"ACT course (logistics unit, not a dose)",3,0,0,52.0
HC-NYG-05,Mimuri Health Center,Nyagatare,2026-06-15,RDT,RDT kit,19,3,0,6.33
HC-NYG-05,Mimuri Health Center,Nyagatare,2026-06-15,injectable_artesunate,"injectable artesunate vial (logistics unit, not a dose)",8,0,0,52.0
HC-NYG-05,Mimuri Health Center,Nyagatare,2026-06-22,ACT,"ACT course (logistics unit, not a dose)",8,1,0,8.0
HC-NYG-05,Mimuri Health Center,Nyagatare,2026-06-22,RDT,RDT kit,7,2,0,3.5
HC-NYG-05,Mimuri Health Center,Nyagatare,2026-06-22,injectable_artesunate,"injectable artesunate vial (logistics unit, not a dose)",5,0,0,52.0
HC-NYG-05,Mimuri Health Center,Nyagatare,2026-06-29,ACT,"ACT course (logistics unit, not a dose)",7,1,0,7.0
HC-NYG-05,Mimuri Health Center,Nyagatare,2026-06-29,RDT,RDT kit,4,1,0,4.0
HC-NYG-05,Mimuri Health Center,Nyagatare,2026-06-29,injectable_artesunate,"injectable artesunate vial (logistics unit, not a dose)",7,0,0,52.0
HC-NYG-05,Mimuri Health Center,Nyagatare,2026-07-06,ACT,"ACT course (logistics unit, not a dose)",18,2,0,9.0
HC-NYG-05,Mimuri Health Center,Nyagatare,2026-07-06,RDT,RDT kit,12,1,0,12.0
HC-NYG-05,Mimuri Health Center,Nyagatare,2026-07-06,injectable_artesunate,"injectable artesunate vial (logistics unit, not a dose)",0,0,1,0.0
HC-NYG-05,Mimuri Health Center,Nyagatare,2026-07-13,ACT,"ACT course (logistics unit, not a dose)",5,0,0,52.0
HC-NYG-05,Mimuri Health Center,Nyagatare,2026-07-13,RDT,RDT kit,9,1,0,9.0
HC-NYG-05,Mimuri Health Center,Nyagatare,2026-07-13,injectable_artesunate,"injectable artesunate vial (logistics unit, not a dose)",6,0,0,52.0
HC-NYG-05,Mimuri Health Center,Nyagatare,2026-07-20,ACT,"ACT course (logistics unit, not a dose)",10,0,0,52.0
HC-NYG-05,Mimuri Health Center,Nyagatare,2026-07-20,RDT,RDT kit,7,1,0,7.0
HC-NYG-05,Mimuri Health Center,Nyagatare,2026-07-20,injectable_artesunate,"injectable artesunate vial (logistics unit, not a dose)",9,0,0,52.0
HC-NYG-05,Mimuri Health Center,Nyagatare,2026-07-27,ACT,"ACT course (logistics unit, not a dose)",25,3,0,8.33
HC-NYG-05,Mimuri Health Center,Nyagatare,2026-07-27,RDT,RDT kit,14,2,0,7.0
HC-NYG-05,Mimuri Health Center,Nyagatare,2026-07-27,injectable_artesunate,"injectable artesunate vial (logistics unit, not a dose)",4,0,0,52.0
HC-NYG-05,Mimuri Health Center,Nyagatare,2026-08-03,ACT,"ACT course (logistics unit, not a dose)",23,3,0,7.67
HC-NYG-05,Mimuri Health Center,Nyagatare,2026-08-03,RDT,RDT kit,11,2,0,5.5
HC-NYG-05,Mimuri Health Center,Nyagatare,2026-08-03,injectable_artesunate,"injectable artesunate vial (logistics unit, not a dose)",5,0,0,52.0
HC-NYG-05,Mimuri Health Center,Nyagatare,2026-08-10,ACT,"ACT course (logistics unit, not a dose)",23,2,0,11.5
HC-NYG-05,Mimuri Health Center,Nyagatare,2026-08-10,RDT,RDT kit,21,3,0,7.0
HC-NYG-05,Mimuri Health Center,Nyagatare,2026-08-10,injectable_artesunate,"injectable artesunate vial (logistics unit, not a dose)",9,0,0,52.0
HC-NYG-05,Mimuri Health Center,Nyagatare,2026-08-17,ACT,"ACT course (logistics unit, not a dose)",8,1,0,8.0
HC-NYG-05,Mimuri Health Center,Nyagatare,2026-08-17,RDT,RDT kit,20,4,0,5.0
HC-NYG-05,Mimuri Health Center,Nyagatare,2026-08-17,injectable_artesunate,"injectable artesunate vial (logistics unit, not a dose)",1,2,0,0.5
HC-NYG-05,Mimuri Health Center,Nyagatare,2026-08-24,ACT,"ACT course (logistics unit, not a dose)",4,4,0,1.0
HC-NYG-05,Mimuri Health Center,Nyagatare,2026-08-24,RDT,RDT kit,24,3,0,8.0
HC-NYG-05,Mimuri Health Center,Nyagatare,2026-08-24,injectable_artesunate,"injectable artesunate vial (logistics unit, not a dose)",1,2,0,0.5
HC-NYG-05,Mimuri Health Center,Nyagatare,2026-08-31,ACT,"ACT course (logistics unit, not a dose)",23,3,0,7.67
HC-NYG-05,Mimuri Health Center,Nyagatare,2026-08-31,RDT,RDT kit,33,5,0,6.6
HC-NYG-05,Mimuri Health Center,Nyagatare,2026-08-31,injectable_artesunate,"injectable artesunate vial (logistics unit, not a dose)",1,2,0,0.5
HC-NYG-05,Mimuri Health Center,Nyagatare,2026-09-07,ACT,"ACT course (logistics unit, not a dose)",29,3,0,9.67
HC-NYG-05,Mimuri Health Center,Nyagatare,2026-09-07,RDT,RDT kit,30,6,0,5.0
HC-NYG-05,Mimuri Health Center,Nyagatare,2026-09-07,injectable_artesunate,"injectable artesunate vial (logistics unit, not a dose)",1,2,0,0.5
HC-NYG-05,Mimuri Health Center,Nyagatare,2026-09-14,ACT,"ACT course (logistics unit, not a dose)",12,3,0,4.0
HC-NYG-05,Mimuri Health Center,Nyagatare,2026-09-14,RDT,RDT kit,59,6,0,9.83
HC-NYG-05,Mimuri Health Center,Nyagatare,2026-09-14,injectable_artesunate,"injectable artesunate vial (logistics unit, not a dose)",1,2,0,0.5
HC-NYG-05,Mimuri Health Center,Nyagatare,2026-09-21,ACT,"ACT course (logistics unit, not a dose)",42,5,0,8.4
HC-NYG-05,Mimuri Health Center,Nyagatare,2026-09-21,RDT,RDT kit,16,14,0,1.14
HC-NYG-05,Mimuri Health Center,Nyagatare,2026-09-21,injectable_artesunate,"injectable artesunate vial (logistics unit, not a dose)",1,2,0,0.5
HC-NYG-05,Mimuri Health Center,Nyagatare,2026-09-28,ACT,"ACT course (logistics unit, not a dose)",5,1,0,5.0
HC-NYG-05,Mimuri Health Center,Nyagatare,2026-09-28,RDT,RDT kit,0,2,1,0.0
HC-NYG-05,Mimuri Health Center,Nyagatare,2026-09-28,injectable_artesunate,"injectable artesunate vial (logistics unit, not a dose)",1,2,0,0.5
HC-NYG-06,Katabagemu Health Center,Nyagatare,2024-09-30,ACT,"ACT course (logistics unit, not a dose)",8,1,0,8.0
HC-NYG-06,Katabagemu Health Center,Nyagatare,2024-09-30,RDT,RDT kit,17,2,0,8.5
HC-NYG-06,Katabagemu Health Center,Nyagatare,2024-09-30,injectable_artesunate,"injectable artesunate vial (logistics unit, not a dose)",12,0,0,52.0
HC-NYG-06,Katabagemu Health Center,Nyagatare,2024-10-07,ACT,"ACT course (logistics unit, not a dose)",12,2,0,6.0
HC-NYG-06,Katabagemu Health Center,Nyagatare,2024-10-07,RDT,RDT kit,10,2,0,5.0
HC-NYG-06,Katabagemu Health Center,Nyagatare,2024-10-07,injectable_artesunate,"injectable artesunate vial (logistics unit, not a dose)",12,0,0,52.0
HC-NYG-06,Katabagemu Health Center,Nyagatare,2024-10-14,ACT,"ACT course (logistics unit, not a dose)",8,0,0,52.0
HC-NYG-06,Katabagemu Health Center,Nyagatare,2024-10-14,RDT,RDT kit,53,6,0,8.83
HC-NYG-06,Katabagemu Health Center,Nyagatare,2024-10-14,injectable_artesunate,"injectable artesunate vial (logistics unit, not a dose)",3,0,0,52.0
HC-NYG-06,Katabagemu Health Center,Nyagatare,2024-10-21,ACT,"ACT course (logistics unit, not a dose)",11,0,0,52.0
HC-NYG-06,Katabagemu Health Center,Nyagatare,2024-10-21,RDT,RDT kit,12,2,0,6.0
HC-NYG-06,Katabagemu Health Center,Nyagatare,2024-10-21,injectable_artesunate,"injectable artesunate vial (logistics unit, not a dose)",5,0,0,52.0
HC-NYG-06,Katabagemu Health Center,Nyagatare,2024-10-28,ACT,"ACT course (logistics unit, not a dose)",5,1,0,5.0
HC-NYG-06,Katabagemu Health Center,Nyagatare,2024-10-28,RDT,RDT kit,38,5,0,7.6
HC-NYG-06,Katabagemu Health Center,Nyagatare,2024-10-28,injectable_artesunate,"injectable artesunate vial (logistics unit, not a dose)",11,2,0,5.5
HC-NYG-06,Katabagemu Health Center,Nyagatare,2024-11-04,ACT,"ACT course (logistics unit, not a dose)",35,3,0,11.67
HC-NYG-06,Katabagemu Health Center,Nyagatare,2024-11-04,RDT,RDT kit,5,0,0,52.0
HC-NYG-06,Katabagemu Health Center,Nyagatare,2024-11-04,injectable_artesunate,"injectable artesunate vial (logistics unit, not a dose)",9,0,0,52.0
HC-NYG-06,Katabagemu Health Center,Nyagatare,2024-11-11,ACT,"ACT course (logistics unit, not a dose)",6,1,0,6.0
HC-NYG-06,Katabagemu Health Center,Nyagatare,2024-11-11,RDT,RDT kit,14,2,0,7.0
HC-NYG-06,Katabagemu Health Center,Nyagatare,2024-11-11,injectable_artesunate,"injectable artesunate vial (logistics unit, not a dose)",10,0,0,52.0
HC-NYG-06,Katabagemu Health Center,Nyagatare,2024-11-18,ACT,"ACT course (logistics unit, not a dose)",7,2,0,3.5
HC-NYG-06,Katabagemu Health Center,Nyagatare,2024-11-18,RDT,RDT kit,17,5,0,3.4
HC-NYG-06,Katabagemu Health Center,Nyagatare,2024-11-18,injectable_artesunate,"injectable artesunate vial (logistics unit, not a dose)",9,0,0,52.0
HC-NYG-06,Katabagemu Health Center,Nyagatare,2024-11-25,ACT,"ACT course (logistics unit, not a dose)",16,3,0,5.33
HC-NYG-06,Katabagemu Health Center,Nyagatare,2024-11-25,RDT,RDT kit,3,3,0,1.0
HC-NYG-06,Katabagemu Health Center,Nyagatare,2024-11-25,injectable_artesunate,"injectable artesunate vial (logistics unit, not a dose)",9,0,0,52.0
HC-NYG-06,Katabagemu Health Center,Nyagatare,2024-12-02,ACT,"ACT course (logistics unit, not a dose)",22,2,0,11.0
HC-NYG-06,Katabagemu Health Center,Nyagatare,2024-12-02,RDT,RDT kit,41,6,0,6.83
HC-NYG-06,Katabagemu Health Center,Nyagatare,2024-12-02,injectable_artesunate,"injectable artesunate vial (logistics unit, not a dose)",5,0,0,52.0
HC-NYG-06,Katabagemu Health Center,Nyagatare,2024-12-09,ACT,"ACT course (logistics unit, not a dose)",0,2,1,0.0
HC-NYG-06,Katabagemu Health Center,Nyagatare,2024-12-09,RDT,RDT kit,10,0,0,52.0
HC-NYG-06,Katabagemu Health Center,Nyagatare,2024-12-09,injectable_artesunate,"injectable artesunate vial (logistics unit, not a dose)",8,0,0,52.0
HC-NYG-06,Katabagemu Health Center,Nyagatare,2024-12-16,ACT,"ACT course (logistics unit, not a dose)",8,0,0,52.0
HC-NYG-06,Katabagemu Health Center,Nyagatare,2024-12-16,RDT,RDT kit,30,4,0,7.5
HC-NYG-06,Katabagemu Health Center,Nyagatare,2024-12-16,injectable_artesunate,"injectable artesunate vial (logistics unit, not a dose)",9,0,0,52.0
HC-NYG-06,Katabagemu Health Center,Nyagatare,2024-12-23,ACT,"ACT course (logistics unit, not a dose)",8,0,0,52.0
HC-NYG-06,Katabagemu Health Center,Nyagatare,2024-12-23,RDT,RDT kit,23,2,0,11.5
HC-NYG-06,Katabagemu Health Center,Nyagatare,2024-12-23,injectable_artesunate,"injectable artesunate vial (logistics unit, not a dose)",8,0,0,52.0
HC-NYG-06,Katabagemu Health Center,Nyagatare,2024-12-30,ACT,"ACT course (logistics unit, not a dose)",20,2,0,10.0
HC-NYG-06,Katabagemu Health Center,Nyagatare,2024-12-30,RDT,RDT kit,0,1,1,0.0
HC-NYG-06,Katabagemu Health Center,Nyagatare,2024-12-30,injectable_artesunate,"injectable artesunate vial (logistics unit, not a dose)",4,0,0,52.0
HC-NYG-06,Katabagemu Health Center,Nyagatare,2025-01-06,ACT,"ACT course (logistics unit, not a dose)",0,1,1,0.0
HC-NYG-06,Katabagemu Health Center,Nyagatare,2025-01-06,RDT,RDT kit,33,4,0,8.25
HC-NYG-06,Katabagemu Health Center,Nyagatare,2025-01-06,injectable_artesunate,"injectable artesunate vial (logistics unit, not a dose)",6,0,0,52.0
HC-NYG-06,Katabagemu Health Center,Nyagatare,2025-01-13,ACT,"ACT course (logistics unit, not a dose)",24,3,0,8.0
HC-NYG-06,Katabagemu Health Center,Nyagatare,2025-01-13,RDT,RDT kit,9,2,0,4.5
HC-NYG-06,Katabagemu Health Center,Nyagatare,2025-01-13,injectable_artesunate,"injectable artesunate vial (logistics unit, not a dose)",4,0,0,52.0
HC-NYG-06,Katabagemu Health Center,Nyagatare,2025-01-20,ACT,"ACT course (logistics unit, not a dose)",36,3,0,12.0
HC-NYG-06,Katabagemu Health Center,Nyagatare,2025-01-20,RDT,RDT kit,31,5,0,6.2
HC-NYG-06,Katabagemu Health Center,Nyagatare,2025-01-20,injectable_artesunate,"injectable artesunate vial (logistics unit, not a dose)",9,0,0,52.0
HC-NYG-06,Katabagemu Health Center,Nyagatare,2025-01-27,ACT,"ACT course (logistics unit, not a dose)",8,0,0,52.0
HC-NYG-06,Katabagemu Health Center,Nyagatare,2025-01-27,RDT,RDT kit,31,3,0,10.33
HC-NYG-06,Katabagemu Health Center,Nyagatare,2025-01-27,injectable_artesunate,"injectable artesunate vial (logistics unit, not a dose)",12,0,0,52.0
HC-NYG-06,Katabagemu Health Center,Nyagatare,2025-02-03,ACT,"ACT course (logistics unit, not a dose)",2,2,0,1.0
HC-NYG-06,Katabagemu Health Center,Nyagatare,2025-02-03,RDT,RDT kit,22,2,0,11.0
HC-NYG-06,Katabagemu Health Center,Nyagatare,2025-02-03,injectable_artesunate,"injectable artesunate vial (logistics unit, not a dose)",1,0,0,52.0
HC-NYG-06,Katabagemu Health Center,Nyagatare,2025-02-10,ACT,"ACT course (logistics unit, not a dose)",9,0,0,52.0
HC-NYG-06,Katabagemu Health Center,Nyagatare,2025-02-10,RDT,RDT kit,24,3,0,8.0
HC-NYG-06,Katabagemu Health Center,Nyagatare,2025-02-10,injectable_artesunate,"injectable artesunate vial (logistics unit, not a dose)",9,0,0,52.0
HC-NYG-06,Katabagemu Health Center,Nyagatare,2025-02-17,ACT,"ACT course (logistics unit, not a dose)",10,1,0,10.0
HC-NYG-06,Katabagemu Health Center,Nyagatare,2025-02-17,RDT,RDT kit,16,3,0,5.33
HC-NYG-06,Katabagemu Health Center,Nyagatare,2025-02-17,injectable_artesunate,"injectable artesunate vial (logistics unit, not a dose)",0,0,1,0.0
HC-NYG-06,Katabagemu Health Center,Nyagatare,2025-02-24,ACT,"ACT course (logistics unit, not a dose)",0,3,1,0.0
HC-NYG-06,Katabagemu Health Center,Nyagatare,2025-02-24,RDT,RDT kit,5,0,0,52.0
HC-NYG-06,Katabagemu Health Center,Nyagatare,2025-02-24,injectable_artesunate,"injectable artesunate vial (logistics unit, not a dose)",9,0,0,52.0
HC-NYG-06,Katabagemu Health Center,Nyagatare,2025-03-03,ACT,"ACT course (logistics unit, not a dose)",21,3,0,7.0
HC-NYG-06,Katabagemu Health Center,Nyagatare,2025-03-03,RDT,RDT kit,7,2,0,3.5
HC-NYG-06,Katabagemu Health Center,Nyagatare,2025-03-03,injectable_artesunate,"injectable artesunate vial (logistics unit, not a dose)",3,0,0,52.0
HC-NYG-06,Katabagemu Health Center,Nyagatare,2025-03-10,ACT,"ACT course (logistics unit, not a dose)",7,1,0,7.0
HC-NYG-06,Katabagemu Health Center,Nyagatare,2025-03-10,RDT,RDT kit,42,5,0,8.4
HC-NYG-06,Katabagemu Health Center,Nyagatare,2025-03-10,injectable_artesunate,"injectable artesunate vial (logistics unit, not a dose)",10,0,0,52.0
HC-NYG-06,Katabagemu Health Center,Nyagatare,2025-03-17,ACT,"ACT course (logistics unit, not a dose)",8,1,0,8.0
HC-NYG-06,Katabagemu Health Center,Nyagatare,2025-03-17,RDT,RDT kit,18,2,0,9.0
HC-NYG-06,Katabagemu Health Center,Nyagatare,2025-03-17,injectable_artesunate,"injectable artesunate vial (logistics unit, not a dose)",3,0,0,52.0
HC-NYG-06,Katabagemu Health Center,Nyagatare,2025-03-24,ACT,"ACT course (logistics unit, not a dose)",8,1,0,8.0
HC-NYG-06,Katabagemu Health Center,Nyagatare,2025-03-24,RDT,RDT kit,35,5,0,7.0
HC-NYG-06,Katabagemu Health Center,Nyagatare,2025-03-24,injectable_artesunate,"injectable artesunate vial (logistics unit, not a dose)",12,1,0,12.0
HC-NYG-06,Katabagemu Health Center,Nyagatare,2025-03-31,ACT,"ACT course (logistics unit, not a dose)",4,1,0,4.0
HC-NYG-06,Katabagemu Health Center,Nyagatare,2025-03-31,RDT,RDT kit,32,3,0,10.67
HC-NYG-06,Katabagemu Health Center,Nyagatare,2025-03-31,injectable_artesunate,"injectable artesunate vial (logistics unit, not a dose)",8,0,0,52.0
HC-NYG-06,Katabagemu Health Center,Nyagatare,2025-04-07,ACT,"ACT course (logistics unit, not a dose)",8,1,0,8.0
HC-NYG-06,Katabagemu Health Center,Nyagatare,2025-04-07,RDT,RDT kit,0,1,1,0.0
HC-NYG-06,Katabagemu Health Center,Nyagatare,2025-04-07,injectable_artesunate,"injectable artesunate vial (logistics unit, not a dose)",5,1,0,5.0
HC-NYG-06,Katabagemu Health Center,Nyagatare,2025-04-14,ACT,"ACT course (logistics unit, not a dose)",6,1,0,6.0
HC-NYG-06,Katabagemu Health Center,Nyagatare,2025-04-14,RDT,RDT kit,29,4,0,7.25
HC-NYG-06,Katabagemu Health Center,Nyagatare,2025-04-14,injectable_artesunate,"injectable artesunate vial (logistics unit, not a dose)",5,0,0,52.0
HC-NYG-06,Katabagemu Health Center,Nyagatare,2025-04-21,ACT,"ACT course (logistics unit, not a dose)",27,5,0,5.4
HC-NYG-06,Katabagemu Health Center,Nyagatare,2025-04-21,RDT,RDT kit,43,5,0,8.6
HC-NYG-06,Katabagemu Health Center,Nyagatare,2025-04-21,injectable_artesunate,"injectable artesunate vial (logistics unit, not a dose)",6,0,0,52.0
HC-NYG-06,Katabagemu Health Center,Nyagatare,2025-04-28,ACT,"ACT course (logistics unit, not a dose)",12,2,0,6.0
HC-NYG-06,Katabagemu Health Center,Nyagatare,2025-04-28,RDT,RDT kit,30,4,0,7.5
HC-NYG-06,Katabagemu Health Center,Nyagatare,2025-04-28,injectable_artesunate,"injectable artesunate vial (logistics unit, not a dose)",11,0,0,52.0
HC-NYG-06,Katabagemu Health Center,Nyagatare,2025-05-05,ACT,"ACT course (logistics unit, not a dose)",10,0,0,52.0
HC-NYG-06,Katabagemu Health Center,Nyagatare,2025-05-05,RDT,RDT kit,23,3,0,7.67
HC-NYG-06,Katabagemu Health Center,Nyagatare,2025-05-05,injectable_artesunate,"injectable artesunate vial (logistics unit, not a dose)",10,1,0,10.0
HC-NYG-06,Katabagemu Health Center,Nyagatare,2025-05-12,ACT,"ACT course (logistics unit, not a dose)",33,3,0,11.0
HC-NYG-06,Katabagemu Health Center,Nyagatare,2025-05-12,RDT,RDT kit,10,2,0,5.0
HC-NYG-06,Katabagemu Health Center,Nyagatare,2025-05-12,injectable_artesunate,"injectable artesunate vial (logistics unit, not a dose)",8,0,0,52.0
HC-NYG-06,Katabagemu Health Center,Nyagatare,2025-05-19,ACT,"ACT course (logistics unit, not a dose)",23,3,0,7.67
HC-NYG-06,Katabagemu Health Center,Nyagatare,2025-05-19,RDT,RDT kit,7,1,0,7.0
HC-NYG-06,Katabagemu Health Center,Nyagatare,2025-05-19,injectable_artesunate,"injectable artesunate vial (logistics unit, not a dose)",0,1,1,0.0
HC-NYG-06,Katabagemu Health Center,Nyagatare,2025-05-26,ACT,"ACT course (logistics unit, not a dose)",5,1,0,5.0
HC-NYG-06,Katabagemu Health Center,Nyagatare,2025-05-26,RDT,RDT kit,47,6,0,7.83
HC-NYG-06,Katabagemu Health Center,Nyagatare,2025-05-26,injectable_artesunate,"injectable artesunate vial (logistics unit, not a dose)",1,0,0,52.0
HC-NYG-06,Katabagemu Health Center,Nyagatare,2025-06-02,ACT,"ACT course (logistics unit, not a dose)",12,0,0,52.0
HC-NYG-06,Katabagemu Health Center,Nyagatare,2025-06-02,RDT,RDT kit,8,2,0,4.0
HC-NYG-06,Katabagemu Health Center,Nyagatare,2025-06-02,injectable_artesunate,"injectable artesunate vial (logistics unit, not a dose)",6,1,0,6.0
HC-NYG-06,Katabagemu Health Center,Nyagatare,2025-06-09,ACT,"ACT course (logistics unit, not a dose)",8,2,0,4.0
HC-NYG-06,Katabagemu Health Center,Nyagatare,2025-06-09,RDT,RDT kit,23,3,0,7.67
HC-NYG-06,Katabagemu Health Center,Nyagatare,2025-06-09,injectable_artesunate,"injectable artesunate vial (logistics unit, not a dose)",0,1,1,0.0
HC-NYG-06,Katabagemu Health Center,Nyagatare,2025-06-16,ACT,"ACT course (logistics unit, not a dose)",20,2,0,10.0
HC-NYG-06,Katabagemu Health Center,Nyagatare,2025-06-16,RDT,RDT kit,23,3,0,7.67
HC-NYG-06,Katabagemu Health Center,Nyagatare,2025-06-16,injectable_artesunate,"injectable artesunate vial (logistics unit, not a dose)",1,1,0,1.0
HC-NYG-06,Katabagemu Health Center,Nyagatare,2025-06-23,ACT,"ACT course (logistics unit, not a dose)",11,1,0,11.0
HC-NYG-06,Katabagemu Health Center,Nyagatare,2025-06-23,RDT,RDT kit,8,1,0,8.0
HC-NYG-06,Katabagemu Health Center,Nyagatare,2025-06-23,injectable_artesunate,"injectable artesunate vial (logistics unit, not a dose)",6,1,0,6.0
HC-NYG-06,Katabagemu Health Center,Nyagatare,2025-06-30,ACT,"ACT course (logistics unit, not a dose)",4,0,0,52.0
HC-NYG-06,Katabagemu Health Center,Nyagatare,2025-06-30,RDT,RDT kit,4,1,0,4.0
HC-NYG-06,Katabagemu Health Center,Nyagatare,2025-06-30,injectable_artesunate,"injectable artesunate vial (logistics unit, not a dose)",11,1,0,11.0
HC-NYG-06,Katabagemu Health Center,Nyagatare,2025-07-07,ACT,"ACT course (logistics unit, not a dose)",16,2,0,8.0
HC-NYG-06,Katabagemu Health Center,Nyagatare,2025-07-07,RDT,RDT kit,7,1,0,7.0
HC-NYG-06,Katabagemu Health Center,Nyagatare,2025-07-07,injectable_artesunate,"injectable artesunate vial (logistics unit, not a dose)",1,0,0,52.0
HC-NYG-06,Katabagemu Health Center,Nyagatare,2025-07-14,ACT,"ACT course (logistics unit, not a dose)",4,1,0,4.0
HC-NYG-06,Katabagemu Health Center,Nyagatare,2025-07-14,RDT,RDT kit,33,3,0,11.0
HC-NYG-06,Katabagemu Health Center,Nyagatare,2025-07-14,injectable_artesunate,"injectable artesunate vial (logistics unit, not a dose)",9,0,0,52.0
HC-NYG-06,Katabagemu Health Center,Nyagatare,2025-07-21,ACT,"ACT course (logistics unit, not a dose)",11,0,0,52.0
HC-NYG-06,Katabagemu Health Center,Nyagatare,2025-07-21,RDT,RDT kit,16,2,0,8.0
HC-NYG-06,Katabagemu Health Center,Nyagatare,2025-07-21,injectable_artesunate,"injectable artesunate vial (logistics unit, not a dose)",0,0,1,0.0
HC-NYG-06,Katabagemu Health Center,Nyagatare,2025-07-28,ACT,"ACT course (logistics unit, not a dose)",0,1,1,0.0
HC-NYG-06,Katabagemu Health Center,Nyagatare,2025-07-28,RDT,RDT kit,3,3,0,1.0
HC-NYG-06,Katabagemu Health Center,Nyagatare,2025-07-28,injectable_artesunate,"injectable artesunate vial (logistics unit, not a dose)",11,0,0,52.0
HC-NYG-06,Katabagemu Health Center,Nyagatare,2025-08-04,ACT,"ACT course (logistics unit, not a dose)",8,2,0,4.0
HC-NYG-06,Katabagemu Health Center,Nyagatare,2025-08-04,RDT,RDT kit,8,2,0,4.0
HC-NYG-06,Katabagemu Health Center,Nyagatare,2025-08-04,injectable_artesunate,"injectable artesunate vial (logistics unit, not a dose)",0,0,1,0.0
HC-NYG-06,Katabagemu Health Center,Nyagatare,2025-08-11,ACT,"ACT course (logistics unit, not a dose)",5,0,0,52.0
HC-NYG-06,Katabagemu Health Center,Nyagatare,2025-08-11,RDT,RDT kit,1,0,0,52.0
HC-NYG-06,Katabagemu Health Center,Nyagatare,2025-08-11,injectable_artesunate,"injectable artesunate vial (logistics unit, not a dose)",12,0,0,52.0
HC-NYG-06,Katabagemu Health Center,Nyagatare,2025-08-18,ACT,"ACT course (logistics unit, not a dose)",0,1,1,0.0
HC-NYG-06,Katabagemu Health Center,Nyagatare,2025-08-18,RDT,RDT kit,0,1,1,0.0
HC-NYG-06,Katabagemu Health Center,Nyagatare,2025-08-18,injectable_artesunate,"injectable artesunate vial (logistics unit, not a dose)",11,0,0,52.0
HC-NYG-06,Katabagemu Health Center,Nyagatare,2025-08-25,ACT,"ACT course (logistics unit, not a dose)",6,0,0,52.0
HC-NYG-06,Katabagemu Health Center,Nyagatare,2025-08-25,RDT,RDT kit,20,2,0,10.0
HC-NYG-06,Katabagemu Health Center,Nyagatare,2025-08-25,injectable_artesunate,"injectable artesunate vial (logistics unit, not a dose)",3,1,0,3.0
HC-NYG-06,Katabagemu Health Center,Nyagatare,2025-09-01,ACT,"ACT course (logistics unit, not a dose)",14,2,0,7.0
HC-NYG-06,Katabagemu Health Center,Nyagatare,2025-09-01,RDT,RDT kit,41,4,0,10.25
HC-NYG-06,Katabagemu Health Center,Nyagatare,2025-09-01,injectable_artesunate,"injectable artesunate vial (logistics unit, not a dose)",10,0,0,52.0
HC-NYG-06,Katabagemu Health Center,Nyagatare,2025-09-08,ACT,"ACT course (logistics unit, not a dose)",4,1,0,4.0
HC-NYG-06,Katabagemu Health Center,Nyagatare,2025-09-08,RDT,RDT kit,34,3,0,11.33
HC-NYG-06,Katabagemu Health Center,Nyagatare,2025-09-08,injectable_artesunate,"injectable artesunate vial (logistics unit, not a dose)",10,0,0,52.0
HC-NYG-06,Katabagemu Health Center,Nyagatare,2025-09-15,ACT,"ACT course (logistics unit, not a dose)",7,0,0,52.0
HC-NYG-06,Katabagemu Health Center,Nyagatare,2025-09-15,RDT,RDT kit,43,6,0,7.17
HC-NYG-06,Katabagemu Health Center,Nyagatare,2025-09-15,injectable_artesunate,"injectable artesunate vial (logistics unit, not a dose)",9,0,0,52.0
HC-NYG-06,Katabagemu Health Center,Nyagatare,2025-09-22,ACT,"ACT course (logistics unit, not a dose)",4,1,0,4.0
HC-NYG-06,Katabagemu Health Center,Nyagatare,2025-09-22,RDT,RDT kit,21,4,0,5.25
HC-NYG-06,Katabagemu Health Center,Nyagatare,2025-09-22,injectable_artesunate,"injectable artesunate vial (logistics unit, not a dose)",6,1,0,6.0
HC-NYG-06,Katabagemu Health Center,Nyagatare,2025-09-29,ACT,"ACT course (logistics unit, not a dose)",0,1,1,0.0
HC-NYG-06,Katabagemu Health Center,Nyagatare,2025-09-29,RDT,RDT kit,0,7,1,0.0
HC-NYG-06,Katabagemu Health Center,Nyagatare,2025-09-29,injectable_artesunate,"injectable artesunate vial (logistics unit, not a dose)",10,0,0,52.0
HC-NYG-06,Katabagemu Health Center,Nyagatare,2025-10-06,ACT,"ACT course (logistics unit, not a dose)",4,1,0,4.0
HC-NYG-06,Katabagemu Health Center,Nyagatare,2025-10-06,RDT,RDT kit,0,2,1,0.0
HC-NYG-06,Katabagemu Health Center,Nyagatare,2025-10-06,injectable_artesunate,"injectable artesunate vial (logistics unit, not a dose)",0,1,1,0.0
HC-NYG-06,Katabagemu Health Center,Nyagatare,2025-10-13,ACT,"ACT course (logistics unit, not a dose)",0,1,1,0.0
HC-NYG-06,Katabagemu Health Center,Nyagatare,2025-10-13,RDT,RDT kit,22,3,0,7.33
HC-NYG-06,Katabagemu Health Center,Nyagatare,2025-10-13,injectable_artesunate,"injectable artesunate vial (logistics unit, not a dose)",0,0,1,0.0
HC-NYG-06,Katabagemu Health Center,Nyagatare,2025-10-20,ACT,"ACT course (logistics unit, not a dose)",26,3,0,8.67
HC-NYG-06,Katabagemu Health Center,Nyagatare,2025-10-20,RDT,RDT kit,24,5,0,4.8
HC-NYG-06,Katabagemu Health Center,Nyagatare,2025-10-20,injectable_artesunate,"injectable artesunate vial (logistics unit, not a dose)",5,0,0,52.0
HC-NYG-06,Katabagemu Health Center,Nyagatare,2025-10-27,ACT,"ACT course (logistics unit, not a dose)",17,2,0,8.5
HC-NYG-06,Katabagemu Health Center,Nyagatare,2025-10-27,RDT,RDT kit,13,2,0,6.5
HC-NYG-06,Katabagemu Health Center,Nyagatare,2025-10-27,injectable_artesunate,"injectable artesunate vial (logistics unit, not a dose)",9,1,0,9.0
HC-NYG-06,Katabagemu Health Center,Nyagatare,2025-11-03,ACT,"ACT course (logistics unit, not a dose)",9,2,0,4.5
HC-NYG-06,Katabagemu Health Center,Nyagatare,2025-11-03,RDT,RDT kit,13,2,0,6.5
HC-NYG-06,Katabagemu Health Center,Nyagatare,2025-11-03,injectable_artesunate,"injectable artesunate vial (logistics unit, not a dose)",10,0,0,52.0
HC-NYG-06,Katabagemu Health Center,Nyagatare,2025-11-10,ACT,"ACT course (logistics unit, not a dose)",7,1,0,7.0
HC-NYG-06,Katabagemu Health Center,Nyagatare,2025-11-10,RDT,RDT kit,14,2,0,7.0
HC-NYG-06,Katabagemu Health Center,Nyagatare,2025-11-10,injectable_artesunate,"injectable artesunate vial (logistics unit, not a dose)",6,0,0,52.0
HC-NYG-06,Katabagemu Health Center,Nyagatare,2025-11-17,ACT,"ACT course (logistics unit, not a dose)",8,1,0,8.0
HC-NYG-06,Katabagemu Health Center,Nyagatare,2025-11-17,RDT,RDT kit,63,6,0,10.5
HC-NYG-06,Katabagemu Health Center,Nyagatare,2025-11-17,injectable_artesunate,"injectable artesunate vial (logistics unit, not a dose)",8,1,0,8.0
HC-NYG-06,Katabagemu Health Center,Nyagatare,2025-11-24,ACT,"ACT course (logistics unit, not a dose)",11,1,0,11.0
HC-NYG-06,Katabagemu Health Center,Nyagatare,2025-11-24,RDT,RDT kit,40,4,0,10.0
HC-NYG-06,Katabagemu Health Center,Nyagatare,2025-11-24,injectable_artesunate,"injectable artesunate vial (logistics unit, not a dose)",10,1,0,10.0
HC-NYG-06,Katabagemu Health Center,Nyagatare,2025-12-01,ACT,"ACT course (logistics unit, not a dose)",0,0,1,0.0
HC-NYG-06,Katabagemu Health Center,Nyagatare,2025-12-01,RDT,RDT kit,16,2,0,8.0
HC-NYG-06,Katabagemu Health Center,Nyagatare,2025-12-01,injectable_artesunate,"injectable artesunate vial (logistics unit, not a dose)",7,0,0,52.0
HC-NYG-06,Katabagemu Health Center,Nyagatare,2025-12-08,ACT,"ACT course (logistics unit, not a dose)",6,1,0,6.0
HC-NYG-06,Katabagemu Health Center,Nyagatare,2025-12-08,RDT,RDT kit,34,4,0,8.5
HC-NYG-06,Katabagemu Health Center,Nyagatare,2025-12-08,injectable_artesunate,"injectable artesunate vial (logistics unit, not a dose)",12,1,0,12.0
HC-NYG-06,Katabagemu Health Center,Nyagatare,2025-12-15,ACT,"ACT course (logistics unit, not a dose)",8,1,0,8.0
HC-NYG-06,Katabagemu Health Center,Nyagatare,2025-12-15,RDT,RDT kit,18,2,0,9.0
HC-NYG-06,Katabagemu Health Center,Nyagatare,2025-12-15,injectable_artesunate,"injectable artesunate vial (logistics unit, not a dose)",10,0,0,52.0
HC-NYG-06,Katabagemu Health Center,Nyagatare,2025-12-22,ACT,"ACT course (logistics unit, not a dose)",20,3,0,6.67
HC-NYG-06,Katabagemu Health Center,Nyagatare,2025-12-22,RDT,RDT kit,4,1,0,4.0
HC-NYG-06,Katabagemu Health Center,Nyagatare,2025-12-22,injectable_artesunate,"injectable artesunate vial (logistics unit, not a dose)",3,1,0,3.0
HC-NYG-06,Katabagemu Health Center,Nyagatare,2025-12-29,ACT,"ACT course (logistics unit, not a dose)",4,1,0,4.0
HC-NYG-06,Katabagemu Health Center,Nyagatare,2025-12-29,RDT,RDT kit,1,2,0,0.5
HC-NYG-06,Katabagemu Health Center,Nyagatare,2025-12-29,injectable_artesunate,"injectable artesunate vial (logistics unit, not a dose)",5,1,0,5.0
HC-NYG-06,Katabagemu Health Center,Nyagatare,2026-01-05,ACT,"ACT course (logistics unit, not a dose)",7,1,0,7.0
HC-NYG-06,Katabagemu Health Center,Nyagatare,2026-01-05,RDT,RDT kit,33,3,0,11.0
HC-NYG-06,Katabagemu Health Center,Nyagatare,2026-01-05,injectable_artesunate,"injectable artesunate vial (logistics unit, not a dose)",30,3,0,10.0
HC-NYG-06,Katabagemu Health Center,Nyagatare,2026-01-12,ACT,"ACT course (logistics unit, not a dose)",10,0,0,52.0
HC-NYG-06,Katabagemu Health Center,Nyagatare,2026-01-12,RDT,RDT kit,27,3,0,9.0
HC-NYG-06,Katabagemu Health Center,Nyagatare,2026-01-12,injectable_artesunate,"injectable artesunate vial (logistics unit, not a dose)",9,0,0,52.0
HC-NYG-06,Katabagemu Health Center,Nyagatare,2026-01-19,ACT,"ACT course (logistics unit, not a dose)",0,1,1,0.0
HC-NYG-06,Katabagemu Health Center,Nyagatare,2026-01-19,RDT,RDT kit,9,1,0,9.0
HC-NYG-06,Katabagemu Health Center,Nyagatare,2026-01-19,injectable_artesunate,"injectable artesunate vial (logistics unit, not a dose)",11,0,0,52.0
HC-NYG-06,Katabagemu Health Center,Nyagatare,2026-01-26,ACT,"ACT course (logistics unit, not a dose)",8,1,0,8.0
HC-NYG-06,Katabagemu Health Center,Nyagatare,2026-01-26,RDT,RDT kit,21,2,0,10.5
HC-NYG-06,Katabagemu Health Center,Nyagatare,2026-01-26,injectable_artesunate,"injectable artesunate vial (logistics unit, not a dose)",10,1,0,10.0
HC-NYG-06,Katabagemu Health Center,Nyagatare,2026-02-02,ACT,"ACT course (logistics unit, not a dose)",7,0,0,52.0
HC-NYG-06,Katabagemu Health Center,Nyagatare,2026-02-02,RDT,RDT kit,22,3,0,7.33
HC-NYG-06,Katabagemu Health Center,Nyagatare,2026-02-02,injectable_artesunate,"injectable artesunate vial (logistics unit, not a dose)",0,0,1,0.0
HC-NYG-06,Katabagemu Health Center,Nyagatare,2026-02-09,ACT,"ACT course (logistics unit, not a dose)",22,2,0,11.0
HC-NYG-06,Katabagemu Health Center,Nyagatare,2026-02-09,RDT,RDT kit,7,1,0,7.0
HC-NYG-06,Katabagemu Health Center,Nyagatare,2026-02-09,injectable_artesunate,"injectable artesunate vial (logistics unit, not a dose)",3,1,0,3.0
HC-NYG-06,Katabagemu Health Center,Nyagatare,2026-02-16,ACT,"ACT course (logistics unit, not a dose)",2,2,0,1.0
HC-NYG-06,Katabagemu Health Center,Nyagatare,2026-02-16,RDT,RDT kit,17,2,0,8.5
HC-NYG-06,Katabagemu Health Center,Nyagatare,2026-02-16,injectable_artesunate,"injectable artesunate vial (logistics unit, not a dose)",11,0,0,52.0
HC-NYG-06,Katabagemu Health Center,Nyagatare,2026-02-23,ACT,"ACT course (logistics unit, not a dose)",8,0,0,52.0
HC-NYG-06,Katabagemu Health Center,Nyagatare,2026-02-23,RDT,RDT kit,47,4,0,11.75
HC-NYG-06,Katabagemu Health Center,Nyagatare,2026-02-23,injectable_artesunate,"injectable artesunate vial (logistics unit, not a dose)",7,1,0,7.0
HC-NYG-06,Katabagemu Health Center,Nyagatare,2026-03-02,ACT,"ACT course (logistics unit, not a dose)",6,1,0,6.0
HC-NYG-06,Katabagemu Health Center,Nyagatare,2026-03-02,RDT,RDT kit,20,2,0,10.0
HC-NYG-06,Katabagemu Health Center,Nyagatare,2026-03-02,injectable_artesunate,"injectable artesunate vial (logistics unit, not a dose)",7,0,0,52.0
HC-NYG-06,Katabagemu Health Center,Nyagatare,2026-03-09,ACT,"ACT course (logistics unit, not a dose)",24,3,0,8.0
HC-NYG-06,Katabagemu Health Center,Nyagatare,2026-03-09,RDT,RDT kit,76,9,0,8.44
HC-NYG-06,Katabagemu Health Center,Nyagatare,2026-03-09,injectable_artesunate,"injectable artesunate vial (logistics unit, not a dose)",5,0,0,52.0
HC-NYG-06,Katabagemu Health Center,Nyagatare,2026-03-16,ACT,"ACT course (logistics unit, not a dose)",4,1,0,4.0
HC-NYG-06,Katabagemu Health Center,Nyagatare,2026-03-16,RDT,RDT kit,23,5,0,4.6
HC-NYG-06,Katabagemu Health Center,Nyagatare,2026-03-16,injectable_artesunate,"injectable artesunate vial (logistics unit, not a dose)",36,4,0,9.0
HC-NYG-06,Katabagemu Health Center,Nyagatare,2026-03-23,ACT,"ACT course (logistics unit, not a dose)",15,2,0,7.5
HC-NYG-06,Katabagemu Health Center,Nyagatare,2026-03-23,RDT,RDT kit,39,4,0,9.75
HC-NYG-06,Katabagemu Health Center,Nyagatare,2026-03-23,injectable_artesunate,"injectable artesunate vial (logistics unit, not a dose)",4,1,0,4.0
HC-NYG-06,Katabagemu Health Center,Nyagatare,2026-03-30,ACT,"ACT course (logistics unit, not a dose)",26,3,0,8.67
HC-NYG-06,Katabagemu Health Center,Nyagatare,2026-03-30,RDT,RDT kit,32,3,0,10.67
HC-NYG-06,Katabagemu Health Center,Nyagatare,2026-03-30,injectable_artesunate,"injectable artesunate vial (logistics unit, not a dose)",6,1,0,6.0
HC-NYG-06,Katabagemu Health Center,Nyagatare,2026-04-06,ACT,"ACT course (logistics unit, not a dose)",40,5,0,8.0
HC-NYG-06,Katabagemu Health Center,Nyagatare,2026-04-06,RDT,RDT kit,3,1,0,3.0
HC-NYG-06,Katabagemu Health Center,Nyagatare,2026-04-06,injectable_artesunate,"injectable artesunate vial (logistics unit, not a dose)",22,3,0,7.33
HC-NYG-06,Katabagemu Health Center,Nyagatare,2026-04-13,ACT,"ACT course (logistics unit, not a dose)",14,2,0,7.0
HC-NYG-06,Katabagemu Health Center,Nyagatare,2026-04-13,RDT,RDT kit,16,2,0,8.0
HC-NYG-06,Katabagemu Health Center,Nyagatare,2026-04-13,injectable_artesunate,"injectable artesunate vial (logistics unit, not a dose)",10,0,0,52.0
HC-NYG-06,Katabagemu Health Center,Nyagatare,2026-04-20,ACT,"ACT course (logistics unit, not a dose)",0,1,1,0.0
HC-NYG-06,Katabagemu Health Center,Nyagatare,2026-04-20,RDT,RDT kit,18,4,0,4.5
HC-NYG-06,Katabagemu Health Center,Nyagatare,2026-04-20,injectable_artesunate,"injectable artesunate vial (logistics unit, not a dose)",1,1,0,1.0
HC-NYG-06,Katabagemu Health Center,Nyagatare,2026-04-27,ACT,"ACT course (logistics unit, not a dose)",10,1,0,10.0
HC-NYG-06,Katabagemu Health Center,Nyagatare,2026-04-27,RDT,RDT kit,13,2,0,6.5
HC-NYG-06,Katabagemu Health Center,Nyagatare,2026-04-27,injectable_artesunate,"injectable artesunate vial (logistics unit, not a dose)",23,2,0,11.5
HC-NYG-06,Katabagemu Health Center,Nyagatare,2026-05-04,ACT,"ACT course (logistics unit, not a dose)",23,2,0,11.5
HC-NYG-06,Katabagemu Health Center,Nyagatare,2026-05-04,RDT,RDT kit,39,4,0,9.75
HC-NYG-06,Katabagemu Health Center,Nyagatare,2026-05-04,injectable_artesunate,"injectable artesunate vial (logistics unit, not a dose)",6,0,0,52.0
HC-NYG-06,Katabagemu Health Center,Nyagatare,2026-05-11,ACT,"ACT course (logistics unit, not a dose)",9,2,0,4.5
HC-NYG-06,Katabagemu Health Center,Nyagatare,2026-05-11,RDT,RDT kit,29,8,0,3.62
HC-NYG-06,Katabagemu Health Center,Nyagatare,2026-05-11,injectable_artesunate,"injectable artesunate vial (logistics unit, not a dose)",5,1,0,5.0
HC-NYG-06,Katabagemu Health Center,Nyagatare,2026-05-18,ACT,"ACT course (logistics unit, not a dose)",30,4,0,7.5
HC-NYG-06,Katabagemu Health Center,Nyagatare,2026-05-18,RDT,RDT kit,20,3,0,6.67
HC-NYG-06,Katabagemu Health Center,Nyagatare,2026-05-18,injectable_artesunate,"injectable artesunate vial (logistics unit, not a dose)",11,0,0,52.0
HC-NYG-06,Katabagemu Health Center,Nyagatare,2026-05-25,ACT,"ACT course (logistics unit, not a dose)",0,3,1,0.0
HC-NYG-06,Katabagemu Health Center,Nyagatare,2026-05-25,RDT,RDT kit,0,7,1,0.0
HC-NYG-06,Katabagemu Health Center,Nyagatare,2026-05-25,injectable_artesunate,"injectable artesunate vial (logistics unit, not a dose)",8,0,0,52.0
HC-NYG-06,Katabagemu Health Center,Nyagatare,2026-06-01,ACT,"ACT course (logistics unit, not a dose)",1,0,0,52.0
HC-NYG-06,Katabagemu Health Center,Nyagatare,2026-06-01,RDT,RDT kit,21,2,0,10.5
HC-NYG-06,Katabagemu Health Center,Nyagatare,2026-06-01,injectable_artesunate,"injectable artesunate vial (logistics unit, not a dose)",8,1,0,8.0
HC-NYG-06,Katabagemu Health Center,Nyagatare,2026-06-08,ACT,"ACT course (logistics unit, not a dose)",12,1,0,12.0
HC-NYG-06,Katabagemu Health Center,Nyagatare,2026-06-08,RDT,RDT kit,12,1,0,12.0
HC-NYG-06,Katabagemu Health Center,Nyagatare,2026-06-08,injectable_artesunate,"injectable artesunate vial (logistics unit, not a dose)",10,0,0,52.0
HC-NYG-06,Katabagemu Health Center,Nyagatare,2026-06-15,ACT,"ACT course (logistics unit, not a dose)",8,0,0,52.0
HC-NYG-06,Katabagemu Health Center,Nyagatare,2026-06-15,RDT,RDT kit,11,3,0,3.67
HC-NYG-06,Katabagemu Health Center,Nyagatare,2026-06-15,injectable_artesunate,"injectable artesunate vial (logistics unit, not a dose)",6,0,0,52.0
HC-NYG-06,Katabagemu Health Center,Nyagatare,2026-06-22,ACT,"ACT course (logistics unit, not a dose)",12,0,0,52.0
HC-NYG-06,Katabagemu Health Center,Nyagatare,2026-06-22,RDT,RDT kit,32,4,0,8.0
HC-NYG-06,Katabagemu Health Center,Nyagatare,2026-06-22,injectable_artesunate,"injectable artesunate vial (logistics unit, not a dose)",5,0,0,52.0
HC-NYG-06,Katabagemu Health Center,Nyagatare,2026-06-29,ACT,"ACT course (logistics unit, not a dose)",4,1,0,4.0
HC-NYG-06,Katabagemu Health Center,Nyagatare,2026-06-29,RDT,RDT kit,20,3,0,6.67
HC-NYG-06,Katabagemu Health Center,Nyagatare,2026-06-29,injectable_artesunate,"injectable artesunate vial (logistics unit, not a dose)",3,0,0,52.0
HC-NYG-06,Katabagemu Health Center,Nyagatare,2026-07-06,ACT,"ACT course (logistics unit, not a dose)",5,0,0,52.0
HC-NYG-06,Katabagemu Health Center,Nyagatare,2026-07-06,RDT,RDT kit,19,2,0,9.5
HC-NYG-06,Katabagemu Health Center,Nyagatare,2026-07-06,injectable_artesunate,"injectable artesunate vial (logistics unit, not a dose)",0,1,1,0.0
HC-NYG-06,Katabagemu Health Center,Nyagatare,2026-07-13,ACT,"ACT course (logistics unit, not a dose)",5,0,0,52.0
HC-NYG-06,Katabagemu Health Center,Nyagatare,2026-07-13,RDT,RDT kit,5,1,0,5.0
HC-NYG-06,Katabagemu Health Center,Nyagatare,2026-07-13,injectable_artesunate,"injectable artesunate vial (logistics unit, not a dose)",11,1,0,11.0
HC-NYG-06,Katabagemu Health Center,Nyagatare,2026-07-20,ACT,"ACT course (logistics unit, not a dose)",3,1,0,3.0
HC-NYG-06,Katabagemu Health Center,Nyagatare,2026-07-20,RDT,RDT kit,12,1,0,12.0
HC-NYG-06,Katabagemu Health Center,Nyagatare,2026-07-20,injectable_artesunate,"injectable artesunate vial (logistics unit, not a dose)",4,0,0,52.0
HC-NYG-06,Katabagemu Health Center,Nyagatare,2026-07-27,ACT,"ACT course (logistics unit, not a dose)",11,2,0,5.5
HC-NYG-06,Katabagemu Health Center,Nyagatare,2026-07-27,RDT,RDT kit,14,2,0,7.0
HC-NYG-06,Katabagemu Health Center,Nyagatare,2026-07-27,injectable_artesunate,"injectable artesunate vial (logistics unit, not a dose)",3,0,0,52.0
HC-NYG-06,Katabagemu Health Center,Nyagatare,2026-08-03,ACT,"ACT course (logistics unit, not a dose)",1,0,0,52.0
HC-NYG-06,Katabagemu Health Center,Nyagatare,2026-08-03,RDT,RDT kit,17,3,0,5.67
HC-NYG-06,Katabagemu Health Center,Nyagatare,2026-08-03,injectable_artesunate,"injectable artesunate vial (logistics unit, not a dose)",12,0,0,52.0
HC-NYG-06,Katabagemu Health Center,Nyagatare,2026-08-10,ACT,"ACT course (logistics unit, not a dose)",1,3,0,0.33
HC-NYG-06,Katabagemu Health Center,Nyagatare,2026-08-10,RDT,RDT kit,46,6,0,7.67
HC-NYG-06,Katabagemu Health Center,Nyagatare,2026-08-10,injectable_artesunate,"injectable artesunate vial (logistics unit, not a dose)",10,0,0,52.0
HC-NYG-06,Katabagemu Health Center,Nyagatare,2026-08-17,ACT,"ACT course (logistics unit, not a dose)",19,3,0,6.33
HC-NYG-06,Katabagemu Health Center,Nyagatare,2026-08-17,RDT,RDT kit,5,1,0,5.0
HC-NYG-06,Katabagemu Health Center,Nyagatare,2026-08-17,injectable_artesunate,"injectable artesunate vial (logistics unit, not a dose)",0,2,1,0.0
HC-NYG-06,Katabagemu Health Center,Nyagatare,2026-08-24,ACT,"ACT course (logistics unit, not a dose)",25,4,0,6.25
HC-NYG-06,Katabagemu Health Center,Nyagatare,2026-08-24,RDT,RDT kit,48,6,0,8.0
HC-NYG-06,Katabagemu Health Center,Nyagatare,2026-08-24,injectable_artesunate,"injectable artesunate vial (logistics unit, not a dose)",0,3,1,0.0
HC-NYG-06,Katabagemu Health Center,Nyagatare,2026-08-31,ACT,"ACT course (logistics unit, not a dose)",19,5,0,3.8
HC-NYG-06,Katabagemu Health Center,Nyagatare,2026-08-31,RDT,RDT kit,100,9,0,11.11
HC-NYG-06,Katabagemu Health Center,Nyagatare,2026-08-31,injectable_artesunate,"injectable artesunate vial (logistics unit, not a dose)",0,2,1,0.0
HC-NYG-06,Katabagemu Health Center,Nyagatare,2026-09-07,ACT,"ACT course (logistics unit, not a dose)",51,5,0,10.2
HC-NYG-06,Katabagemu Health Center,Nyagatare,2026-09-07,RDT,RDT kit,46,7,0,6.57
HC-NYG-06,Katabagemu Health Center,Nyagatare,2026-09-07,injectable_artesunate,"injectable artesunate vial (logistics unit, not a dose)",0,2,1,0.0
HC-NYG-06,Katabagemu Health Center,Nyagatare,2026-09-14,ACT,"ACT course (logistics unit, not a dose)",4,1,0,4.0
HC-NYG-06,Katabagemu Health Center,Nyagatare,2026-09-14,RDT,RDT kit,131,11,0,11.91
HC-NYG-06,Katabagemu Health Center,Nyagatare,2026-09-14,injectable_artesunate,"injectable artesunate vial (logistics unit, not a dose)",0,2,1,0.0
HC-NYG-06,Katabagemu Health Center,Nyagatare,2026-09-21,ACT,"ACT course (logistics unit, not a dose)",8,1,0,8.0
HC-NYG-06,Katabagemu Health Center,Nyagatare,2026-09-21,RDT,RDT kit,33,11,0,3.0
HC-NYG-06,Katabagemu Health Center,Nyagatare,2026-09-21,injectable_artesunate,"injectable artesunate vial (logistics unit, not a dose)",0,2,1,0.0
HC-NYG-06,Katabagemu Health Center,Nyagatare,2026-09-28,ACT,"ACT course (logistics unit, not a dose)",1,0,0,52.0
HC-NYG-06,Katabagemu Health Center,Nyagatare,2026-09-28,RDT,RDT kit,1,2,0,0.5
HC-NYG-06,Katabagemu Health Center,Nyagatare,2026-09-28,injectable_artesunate,"injectable artesunate vial (logistics unit, not a dose)",0,2,1,0.0
HC-KIR-01,Kirehe Health Center,Kirehe,2024-09-30,ACT,"ACT course (logistics unit, not a dose)",0,0,1,0.0
HC-KIR-01,Kirehe Health Center,Kirehe,2024-09-30,RDT,RDT kit,11,2,0,5.5
HC-KIR-01,Kirehe Health Center,Kirehe,2024-09-30,injectable_artesunate,"injectable artesunate vial (logistics unit, not a dose)",3,0,0,52.0
HC-KIR-01,Kirehe Health Center,Kirehe,2024-10-07,ACT,"ACT course (logistics unit, not a dose)",58,5,0,11.6
HC-KIR-01,Kirehe Health Center,Kirehe,2024-10-07,RDT,RDT kit,27,5,0,5.4
HC-KIR-01,Kirehe Health Center,Kirehe,2024-10-07,injectable_artesunate,"injectable artesunate vial (logistics unit, not a dose)",4,0,0,52.0
HC-KIR-01,Kirehe Health Center,Kirehe,2024-10-14,ACT,"ACT course (logistics unit, not a dose)",0,2,1,0.0
HC-KIR-01,Kirehe Health Center,Kirehe,2024-10-14,RDT,RDT kit,1,1,0,1.0
HC-KIR-01,Kirehe Health Center,Kirehe,2024-10-14,injectable_artesunate,"injectable artesunate vial (logistics unit, not a dose)",5,1,0,5.0
HC-KIR-01,Kirehe Health Center,Kirehe,2024-10-21,ACT,"ACT course (logistics unit, not a dose)",13,2,0,6.5
HC-KIR-01,Kirehe Health Center,Kirehe,2024-10-21,RDT,RDT kit,0,2,1,0.0
HC-KIR-01,Kirehe Health Center,Kirehe,2024-10-21,injectable_artesunate,"injectable artesunate vial (logistics unit, not a dose)",8,0,0,52.0
HC-KIR-01,Kirehe Health Center,Kirehe,2024-10-28,ACT,"ACT course (logistics unit, not a dose)",0,2,1,0.0
HC-KIR-01,Kirehe Health Center,Kirehe,2024-10-28,RDT,RDT kit,7,2,0,3.5
HC-KIR-01,Kirehe Health Center,Kirehe,2024-10-28,injectable_artesunate,"injectable artesunate vial (logistics unit, not a dose)",9,0,0,52.0
HC-KIR-01,Kirehe Health Center,Kirehe,2024-11-04,ACT,"ACT course (logistics unit, not a dose)",8,1,0,8.0
HC-KIR-01,Kirehe Health Center,Kirehe,2024-11-04,RDT,RDT kit,30,3,0,10.0
HC-KIR-01,Kirehe Health Center,Kirehe,2024-11-04,injectable_artesunate,"injectable artesunate vial (logistics unit, not a dose)",12,0,0,52.0
HC-KIR-01,Kirehe Health Center,Kirehe,2024-11-11,ACT,"ACT course (logistics unit, not a dose)",12,4,0,3.0
HC-KIR-01,Kirehe Health Center,Kirehe,2024-11-11,RDT,RDT kit,9,2,0,4.5
HC-KIR-01,Kirehe Health Center,Kirehe,2024-11-11,injectable_artesunate,"injectable artesunate vial (logistics unit, not a dose)",6,1,0,6.0
HC-KIR-01,Kirehe Health Center,Kirehe,2024-11-18,ACT,"ACT course (logistics unit, not a dose)",27,3,0,9.0
HC-KIR-01,Kirehe Health Center,Kirehe,2024-11-18,RDT,RDT kit,0,2,1,0.0
HC-KIR-01,Kirehe Health Center,Kirehe,2024-11-18,injectable_artesunate,"injectable artesunate vial (logistics unit, not a dose)",9,0,0,52.0
HC-KIR-01,Kirehe Health Center,Kirehe,2024-11-25,ACT,"ACT course (logistics unit, not a dose)",8,0,0,52.0
HC-KIR-01,Kirehe Health Center,Kirehe,2024-11-25,RDT,RDT kit,46,7,0,6.57
HC-KIR-01,Kirehe Health Center,Kirehe,2024-11-25,injectable_artesunate,"injectable artesunate vial (logistics unit, not a dose)",9,0,0,52.0
HC-KIR-01,Kirehe Health Center,Kirehe,2024-12-02,ACT,"ACT course (logistics unit, not a dose)",13,4,0,3.25
HC-KIR-01,Kirehe Health Center,Kirehe,2024-12-02,RDT,RDT kit,22,4,0,5.5
HC-KIR-01,Kirehe Health Center,Kirehe,2024-12-02,injectable_artesunate,"injectable artesunate vial (logistics unit, not a dose)",9,1,0,9.0
HC-KIR-01,Kirehe Health Center,Kirehe,2024-12-09,ACT,"ACT course (logistics unit, not a dose)",7,2,0,3.5
HC-KIR-01,Kirehe Health Center,Kirehe,2024-12-09,RDT,RDT kit,54,6,0,9.0
HC-KIR-01,Kirehe Health Center,Kirehe,2024-12-09,injectable_artesunate,"injectable artesunate vial (logistics unit, not a dose)",4,0,0,52.0
HC-KIR-01,Kirehe Health Center,Kirehe,2024-12-16,ACT,"ACT course (logistics unit, not a dose)",8,0,0,52.0
HC-KIR-01,Kirehe Health Center,Kirehe,2024-12-16,RDT,RDT kit,0,6,1,0.0
HC-KIR-01,Kirehe Health Center,Kirehe,2024-12-16,injectable_artesunate,"injectable artesunate vial (logistics unit, not a dose)",7,0,0,52.0
HC-KIR-01,Kirehe Health Center,Kirehe,2024-12-23,ACT,"ACT course (logistics unit, not a dose)",28,3,0,9.33
HC-KIR-01,Kirehe Health Center,Kirehe,2024-12-23,RDT,RDT kit,16,4,0,4.0
HC-KIR-01,Kirehe Health Center,Kirehe,2024-12-23,injectable_artesunate,"injectable artesunate vial (logistics unit, not a dose)",4,0,0,52.0
HC-KIR-01,Kirehe Health Center,Kirehe,2024-12-30,ACT,"ACT course (logistics unit, not a dose)",18,2,0,9.0
HC-KIR-01,Kirehe Health Center,Kirehe,2024-12-30,RDT,RDT kit,10,2,0,5.0
HC-KIR-01,Kirehe Health Center,Kirehe,2024-12-30,injectable_artesunate,"injectable artesunate vial (logistics unit, not a dose)",1,1,0,1.0
HC-KIR-01,Kirehe Health Center,Kirehe,2025-01-06,ACT,"ACT course (logistics unit, not a dose)",12,2,0,6.0
HC-KIR-01,Kirehe Health Center,Kirehe,2025-01-06,RDT,RDT kit,8,2,0,4.0
HC-KIR-01,Kirehe Health Center,Kirehe,2025-01-06,injectable_artesunate,"injectable artesunate vial (logistics unit, not a dose)",10,0,0,52.0
HC-KIR-01,Kirehe Health Center,Kirehe,2025-01-13,ACT,"ACT course (logistics unit, not a dose)",3,3,0,1.0
HC-KIR-01,Kirehe Health Center,Kirehe,2025-01-13,RDT,RDT kit,16,5,0,3.2
HC-KIR-01,Kirehe Health Center,Kirehe,2025-01-13,injectable_artesunate,"injectable artesunate vial (logistics unit, not a dose)",5,0,0,52.0
HC-KIR-01,Kirehe Health Center,Kirehe,2025-01-20,ACT,"ACT course (logistics unit, not a dose)",2,2,0,1.0
HC-KIR-01,Kirehe Health Center,Kirehe,2025-01-20,RDT,RDT kit,19,2,0,9.5
HC-KIR-01,Kirehe Health Center,Kirehe,2025-01-20,injectable_artesunate,"injectable artesunate vial (logistics unit, not a dose)",9,0,0,52.0
HC-KIR-01,Kirehe Health Center,Kirehe,2025-01-27,ACT,"ACT course (logistics unit, not a dose)",9,0,0,52.0
HC-KIR-01,Kirehe Health Center,Kirehe,2025-01-27,RDT,RDT kit,7,2,0,3.5
HC-KIR-01,Kirehe Health Center,Kirehe,2025-01-27,injectable_artesunate,"injectable artesunate vial (logistics unit, not a dose)",1,0,0,52.0
HC-KIR-01,Kirehe Health Center,Kirehe,2025-02-03,ACT,"ACT course (logistics unit, not a dose)",5,1,0,5.0
HC-KIR-01,Kirehe Health Center,Kirehe,2025-02-03,RDT,RDT kit,14,3,0,4.67
HC-KIR-01,Kirehe Health Center,Kirehe,2025-02-03,injectable_artesunate,"injectable artesunate vial (logistics unit, not a dose)",6,0,0,52.0
HC-KIR-01,Kirehe Health Center,Kirehe,2025-02-10,ACT,"ACT course (logistics unit, not a dose)",4,0,0,52.0
HC-KIR-01,Kirehe Health Center,Kirehe,2025-02-10,RDT,RDT kit,34,3,0,11.33
HC-KIR-01,Kirehe Health Center,Kirehe,2025-02-10,injectable_artesunate,"injectable artesunate vial (logistics unit, not a dose)",8,1,0,8.0
HC-KIR-01,Kirehe Health Center,Kirehe,2025-02-17,ACT,"ACT course (logistics unit, not a dose)",13,4,0,3.25
HC-KIR-01,Kirehe Health Center,Kirehe,2025-02-17,RDT,RDT kit,38,5,0,7.6
HC-KIR-01,Kirehe Health Center,Kirehe,2025-02-17,injectable_artesunate,"injectable artesunate vial (logistics unit, not a dose)",12,1,0,12.0
HC-KIR-01,Kirehe Health Center,Kirehe,2025-02-24,ACT,"ACT course (logistics unit, not a dose)",7,2,0,3.5
HC-KIR-01,Kirehe Health Center,Kirehe,2025-02-24,RDT,RDT kit,18,2,0,9.0
HC-KIR-01,Kirehe Health Center,Kirehe,2025-02-24,injectable_artesunate,"injectable artesunate vial (logistics unit, not a dose)",13,2,0,6.5
HC-KIR-01,Kirehe Health Center,Kirehe,2025-03-03,ACT,"ACT course (logistics unit, not a dose)",9,2,0,4.5
HC-KIR-01,Kirehe Health Center,Kirehe,2025-03-03,RDT,RDT kit,12,3,0,4.0
HC-KIR-01,Kirehe Health Center,Kirehe,2025-03-03,injectable_artesunate,"injectable artesunate vial (logistics unit, not a dose)",10,1,0,10.0
HC-KIR-01,Kirehe Health Center,Kirehe,2025-03-10,ACT,"ACT course (logistics unit, not a dose)",36,4,0,9.0
HC-KIR-01,Kirehe Health Center,Kirehe,2025-03-10,RDT,RDT kit,23,3,0,7.67
HC-KIR-01,Kirehe Health Center,Kirehe,2025-03-10,injectable_artesunate,"injectable artesunate vial (logistics unit, not a dose)",11,1,0,11.0
HC-KIR-01,Kirehe Health Center,Kirehe,2025-03-17,ACT,"ACT course (logistics unit, not a dose)",3,1,0,3.0
HC-KIR-01,Kirehe Health Center,Kirehe,2025-03-17,RDT,RDT kit,14,3,0,4.67
HC-KIR-01,Kirehe Health Center,Kirehe,2025-03-17,injectable_artesunate,"injectable artesunate vial (logistics unit, not a dose)",9,0,0,52.0
HC-KIR-01,Kirehe Health Center,Kirehe,2025-03-24,ACT,"ACT course (logistics unit, not a dose)",21,5,0,4.2
HC-KIR-01,Kirehe Health Center,Kirehe,2025-03-24,RDT,RDT kit,53,5,0,10.6
HC-KIR-01,Kirehe Health Center,Kirehe,2025-03-24,injectable_artesunate,"injectable artesunate vial (logistics unit, not a dose)",11,1,0,11.0
HC-KIR-01,Kirehe Health Center,Kirehe,2025-03-31,ACT,"ACT course (logistics unit, not a dose)",1,0,0,52.0
HC-KIR-01,Kirehe Health Center,Kirehe,2025-03-31,RDT,RDT kit,5,0,0,52.0
HC-KIR-01,Kirehe Health Center,Kirehe,2025-03-31,injectable_artesunate,"injectable artesunate vial (logistics unit, not a dose)",1,0,0,52.0
HC-KIR-01,Kirehe Health Center,Kirehe,2025-04-07,ACT,"ACT course (logistics unit, not a dose)",8,1,0,8.0
HC-KIR-01,Kirehe Health Center,Kirehe,2025-04-07,RDT,RDT kit,31,5,0,6.2
HC-KIR-01,Kirehe Health Center,Kirehe,2025-04-07,injectable_artesunate,"injectable artesunate vial (logistics unit, not a dose)",5,0,0,52.0
HC-KIR-01,Kirehe Health Center,Kirehe,2025-04-14,ACT,"ACT course (logistics unit, not a dose)",42,7,0,6.0
HC-KIR-01,Kirehe Health Center,Kirehe,2025-04-14,RDT,RDT kit,23,4,0,5.75
HC-KIR-01,Kirehe Health Center,Kirehe,2025-04-14,injectable_artesunate,"injectable artesunate vial (logistics unit, not a dose)",1,0,0,52.0
HC-KIR-01,Kirehe Health Center,Kirehe,2025-04-21,ACT,"ACT course (logistics unit, not a dose)",1,2,0,0.5
HC-KIR-01,Kirehe Health Center,Kirehe,2025-04-21,RDT,RDT kit,40,6,0,6.67
HC-KIR-01,Kirehe Health Center,Kirehe,2025-04-21,injectable_artesunate,"injectable artesunate vial (logistics unit, not a dose)",0,0,1,0.0
HC-KIR-01,Kirehe Health Center,Kirehe,2025-04-28,ACT,"ACT course (logistics unit, not a dose)",34,3,0,11.33
HC-KIR-01,Kirehe Health Center,Kirehe,2025-04-28,RDT,RDT kit,25,6,0,4.17
HC-KIR-01,Kirehe Health Center,Kirehe,2025-04-28,injectable_artesunate,"injectable artesunate vial (logistics unit, not a dose)",4,0,0,52.0
HC-KIR-01,Kirehe Health Center,Kirehe,2025-05-05,ACT,"ACT course (logistics unit, not a dose)",20,3,0,6.67
HC-KIR-01,Kirehe Health Center,Kirehe,2025-05-05,RDT,RDT kit,48,8,0,6.0
HC-KIR-01,Kirehe Health Center,Kirehe,2025-05-05,injectable_artesunate,"injectable artesunate vial (logistics unit, not a dose)",13,2,0,6.5
HC-KIR-01,Kirehe Health Center,Kirehe,2025-05-12,ACT,"ACT course (logistics unit, not a dose)",5,1,0,5.0
HC-KIR-01,Kirehe Health Center,Kirehe,2025-05-12,RDT,RDT kit,16,2,0,8.0
HC-KIR-01,Kirehe Health Center,Kirehe,2025-05-12,injectable_artesunate,"injectable artesunate vial (logistics unit, not a dose)",6,1,0,6.0
HC-KIR-01,Kirehe Health Center,Kirehe,2025-05-19,ACT,"ACT course (logistics unit, not a dose)",18,2,0,9.0
HC-KIR-01,Kirehe Health Center,Kirehe,2025-05-19,RDT,RDT kit,0,3,1,0.0
HC-KIR-01,Kirehe Health Center,Kirehe,2025-05-19,injectable_artesunate,"injectable artesunate vial (logistics unit, not a dose)",0,1,1,0.0
HC-KIR-01,Kirehe Health Center,Kirehe,2025-05-26,ACT,"ACT course (logistics unit, not a dose)",22,4,0,5.5
HC-KIR-01,Kirehe Health Center,Kirehe,2025-05-26,RDT,RDT kit,44,5,0,8.8
HC-KIR-01,Kirehe Health Center,Kirehe,2025-05-26,injectable_artesunate,"injectable artesunate vial (logistics unit, not a dose)",12,0,0,52.0
HC-KIR-01,Kirehe Health Center,Kirehe,2025-06-02,ACT,"ACT course (logistics unit, not a dose)",16,2,0,8.0
HC-KIR-01,Kirehe Health Center,Kirehe,2025-06-02,RDT,RDT kit,0,1,1,0.0
HC-KIR-01,Kirehe Health Center,Kirehe,2025-06-02,injectable_artesunate,"injectable artesunate vial (logistics unit, not a dose)",3,0,0,52.0
HC-KIR-01,Kirehe Health Center,Kirehe,2025-06-09,ACT,"ACT course (logistics unit, not a dose)",10,0,0,52.0
HC-KIR-01,Kirehe Health Center,Kirehe,2025-06-09,RDT,RDT kit,10,0,0,52.0
HC-KIR-01,Kirehe Health Center,Kirehe,2025-06-09,injectable_artesunate,"injectable artesunate vial (logistics unit, not a dose)",11,0,0,52.0
HC-KIR-01,Kirehe Health Center,Kirehe,2025-06-16,ACT,"ACT course (logistics unit, not a dose)",11,0,0,52.0
HC-KIR-01,Kirehe Health Center,Kirehe,2025-06-16,RDT,RDT kit,22,4,0,5.5
HC-KIR-01,Kirehe Health Center,Kirehe,2025-06-16,injectable_artesunate,"injectable artesunate vial (logistics unit, not a dose)",9,0,0,52.0
HC-KIR-01,Kirehe Health Center,Kirehe,2025-06-23,ACT,"ACT course (logistics unit, not a dose)",1,0,0,52.0
HC-KIR-01,Kirehe Health Center,Kirehe,2025-06-23,RDT,RDT kit,9,0,0,52.0
HC-KIR-01,Kirehe Health Center,Kirehe,2025-06-23,injectable_artesunate,"injectable artesunate vial (logistics unit, not a dose)",8,0,0,52.0
HC-KIR-01,Kirehe Health Center,Kirehe,2025-06-30,ACT,"ACT course (logistics unit, not a dose)",12,1,0,12.0
HC-KIR-01,Kirehe Health Center,Kirehe,2025-06-30,RDT,RDT kit,17,2,0,8.5
HC-KIR-01,Kirehe Health Center,Kirehe,2025-06-30,injectable_artesunate,"injectable artesunate vial (logistics unit, not a dose)",11,2,0,5.5
HC-KIR-01,Kirehe Health Center,Kirehe,2025-07-07,ACT,"ACT course (logistics unit, not a dose)",3,0,0,52.0
HC-KIR-01,Kirehe Health Center,Kirehe,2025-07-07,RDT,RDT kit,35,3,0,11.67
HC-KIR-01,Kirehe Health Center,Kirehe,2025-07-07,injectable_artesunate,"injectable artesunate vial (logistics unit, not a dose)",8,0,0,52.0
HC-KIR-01,Kirehe Health Center,Kirehe,2025-07-14,ACT,"ACT course (logistics unit, not a dose)",4,1,0,4.0
HC-KIR-01,Kirehe Health Center,Kirehe,2025-07-14,RDT,RDT kit,28,4,0,7.0
HC-KIR-01,Kirehe Health Center,Kirehe,2025-07-14,injectable_artesunate,"injectable artesunate vial (logistics unit, not a dose)",4,0,0,52.0
HC-KIR-01,Kirehe Health Center,Kirehe,2025-07-21,ACT,"ACT course (logistics unit, not a dose)",11,0,0,52.0
HC-KIR-01,Kirehe Health Center,Kirehe,2025-07-21,RDT,RDT kit,6,0,0,52.0
HC-KIR-01,Kirehe Health Center,Kirehe,2025-07-21,injectable_artesunate,"injectable artesunate vial (logistics unit, not a dose)",12,1,0,12.0
HC-KIR-01,Kirehe Health Center,Kirehe,2025-07-28,ACT,"ACT course (logistics unit, not a dose)",10,3,0,3.33
HC-KIR-01,Kirehe Health Center,Kirehe,2025-07-28,RDT,RDT kit,7,1,0,7.0
HC-KIR-01,Kirehe Health Center,Kirehe,2025-07-28,injectable_artesunate,"injectable artesunate vial (logistics unit, not a dose)",0,0,1,0.0
HC-KIR-01,Kirehe Health Center,Kirehe,2025-08-04,ACT,"ACT course (logistics unit, not a dose)",36,6,0,6.0
HC-KIR-01,Kirehe Health Center,Kirehe,2025-08-04,RDT,RDT kit,31,5,0,6.2
HC-KIR-01,Kirehe Health Center,Kirehe,2025-08-04,injectable_artesunate,"injectable artesunate vial (logistics unit, not a dose)",1,0,0,52.0
HC-KIR-01,Kirehe Health Center,Kirehe,2025-08-11,ACT,"ACT course (logistics unit, not a dose)",10,2,0,5.0
HC-KIR-01,Kirehe Health Center,Kirehe,2025-08-11,RDT,RDT kit,10,1,0,10.0
HC-KIR-01,Kirehe Health Center,Kirehe,2025-08-11,injectable_artesunate,"injectable artesunate vial (logistics unit, not a dose)",0,0,1,0.0
HC-KIR-01,Kirehe Health Center,Kirehe,2025-08-18,ACT,"ACT course (logistics unit, not a dose)",16,2,0,8.0
HC-KIR-01,Kirehe Health Center,Kirehe,2025-08-18,RDT,RDT kit,14,3,0,4.67
HC-KIR-01,Kirehe Health Center,Kirehe,2025-08-18,injectable_artesunate,"injectable artesunate vial (logistics unit, not a dose)",10,0,0,52.0
HC-KIR-01,Kirehe Health Center,Kirehe,2025-08-25,ACT,"ACT course (logistics unit, not a dose)",7,1,0,7.0
HC-KIR-01,Kirehe Health Center,Kirehe,2025-08-25,RDT,RDT kit,10,1,0,10.0
HC-KIR-01,Kirehe Health Center,Kirehe,2025-08-25,injectable_artesunate,"injectable artesunate vial (logistics unit, not a dose)",0,0,1,0.0
HC-KIR-01,Kirehe Health Center,Kirehe,2025-09-01,ACT,"ACT course (logistics unit, not a dose)",4,0,0,52.0
HC-KIR-01,Kirehe Health Center,Kirehe,2025-09-01,RDT,RDT kit,52,5,0,10.4
HC-KIR-01,Kirehe Health Center,Kirehe,2025-09-01,injectable_artesunate,"injectable artesunate vial (logistics unit, not a dose)",8,0,0,52.0
HC-KIR-01,Kirehe Health Center,Kirehe,2025-09-08,ACT,"ACT course (logistics unit, not a dose)",11,1,0,11.0
HC-KIR-01,Kirehe Health Center,Kirehe,2025-09-08,RDT,RDT kit,15,2,0,7.5
HC-KIR-01,Kirehe Health Center,Kirehe,2025-09-08,injectable_artesunate,"injectable artesunate vial (logistics unit, not a dose)",6,0,0,52.0
HC-KIR-01,Kirehe Health Center,Kirehe,2025-09-15,ACT,"ACT course (logistics unit, not a dose)",12,2,0,6.0
HC-KIR-01,Kirehe Health Center,Kirehe,2025-09-15,RDT,RDT kit,5,5,0,1.0
HC-KIR-01,Kirehe Health Center,Kirehe,2025-09-15,injectable_artesunate,"injectable artesunate vial (logistics unit, not a dose)",10,0,0,52.0
HC-KIR-01,Kirehe Health Center,Kirehe,2025-09-22,ACT,"ACT course (logistics unit, not a dose)",9,0,0,52.0
HC-KIR-01,Kirehe Health Center,Kirehe,2025-09-22,RDT,RDT kit,0,3,1,0.0
HC-KIR-01,Kirehe Health Center,Kirehe,2025-09-22,injectable_artesunate,"injectable artesunate vial (logistics unit, not a dose)",0,0,1,0.0
HC-KIR-01,Kirehe Health Center,Kirehe,2025-09-29,ACT,"ACT course (logistics unit, not a dose)",32,4,0,8.0
HC-KIR-01,Kirehe Health Center,Kirehe,2025-09-29,RDT,RDT kit,52,5,0,10.4
HC-KIR-01,Kirehe Health Center,Kirehe,2025-09-29,injectable_artesunate,"injectable artesunate vial (logistics unit, not a dose)",5,0,0,52.0
HC-KIR-01,Kirehe Health Center,Kirehe,2025-10-06,ACT,"ACT course (logistics unit, not a dose)",3,0,0,52.0
HC-KIR-01,Kirehe Health Center,Kirehe,2025-10-06,RDT,RDT kit,10,1,0,10.0
HC-KIR-01,Kirehe Health Center,Kirehe,2025-10-06,injectable_artesunate,"injectable artesunate vial (logistics unit, not a dose)",5,0,0,52.0
HC-KIR-01,Kirehe Health Center,Kirehe,2025-10-13,ACT,"ACT course (logistics unit, not a dose)",6,8,0,0.75
HC-KIR-01,Kirehe Health Center,Kirehe,2025-10-13,RDT,RDT kit,46,8,0,5.75
HC-KIR-01,Kirehe Health Center,Kirehe,2025-10-13,injectable_artesunate,"injectable artesunate vial (logistics unit, not a dose)",8,0,0,52.0
HC-KIR-01,Kirehe Health Center,Kirehe,2025-10-20,ACT,"ACT course (logistics unit, not a dose)",8,1,0,8.0
HC-KIR-01,Kirehe Health Center,Kirehe,2025-10-20,RDT,RDT kit,4,4,0,1.0
HC-KIR-01,Kirehe Health Center,Kirehe,2025-10-20,injectable_artesunate,"injectable artesunate vial (logistics unit, not a dose)",6,0,0,52.0
HC-KIR-01,Kirehe Health Center,Kirehe,2025-10-27,ACT,"ACT course (logistics unit, not a dose)",10,0,0,52.0
HC-KIR-01,Kirehe Health Center,Kirehe,2025-10-27,RDT,RDT kit,17,3,0,5.67
HC-KIR-01,Kirehe Health Center,Kirehe,2025-10-27,injectable_artesunate,"injectable artesunate vial (logistics unit, not a dose)",9,0,0,52.0
HC-KIR-01,Kirehe Health Center,Kirehe,2025-11-03,ACT,"ACT course (logistics unit, not a dose)",0,1,1,0.0
HC-KIR-01,Kirehe Health Center,Kirehe,2025-11-03,RDT,RDT kit,12,2,0,6.0
HC-KIR-01,Kirehe Health Center,Kirehe,2025-11-03,injectable_artesunate,"injectable artesunate vial (logistics unit, not a dose)",10,0,0,52.0
HC-KIR-01,Kirehe Health Center,Kirehe,2025-11-10,ACT,"ACT course (logistics unit, not a dose)",37,9,0,4.11
HC-KIR-01,Kirehe Health Center,Kirehe,2025-11-10,RDT,RDT kit,104,9,0,11.56
HC-KIR-01,Kirehe Health Center,Kirehe,2025-11-10,injectable_artesunate,"injectable artesunate vial (logistics unit, not a dose)",12,0,0,52.0
HC-KIR-01,Kirehe Health Center,Kirehe,2025-11-17,ACT,"ACT course (logistics unit, not a dose)",33,3,0,11.0
HC-KIR-01,Kirehe Health Center,Kirehe,2025-11-17,RDT,RDT kit,0,3,1,0.0
HC-KIR-01,Kirehe Health Center,Kirehe,2025-11-17,injectable_artesunate,"injectable artesunate vial (logistics unit, not a dose)",0,0,1,0.0
HC-KIR-01,Kirehe Health Center,Kirehe,2025-11-24,ACT,"ACT course (logistics unit, not a dose)",29,4,0,7.25
HC-KIR-01,Kirehe Health Center,Kirehe,2025-11-24,RDT,RDT kit,29,7,0,4.14
HC-KIR-01,Kirehe Health Center,Kirehe,2025-11-24,injectable_artesunate,"injectable artesunate vial (logistics unit, not a dose)",26,3,0,8.67
HC-KIR-01,Kirehe Health Center,Kirehe,2025-12-01,ACT,"ACT course (logistics unit, not a dose)",5,1,0,5.0
HC-KIR-01,Kirehe Health Center,Kirehe,2025-12-01,RDT,RDT kit,0,8,1,0.0
HC-KIR-01,Kirehe Health Center,Kirehe,2025-12-01,injectable_artesunate,"injectable artesunate vial (logistics unit, not a dose)",10,0,0,52.0
HC-KIR-01,Kirehe Health Center,Kirehe,2025-12-08,ACT,"ACT course (logistics unit, not a dose)",8,0,0,52.0
HC-KIR-01,Kirehe Health Center,Kirehe,2025-12-08,RDT,RDT kit,21,2,0,10.5
HC-KIR-01,Kirehe Health Center,Kirehe,2025-12-08,injectable_artesunate,"injectable artesunate vial (logistics unit, not a dose)",11,0,0,52.0
HC-KIR-01,Kirehe Health Center,Kirehe,2025-12-15,ACT,"ACT course (logistics unit, not a dose)",15,2,0,7.5
HC-KIR-01,Kirehe Health Center,Kirehe,2025-12-15,RDT,RDT kit,3,5,0,0.6
HC-KIR-01,Kirehe Health Center,Kirehe,2025-12-15,injectable_artesunate,"injectable artesunate vial (logistics unit, not a dose)",8,1,0,8.0
HC-KIR-01,Kirehe Health Center,Kirehe,2025-12-22,ACT,"ACT course (logistics unit, not a dose)",1,0,0,52.0
HC-KIR-01,Kirehe Health Center,Kirehe,2025-12-22,RDT,RDT kit,9,2,0,4.5
HC-KIR-01,Kirehe Health Center,Kirehe,2025-12-22,injectable_artesunate,"injectable artesunate vial (logistics unit, not a dose)",9,1,0,9.0
HC-KIR-01,Kirehe Health Center,Kirehe,2025-12-29,ACT,"ACT course (logistics unit, not a dose)",0,2,1,0.0
HC-KIR-01,Kirehe Health Center,Kirehe,2025-12-29,RDT,RDT kit,4,1,0,4.0
HC-KIR-01,Kirehe Health Center,Kirehe,2025-12-29,injectable_artesunate,"injectable artesunate vial (logistics unit, not a dose)",11,1,0,11.0
HC-KIR-01,Kirehe Health Center,Kirehe,2026-01-05,ACT,"ACT course (logistics unit, not a dose)",8,1,0,8.0
HC-KIR-01,Kirehe Health Center,Kirehe,2026-01-05,RDT,RDT kit,21,3,0,7.0
HC-KIR-01,Kirehe Health Center,Kirehe,2026-01-05,injectable_artesunate,"injectable artesunate vial (logistics unit, not a dose)",1,0,0,52.0
HC-KIR-01,Kirehe Health Center,Kirehe,2026-01-12,ACT,"ACT course (logistics unit, not a dose)",50,5,0,10.0
HC-KIR-01,Kirehe Health Center,Kirehe,2026-01-12,RDT,RDT kit,9,1,0,9.0
HC-KIR-01,Kirehe Health Center,Kirehe,2026-01-12,injectable_artesunate,"injectable artesunate vial (logistics unit, not a dose)",8,1,0,8.0
HC-KIR-01,Kirehe Health Center,Kirehe,2026-01-19,ACT,"ACT course (logistics unit, not a dose)",6,1,0,6.0
HC-KIR-01,Kirehe Health Center,Kirehe,2026-01-19,RDT,RDT kit,16,3,0,5.33
HC-KIR-01,Kirehe Health Center,Kirehe,2026-01-19,injectable_artesunate,"injectable artesunate vial (logistics unit, not a dose)",11,0,0,52.0
HC-KIR-01,Kirehe Health Center,Kirehe,2026-01-26,ACT,"ACT course (logistics unit, not a dose)",1,2,0,0.5
HC-KIR-01,Kirehe Health Center,Kirehe,2026-01-26,RDT,RDT kit,22,2,0,11.0
HC-KIR-01,Kirehe Health Center,Kirehe,2026-01-26,injectable_artesunate,"injectable artesunate vial (logistics unit, not a dose)",0,1,1,0.0
HC-KIR-01,Kirehe Health Center,Kirehe,2026-02-02,ACT,"ACT course (logistics unit, not a dose)",15,2,0,7.5
HC-KIR-01,Kirehe Health Center,Kirehe,2026-02-02,RDT,RDT kit,10,1,0,10.0
HC-KIR-01,Kirehe Health Center,Kirehe,2026-02-02,injectable_artesunate,"injectable artesunate vial (logistics unit, not a dose)",0,0,1,0.0
HC-KIR-01,Kirehe Health Center,Kirehe,2026-02-09,ACT,"ACT course (logistics unit, not a dose)",8,0,0,52.0
HC-KIR-01,Kirehe Health Center,Kirehe,2026-02-09,RDT,RDT kit,4,0,0,52.0
HC-KIR-01,Kirehe Health Center,Kirehe,2026-02-09,injectable_artesunate,"injectable artesunate vial (logistics unit, not a dose)",11,0,0,52.0
HC-KIR-01,Kirehe Health Center,Kirehe,2026-02-16,ACT,"ACT course (logistics unit, not a dose)",4,1,0,4.0
HC-KIR-01,Kirehe Health Center,Kirehe,2026-02-16,RDT,RDT kit,9,0,0,52.0
HC-KIR-01,Kirehe Health Center,Kirehe,2026-02-16,injectable_artesunate,"injectable artesunate vial (logistics unit, not a dose)",10,0,0,52.0
HC-KIR-01,Kirehe Health Center,Kirehe,2026-02-23,ACT,"ACT course (logistics unit, not a dose)",23,4,0,5.75
HC-KIR-01,Kirehe Health Center,Kirehe,2026-02-23,RDT,RDT kit,67,7,0,9.57
HC-KIR-01,Kirehe Health Center,Kirehe,2026-02-23,injectable_artesunate,"injectable artesunate vial (logistics unit, not a dose)",6,0,0,52.0
HC-KIR-01,Kirehe Health Center,Kirehe,2026-03-02,ACT,"ACT course (logistics unit, not a dose)",2,5,0,0.4
HC-KIR-01,Kirehe Health Center,Kirehe,2026-03-02,RDT,RDT kit,22,4,0,5.5
HC-KIR-01,Kirehe Health Center,Kirehe,2026-03-02,injectable_artesunate,"injectable artesunate vial (logistics unit, not a dose)",16,2,0,8.0
HC-KIR-01,Kirehe Health Center,Kirehe,2026-03-09,ACT,"ACT course (logistics unit, not a dose)",27,3,0,9.0
HC-KIR-01,Kirehe Health Center,Kirehe,2026-03-09,RDT,RDT kit,3,7,0,0.43
HC-KIR-01,Kirehe Health Center,Kirehe,2026-03-09,injectable_artesunate,"injectable artesunate vial (logistics unit, not a dose)",6,0,0,52.0
HC-KIR-01,Kirehe Health Center,Kirehe,2026-03-16,ACT,"ACT course (logistics unit, not a dose)",11,1,0,11.0
HC-KIR-01,Kirehe Health Center,Kirehe,2026-03-16,RDT,RDT kit,58,5,0,11.6
HC-KIR-01,Kirehe Health Center,Kirehe,2026-03-16,injectable_artesunate,"injectable artesunate vial (logistics unit, not a dose)",11,1,0,11.0
HC-KIR-01,Kirehe Health Center,Kirehe,2026-03-23,ACT,"ACT course (logistics unit, not a dose)",1,1,0,1.0
HC-KIR-01,Kirehe Health Center,Kirehe,2026-03-23,RDT,RDT kit,29,5,0,5.8
HC-KIR-01,Kirehe Health Center,Kirehe,2026-03-23,injectable_artesunate,"injectable artesunate vial (logistics unit, not a dose)",0,1,1,0.0
HC-KIR-01,Kirehe Health Center,Kirehe,2026-03-30,ACT,"ACT course (logistics unit, not a dose)",10,1,0,10.0
HC-KIR-01,Kirehe Health Center,Kirehe,2026-03-30,RDT,RDT kit,95,9,0,10.56
HC-KIR-01,Kirehe Health Center,Kirehe,2026-03-30,injectable_artesunate,"injectable artesunate vial (logistics unit, not a dose)",10,0,0,52.0
HC-KIR-01,Kirehe Health Center,Kirehe,2026-04-06,ACT,"ACT course (logistics unit, not a dose)",44,4,0,11.0
HC-KIR-01,Kirehe Health Center,Kirehe,2026-04-06,RDT,RDT kit,18,5,0,3.6
HC-KIR-01,Kirehe Health Center,Kirehe,2026-04-06,injectable_artesunate,"injectable artesunate vial (logistics unit, not a dose)",3,0,0,52.0
HC-KIR-01,Kirehe Health Center,Kirehe,2026-04-13,ACT,"ACT course (logistics unit, not a dose)",44,4,0,11.0
HC-KIR-01,Kirehe Health Center,Kirehe,2026-04-13,RDT,RDT kit,21,7,0,3.0
HC-KIR-01,Kirehe Health Center,Kirehe,2026-04-13,injectable_artesunate,"injectable artesunate vial (logistics unit, not a dose)",0,0,1,0.0
HC-KIR-01,Kirehe Health Center,Kirehe,2026-04-20,ACT,"ACT course (logistics unit, not a dose)",10,1,0,10.0
HC-KIR-01,Kirehe Health Center,Kirehe,2026-04-20,RDT,RDT kit,18,2,0,9.0
HC-KIR-01,Kirehe Health Center,Kirehe,2026-04-20,injectable_artesunate,"injectable artesunate vial (logistics unit, not a dose)",5,1,0,5.0
HC-KIR-01,Kirehe Health Center,Kirehe,2026-04-27,ACT,"ACT course (logistics unit, not a dose)",29,3,0,9.67
HC-KIR-01,Kirehe Health Center,Kirehe,2026-04-27,RDT,RDT kit,40,4,0,10.0
HC-KIR-01,Kirehe Health Center,Kirehe,2026-04-27,injectable_artesunate,"injectable artesunate vial (logistics unit, not a dose)",0,0,1,0.0
HC-KIR-01,Kirehe Health Center,Kirehe,2026-05-04,ACT,"ACT course (logistics unit, not a dose)",15,2,0,7.5
HC-KIR-01,Kirehe Health Center,Kirehe,2026-05-04,RDT,RDT kit,7,6,0,1.17
HC-KIR-01,Kirehe Health Center,Kirehe,2026-05-04,injectable_artesunate,"injectable artesunate vial (logistics unit, not a dose)",7,0,0,52.0
HC-KIR-01,Kirehe Health Center,Kirehe,2026-05-11,ACT,"ACT course (logistics unit, not a dose)",10,1,0,10.0
HC-KIR-01,Kirehe Health Center,Kirehe,2026-05-11,RDT,RDT kit,35,3,0,11.67
HC-KIR-01,Kirehe Health Center,Kirehe,2026-05-11,injectable_artesunate,"injectable artesunate vial (logistics unit, not a dose)",8,1,0,8.0
HC-KIR-01,Kirehe Health Center,Kirehe,2026-05-18,ACT,"ACT course (logistics unit, not a dose)",0,4,1,0.0
HC-KIR-01,Kirehe Health Center,Kirehe,2026-05-18,RDT,RDT kit,40,6,0,6.67
HC-KIR-01,Kirehe Health Center,Kirehe,2026-05-18,injectable_artesunate,"injectable artesunate vial (logistics unit, not a dose)",4,0,0,52.0
HC-KIR-01,Kirehe Health Center,Kirehe,2026-05-25,ACT,"ACT course (logistics unit, not a dose)",21,2,0,10.5
HC-KIR-01,Kirehe Health Center,Kirehe,2026-05-25,RDT,RDT kit,16,2,0,8.0
HC-KIR-01,Kirehe Health Center,Kirehe,2026-05-25,injectable_artesunate,"injectable artesunate vial (logistics unit, not a dose)",6,1,0,6.0
HC-KIR-01,Kirehe Health Center,Kirehe,2026-06-01,ACT,"ACT course (logistics unit, not a dose)",21,2,0,10.5
HC-KIR-01,Kirehe Health Center,Kirehe,2026-06-01,RDT,RDT kit,23,2,0,11.5
HC-KIR-01,Kirehe Health Center,Kirehe,2026-06-01,injectable_artesunate,"injectable artesunate vial (logistics unit, not a dose)",12,0,0,52.0
HC-KIR-01,Kirehe Health Center,Kirehe,2026-06-08,ACT,"ACT course (logistics unit, not a dose)",0,0,1,0.0
HC-KIR-01,Kirehe Health Center,Kirehe,2026-06-08,RDT,RDT kit,14,4,0,3.5
HC-KIR-01,Kirehe Health Center,Kirehe,2026-06-08,injectable_artesunate,"injectable artesunate vial (logistics unit, not a dose)",11,0,0,52.0
HC-KIR-01,Kirehe Health Center,Kirehe,2026-06-15,ACT,"ACT course (logistics unit, not a dose)",1,1,0,1.0
HC-KIR-01,Kirehe Health Center,Kirehe,2026-06-15,RDT,RDT kit,9,1,0,9.0
HC-KIR-01,Kirehe Health Center,Kirehe,2026-06-15,injectable_artesunate,"injectable artesunate vial (logistics unit, not a dose)",1,1,0,1.0
HC-KIR-01,Kirehe Health Center,Kirehe,2026-06-22,ACT,"ACT course (logistics unit, not a dose)",17,2,0,8.5
HC-KIR-01,Kirehe Health Center,Kirehe,2026-06-22,RDT,RDT kit,14,2,0,7.0
HC-KIR-01,Kirehe Health Center,Kirehe,2026-06-22,injectable_artesunate,"injectable artesunate vial (logistics unit, not a dose)",8,1,0,8.0
HC-KIR-01,Kirehe Health Center,Kirehe,2026-06-29,ACT,"ACT course (logistics unit, not a dose)",5,0,0,52.0
HC-KIR-01,Kirehe Health Center,Kirehe,2026-06-29,RDT,RDT kit,10,2,0,5.0
HC-KIR-01,Kirehe Health Center,Kirehe,2026-06-29,injectable_artesunate,"injectable artesunate vial (logistics unit, not a dose)",0,1,1,0.0
HC-KIR-01,Kirehe Health Center,Kirehe,2026-07-06,ACT,"ACT course (logistics unit, not a dose)",7,1,0,7.0
HC-KIR-01,Kirehe Health Center,Kirehe,2026-07-06,RDT,RDT kit,0,1,1,0.0
HC-KIR-01,Kirehe Health Center,Kirehe,2026-07-06,injectable_artesunate,"injectable artesunate vial (logistics unit, not a dose)",5,0,0,52.0
HC-KIR-01,Kirehe Health Center,Kirehe,2026-07-13,ACT,"ACT course (logistics unit, not a dose)",9,1,0,9.0
HC-KIR-01,Kirehe Health Center,Kirehe,2026-07-13,RDT,RDT kit,42,4,0,10.5
HC-KIR-01,Kirehe Health Center,Kirehe,2026-07-13,injectable_artesunate,"injectable artesunate vial (logistics unit, not a dose)",32,3,0,10.67
HC-KIR-01,Kirehe Health Center,Kirehe,2026-07-20,ACT,"ACT course (logistics unit, not a dose)",6,0,0,52.0
HC-KIR-01,Kirehe Health Center,Kirehe,2026-07-20,RDT,RDT kit,38,4,0,9.5
HC-KIR-01,Kirehe Health Center,Kirehe,2026-07-20,injectable_artesunate,"injectable artesunate vial (logistics unit, not a dose)",7,0,0,52.0
HC-KIR-01,Kirehe Health Center,Kirehe,2026-07-27,ACT,"ACT course (logistics unit, not a dose)",9,2,0,4.5
HC-KIR-01,Kirehe Health Center,Kirehe,2026-07-27,RDT,RDT kit,32,7,0,4.57
HC-KIR-01,Kirehe Health Center,Kirehe,2026-07-27,injectable_artesunate,"injectable artesunate vial (logistics unit, not a dose)",1,0,0,52.0
HC-KIR-01,Kirehe Health Center,Kirehe,2026-08-03,ACT,"ACT course (logistics unit, not a dose)",0,1,1,0.0
HC-KIR-01,Kirehe Health Center,Kirehe,2026-08-03,RDT,RDT kit,5,1,0,5.0
HC-KIR-01,Kirehe Health Center,Kirehe,2026-08-03,injectable_artesunate,"injectable artesunate vial (logistics unit, not a dose)",10,0,0,52.0
HC-KIR-01,Kirehe Health Center,Kirehe,2026-08-10,ACT,"ACT course (logistics unit, not a dose)",11,1,0,11.0
HC-KIR-01,Kirehe Health Center,Kirehe,2026-08-10,RDT,RDT kit,7,0,0,52.0
HC-KIR-01,Kirehe Health Center,Kirehe,2026-08-10,injectable_artesunate,"injectable artesunate vial (logistics unit, not a dose)",16,3,0,5.33
HC-KIR-01,Kirehe Health Center,Kirehe,2026-08-17,ACT,"ACT course (logistics unit, not a dose)",8,1,0,8.0
HC-KIR-01,Kirehe Health Center,Kirehe,2026-08-17,RDT,RDT kit,12,1,0,12.0
HC-KIR-01,Kirehe Health Center,Kirehe,2026-08-17,injectable_artesunate,"injectable artesunate vial (logistics unit, not a dose)",6,0,0,52.0
HC-KIR-01,Kirehe Health Center,Kirehe,2026-08-24,ACT,"ACT course (logistics unit, not a dose)",12,2,0,6.0
HC-KIR-01,Kirehe Health Center,Kirehe,2026-08-24,RDT,RDT kit,63,6,0,10.5
HC-KIR-01,Kirehe Health Center,Kirehe,2026-08-24,injectable_artesunate,"injectable artesunate vial (logistics unit, not a dose)",11,2,0,5.5
HC-KIR-01,Kirehe Health Center,Kirehe,2026-08-31,ACT,"ACT course (logistics unit, not a dose)",12,1,0,12.0
HC-KIR-01,Kirehe Health Center,Kirehe,2026-08-31,RDT,RDT kit,10,1,0,10.0
HC-KIR-01,Kirehe Health Center,Kirehe,2026-08-31,injectable_artesunate,"injectable artesunate vial (logistics unit, not a dose)",0,1,1,0.0
HC-KIR-01,Kirehe Health Center,Kirehe,2026-09-07,ACT,"ACT course (logistics unit, not a dose)",13,2,0,6.5
HC-KIR-01,Kirehe Health Center,Kirehe,2026-09-07,RDT,RDT kit,25,3,0,8.33
HC-KIR-01,Kirehe Health Center,Kirehe,2026-09-07,injectable_artesunate,"injectable artesunate vial (logistics unit, not a dose)",3,0,0,52.0
HC-KIR-01,Kirehe Health Center,Kirehe,2026-09-14,ACT,"ACT course (logistics unit, not a dose)",6,0,0,52.0
HC-KIR-01,Kirehe Health Center,Kirehe,2026-09-14,RDT,RDT kit,29,4,0,7.25
HC-KIR-01,Kirehe Health Center,Kirehe,2026-09-14,injectable_artesunate,"injectable artesunate vial (logistics unit, not a dose)",5,0,0,52.0
HC-KIR-01,Kirehe Health Center,Kirehe,2026-09-21,ACT,"ACT course (logistics unit, not a dose)",29,3,0,9.67
HC-KIR-01,Kirehe Health Center,Kirehe,2026-09-21,RDT,RDT kit,9,1,0,9.0
HC-KIR-01,Kirehe Health Center,Kirehe,2026-09-21,injectable_artesunate,"injectable artesunate vial (logistics unit, not a dose)",6,1,0,6.0
HC-KIR-01,Kirehe Health Center,Kirehe,2026-09-28,ACT,"ACT course (logistics unit, not a dose)",11,1,0,11.0
HC-KIR-01,Kirehe Health Center,Kirehe,2026-09-28,RDT,RDT kit,6,0,0,52.0
HC-KIR-01,Kirehe Health Center,Kirehe,2026-09-28,injectable_artesunate,"injectable artesunate vial (logistics unit, not a dose)",10,0,0,52.0
HC-KIR-02,Gahara Health Center,Kirehe,2024-09-30,ACT,"ACT course (logistics unit, not a dose)",4,0,0,52.0
HC-KIR-02,Gahara Health Center,Kirehe,2024-09-30,RDT,RDT kit,4,4,0,1.0
HC-KIR-02,Gahara Health Center,Kirehe,2024-09-30,injectable_artesunate,"injectable artesunate vial (logistics unit, not a dose)",11,0,0,52.0
HC-KIR-02,Gahara Health Center,Kirehe,2024-10-07,ACT,"ACT course (logistics unit, not a dose)",12,1,0,12.0
HC-KIR-02,Gahara Health Center,Kirehe,2024-10-07,RDT,RDT kit,16,3,0,5.33
HC-KIR-02,Gahara Health Center,Kirehe,2024-10-07,injectable_artesunate,"injectable artesunate vial (logistics unit, not a dose)",4,0,0,52.0
HC-KIR-02,Gahara Health Center,Kirehe,2024-10-14,ACT,"ACT course (logistics unit, not a dose)",19,2,0,9.5
HC-KIR-02,Gahara Health Center,Kirehe,2024-10-14,RDT,RDT kit,42,7,0,6.0
HC-KIR-02,Gahara Health Center,Kirehe,2024-10-14,injectable_artesunate,"injectable artesunate vial (logistics unit, not a dose)",6,1,0,6.0
HC-KIR-02,Gahara Health Center,Kirehe,2024-10-21,ACT,"ACT course (logistics unit, not a dose)",11,1,0,11.0
HC-KIR-02,Gahara Health Center,Kirehe,2024-10-21,RDT,RDT kit,29,3,0,9.67
HC-KIR-02,Gahara Health Center,Kirehe,2024-10-21,injectable_artesunate,"injectable artesunate vial (logistics unit, not a dose)",5,0,0,52.0
HC-KIR-02,Gahara Health Center,Kirehe,2024-10-28,ACT,"ACT course (logistics unit, not a dose)",13,4,0,3.25
HC-KIR-02,Gahara Health Center,Kirehe,2024-10-28,RDT,RDT kit,36,4,0,9.0
HC-KIR-02,Gahara Health Center,Kirehe,2024-10-28,injectable_artesunate,"injectable artesunate vial (logistics unit, not a dose)",0,0,1,0.0
HC-KIR-02,Gahara Health Center,Kirehe,2024-11-04,ACT,"ACT course (logistics unit, not a dose)",16,2,0,8.0
HC-KIR-02,Gahara Health Center,Kirehe,2024-11-04,RDT,RDT kit,56,13,0,4.31
HC-KIR-02,Gahara Health Center,Kirehe,2024-11-04,injectable_artesunate,"injectable artesunate vial (logistics unit, not a dose)",8,1,0,8.0
HC-KIR-02,Gahara Health Center,Kirehe,2024-11-11,ACT,"ACT course (logistics unit, not a dose)",10,1,0,10.0
HC-KIR-02,Gahara Health Center,Kirehe,2024-11-11,RDT,RDT kit,10,1,0,10.0
HC-KIR-02,Gahara Health Center,Kirehe,2024-11-11,injectable_artesunate,"injectable artesunate vial (logistics unit, not a dose)",5,0,0,52.0
HC-KIR-02,Gahara Health Center,Kirehe,2024-11-18,ACT,"ACT course (logistics unit, not a dose)",9,1,0,9.0
HC-KIR-02,Gahara Health Center,Kirehe,2024-11-18,RDT,RDT kit,27,5,0,5.4
HC-KIR-02,Gahara Health Center,Kirehe,2024-11-18,injectable_artesunate,"injectable artesunate vial (logistics unit, not a dose)",12,0,0,52.0
HC-KIR-02,Gahara Health Center,Kirehe,2024-11-25,ACT,"ACT course (logistics unit, not a dose)",47,6,0,7.83
HC-KIR-02,Gahara Health Center,Kirehe,2024-11-25,RDT,RDT kit,3,3,0,1.0
HC-KIR-02,Gahara Health Center,Kirehe,2024-11-25,injectable_artesunate,"injectable artesunate vial (logistics unit, not a dose)",8,0,0,52.0
HC-KIR-02,Gahara Health Center,Kirehe,2024-12-02,ACT,"ACT course (logistics unit, not a dose)",23,2,0,11.5
HC-KIR-02,Gahara Health Center,Kirehe,2024-12-02,RDT,RDT kit,43,4,0,10.75
HC-KIR-02,Gahara Health Center,Kirehe,2024-12-02,injectable_artesunate,"injectable artesunate vial (logistics unit, not a dose)",10,0,0,52.0
HC-KIR-02,Gahara Health Center,Kirehe,2024-12-09,ACT,"ACT course (logistics unit, not a dose)",8,0,0,52.0
HC-KIR-02,Gahara Health Center,Kirehe,2024-12-09,RDT,RDT kit,52,5,0,10.4
HC-KIR-02,Gahara Health Center,Kirehe,2024-12-09,injectable_artesunate,"injectable artesunate vial (logistics unit, not a dose)",6,0,0,52.0
HC-KIR-02,Gahara Health Center,Kirehe,2024-12-16,ACT,"ACT course (logistics unit, not a dose)",12,3,0,4.0
HC-KIR-02,Gahara Health Center,Kirehe,2024-12-16,RDT,RDT kit,21,3,0,7.0
HC-KIR-02,Gahara Health Center,Kirehe,2024-12-16,injectable_artesunate,"injectable artesunate vial (logistics unit, not a dose)",10,0,0,52.0
HC-KIR-02,Gahara Health Center,Kirehe,2024-12-23,ACT,"ACT course (logistics unit, not a dose)",11,1,0,11.0
HC-KIR-02,Gahara Health Center,Kirehe,2024-12-23,RDT,RDT kit,6,5,0,1.2
HC-KIR-02,Gahara Health Center,Kirehe,2024-12-23,injectable_artesunate,"injectable artesunate vial (logistics unit, not a dose)",11,0,0,52.0
HC-KIR-02,Gahara Health Center,Kirehe,2024-12-30,ACT,"ACT course (logistics unit, not a dose)",21,2,0,10.5
HC-KIR-02,Gahara Health Center,Kirehe,2024-12-30,RDT,RDT kit,9,1,0,9.0
HC-KIR-02,Gahara Health Center,Kirehe,2024-12-30,injectable_artesunate,"injectable artesunate vial (logistics unit, not a dose)",8,0,0,52.0
HC-KIR-02,Gahara Health Center,Kirehe,2025-01-06,ACT,"ACT course (logistics unit, not a dose)",10,2,0,5.0
HC-KIR-02,Gahara Health Center,Kirehe,2025-01-06,RDT,RDT kit,28,4,0,7.0
HC-KIR-02,Gahara Health Center,Kirehe,2025-01-06,injectable_artesunate,"injectable artesunate vial (logistics unit, not a dose)",7,0,0,52.0
HC-KIR-02,Gahara Health Center,Kirehe,2025-01-13,ACT,"ACT course (logistics unit, not a dose)",20,2,0,10.0
HC-KIR-02,Gahara Health Center,Kirehe,2025-01-13,RDT,RDT kit,1,6,0,0.17
HC-KIR-02,Gahara Health Center,Kirehe,2025-01-13,injectable_artesunate,"injectable artesunate vial (logistics unit, not a dose)",10,2,0,5.0
HC-KIR-02,Gahara Health Center,Kirehe,2025-01-20,ACT,"ACT course (logistics unit, not a dose)",4,1,0,4.0
HC-KIR-02,Gahara Health Center,Kirehe,2025-01-20,RDT,RDT kit,10,1,0,10.0
HC-KIR-02,Gahara Health Center,Kirehe,2025-01-20,injectable_artesunate,"injectable artesunate vial (logistics unit, not a dose)",0,0,1,0.0
HC-KIR-02,Gahara Health Center,Kirehe,2025-01-27,ACT,"ACT course (logistics unit, not a dose)",11,1,0,11.0
HC-KIR-02,Gahara Health Center,Kirehe,2025-01-27,RDT,RDT kit,12,0,0,52.0
HC-KIR-02,Gahara Health Center,Kirehe,2025-01-27,injectable_artesunate,"injectable artesunate vial (logistics unit, not a dose)",1,0,0,52.0
HC-KIR-02,Gahara Health Center,Kirehe,2025-02-03,ACT,"ACT course (logistics unit, not a dose)",40,5,0,8.0
HC-KIR-02,Gahara Health Center,Kirehe,2025-02-03,RDT,RDT kit,0,5,1,0.0
HC-KIR-02,Gahara Health Center,Kirehe,2025-02-03,injectable_artesunate,"injectable artesunate vial (logistics unit, not a dose)",21,2,0,10.5
HC-KIR-02,Gahara Health Center,Kirehe,2025-02-10,ACT,"ACT course (logistics unit, not a dose)",5,1,0,5.0
HC-KIR-02,Gahara Health Center,Kirehe,2025-02-10,RDT,RDT kit,4,0,0,52.0
HC-KIR-02,Gahara Health Center,Kirehe,2025-02-10,injectable_artesunate,"injectable artesunate vial (logistics unit, not a dose)",8,0,0,52.0
HC-KIR-02,Gahara Health Center,Kirehe,2025-02-17,ACT,"ACT course (logistics unit, not a dose)",5,1,0,5.0
HC-KIR-02,Gahara Health Center,Kirehe,2025-02-17,RDT,RDT kit,14,2,0,7.0
HC-KIR-02,Gahara Health Center,Kirehe,2025-02-17,injectable_artesunate,"injectable artesunate vial (logistics unit, not a dose)",1,0,0,52.0
HC-KIR-02,Gahara Health Center,Kirehe,2025-02-24,ACT,"ACT course (logistics unit, not a dose)",2,2,0,1.0
HC-KIR-02,Gahara Health Center,Kirehe,2025-02-24,RDT,RDT kit,9,1,0,9.0
HC-KIR-02,Gahara Health Center,Kirehe,2025-02-24,injectable_artesunate,"injectable artesunate vial (logistics unit, not a dose)",0,1,1,0.0
HC-KIR-02,Gahara Health Center,Kirehe,2025-03-03,ACT,"ACT course (logistics unit, not a dose)",4,1,0,4.0
HC-KIR-02,Gahara Health Center,Kirehe,2025-03-03,RDT,RDT kit,30,3,0,10.0
HC-KIR-02,Gahara Health Center,Kirehe,2025-03-03,injectable_artesunate,"injectable artesunate vial (logistics unit, not a dose)",1,0,0,52.0
HC-KIR-02,Gahara Health Center,Kirehe,2025-03-10,ACT,"ACT course (logistics unit, not a dose)",12,1,0,12.0
HC-KIR-02,Gahara Health Center,Kirehe,2025-03-10,RDT,RDT kit,60,5,0,12.0
HC-KIR-02,Gahara Health Center,Kirehe,2025-03-10,injectable_artesunate,"injectable artesunate vial (logistics unit, not a dose)",6,0,0,52.0
HC-KIR-02,Gahara Health Center,Kirehe,2025-03-17,ACT,"ACT course (logistics unit, not a dose)",16,2,0,8.0
HC-KIR-02,Gahara Health Center,Kirehe,2025-03-17,RDT,RDT kit,12,2,0,6.0
HC-KIR-02,Gahara Health Center,Kirehe,2025-03-17,injectable_artesunate,"injectable artesunate vial (logistics unit, not a dose)",6,0,0,52.0
HC-KIR-02,Gahara Health Center,Kirehe,2025-03-24,ACT,"ACT course (logistics unit, not a dose)",17,2,0,8.5
HC-KIR-02,Gahara Health Center,Kirehe,2025-03-24,RDT,RDT kit,11,1,0,11.0
HC-KIR-02,Gahara Health Center,Kirehe,2025-03-24,injectable_artesunate,"injectable artesunate vial (logistics unit, not a dose)",0,0,1,0.0
HC-KIR-02,Gahara Health Center,Kirehe,2025-03-31,ACT,"ACT course (logistics unit, not a dose)",5,1,0,5.0
HC-KIR-02,Gahara Health Center,Kirehe,2025-03-31,RDT,RDT kit,13,2,0,6.5
HC-KIR-02,Gahara Health Center,Kirehe,2025-03-31,injectable_artesunate,"injectable artesunate vial (logistics unit, not a dose)",11,1,0,11.0
HC-KIR-02,Gahara Health Center,Kirehe,2025-04-07,ACT,"ACT course (logistics unit, not a dose)",12,1,0,12.0
HC-KIR-02,Gahara Health Center,Kirehe,2025-04-07,RDT,RDT kit,86,8,0,10.75
HC-KIR-02,Gahara Health Center,Kirehe,2025-04-07,injectable_artesunate,"injectable artesunate vial (logistics unit, not a dose)",4,0,0,52.0
HC-KIR-02,Gahara Health Center,Kirehe,2025-04-14,ACT,"ACT course (logistics unit, not a dose)",0,1,1,0.0
HC-KIR-02,Gahara Health Center,Kirehe,2025-04-14,RDT,RDT kit,53,5,0,10.6
HC-KIR-02,Gahara Health Center,Kirehe,2025-04-14,injectable_artesunate,"injectable artesunate vial (logistics unit, not a dose)",1,0,0,52.0
HC-KIR-02,Gahara Health Center,Kirehe,2025-04-21,ACT,"ACT course (logistics unit, not a dose)",30,3,0,10.0
HC-KIR-02,Gahara Health Center,Kirehe,2025-04-21,RDT,RDT kit,66,7,0,9.43
HC-KIR-02,Gahara Health Center,Kirehe,2025-04-21,injectable_artesunate,"injectable artesunate vial (logistics unit, not a dose)",7,0,0,52.0
HC-KIR-02,Gahara Health Center,Kirehe,2025-04-28,ACT,"ACT course (logistics unit, not a dose)",12,2,0,6.0
HC-KIR-02,Gahara Health Center,Kirehe,2025-04-28,RDT,RDT kit,68,7,0,9.71
HC-KIR-02,Gahara Health Center,Kirehe,2025-04-28,injectable_artesunate,"injectable artesunate vial (logistics unit, not a dose)",3,0,0,52.0
HC-KIR-02,Gahara Health Center,Kirehe,2025-05-05,ACT,"ACT course (logistics unit, not a dose)",0,1,1,0.0
HC-KIR-02,Gahara Health Center,Kirehe,2025-05-05,RDT,RDT kit,35,4,0,8.75
HC-KIR-02,Gahara Health Center,Kirehe,2025-05-05,injectable_artesunate,"injectable artesunate vial (logistics unit, not a dose)",5,0,0,52.0
HC-KIR-02,Gahara Health Center,Kirehe,2025-05-12,ACT,"ACT course (logistics unit, not a dose)",0,1,1,0.0
HC-KIR-02,Gahara Health Center,Kirehe,2025-05-12,RDT,RDT kit,0,7,1,0.0
HC-KIR-02,Gahara Health Center,Kirehe,2025-05-12,injectable_artesunate,"injectable artesunate vial (logistics unit, not a dose)",10,0,0,52.0
HC-KIR-02,Gahara Health Center,Kirehe,2025-05-19,ACT,"ACT course (logistics unit, not a dose)",5,1,0,5.0
HC-KIR-02,Gahara Health Center,Kirehe,2025-05-19,RDT,RDT kit,46,5,0,9.2
HC-KIR-02,Gahara Health Center,Kirehe,2025-05-19,injectable_artesunate,"injectable artesunate vial (logistics unit, not a dose)",11,1,0,11.0
HC-KIR-02,Gahara Health Center,Kirehe,2025-05-26,ACT,"ACT course (logistics unit, not a dose)",24,3,0,8.0
HC-KIR-02,Gahara Health Center,Kirehe,2025-05-26,RDT,RDT kit,56,7,0,8.0
HC-KIR-02,Gahara Health Center,Kirehe,2025-05-26,injectable_artesunate,"injectable artesunate vial (logistics unit, not a dose)",9,0,0,52.0
HC-KIR-02,Gahara Health Center,Kirehe,2025-06-02,ACT,"ACT course (logistics unit, not a dose)",8,1,0,8.0
HC-KIR-02,Gahara Health Center,Kirehe,2025-06-02,RDT,RDT kit,4,0,0,52.0
HC-KIR-02,Gahara Health Center,Kirehe,2025-06-02,injectable_artesunate,"injectable artesunate vial (logistics unit, not a dose)",6,1,0,6.0
HC-KIR-02,Gahara Health Center,Kirehe,2025-06-09,ACT,"ACT course (logistics unit, not a dose)",8,0,0,52.0
HC-KIR-02,Gahara Health Center,Kirehe,2025-06-09,RDT,RDT kit,12,0,0,52.0
HC-KIR-02,Gahara Health Center,Kirehe,2025-06-09,injectable_artesunate,"injectable artesunate vial (logistics unit, not a dose)",8,0,0,52.0
HC-KIR-02,Gahara Health Center,Kirehe,2025-06-16,ACT,"ACT course (logistics unit, not a dose)",9,0,0,52.0
HC-KIR-02,Gahara Health Center,Kirehe,2025-06-16,RDT,RDT kit,9,1,0,9.0
HC-KIR-02,Gahara Health Center,Kirehe,2025-06-16,injectable_artesunate,"injectable artesunate vial (logistics unit, not a dose)",5,1,0,5.0
HC-KIR-02,Gahara Health Center,Kirehe,2025-06-23,ACT,"ACT course (logistics unit, not a dose)",12,1,0,12.0
HC-KIR-02,Gahara Health Center,Kirehe,2025-06-23,RDT,RDT kit,48,4,0,12.0
HC-KIR-02,Gahara Health Center,Kirehe,2025-06-23,injectable_artesunate,"injectable artesunate vial (logistics unit, not a dose)",6,0,0,52.0
HC-KIR-02,Gahara Health Center,Kirehe,2025-06-30,ACT,"ACT course (logistics unit, not a dose)",11,1,0,11.0
HC-KIR-02,Gahara Health Center,Kirehe,2025-06-30,RDT,RDT kit,27,3,0,9.0
HC-KIR-02,Gahara Health Center,Kirehe,2025-06-30,injectable_artesunate,"injectable artesunate vial (logistics unit, not a dose)",1,1,0,1.0
HC-KIR-02,Gahara Health Center,Kirehe,2025-07-07,ACT,"ACT course (logistics unit, not a dose)",4,1,0,4.0
HC-KIR-02,Gahara Health Center,Kirehe,2025-07-07,RDT,RDT kit,14,2,0,7.0
HC-KIR-02,Gahara Health Center,Kirehe,2025-07-07,injectable_artesunate,"injectable artesunate vial (logistics unit, not a dose)",5,0,0,52.0
HC-KIR-02,Gahara Health Center,Kirehe,2025-07-14,ACT,"ACT course (logistics unit, not a dose)",10,1,0,10.0
HC-KIR-02,Gahara Health Center,Kirehe,2025-07-14,RDT,RDT kit,28,3,0,9.33
HC-KIR-02,Gahara Health Center,Kirehe,2025-07-14,injectable_artesunate,"injectable artesunate vial (logistics unit, not a dose)",8,1,0,8.0
HC-KIR-02,Gahara Health Center,Kirehe,2025-07-21,ACT,"ACT course (logistics unit, not a dose)",3,3,0,1.0
HC-KIR-02,Gahara Health Center,Kirehe,2025-07-21,RDT,RDT kit,10,3,0,3.33
HC-KIR-02,Gahara Health Center,Kirehe,2025-07-21,injectable_artesunate,"injectable artesunate vial (logistics unit, not a dose)",5,0,0,52.0
HC-KIR-02,Gahara Health Center,Kirehe,2025-07-28,ACT,"ACT course (logistics unit, not a dose)",15,2,0,7.5
HC-KIR-02,Gahara Health Center,Kirehe,2025-07-28,RDT,RDT kit,43,4,0,10.75
HC-KIR-02,Gahara Health Center,Kirehe,2025-07-28,injectable_artesunate,"injectable artesunate vial (logistics unit, not a dose)",0,0,1,0.0
HC-KIR-02,Gahara Health Center,Kirehe,2025-08-04,ACT,"ACT course (logistics unit, not a dose)",12,1,0,12.0
HC-KIR-02,Gahara Health Center,Kirehe,2025-08-04,RDT,RDT kit,32,4,0,8.0
HC-KIR-02,Gahara Health Center,Kirehe,2025-08-04,injectable_artesunate,"injectable artesunate vial (logistics unit, not a dose)",16,2,0,8.0
HC-KIR-02,Gahara Health Center,Kirehe,2025-08-11,ACT,"ACT course (logistics unit, not a dose)",3,0,0,52.0
HC-KIR-02,Gahara Health Center,Kirehe,2025-08-11,RDT,RDT kit,8,1,0,8.0
HC-KIR-02,Gahara Health Center,Kirehe,2025-08-11,injectable_artesunate,"injectable artesunate vial (logistics unit, not a dose)",0,0,1,0.0
HC-KIR-02,Gahara Health Center,Kirehe,2025-08-18,ACT,"ACT course (logistics unit, not a dose)",10,1,0,10.0
HC-KIR-02,Gahara Health Center,Kirehe,2025-08-18,RDT,RDT kit,12,1,0,12.0
HC-KIR-02,Gahara Health Center,Kirehe,2025-08-18,injectable_artesunate,"injectable artesunate vial (logistics unit, not a dose)",9,0,0,52.0
HC-KIR-02,Gahara Health Center,Kirehe,2025-08-25,ACT,"ACT course (logistics unit, not a dose)",3,0,0,52.0
HC-KIR-02,Gahara Health Center,Kirehe,2025-08-25,RDT,RDT kit,8,1,0,8.0
HC-KIR-02,Gahara Health Center,Kirehe,2025-08-25,injectable_artesunate,"injectable artesunate vial (logistics unit, not a dose)",5,1,0,5.0
HC-KIR-02,Gahara Health Center,Kirehe,2025-09-01,ACT,"ACT course (logistics unit, not a dose)",0,1,1,0.0
HC-KIR-02,Gahara Health Center,Kirehe,2025-09-01,RDT,RDT kit,1,1,0,1.0
HC-KIR-02,Gahara Health Center,Kirehe,2025-09-01,injectable_artesunate,"injectable artesunate vial (logistics unit, not a dose)",1,0,0,52.0
HC-KIR-02,Gahara Health Center,Kirehe,2025-09-08,ACT,"ACT course (logistics unit, not a dose)",4,4,0,1.0
HC-KIR-02,Gahara Health Center,Kirehe,2025-09-08,RDT,RDT kit,7,2,0,3.5
HC-KIR-02,Gahara Health Center,Kirehe,2025-09-08,injectable_artesunate,"injectable artesunate vial (logistics unit, not a dose)",9,0,0,52.0
HC-KIR-02,Gahara Health Center,Kirehe,2025-09-15,ACT,"ACT course (logistics unit, not a dose)",12,0,0,52.0
HC-KIR-02,Gahara Health Center,Kirehe,2025-09-15,RDT,RDT kit,33,3,0,11.0
HC-KIR-02,Gahara Health Center,Kirehe,2025-09-15,injectable_artesunate,"injectable artesunate vial (logistics unit, not a dose)",4,1,0,4.0
HC-KIR-02,Gahara Health Center,Kirehe,2025-09-22,ACT,"ACT course (logistics unit, not a dose)",0,1,1,0.0
HC-KIR-02,Gahara Health Center,Kirehe,2025-09-22,RDT,RDT kit,22,2,0,11.0
HC-KIR-02,Gahara Health Center,Kirehe,2025-09-22,injectable_artesunate,"injectable artesunate vial (logistics unit, not a dose)",5,1,0,5.0
HC-KIR-02,Gahara Health Center,Kirehe,2025-09-29,ACT,"ACT course (logistics unit, not a dose)",25,3,0,8.33
HC-KIR-02,Gahara Health Center,Kirehe,2025-09-29,RDT,RDT kit,23,3,0,7.67
HC-KIR-02,Gahara Health Center,Kirehe,2025-09-29,injectable_artesunate,"injectable artesunate vial (logistics unit, not a dose)",11,1,0,11.0
HC-KIR-02,Gahara Health Center,Kirehe,2025-10-06,ACT,"ACT course (logistics unit, not a dose)",1,1,0,1.0
HC-KIR-02,Gahara Health Center,Kirehe,2025-10-06,RDT,RDT kit,11,1,0,11.0
HC-KIR-02,Gahara Health Center,Kirehe,2025-10-06,injectable_artesunate,"injectable artesunate vial (logistics unit, not a dose)",4,1,0,4.0
HC-KIR-02,Gahara Health Center,Kirehe,2025-10-13,ACT,"ACT course (logistics unit, not a dose)",35,3,0,11.67
HC-KIR-02,Gahara Health Center,Kirehe,2025-10-13,RDT,RDT kit,94,8,0,11.75
HC-KIR-02,Gahara Health Center,Kirehe,2025-10-13,injectable_artesunate,"injectable artesunate vial (logistics unit, not a dose)",12,2,0,6.0
HC-KIR-02,Gahara Health Center,Kirehe,2025-10-20,ACT,"ACT course (logistics unit, not a dose)",9,2,0,4.5
HC-KIR-02,Gahara Health Center,Kirehe,2025-10-20,RDT,RDT kit,45,4,0,11.25
HC-KIR-02,Gahara Health Center,Kirehe,2025-10-20,injectable_artesunate,"injectable artesunate vial (logistics unit, not a dose)",7,0,0,52.0
HC-KIR-02,Gahara Health Center,Kirehe,2025-10-27,ACT,"ACT course (logistics unit, not a dose)",17,3,0,5.67
HC-KIR-02,Gahara Health Center,Kirehe,2025-10-27,RDT,RDT kit,19,3,0,6.33
HC-KIR-02,Gahara Health Center,Kirehe,2025-10-27,injectable_artesunate,"injectable artesunate vial (logistics unit, not a dose)",12,0,0,52.0
HC-KIR-02,Gahara Health Center,Kirehe,2025-11-03,ACT,"ACT course (logistics unit, not a dose)",11,2,0,5.5
HC-KIR-02,Gahara Health Center,Kirehe,2025-11-03,RDT,RDT kit,5,1,0,5.0
HC-KIR-02,Gahara Health Center,Kirehe,2025-11-03,injectable_artesunate,"injectable artesunate vial (logistics unit, not a dose)",3,0,0,52.0
HC-KIR-02,Gahara Health Center,Kirehe,2025-11-10,ACT,"ACT course (logistics unit, not a dose)",1,2,0,0.5
HC-KIR-02,Gahara Health Center,Kirehe,2025-11-10,RDT,RDT kit,24,6,0,4.0
HC-KIR-02,Gahara Health Center,Kirehe,2025-11-10,injectable_artesunate,"injectable artesunate vial (logistics unit, not a dose)",3,0,0,52.0
HC-KIR-02,Gahara Health Center,Kirehe,2025-11-17,ACT,"ACT course (logistics unit, not a dose)",5,1,0,5.0
HC-KIR-02,Gahara Health Center,Kirehe,2025-11-17,RDT,RDT kit,56,9,0,6.22
HC-KIR-02,Gahara Health Center,Kirehe,2025-11-17,injectable_artesunate,"injectable artesunate vial (logistics unit, not a dose)",0,2,1,0.0
HC-KIR-02,Gahara Health Center,Kirehe,2025-11-24,ACT,"ACT course (logistics unit, not a dose)",20,3,0,6.67
HC-KIR-02,Gahara Health Center,Kirehe,2025-11-24,RDT,RDT kit,96,8,0,12.0
HC-KIR-02,Gahara Health Center,Kirehe,2025-11-24,injectable_artesunate,"injectable artesunate vial (logistics unit, not a dose)",0,0,1,0.0
HC-KIR-02,Gahara Health Center,Kirehe,2025-12-01,ACT,"ACT course (logistics unit, not a dose)",3,0,0,52.0
HC-KIR-02,Gahara Health Center,Kirehe,2025-12-01,RDT,RDT kit,41,5,0,8.2
HC-KIR-02,Gahara Health Center,Kirehe,2025-12-01,injectable_artesunate,"injectable artesunate vial (logistics unit, not a dose)",22,2,0,11.0
HC-KIR-02,Gahara Health Center,Kirehe,2025-12-08,ACT,"ACT course (logistics unit, not a dose)",0,0,1,0.0
HC-KIR-02,Gahara Health Center,Kirehe,2025-12-08,RDT,RDT kit,11,1,0,11.0
HC-KIR-02,Gahara Health Center,Kirehe,2025-12-08,injectable_artesunate,"injectable artesunate vial (logistics unit, not a dose)",4,1,0,4.0
HC-KIR-02,Gahara Health Center,Kirehe,2025-12-15,ACT,"ACT course (logistics unit, not a dose)",11,2,0,5.5
HC-KIR-02,Gahara Health Center,Kirehe,2025-12-15,RDT,RDT kit,38,4,0,9.5
HC-KIR-02,Gahara Health Center,Kirehe,2025-12-15,injectable_artesunate,"injectable artesunate vial (logistics unit, not a dose)",1,0,0,52.0
HC-KIR-02,Gahara Health Center,Kirehe,2025-12-22,ACT,"ACT course (logistics unit, not a dose)",30,3,0,10.0
HC-KIR-02,Gahara Health Center,Kirehe,2025-12-22,RDT,RDT kit,65,6,0,10.83
HC-KIR-02,Gahara Health Center,Kirehe,2025-12-22,injectable_artesunate,"injectable artesunate vial (logistics unit, not a dose)",9,0,0,52.0
HC-KIR-02,Gahara Health Center,Kirehe,2025-12-29,ACT,"ACT course (logistics unit, not a dose)",18,3,0,6.0
HC-KIR-02,Gahara Health Center,Kirehe,2025-12-29,RDT,RDT kit,0,5,1,0.0
HC-KIR-02,Gahara Health Center,Kirehe,2025-12-29,injectable_artesunate,"injectable artesunate vial (logistics unit, not a dose)",9,1,0,9.0
HC-KIR-02,Gahara Health Center,Kirehe,2026-01-05,ACT,"ACT course (logistics unit, not a dose)",3,3,0,1.0
HC-KIR-02,Gahara Health Center,Kirehe,2026-01-05,RDT,RDT kit,19,4,0,4.75
HC-KIR-02,Gahara Health Center,Kirehe,2026-01-05,injectable_artesunate,"injectable artesunate vial (logistics unit, not a dose)",0,0,1,0.0
HC-KIR-02,Gahara Health Center,Kirehe,2026-01-12,ACT,"ACT course (logistics unit, not a dose)",8,1,0,8.0
HC-KIR-02,Gahara Health Center,Kirehe,2026-01-12,RDT,RDT kit,25,3,0,8.33
HC-KIR-02,Gahara Health Center,Kirehe,2026-01-12,injectable_artesunate,"injectable artesunate vial (logistics unit, not a dose)",4,1,0,4.0
HC-KIR-02,Gahara Health Center,Kirehe,2026-01-19,ACT,"ACT course (logistics unit, not a dose)",22,3,0,7.33
HC-KIR-02,Gahara Health Center,Kirehe,2026-01-19,RDT,RDT kit,22,2,0,11.0
HC-KIR-02,Gahara Health Center,Kirehe,2026-01-19,injectable_artesunate,"injectable artesunate vial (logistics unit, not a dose)",6,0,0,52.0
HC-KIR-02,Gahara Health Center,Kirehe,2026-01-26,ACT,"ACT course (logistics unit, not a dose)",24,3,0,8.0
HC-KIR-02,Gahara Health Center,Kirehe,2026-01-26,RDT,RDT kit,4,0,0,52.0
HC-KIR-02,Gahara Health Center,Kirehe,2026-01-26,injectable_artesunate,"injectable artesunate vial (logistics unit, not a dose)",10,0,0,52.0
HC-KIR-02,Gahara Health Center,Kirehe,2026-02-02,ACT,"ACT course (logistics unit, not a dose)",12,1,0,12.0
HC-KIR-02,Gahara Health Center,Kirehe,2026-02-02,RDT,RDT kit,12,1,0,12.0
HC-KIR-02,Gahara Health Center,Kirehe,2026-02-02,injectable_artesunate,"injectable artesunate vial (logistics unit, not a dose)",9,0,0,52.0
HC-KIR-02,Gahara Health Center,Kirehe,2026-02-09,ACT,"ACT course (logistics unit, not a dose)",4,0,0,52.0
HC-KIR-02,Gahara Health Center,Kirehe,2026-02-09,RDT,RDT kit,18,3,0,6.0
HC-KIR-02,Gahara Health Center,Kirehe,2026-02-09,injectable_artesunate,"injectable artesunate vial (logistics unit, not a dose)",5,0,0,52.0
HC-KIR-02,Gahara Health Center,Kirehe,2026-02-16,ACT,"ACT course (logistics unit, not a dose)",1,0,0,52.0
HC-KIR-02,Gahara Health Center,Kirehe,2026-02-16,RDT,RDT kit,11,3,0,3.67
HC-KIR-02,Gahara Health Center,Kirehe,2026-02-16,injectable_artesunate,"injectable artesunate vial (logistics unit, not a dose)",1,0,0,52.0
HC-KIR-02,Gahara Health Center,Kirehe,2026-02-23,ACT,"ACT course (logistics unit, not a dose)",12,1,0,12.0
HC-KIR-02,Gahara Health Center,Kirehe,2026-02-23,RDT,RDT kit,43,5,0,8.6
HC-KIR-02,Gahara Health Center,Kirehe,2026-02-23,injectable_artesunate,"injectable artesunate vial (logistics unit, not a dose)",0,0,1,0.0
HC-KIR-02,Gahara Health Center,Kirehe,2026-03-02,ACT,"ACT course (logistics unit, not a dose)",18,3,0,6.0
HC-KIR-02,Gahara Health Center,Kirehe,2026-03-02,RDT,RDT kit,52,9,0,5.78
HC-KIR-02,Gahara Health Center,Kirehe,2026-03-02,injectable_artesunate,"injectable artesunate vial (logistics unit, not a dose)",11,0,0,52.0
HC-KIR-02,Gahara Health Center,Kirehe,2026-03-09,ACT,"ACT course (logistics unit, not a dose)",0,1,1,0.0
HC-KIR-02,Gahara Health Center,Kirehe,2026-03-09,RDT,RDT kit,37,5,0,7.4
HC-KIR-02,Gahara Health Center,Kirehe,2026-03-09,injectable_artesunate,"injectable artesunate vial (logistics unit, not a dose)",8,0,0,52.0
HC-KIR-02,Gahara Health Center,Kirehe,2026-03-16,ACT,"ACT course (logistics unit, not a dose)",7,0,0,52.0
HC-KIR-02,Gahara Health Center,Kirehe,2026-03-16,RDT,RDT kit,22,5,0,4.4
HC-KIR-02,Gahara Health Center,Kirehe,2026-03-16,injectable_artesunate,"injectable artesunate vial (logistics unit, not a dose)",12,1,0,12.0
HC-KIR-02,Gahara Health Center,Kirehe,2026-03-23,ACT,"ACT course (logistics unit, not a dose)",21,2,0,10.5
HC-KIR-02,Gahara Health Center,Kirehe,2026-03-23,RDT,RDT kit,20,2,0,10.0
HC-KIR-02,Gahara Health Center,Kirehe,2026-03-23,injectable_artesunate,"injectable artesunate vial (logistics unit, not a dose)",8,0,0,52.0
HC-KIR-02,Gahara Health Center,Kirehe,2026-03-30,ACT,"ACT course (logistics unit, not a dose)",16,3,0,5.33
HC-KIR-02,Gahara Health Center,Kirehe,2026-03-30,RDT,RDT kit,59,6,0,9.83
HC-KIR-02,Gahara Health Center,Kirehe,2026-03-30,injectable_artesunate,"injectable artesunate vial (logistics unit, not a dose)",4,0,0,52.0
HC-KIR-02,Gahara Health Center,Kirehe,2026-04-06,ACT,"ACT course (logistics unit, not a dose)",50,5,0,10.0
HC-KIR-02,Gahara Health Center,Kirehe,2026-04-06,RDT,RDT kit,43,8,0,5.38
HC-KIR-02,Gahara Health Center,Kirehe,2026-04-06,injectable_artesunate,"injectable artesunate vial (logistics unit, not a dose)",5,1,0,5.0
HC-KIR-02,Gahara Health Center,Kirehe,2026-04-13,ACT,"ACT course (logistics unit, not a dose)",10,1,0,10.0
HC-KIR-02,Gahara Health Center,Kirehe,2026-04-13,RDT,RDT kit,0,7,1,0.0
HC-KIR-02,Gahara Health Center,Kirehe,2026-04-13,injectable_artesunate,"injectable artesunate vial (logistics unit, not a dose)",23,2,0,11.5
HC-KIR-02,Gahara Health Center,Kirehe,2026-04-20,ACT,"ACT course (logistics unit, not a dose)",2,3,0,0.67
HC-KIR-02,Gahara Health Center,Kirehe,2026-04-20,RDT,RDT kit,21,2,0,10.5
HC-KIR-02,Gahara Health Center,Kirehe,2026-04-20,injectable_artesunate,"injectable artesunate vial (logistics unit, not a dose)",5,1,0,5.0
HC-KIR-02,Gahara Health Center,Kirehe,2026-04-27,ACT,"ACT course (logistics unit, not a dose)",11,1,0,11.0
HC-KIR-02,Gahara Health Center,Kirehe,2026-04-27,RDT,RDT kit,0,7,1,0.0
HC-KIR-02,Gahara Health Center,Kirehe,2026-04-27,injectable_artesunate,"injectable artesunate vial (logistics unit, not a dose)",0,1,1,0.0
HC-KIR-02,Gahara Health Center,Kirehe,2026-05-04,ACT,"ACT course (logistics unit, not a dose)",23,2,0,11.5
HC-KIR-02,Gahara Health Center,Kirehe,2026-05-04,RDT,RDT kit,56,5,0,11.2
HC-KIR-02,Gahara Health Center,Kirehe,2026-05-04,injectable_artesunate,"injectable artesunate vial (logistics unit, not a dose)",7,0,0,52.0
HC-KIR-02,Gahara Health Center,Kirehe,2026-05-11,ACT,"ACT course (logistics unit, not a dose)",7,2,0,3.5
HC-KIR-02,Gahara Health Center,Kirehe,2026-05-11,RDT,RDT kit,27,6,0,4.5
HC-KIR-02,Gahara Health Center,Kirehe,2026-05-11,injectable_artesunate,"injectable artesunate vial (logistics unit, not a dose)",11,0,0,52.0
HC-KIR-02,Gahara Health Center,Kirehe,2026-05-18,ACT,"ACT course (logistics unit, not a dose)",14,2,0,7.0
HC-KIR-02,Gahara Health Center,Kirehe,2026-05-18,RDT,RDT kit,13,2,0,6.5
HC-KIR-02,Gahara Health Center,Kirehe,2026-05-18,injectable_artesunate,"injectable artesunate vial (logistics unit, not a dose)",6,1,0,6.0
HC-KIR-02,Gahara Health Center,Kirehe,2026-05-25,ACT,"ACT course (logistics unit, not a dose)",10,0,0,52.0
HC-KIR-02,Gahara Health Center,Kirehe,2026-05-25,RDT,RDT kit,10,2,0,5.0
HC-KIR-02,Gahara Health Center,Kirehe,2026-05-25,injectable_artesunate,"injectable artesunate vial (logistics unit, not a dose)",5,1,0,5.0
HC-KIR-02,Gahara Health Center,Kirehe,2026-06-01,ACT,"ACT course (logistics unit, not a dose)",20,4,0,5.0
HC-KIR-02,Gahara Health Center,Kirehe,2026-06-01,RDT,RDT kit,17,4,0,4.25
HC-KIR-02,Gahara Health Center,Kirehe,2026-06-01,injectable_artesunate,"injectable artesunate vial (logistics unit, not a dose)",9,0,0,52.0
HC-KIR-02,Gahara Health Center,Kirehe,2026-06-08,ACT,"ACT course (logistics unit, not a dose)",3,1,0,3.0
HC-KIR-02,Gahara Health Center,Kirehe,2026-06-08,RDT,RDT kit,2,5,0,0.4
HC-KIR-02,Gahara Health Center,Kirehe,2026-06-08,injectable_artesunate,"injectable artesunate vial (logistics unit, not a dose)",0,0,1,0.0
HC-KIR-02,Gahara Health Center,Kirehe,2026-06-15,ACT,"ACT course (logistics unit, not a dose)",17,2,0,8.5
HC-KIR-02,Gahara Health Center,Kirehe,2026-06-15,RDT,RDT kit,3,0,0,52.0
HC-KIR-02,Gahara Health Center,Kirehe,2026-06-15,injectable_artesunate,"injectable artesunate vial (logistics unit, not a dose)",0,0,1,0.0
HC-KIR-02,Gahara Health Center,Kirehe,2026-06-22,ACT,"ACT course (logistics unit, not a dose)",4,0,0,52.0
HC-KIR-02,Gahara Health Center,Kirehe,2026-06-22,RDT,RDT kit,23,2,0,11.5
HC-KIR-02,Gahara Health Center,Kirehe,2026-06-22,injectable_artesunate,"injectable artesunate vial (logistics unit, not a dose)",5,0,0,52.0
HC-KIR-02,Gahara Health Center,Kirehe,2026-06-29,ACT,"ACT course (logistics unit, not a dose)",15,2,0,7.5
HC-KIR-02,Gahara Health Center,Kirehe,2026-06-29,RDT,RDT kit,4,1,0,4.0
HC-KIR-02,Gahara Health Center,Kirehe,2026-06-29,injectable_artesunate,"injectable artesunate vial (logistics unit, not a dose)",11,0,0,52.0
HC-KIR-02,Gahara Health Center,Kirehe,2026-07-06,ACT,"ACT course (logistics unit, not a dose)",3,1,0,3.0
HC-KIR-02,Gahara Health Center,Kirehe,2026-07-06,RDT,RDT kit,39,4,0,9.75
HC-KIR-02,Gahara Health Center,Kirehe,2026-07-06,injectable_artesunate,"injectable artesunate vial (logistics unit, not a dose)",8,0,0,52.0
HC-KIR-02,Gahara Health Center,Kirehe,2026-07-13,ACT,"ACT course (logistics unit, not a dose)",10,0,0,52.0
HC-KIR-02,Gahara Health Center,Kirehe,2026-07-13,RDT,RDT kit,21,3,0,7.0
HC-KIR-02,Gahara Health Center,Kirehe,2026-07-13,injectable_artesunate,"injectable artesunate vial (logistics unit, not a dose)",22,2,0,11.0
HC-KIR-02,Gahara Health Center,Kirehe,2026-07-20,ACT,"ACT course (logistics unit, not a dose)",7,1,0,7.0
HC-KIR-02,Gahara Health Center,Kirehe,2026-07-20,RDT,RDT kit,24,3,0,8.0
HC-KIR-02,Gahara Health Center,Kirehe,2026-07-20,injectable_artesunate,"injectable artesunate vial (logistics unit, not a dose)",10,0,0,52.0
HC-KIR-02,Gahara Health Center,Kirehe,2026-07-27,ACT,"ACT course (logistics unit, not a dose)",9,0,0,52.0
HC-KIR-02,Gahara Health Center,Kirehe,2026-07-27,RDT,RDT kit,24,5,0,4.8
HC-KIR-02,Gahara Health Center,Kirehe,2026-07-27,injectable_artesunate,"injectable artesunate vial (logistics unit, not a dose)",8,0,0,52.0
HC-KIR-02,Gahara Health Center,Kirehe,2026-08-03,ACT,"ACT course (logistics unit, not a dose)",9,0,0,52.0
HC-KIR-02,Gahara Health Center,Kirehe,2026-08-03,RDT,RDT kit,4,0,0,52.0
HC-KIR-02,Gahara Health Center,Kirehe,2026-08-03,injectable_artesunate,"injectable artesunate vial (logistics unit, not a dose)",5,1,0,5.0
HC-KIR-02,Gahara Health Center,Kirehe,2026-08-10,ACT,"ACT course (logistics unit, not a dose)",7,1,0,7.0
HC-KIR-02,Gahara Health Center,Kirehe,2026-08-10,RDT,RDT kit,12,3,0,4.0
HC-KIR-02,Gahara Health Center,Kirehe,2026-08-10,injectable_artesunate,"injectable artesunate vial (logistics unit, not a dose)",10,0,0,52.0
HC-KIR-02,Gahara Health Center,Kirehe,2026-08-17,ACT,"ACT course (logistics unit, not a dose)",1,0,0,52.0
HC-KIR-02,Gahara Health Center,Kirehe,2026-08-17,RDT,RDT kit,20,6,0,3.33
HC-KIR-02,Gahara Health Center,Kirehe,2026-08-17,injectable_artesunate,"injectable artesunate vial (logistics unit, not a dose)",0,1,1,0.0
HC-KIR-02,Gahara Health Center,Kirehe,2026-08-24,ACT,"ACT course (logistics unit, not a dose)",13,3,0,4.33
HC-KIR-02,Gahara Health Center,Kirehe,2026-08-24,RDT,RDT kit,14,2,0,7.0
HC-KIR-02,Gahara Health Center,Kirehe,2026-08-24,injectable_artesunate,"injectable artesunate vial (logistics unit, not a dose)",11,0,0,52.0
HC-KIR-02,Gahara Health Center,Kirehe,2026-08-31,ACT,"ACT course (logistics unit, not a dose)",5,1,0,5.0
HC-KIR-02,Gahara Health Center,Kirehe,2026-08-31,RDT,RDT kit,26,3,0,8.67
HC-KIR-02,Gahara Health Center,Kirehe,2026-08-31,injectable_artesunate,"injectable artesunate vial (logistics unit, not a dose)",7,0,0,52.0
HC-KIR-02,Gahara Health Center,Kirehe,2026-09-07,ACT,"ACT course (logistics unit, not a dose)",5,1,0,5.0
HC-KIR-02,Gahara Health Center,Kirehe,2026-09-07,RDT,RDT kit,25,3,0,8.33
HC-KIR-02,Gahara Health Center,Kirehe,2026-09-07,injectable_artesunate,"injectable artesunate vial (logistics unit, not a dose)",23,2,0,11.5
HC-KIR-02,Gahara Health Center,Kirehe,2026-09-14,ACT,"ACT course (logistics unit, not a dose)",7,0,0,52.0
HC-KIR-02,Gahara Health Center,Kirehe,2026-09-14,RDT,RDT kit,23,2,0,11.5
HC-KIR-02,Gahara Health Center,Kirehe,2026-09-14,injectable_artesunate,"injectable artesunate vial (logistics unit, not a dose)",9,0,0,52.0
HC-KIR-02,Gahara Health Center,Kirehe,2026-09-21,ACT,"ACT course (logistics unit, not a dose)",21,2,0,10.5
HC-KIR-02,Gahara Health Center,Kirehe,2026-09-21,RDT,RDT kit,10,3,0,3.33
HC-KIR-02,Gahara Health Center,Kirehe,2026-09-21,injectable_artesunate,"injectable artesunate vial (logistics unit, not a dose)",6,0,0,52.0
HC-KIR-02,Gahara Health Center,Kirehe,2026-09-28,ACT,"ACT course (logistics unit, not a dose)",10,0,0,52.0
HC-KIR-02,Gahara Health Center,Kirehe,2026-09-28,RDT,RDT kit,6,0,0,52.0
HC-KIR-02,Gahara Health Center,Kirehe,2026-09-28,injectable_artesunate,"injectable artesunate vial (logistics unit, not a dose)",11,0,0,52.0
HC-KIR-03,Mahama Health Center,Kirehe,2024-09-30,ACT,"ACT course (logistics unit, not a dose)",5,0,0,52.0
HC-KIR-03,Mahama Health Center,Kirehe,2024-09-30,RDT,RDT kit,8,1,0,8.0
HC-KIR-03,Mahama Health Center,Kirehe,2024-09-30,injectable_artesunate,"injectable artesunate vial (logistics unit, not a dose)",7,0,0,52.0
HC-KIR-03,Mahama Health Center,Kirehe,2024-10-07,ACT,"ACT course (logistics unit, not a dose)",4,0,0,52.0
HC-KIR-03,Mahama Health Center,Kirehe,2024-10-07,RDT,RDT kit,35,6,0,5.83
HC-KIR-03,Mahama Health Center,Kirehe,2024-10-07,injectable_artesunate,"injectable artesunate vial (logistics unit, not a dose)",0,1,1,0.0
HC-KIR-03,Mahama Health Center,Kirehe,2024-10-14,ACT,"ACT course (logistics unit, not a dose)",9,0,0,52.0
HC-KIR-03,Mahama Health Center,Kirehe,2024-10-14,RDT,RDT kit,28,4,0,7.0
HC-KIR-03,Mahama Health Center,Kirehe,2024-10-14,injectable_artesunate,"injectable artesunate vial (logistics unit, not a dose)",0,2,1,0.0
HC-KIR-03,Mahama Health Center,Kirehe,2024-10-21,ACT,"ACT course (logistics unit, not a dose)",11,2,0,5.5
HC-KIR-03,Mahama Health Center,Kirehe,2024-10-21,RDT,RDT kit,8,1,0,8.0
HC-KIR-03,Mahama Health Center,Kirehe,2024-10-21,injectable_artesunate,"injectable artesunate vial (logistics unit, not a dose)",9,0,0,52.0
HC-KIR-03,Mahama Health Center,Kirehe,2024-10-28,ACT,"ACT course (logistics unit, not a dose)",0,2,1,0.0
HC-KIR-03,Mahama Health Center,Kirehe,2024-10-28,RDT,RDT kit,34,4,0,8.5
HC-KIR-03,Mahama Health Center,Kirehe,2024-10-28,injectable_artesunate,"injectable artesunate vial (logistics unit, not a dose)",7,1,0,7.0
HC-KIR-03,Mahama Health Center,Kirehe,2024-11-04,ACT,"ACT course (logistics unit, not a dose)",25,3,0,8.33
HC-KIR-03,Mahama Health Center,Kirehe,2024-11-04,RDT,RDT kit,32,10,0,3.2
HC-KIR-03,Mahama Health Center,Kirehe,2024-11-04,injectable_artesunate,"injectable artesunate vial (logistics unit, not a dose)",7,1,0,7.0
HC-KIR-03,Mahama Health Center,Kirehe,2024-11-11,ACT,"ACT course (logistics unit, not a dose)",14,2,0,7.0
HC-KIR-03,Mahama Health Center,Kirehe,2024-11-11,RDT,RDT kit,22,3,0,7.33
HC-KIR-03,Mahama Health Center,Kirehe,2024-11-11,injectable_artesunate,"injectable artesunate vial (logistics unit, not a dose)",10,0,0,52.0
HC-KIR-03,Mahama Health Center,Kirehe,2024-11-18,ACT,"ACT course (logistics unit, not a dose)",11,0,0,52.0
HC-KIR-03,Mahama Health Center,Kirehe,2024-11-18,RDT,RDT kit,25,3,0,8.33
HC-KIR-03,Mahama Health Center,Kirehe,2024-11-18,injectable_artesunate,"injectable artesunate vial (logistics unit, not a dose)",12,1,0,12.0
HC-KIR-03,Mahama Health Center,Kirehe,2024-11-25,ACT,"ACT course (logistics unit, not a dose)",16,3,0,5.33
HC-KIR-03,Mahama Health Center,Kirehe,2024-11-25,RDT,RDT kit,19,2,0,9.5
HC-KIR-03,Mahama Health Center,Kirehe,2024-11-25,injectable_artesunate,"injectable artesunate vial (logistics unit, not a dose)",11,1,0,11.0
HC-KIR-03,Mahama Health Center,Kirehe,2024-12-02,ACT,"ACT course (logistics unit, not a dose)",31,4,0,7.75
HC-KIR-03,Mahama Health Center,Kirehe,2024-12-02,RDT,RDT kit,19,2,0,9.5
HC-KIR-03,Mahama Health Center,Kirehe,2024-12-02,injectable_artesunate,"injectable artesunate vial (logistics unit, not a dose)",11,1,0,11.0
HC-KIR-03,Mahama Health Center,Kirehe,2024-12-09,ACT,"ACT course (logistics unit, not a dose)",42,5,0,8.4
HC-KIR-03,Mahama Health Center,Kirehe,2024-12-09,RDT,RDT kit,1,3,0,0.33
HC-KIR-03,Mahama Health Center,Kirehe,2024-12-09,injectable_artesunate,"injectable artesunate vial (logistics unit, not a dose)",5,0,0,52.0
HC-KIR-03,Mahama Health Center,Kirehe,2024-12-16,ACT,"ACT course (logistics unit, not a dose)",10,1,0,10.0
HC-KIR-03,Mahama Health Center,Kirehe,2024-12-16,RDT,RDT kit,13,3,0,4.33
HC-KIR-03,Mahama Health Center,Kirehe,2024-12-16,injectable_artesunate,"injectable artesunate vial (logistics unit, not a dose)",10,0,0,52.0
HC-KIR-03,Mahama Health Center,Kirehe,2024-12-23,ACT,"ACT course (logistics unit, not a dose)",17,2,0,8.5
HC-KIR-03,Mahama Health Center,Kirehe,2024-12-23,RDT,RDT kit,31,5,0,6.2
HC-KIR-03,Mahama Health Center,Kirehe,2024-12-23,injectable_artesunate,"injectable artesunate vial (logistics unit, not a dose)",6,0,0,52.0
HC-KIR-03,Mahama Health Center,Kirehe,2024-12-30,ACT,"ACT course (logistics unit, not a dose)",30,3,0,10.0
HC-KIR-03,Mahama Health Center,Kirehe,2024-12-30,RDT,RDT kit,24,2,0,12.0
HC-KIR-03,Mahama Health Center,Kirehe,2024-12-30,injectable_artesunate,"injectable artesunate vial (logistics unit, not a dose)",7,1,0,7.0
HC-KIR-03,Mahama Health Center,Kirehe,2025-01-06,ACT,"ACT course (logistics unit, not a dose)",9,1,0,9.0
HC-KIR-03,Mahama Health Center,Kirehe,2025-01-06,RDT,RDT kit,24,3,0,8.0
HC-KIR-03,Mahama Health Center,Kirehe,2025-01-06,injectable_artesunate,"injectable artesunate vial (logistics unit, not a dose)",6,0,0,52.0
HC-KIR-03,Mahama Health Center,Kirehe,2025-01-13,ACT,"ACT course (logistics unit, not a dose)",8,1,0,8.0
HC-KIR-03,Mahama Health Center,Kirehe,2025-01-13,RDT,RDT kit,37,4,0,9.25
HC-KIR-03,Mahama Health Center,Kirehe,2025-01-13,injectable_artesunate,"injectable artesunate vial (logistics unit, not a dose)",1,1,0,1.0
HC-KIR-03,Mahama Health Center,Kirehe,2025-01-20,ACT,"ACT course (logistics unit, not a dose)",8,0,0,52.0
HC-KIR-03,Mahama Health Center,Kirehe,2025-01-20,RDT,RDT kit,50,6,0,8.33
HC-KIR-03,Mahama Health Center,Kirehe,2025-01-20,injectable_artesunate,"injectable artesunate vial (logistics unit, not a dose)",0,0,1,0.0
HC-KIR-03,Mahama Health Center,Kirehe,2025-01-27,ACT,"ACT course (logistics unit, not a dose)",10,0,0,52.0
HC-KIR-03,Mahama Health Center,Kirehe,2025-01-27,RDT,RDT kit,11,1,0,11.0
HC-KIR-03,Mahama Health Center,Kirehe,2025-01-27,injectable_artesunate,"injectable artesunate vial (logistics unit, not a dose)",9,1,0,9.0
HC-KIR-03,Mahama Health Center,Kirehe,2025-02-03,ACT,"ACT course (logistics unit, not a dose)",19,2,0,9.5
HC-KIR-03,Mahama Health Center,Kirehe,2025-02-03,RDT,RDT kit,15,3,0,5.0
HC-KIR-03,Mahama Health Center,Kirehe,2025-02-03,injectable_artesunate,"injectable artesunate vial (logistics unit, not a dose)",7,1,0,7.0
HC-KIR-03,Mahama Health Center,Kirehe,2025-02-10,ACT,"ACT course (logistics unit, not a dose)",22,3,0,7.33
HC-KIR-03,Mahama Health Center,Kirehe,2025-02-10,RDT,RDT kit,27,4,0,6.75
HC-KIR-03,Mahama Health Center,Kirehe,2025-02-10,injectable_artesunate,"injectable artesunate vial (logistics unit, not a dose)",9,0,0,52.0
HC-KIR-03,Mahama Health Center,Kirehe,2025-02-17,ACT,"ACT course (logistics unit, not a dose)",10,0,0,52.0
HC-KIR-03,Mahama Health Center,Kirehe,2025-02-17,RDT,RDT kit,25,7,0,3.57
HC-KIR-03,Mahama Health Center,Kirehe,2025-02-17,injectable_artesunate,"injectable artesunate vial (logistics unit, not a dose)",10,0,0,52.0
HC-KIR-03,Mahama Health Center,Kirehe,2025-02-24,ACT,"ACT course (logistics unit, not a dose)",11,1,0,11.0
HC-KIR-03,Mahama Health Center,Kirehe,2025-02-24,RDT,RDT kit,17,2,0,8.5
HC-KIR-03,Mahama Health Center,Kirehe,2025-02-24,injectable_artesunate,"injectable artesunate vial (logistics unit, not a dose)",8,0,0,52.0
HC-KIR-03,Mahama Health Center,Kirehe,2025-03-03,ACT,"ACT course (logistics unit, not a dose)",30,3,0,10.0
HC-KIR-03,Mahama Health Center,Kirehe,2025-03-03,RDT,RDT kit,3,1,0,3.0
HC-KIR-03,Mahama Health Center,Kirehe,2025-03-03,injectable_artesunate,"injectable artesunate vial (logistics unit, not a dose)",5,0,0,52.0
HC-KIR-03,Mahama Health Center,Kirehe,2025-03-10,ACT,"ACT course (logistics unit, not a dose)",18,5,0,3.6
HC-KIR-03,Mahama Health Center,Kirehe,2025-03-10,RDT,RDT kit,78,8,0,9.75
HC-KIR-03,Mahama Health Center,Kirehe,2025-03-10,injectable_artesunate,"injectable artesunate vial (logistics unit, not a dose)",4,0,0,52.0
HC-KIR-03,Mahama Health Center,Kirehe,2025-03-17,ACT,"ACT course (logistics unit, not a dose)",34,3,0,11.33
HC-KIR-03,Mahama Health Center,Kirehe,2025-03-17,RDT,RDT kit,21,3,0,7.0
HC-KIR-03,Mahama Health Center,Kirehe,2025-03-17,injectable_artesunate,"injectable artesunate vial (logistics unit, not a dose)",0,2,1,0.0
HC-KIR-03,Mahama Health Center,Kirehe,2025-03-24,ACT,"ACT course (logistics unit, not a dose)",8,1,0,8.0
HC-KIR-03,Mahama Health Center,Kirehe,2025-03-24,RDT,RDT kit,22,2,0,11.0
HC-KIR-03,Mahama Health Center,Kirehe,2025-03-24,injectable_artesunate,"injectable artesunate vial (logistics unit, not a dose)",10,0,0,52.0
HC-KIR-03,Mahama Health Center,Kirehe,2025-03-31,ACT,"ACT course (logistics unit, not a dose)",9,2,0,4.5
HC-KIR-03,Mahama Health Center,Kirehe,2025-03-31,RDT,RDT kit,59,5,0,11.8
HC-KIR-03,Mahama Health Center,Kirehe,2025-03-31,injectable_artesunate,"injectable artesunate vial (logistics unit, not a dose)",1,0,0,52.0
HC-KIR-03,Mahama Health Center,Kirehe,2025-04-07,ACT,"ACT course (logistics unit, not a dose)",10,3,0,3.33
HC-KIR-03,Mahama Health Center,Kirehe,2025-04-07,RDT,RDT kit,60,6,0,10.0
HC-KIR-03,Mahama Health Center,Kirehe,2025-04-07,injectable_artesunate,"injectable artesunate vial (logistics unit, not a dose)",9,0,0,52.0
HC-KIR-03,Mahama Health Center,Kirehe,2025-04-14,ACT,"ACT course (logistics unit, not a dose)",2,8,0,0.25
HC-KIR-03,Mahama Health Center,Kirehe,2025-04-14,RDT,RDT kit,2,3,0,0.67
HC-KIR-03,Mahama Health Center,Kirehe,2025-04-14,injectable_artesunate,"injectable artesunate vial (logistics unit, not a dose)",11,0,0,52.0
HC-KIR-03,Mahama Health Center,Kirehe,2025-04-21,ACT,"ACT course (logistics unit, not a dose)",67,7,0,9.57
HC-KIR-03,Mahama Health Center,Kirehe,2025-04-21,RDT,RDT kit,116,10,0,11.6
HC-KIR-03,Mahama Health Center,Kirehe,2025-04-21,injectable_artesunate,"injectable artesunate vial (logistics unit, not a dose)",12,0,0,52.0
HC-KIR-03,Mahama Health Center,Kirehe,2025-04-28,ACT,"ACT course (logistics unit, not a dose)",23,2,0,11.5
HC-KIR-03,Mahama Health Center,Kirehe,2025-04-28,RDT,RDT kit,41,10,0,4.1
HC-KIR-03,Mahama Health Center,Kirehe,2025-04-28,injectable_artesunate,"injectable artesunate vial (logistics unit, not a dose)",1,0,0,52.0
HC-KIR-03,Mahama Health Center,Kirehe,2025-05-05,ACT,"ACT course (logistics unit, not a dose)",9,0,0,52.0
HC-KIR-03,Mahama Health Center,Kirehe,2025-05-05,RDT,RDT kit,1,3,0,0.33
HC-KIR-03,Mahama Health Center,Kirehe,2025-05-05,injectable_artesunate,"injectable artesunate vial (logistics unit, not a dose)",2,2,0,1.0
HC-KIR-03,Mahama Health Center,Kirehe,2025-05-12,ACT,"ACT course (logistics unit, not a dose)",10,3,0,3.33
HC-KIR-03,Mahama Health Center,Kirehe,2025-05-12,RDT,RDT kit,0,1,1,0.0
HC-KIR-03,Mahama Health Center,Kirehe,2025-05-12,injectable_artesunate,"injectable artesunate vial (logistics unit, not a dose)",10,0,0,52.0
HC-KIR-03,Mahama Health Center,Kirehe,2025-05-19,ACT,"ACT course (logistics unit, not a dose)",19,3,0,6.33
HC-KIR-03,Mahama Health Center,Kirehe,2025-05-19,RDT,RDT kit,10,2,0,5.0
HC-KIR-03,Mahama Health Center,Kirehe,2025-05-19,injectable_artesunate,"injectable artesunate vial (logistics unit, not a dose)",7,1,0,7.0
HC-KIR-03,Mahama Health Center,Kirehe,2025-05-26,ACT,"ACT course (logistics unit, not a dose)",16,2,0,8.0
HC-KIR-03,Mahama Health Center,Kirehe,2025-05-26,RDT,RDT kit,15,2,0,7.5
HC-KIR-03,Mahama Health Center,Kirehe,2025-05-26,injectable_artesunate,"injectable artesunate vial (logistics unit, not a dose)",0,0,1,0.0
HC-KIR-03,Mahama Health Center,Kirehe,2025-06-02,ACT,"ACT course (logistics unit, not a dose)",11,1,0,11.0
HC-KIR-03,Mahama Health Center,Kirehe,2025-06-02,RDT,RDT kit,16,4,0,4.0
HC-KIR-03,Mahama Health Center,Kirehe,2025-06-02,injectable_artesunate,"injectable artesunate vial (logistics unit, not a dose)",12,1,0,12.0
HC-KIR-03,Mahama Health Center,Kirehe,2025-06-09,ACT,"ACT course (logistics unit, not a dose)",5,1,0,5.0
HC-KIR-03,Mahama Health Center,Kirehe,2025-06-09,RDT,RDT kit,18,2,0,9.0
HC-KIR-03,Mahama Health Center,Kirehe,2025-06-09,injectable_artesunate,"injectable artesunate vial (logistics unit, not a dose)",6,0,0,52.0
HC-KIR-03,Mahama Health Center,Kirehe,2025-06-16,ACT,"ACT course (logistics unit, not a dose)",11,0,0,52.0
HC-KIR-03,Mahama Health Center,Kirehe,2025-06-16,RDT,RDT kit,1,2,0,0.5
HC-KIR-03,Mahama Health Center,Kirehe,2025-06-16,injectable_artesunate,"injectable artesunate vial (logistics unit, not a dose)",9,0,0,52.0
HC-KIR-03,Mahama Health Center,Kirehe,2025-06-23,ACT,"ACT course (logistics unit, not a dose)",11,0,0,52.0
HC-KIR-03,Mahama Health Center,Kirehe,2025-06-23,RDT,RDT kit,11,1,0,11.0
HC-KIR-03,Mahama Health Center,Kirehe,2025-06-23,injectable_artesunate,"injectable artesunate vial (logistics unit, not a dose)",10,0,0,52.0
HC-KIR-03,Mahama Health Center,Kirehe,2025-06-30,ACT,"ACT course (logistics unit, not a dose)",12,0,0,52.0
HC-KIR-03,Mahama Health Center,Kirehe,2025-06-30,RDT,RDT kit,51,5,0,10.2
HC-KIR-03,Mahama Health Center,Kirehe,2025-06-30,injectable_artesunate,"injectable artesunate vial (logistics unit, not a dose)",6,0,0,52.0
HC-KIR-03,Mahama Health Center,Kirehe,2025-07-07,ACT,"ACT course (logistics unit, not a dose)",12,0,0,52.0
HC-KIR-03,Mahama Health Center,Kirehe,2025-07-07,RDT,RDT kit,11,1,0,11.0
HC-KIR-03,Mahama Health Center,Kirehe,2025-07-07,injectable_artesunate,"injectable artesunate vial (logistics unit, not a dose)",0,0,1,0.0
HC-KIR-03,Mahama Health Center,Kirehe,2025-07-14,ACT,"ACT course (logistics unit, not a dose)",15,2,0,7.5
HC-KIR-03,Mahama Health Center,Kirehe,2025-07-14,RDT,RDT kit,7,1,0,7.0
HC-KIR-03,Mahama Health Center,Kirehe,2025-07-14,injectable_artesunate,"injectable artesunate vial (logistics unit, not a dose)",6,0,0,52.0
HC-KIR-03,Mahama Health Center,Kirehe,2025-07-21,ACT,"ACT course (logistics unit, not a dose)",30,4,0,7.5
HC-KIR-03,Mahama Health Center,Kirehe,2025-07-21,RDT,RDT kit,42,4,0,10.5
HC-KIR-03,Mahama Health Center,Kirehe,2025-07-21,injectable_artesunate,"injectable artesunate vial (logistics unit, not a dose)",9,0,0,52.0
HC-KIR-03,Mahama Health Center,Kirehe,2025-07-28,ACT,"ACT course (logistics unit, not a dose)",1,2,0,0.5
HC-KIR-03,Mahama Health Center,Kirehe,2025-07-28,RDT,RDT kit,10,1,0,10.0
HC-KIR-03,Mahama Health Center,Kirehe,2025-07-28,injectable_artesunate,"injectable artesunate vial (logistics unit, not a dose)",0,0,1,0.0
HC-KIR-03,Mahama Health Center,Kirehe,2025-08-04,ACT,"ACT course (logistics unit, not a dose)",13,3,0,4.33
HC-KIR-03,Mahama Health Center,Kirehe,2025-08-04,RDT,RDT kit,9,1,0,9.0
HC-KIR-03,Mahama Health Center,Kirehe,2025-08-04,injectable_artesunate,"injectable artesunate vial (logistics unit, not a dose)",10,0,0,52.0
HC-KIR-03,Mahama Health Center,Kirehe,2025-08-11,ACT,"ACT course (logistics unit, not a dose)",0,1,1,0.0
HC-KIR-03,Mahama Health Center,Kirehe,2025-08-11,RDT,RDT kit,1,1,0,1.0
HC-KIR-03,Mahama Health Center,Kirehe,2025-08-11,injectable_artesunate,"injectable artesunate vial (logistics unit, not a dose)",8,0,0,52.0
HC-KIR-03,Mahama Health Center,Kirehe,2025-08-18,ACT,"ACT course (logistics unit, not a dose)",8,1,0,8.0
HC-KIR-03,Mahama Health Center,Kirehe,2025-08-18,RDT,RDT kit,7,1,0,7.0
HC-KIR-03,Mahama Health Center,Kirehe,2025-08-18,injectable_artesunate,"injectable artesunate vial (logistics unit, not a dose)",0,0,1,0.0
HC-KIR-03,Mahama Health Center,Kirehe,2025-08-25,ACT,"ACT course (logistics unit, not a dose)",3,1,0,3.0
HC-KIR-03,Mahama Health Center,Kirehe,2025-08-25,RDT,RDT kit,10,0,0,52.0
HC-KIR-03,Mahama Health Center,Kirehe,2025-08-25,injectable_artesunate,"injectable artesunate vial (logistics unit, not a dose)",9,0,0,52.0
HC-KIR-03,Mahama Health Center,Kirehe,2025-09-01,ACT,"ACT course (logistics unit, not a dose)",1,0,0,52.0
HC-KIR-03,Mahama Health Center,Kirehe,2025-09-01,RDT,RDT kit,27,5,0,5.4
HC-KIR-03,Mahama Health Center,Kirehe,2025-09-01,injectable_artesunate,"injectable artesunate vial (logistics unit, not a dose)",6,0,0,52.0
HC-KIR-03,Mahama Health Center,Kirehe,2025-09-08,ACT,"ACT course (logistics unit, not a dose)",3,0,0,52.0
HC-KIR-03,Mahama Health Center,Kirehe,2025-09-08,RDT,RDT kit,69,6,0,11.5
HC-KIR-03,Mahama Health Center,Kirehe,2025-09-08,injectable_artesunate,"injectable artesunate vial (logistics unit, not a dose)",6,0,0,52.0
HC-KIR-03,Mahama Health Center,Kirehe,2025-09-15,ACT,"ACT course (logistics unit, not a dose)",23,2,0,11.5
HC-KIR-03,Mahama Health Center,Kirehe,2025-09-15,RDT,RDT kit,15,2,0,7.5
HC-KIR-03,Mahama Health Center,Kirehe,2025-09-15,injectable_artesunate,"injectable artesunate vial (logistics unit, not a dose)",36,3,0,12.0
HC-KIR-03,Mahama Health Center,Kirehe,2025-09-22,ACT,"ACT course (logistics unit, not a dose)",9,1,0,9.0
HC-KIR-03,Mahama Health Center,Kirehe,2025-09-22,RDT,RDT kit,21,2,0,10.5
HC-KIR-03,Mahama Health Center,Kirehe,2025-09-22,injectable_artesunate,"injectable artesunate vial (logistics unit, not a dose)",4,0,0,52.0
HC-KIR-03,Mahama Health Center,Kirehe,2025-09-29,ACT,"ACT course (logistics unit, not a dose)",6,1,0,6.0
HC-KIR-03,Mahama Health Center,Kirehe,2025-09-29,RDT,RDT kit,15,2,0,7.5
HC-KIR-03,Mahama Health Center,Kirehe,2025-09-29,injectable_artesunate,"injectable artesunate vial (logistics unit, not a dose)",26,3,0,8.67
HC-KIR-03,Mahama Health Center,Kirehe,2025-10-06,ACT,"ACT course (logistics unit, not a dose)",14,2,0,7.0
HC-KIR-03,Mahama Health Center,Kirehe,2025-10-06,RDT,RDT kit,17,2,0,8.5
HC-KIR-03,Mahama Health Center,Kirehe,2025-10-06,injectable_artesunate,"injectable artesunate vial (logistics unit, not a dose)",6,0,0,52.0
HC-KIR-03,Mahama Health Center,Kirehe,2025-10-13,ACT,"ACT course (logistics unit, not a dose)",8,1,0,8.0
HC-KIR-03,Mahama Health Center,Kirehe,2025-10-13,RDT,RDT kit,29,4,0,7.25
HC-KIR-03,Mahama Health Center,Kirehe,2025-10-13,injectable_artesunate,"injectable artesunate vial (logistics unit, not a dose)",8,0,0,52.0
HC-KIR-03,Mahama Health Center,Kirehe,2025-10-20,ACT,"ACT course (logistics unit, not a dose)",11,1,0,11.0
HC-KIR-03,Mahama Health Center,Kirehe,2025-10-20,RDT,RDT kit,27,4,0,6.75
HC-KIR-03,Mahama Health Center,Kirehe,2025-10-20,injectable_artesunate,"injectable artesunate vial (logistics unit, not a dose)",3,0,0,52.0
HC-KIR-03,Mahama Health Center,Kirehe,2025-10-27,ACT,"ACT course (logistics unit, not a dose)",10,2,0,5.0
HC-KIR-03,Mahama Health Center,Kirehe,2025-10-27,RDT,RDT kit,64,6,0,10.67
HC-KIR-03,Mahama Health Center,Kirehe,2025-10-27,injectable_artesunate,"injectable artesunate vial (logistics unit, not a dose)",11,1,0,11.0
HC-KIR-03,Mahama Health Center,Kirehe,2025-11-03,ACT,"ACT course (logistics unit, not a dose)",24,2,0,12.0
HC-KIR-03,Mahama Health Center,Kirehe,2025-11-03,RDT,RDT kit,44,4,0,11.0
HC-KIR-03,Mahama Health Center,Kirehe,2025-11-03,injectable_artesunate,"injectable artesunate vial (logistics unit, not a dose)",11,0,0,52.0
HC-KIR-03,Mahama Health Center,Kirehe,2025-11-10,ACT,"ACT course (logistics unit, not a dose)",18,2,0,9.0
HC-KIR-03,Mahama Health Center,Kirehe,2025-11-10,RDT,RDT kit,86,9,0,9.56
HC-KIR-03,Mahama Health Center,Kirehe,2025-11-10,injectable_artesunate,"injectable artesunate vial (logistics unit, not a dose)",4,0,0,52.0
HC-KIR-03,Mahama Health Center,Kirehe,2025-11-17,ACT,"ACT course (logistics unit, not a dose)",42,6,0,7.0
HC-KIR-03,Mahama Health Center,Kirehe,2025-11-17,RDT,RDT kit,5,7,0,0.71
HC-KIR-03,Mahama Health Center,Kirehe,2025-11-17,injectable_artesunate,"injectable artesunate vial (logistics unit, not a dose)",10,1,0,10.0
HC-KIR-03,Mahama Health Center,Kirehe,2025-11-24,ACT,"ACT course (logistics unit, not a dose)",25,4,0,6.25
HC-KIR-03,Mahama Health Center,Kirehe,2025-11-24,RDT,RDT kit,65,7,0,9.29
HC-KIR-03,Mahama Health Center,Kirehe,2025-11-24,injectable_artesunate,"injectable artesunate vial (logistics unit, not a dose)",7,1,0,7.0
HC-KIR-03,Mahama Health Center,Kirehe,2025-12-01,ACT,"ACT course (logistics unit, not a dose)",46,4,0,11.5
HC-KIR-03,Mahama Health Center,Kirehe,2025-12-01,RDT,RDT kit,18,6,0,3.0
HC-KIR-03,Mahama Health Center,Kirehe,2025-12-01,injectable_artesunate,"injectable artesunate vial (logistics unit, not a dose)",9,0,0,52.0
HC-KIR-03,Mahama Health Center,Kirehe,2025-12-08,ACT,"ACT course (logistics unit, not a dose)",7,1,0,7.0
HC-KIR-03,Mahama Health Center,Kirehe,2025-12-08,RDT,RDT kit,6,0,0,52.0
HC-KIR-03,Mahama Health Center,Kirehe,2025-12-08,injectable_artesunate,"injectable artesunate vial (logistics unit, not a dose)",0,0,1,0.0
HC-KIR-03,Mahama Health Center,Kirehe,2025-12-15,ACT,"ACT course (logistics unit, not a dose)",17,4,0,4.25
HC-KIR-03,Mahama Health Center,Kirehe,2025-12-15,RDT,RDT kit,13,2,0,6.5
HC-KIR-03,Mahama Health Center,Kirehe,2025-12-15,injectable_artesunate,"injectable artesunate vial (logistics unit, not a dose)",3,0,0,52.0
HC-KIR-03,Mahama Health Center,Kirehe,2025-12-22,ACT,"ACT course (logistics unit, not a dose)",10,0,0,52.0
HC-KIR-03,Mahama Health Center,Kirehe,2025-12-22,RDT,RDT kit,5,1,0,5.0
HC-KIR-03,Mahama Health Center,Kirehe,2025-12-22,injectable_artesunate,"injectable artesunate vial (logistics unit, not a dose)",7,0,0,52.0
HC-KIR-03,Mahama Health Center,Kirehe,2025-12-29,ACT,"ACT course (logistics unit, not a dose)",7,1,0,7.0
HC-KIR-03,Mahama Health Center,Kirehe,2025-12-29,RDT,RDT kit,9,1,0,9.0
HC-KIR-03,Mahama Health Center,Kirehe,2025-12-29,injectable_artesunate,"injectable artesunate vial (logistics unit, not a dose)",8,0,0,52.0
HC-KIR-03,Mahama Health Center,Kirehe,2026-01-05,ACT,"ACT course (logistics unit, not a dose)",9,1,0,9.0
HC-KIR-03,Mahama Health Center,Kirehe,2026-01-05,RDT,RDT kit,8,1,0,8.0
HC-KIR-03,Mahama Health Center,Kirehe,2026-01-05,injectable_artesunate,"injectable artesunate vial (logistics unit, not a dose)",8,0,0,52.0
HC-KIR-03,Mahama Health Center,Kirehe,2026-01-12,ACT,"ACT course (logistics unit, not a dose)",18,2,0,9.0
HC-KIR-03,Mahama Health Center,Kirehe,2026-01-12,RDT,RDT kit,59,6,0,9.83
HC-KIR-03,Mahama Health Center,Kirehe,2026-01-12,injectable_artesunate,"injectable artesunate vial (logistics unit, not a dose)",0,1,1,0.0
HC-KIR-03,Mahama Health Center,Kirehe,2026-01-19,ACT,"ACT course (logistics unit, not a dose)",6,0,0,52.0
HC-KIR-03,Mahama Health Center,Kirehe,2026-01-19,RDT,RDT kit,18,3,0,6.0
HC-KIR-03,Mahama Health Center,Kirehe,2026-01-19,injectable_artesunate,"injectable artesunate vial (logistics unit, not a dose)",5,0,0,52.0
HC-KIR-03,Mahama Health Center,Kirehe,2026-01-26,ACT,"ACT course (logistics unit, not a dose)",3,1,0,3.0
HC-KIR-03,Mahama Health Center,Kirehe,2026-01-26,RDT,RDT kit,14,2,0,7.0
HC-KIR-03,Mahama Health Center,Kirehe,2026-01-26,injectable_artesunate,"injectable artesunate vial (logistics unit, not a dose)",6,0,0,52.0
HC-KIR-03,Mahama Health Center,Kirehe,2026-02-02,ACT,"ACT course (logistics unit, not a dose)",18,3,0,6.0
HC-KIR-03,Mahama Health Center,Kirehe,2026-02-02,RDT,RDT kit,11,1,0,11.0
HC-KIR-03,Mahama Health Center,Kirehe,2026-02-02,injectable_artesunate,"injectable artesunate vial (logistics unit, not a dose)",6,0,0,52.0
HC-KIR-03,Mahama Health Center,Kirehe,2026-02-09,ACT,"ACT course (logistics unit, not a dose)",0,3,1,0.0
HC-KIR-03,Mahama Health Center,Kirehe,2026-02-09,RDT,RDT kit,8,1,0,8.0
HC-KIR-03,Mahama Health Center,Kirehe,2026-02-09,injectable_artesunate,"injectable artesunate vial (logistics unit, not a dose)",3,1,0,3.0
HC-KIR-03,Mahama Health Center,Kirehe,2026-02-16,ACT,"ACT course (logistics unit, not a dose)",1,0,0,52.0
HC-KIR-03,Mahama Health Center,Kirehe,2026-02-16,RDT,RDT kit,1,0,0,52.0
HC-KIR-03,Mahama Health Center,Kirehe,2026-02-16,injectable_artesunate,"injectable artesunate vial (logistics unit, not a dose)",11,0,0,52.0
HC-KIR-03,Mahama Health Center,Kirehe,2026-02-23,ACT,"ACT course (logistics unit, not a dose)",4,1,0,4.0
HC-KIR-03,Mahama Health Center,Kirehe,2026-02-23,RDT,RDT kit,20,4,0,5.0
HC-KIR-03,Mahama Health Center,Kirehe,2026-02-23,injectable_artesunate,"injectable artesunate vial (logistics unit, not a dose)",0,0,1,0.0
HC-KIR-03,Mahama Health Center,Kirehe,2026-03-02,ACT,"ACT course (logistics unit, not a dose)",6,0,0,52.0
HC-KIR-03,Mahama Health Center,Kirehe,2026-03-02,RDT,RDT kit,0,6,1,0.0
HC-KIR-03,Mahama Health Center,Kirehe,2026-03-02,injectable_artesunate,"injectable artesunate vial (logistics unit, not a dose)",1,0,0,52.0
HC-KIR-03,Mahama Health Center,Kirehe,2026-03-09,ACT,"ACT course (logistics unit, not a dose)",1,3,0,0.33
HC-KIR-03,Mahama Health Center,Kirehe,2026-03-09,RDT,RDT kit,54,7,0,7.71
HC-KIR-03,Mahama Health Center,Kirehe,2026-03-09,injectable_artesunate,"injectable artesunate vial (logistics unit, not a dose)",0,0,1,0.0
HC-KIR-03,Mahama Health Center,Kirehe,2026-03-16,ACT,"ACT course (logistics unit, not a dose)",4,1,0,4.0
HC-KIR-03,Mahama Health Center,Kirehe,2026-03-16,RDT,RDT kit,51,6,0,8.5
HC-KIR-03,Mahama Health Center,Kirehe,2026-03-16,injectable_artesunate,"injectable artesunate vial (logistics unit, not a dose)",0,0,1,0.0
HC-KIR-03,Mahama Health Center,Kirehe,2026-03-23,ACT,"ACT course (logistics unit, not a dose)",24,3,0,8.0
HC-KIR-03,Mahama Health Center,Kirehe,2026-03-23,RDT,RDT kit,25,5,0,5.0
HC-KIR-03,Mahama Health Center,Kirehe,2026-03-23,injectable_artesunate,"injectable artesunate vial (logistics unit, not a dose)",5,0,0,52.0
HC-KIR-03,Mahama Health Center,Kirehe,2026-03-30,ACT,"ACT course (logistics unit, not a dose)",6,0,0,52.0
HC-KIR-03,Mahama Health Center,Kirehe,2026-03-30,RDT,RDT kit,45,5,0,9.0
HC-KIR-03,Mahama Health Center,Kirehe,2026-03-30,injectable_artesunate,"injectable artesunate vial (logistics unit, not a dose)",10,1,0,10.0
HC-KIR-03,Mahama Health Center,Kirehe,2026-04-06,ACT,"ACT course (logistics unit, not a dose)",64,6,0,10.67
HC-KIR-03,Mahama Health Center,Kirehe,2026-04-06,RDT,RDT kit,0,9,1,0.0
HC-KIR-03,Mahama Health Center,Kirehe,2026-04-06,injectable_artesunate,"injectable artesunate vial (logistics unit, not a dose)",9,0,0,52.0
HC-KIR-03,Mahama Health Center,Kirehe,2026-04-13,ACT,"ACT course (logistics unit, not a dose)",12,1,0,12.0
HC-KIR-03,Mahama Health Center,Kirehe,2026-04-13,RDT,RDT kit,54,5,0,10.8
HC-KIR-03,Mahama Health Center,Kirehe,2026-04-13,injectable_artesunate,"injectable artesunate vial (logistics unit, not a dose)",10,0,0,52.0
HC-KIR-03,Mahama Health Center,Kirehe,2026-04-20,ACT,"ACT course (logistics unit, not a dose)",4,1,0,4.0
HC-KIR-03,Mahama Health Center,Kirehe,2026-04-20,RDT,RDT kit,26,6,0,4.33
HC-KIR-03,Mahama Health Center,Kirehe,2026-04-20,injectable_artesunate,"injectable artesunate vial (logistics unit, not a dose)",12,1,0,12.0
HC-KIR-03,Mahama Health Center,Kirehe,2026-04-27,ACT,"ACT course (logistics unit, not a dose)",23,2,0,11.5
HC-KIR-03,Mahama Health Center,Kirehe,2026-04-27,RDT,RDT kit,8,2,0,4.0
HC-KIR-03,Mahama Health Center,Kirehe,2026-04-27,injectable_artesunate,"injectable artesunate vial (logistics unit, not a dose)",5,1,0,5.0
HC-KIR-03,Mahama Health Center,Kirehe,2026-05-04,ACT,"ACT course (logistics unit, not a dose)",11,2,0,5.5
HC-KIR-03,Mahama Health Center,Kirehe,2026-05-04,RDT,RDT kit,34,3,0,11.33
HC-KIR-03,Mahama Health Center,Kirehe,2026-05-04,injectable_artesunate,"injectable artesunate vial (logistics unit, not a dose)",10,0,0,52.0
HC-KIR-03,Mahama Health Center,Kirehe,2026-05-11,ACT,"ACT course (logistics unit, not a dose)",16,3,0,5.33
HC-KIR-03,Mahama Health Center,Kirehe,2026-05-11,RDT,RDT kit,21,2,0,10.5
HC-KIR-03,Mahama Health Center,Kirehe,2026-05-11,injectable_artesunate,"injectable artesunate vial (logistics unit, not a dose)",6,0,0,52.0
HC-KIR-03,Mahama Health Center,Kirehe,2026-05-18,ACT,"ACT course (logistics unit, not a dose)",18,3,0,6.0
HC-KIR-03,Mahama Health Center,Kirehe,2026-05-18,RDT,RDT kit,23,4,0,5.75
HC-KIR-03,Mahama Health Center,Kirehe,2026-05-18,injectable_artesunate,"injectable artesunate vial (logistics unit, not a dose)",0,1,1,0.0
HC-KIR-03,Mahama Health Center,Kirehe,2026-05-25,ACT,"ACT course (logistics unit, not a dose)",12,3,0,4.0
HC-KIR-03,Mahama Health Center,Kirehe,2026-05-25,RDT,RDT kit,43,4,0,10.75
HC-KIR-03,Mahama Health Center,Kirehe,2026-05-25,injectable_artesunate,"injectable artesunate vial (logistics unit, not a dose)",0,0,1,0.0
HC-KIR-03,Mahama Health Center,Kirehe,2026-06-01,ACT,"ACT course (logistics unit, not a dose)",12,1,0,12.0
HC-KIR-03,Mahama Health Center,Kirehe,2026-06-01,RDT,RDT kit,9,2,0,4.5
HC-KIR-03,Mahama Health Center,Kirehe,2026-06-01,injectable_artesunate,"injectable artesunate vial (logistics unit, not a dose)",0,1,1,0.0
HC-KIR-03,Mahama Health Center,Kirehe,2026-06-08,ACT,"ACT course (logistics unit, not a dose)",7,2,0,3.5
HC-KIR-03,Mahama Health Center,Kirehe,2026-06-08,RDT,RDT kit,11,1,0,11.0
HC-KIR-03,Mahama Health Center,Kirehe,2026-06-08,injectable_artesunate,"injectable artesunate vial (logistics unit, not a dose)",5,0,0,52.0
HC-KIR-03,Mahama Health Center,Kirehe,2026-06-15,ACT,"ACT course (logistics unit, not a dose)",30,5,0,6.0
HC-KIR-03,Mahama Health Center,Kirehe,2026-06-15,RDT,RDT kit,19,2,0,9.5
HC-KIR-03,Mahama Health Center,Kirehe,2026-06-15,injectable_artesunate,"injectable artesunate vial (logistics unit, not a dose)",11,0,0,52.0
HC-KIR-03,Mahama Health Center,Kirehe,2026-06-22,ACT,"ACT course (logistics unit, not a dose)",17,2,0,8.5
HC-KIR-03,Mahama Health Center,Kirehe,2026-06-22,RDT,RDT kit,22,4,0,5.5
HC-KIR-03,Mahama Health Center,Kirehe,2026-06-22,injectable_artesunate,"injectable artesunate vial (logistics unit, not a dose)",4,0,0,52.0
HC-KIR-03,Mahama Health Center,Kirehe,2026-06-29,ACT,"ACT course (logistics unit, not a dose)",9,0,0,52.0
HC-KIR-03,Mahama Health Center,Kirehe,2026-06-29,RDT,RDT kit,19,3,0,6.33
HC-KIR-03,Mahama Health Center,Kirehe,2026-06-29,injectable_artesunate,"injectable artesunate vial (logistics unit, not a dose)",4,0,0,52.0
HC-KIR-03,Mahama Health Center,Kirehe,2026-07-06,ACT,"ACT course (logistics unit, not a dose)",5,0,0,52.0
HC-KIR-03,Mahama Health Center,Kirehe,2026-07-06,RDT,RDT kit,7,1,0,7.0
HC-KIR-03,Mahama Health Center,Kirehe,2026-07-06,injectable_artesunate,"injectable artesunate vial (logistics unit, not a dose)",12,0,0,52.0
HC-KIR-03,Mahama Health Center,Kirehe,2026-07-13,ACT,"ACT course (logistics unit, not a dose)",1,0,0,52.0
HC-KIR-03,Mahama Health Center,Kirehe,2026-07-13,RDT,RDT kit,19,2,0,9.5
HC-KIR-03,Mahama Health Center,Kirehe,2026-07-13,injectable_artesunate,"injectable artesunate vial (logistics unit, not a dose)",5,1,0,5.0
HC-KIR-03,Mahama Health Center,Kirehe,2026-07-20,ACT,"ACT course (logistics unit, not a dose)",11,0,0,52.0
HC-KIR-03,Mahama Health Center,Kirehe,2026-07-20,RDT,RDT kit,12,1,0,12.0
HC-KIR-03,Mahama Health Center,Kirehe,2026-07-20,injectable_artesunate,"injectable artesunate vial (logistics unit, not a dose)",11,1,0,11.0
HC-KIR-03,Mahama Health Center,Kirehe,2026-07-27,ACT,"ACT course (logistics unit, not a dose)",5,0,0,52.0
HC-KIR-03,Mahama Health Center,Kirehe,2026-07-27,RDT,RDT kit,10,1,0,10.0
HC-KIR-03,Mahama Health Center,Kirehe,2026-07-27,injectable_artesunate,"injectable artesunate vial (logistics unit, not a dose)",8,0,0,52.0
HC-KIR-03,Mahama Health Center,Kirehe,2026-08-03,ACT,"ACT course (logistics unit, not a dose)",11,1,0,11.0
HC-KIR-03,Mahama Health Center,Kirehe,2026-08-03,RDT,RDT kit,13,2,0,6.5
HC-KIR-03,Mahama Health Center,Kirehe,2026-08-03,injectable_artesunate,"injectable artesunate vial (logistics unit, not a dose)",3,0,0,52.0
HC-KIR-03,Mahama Health Center,Kirehe,2026-08-10,ACT,"ACT course (logistics unit, not a dose)",22,3,0,7.33
HC-KIR-03,Mahama Health Center,Kirehe,2026-08-10,RDT,RDT kit,0,2,1,0.0
HC-KIR-03,Mahama Health Center,Kirehe,2026-08-10,injectable_artesunate,"injectable artesunate vial (logistics unit, not a dose)",9,0,0,52.0
HC-KIR-03,Mahama Health Center,Kirehe,2026-08-17,ACT,"ACT course (logistics unit, not a dose)",8,1,0,8.0
HC-KIR-03,Mahama Health Center,Kirehe,2026-08-17,RDT,RDT kit,4,1,0,4.0
HC-KIR-03,Mahama Health Center,Kirehe,2026-08-17,injectable_artesunate,"injectable artesunate vial (logistics unit, not a dose)",0,0,1,0.0
HC-KIR-03,Mahama Health Center,Kirehe,2026-08-24,ACT,"ACT course (logistics unit, not a dose)",22,2,0,11.0
HC-KIR-03,Mahama Health Center,Kirehe,2026-08-24,RDT,RDT kit,69,8,0,8.62
HC-KIR-03,Mahama Health Center,Kirehe,2026-08-24,injectable_artesunate,"injectable artesunate vial (logistics unit, not a dose)",1,0,0,52.0
HC-KIR-03,Mahama Health Center,Kirehe,2026-08-31,ACT,"ACT course (logistics unit, not a dose)",5,0,0,52.0
HC-KIR-03,Mahama Health Center,Kirehe,2026-08-31,RDT,RDT kit,12,1,0,12.0
HC-KIR-03,Mahama Health Center,Kirehe,2026-08-31,injectable_artesunate,"injectable artesunate vial (logistics unit, not a dose)",11,0,0,52.0
HC-KIR-03,Mahama Health Center,Kirehe,2026-09-07,ACT,"ACT course (logistics unit, not a dose)",4,1,0,4.0
HC-KIR-03,Mahama Health Center,Kirehe,2026-09-07,RDT,RDT kit,48,5,0,9.6
HC-KIR-03,Mahama Health Center,Kirehe,2026-09-07,injectable_artesunate,"injectable artesunate vial (logistics unit, not a dose)",21,2,0,10.5
HC-KIR-03,Mahama Health Center,Kirehe,2026-09-14,ACT,"ACT course (logistics unit, not a dose)",8,2,0,4.0
HC-KIR-03,Mahama Health Center,Kirehe,2026-09-14,RDT,RDT kit,1,1,0,1.0
HC-KIR-03,Mahama Health Center,Kirehe,2026-09-14,injectable_artesunate,"injectable artesunate vial (logistics unit, not a dose)",10,0,0,52.0
HC-KIR-03,Mahama Health Center,Kirehe,2026-09-21,ACT,"ACT course (logistics unit, not a dose)",2,2,0,1.0
HC-KIR-03,Mahama Health Center,Kirehe,2026-09-21,RDT,RDT kit,35,3,0,11.67
HC-KIR-03,Mahama Health Center,Kirehe,2026-09-21,injectable_artesunate,"injectable artesunate vial (logistics unit, not a dose)",0,1,1,0.0
HC-KIR-03,Mahama Health Center,Kirehe,2026-09-28,ACT,"ACT course (logistics unit, not a dose)",9,0,0,52.0
HC-KIR-03,Mahama Health Center,Kirehe,2026-09-28,RDT,RDT kit,4,1,0,4.0
HC-KIR-03,Mahama Health Center,Kirehe,2026-09-28,injectable_artesunate,"injectable artesunate vial (logistics unit, not a dose)",10,0,0,52.0
HC-GIS-01,Gisagara Health Center,Gisagara,2024-09-30,ACT,"ACT course (logistics unit, not a dose)",3,1,0,3.0
HC-GIS-01,Gisagara Health Center,Gisagara,2024-09-30,RDT,RDT kit,11,3,0,3.67
HC-GIS-01,Gisagara Health Center,Gisagara,2024-09-30,injectable_artesunate,"injectable artesunate vial (logistics unit, not a dose)",9,1,0,9.0
HC-GIS-01,Gisagara Health Center,Gisagara,2024-10-07,ACT,"ACT course (logistics unit, not a dose)",6,0,0,52.0
HC-GIS-01,Gisagara Health Center,Gisagara,2024-10-07,RDT,RDT kit,0,6,1,0.0
HC-GIS-01,Gisagara Health Center,Gisagara,2024-10-07,injectable_artesunate,"injectable artesunate vial (logistics unit, not a dose)",0,2,1,0.0
HC-GIS-01,Gisagara Health Center,Gisagara,2024-10-14,ACT,"ACT course (logistics unit, not a dose)",10,0,0,52.0
HC-GIS-01,Gisagara Health Center,Gisagara,2024-10-14,RDT,RDT kit,13,2,0,6.5
HC-GIS-01,Gisagara Health Center,Gisagara,2024-10-14,injectable_artesunate,"injectable artesunate vial (logistics unit, not a dose)",0,0,1,0.0
HC-GIS-01,Gisagara Health Center,Gisagara,2024-10-21,ACT,"ACT course (logistics unit, not a dose)",20,2,0,10.0
HC-GIS-01,Gisagara Health Center,Gisagara,2024-10-21,RDT,RDT kit,22,4,0,5.5
HC-GIS-01,Gisagara Health Center,Gisagara,2024-10-21,injectable_artesunate,"injectable artesunate vial (logistics unit, not a dose)",4,0,0,52.0
HC-GIS-01,Gisagara Health Center,Gisagara,2024-10-28,ACT,"ACT course (logistics unit, not a dose)",8,1,0,8.0
HC-GIS-01,Gisagara Health Center,Gisagara,2024-10-28,RDT,RDT kit,7,1,0,7.0
HC-GIS-01,Gisagara Health Center,Gisagara,2024-10-28,injectable_artesunate,"injectable artesunate vial (logistics unit, not a dose)",5,0,0,52.0
HC-GIS-01,Gisagara Health Center,Gisagara,2024-11-04,ACT,"ACT course (logistics unit, not a dose)",10,3,0,3.33
HC-GIS-01,Gisagara Health Center,Gisagara,2024-11-04,RDT,RDT kit,29,3,0,9.67
HC-GIS-01,Gisagara Health Center,Gisagara,2024-11-04,injectable_artesunate,"injectable artesunate vial (logistics unit, not a dose)",0,1,1,0.0
HC-GIS-01,Gisagara Health Center,Gisagara,2024-11-11,ACT,"ACT course (logistics unit, not a dose)",21,2,0,10.5
HC-GIS-01,Gisagara Health Center,Gisagara,2024-11-11,RDT,RDT kit,11,2,0,5.5
HC-GIS-01,Gisagara Health Center,Gisagara,2024-11-11,injectable_artesunate,"injectable artesunate vial (logistics unit, not a dose)",12,0,0,52.0
HC-GIS-01,Gisagara Health Center,Gisagara,2024-11-18,ACT,"ACT course (logistics unit, not a dose)",11,1,0,11.0
HC-GIS-01,Gisagara Health Center,Gisagara,2024-11-18,RDT,RDT kit,23,4,0,5.75
HC-GIS-01,Gisagara Health Center,Gisagara,2024-11-18,injectable_artesunate,"injectable artesunate vial (logistics unit, not a dose)",6,1,0,6.0
HC-GIS-01,Gisagara Health Center,Gisagara,2024-11-25,ACT,"ACT course (logistics unit, not a dose)",6,1,0,6.0
HC-GIS-01,Gisagara Health Center,Gisagara,2024-11-25,RDT,RDT kit,63,6,0,10.5
HC-GIS-01,Gisagara Health Center,Gisagara,2024-11-25,injectable_artesunate,"injectable artesunate vial (logistics unit, not a dose)",10,0,0,52.0
HC-GIS-01,Gisagara Health Center,Gisagara,2024-12-02,ACT,"ACT course (logistics unit, not a dose)",11,0,0,52.0
HC-GIS-01,Gisagara Health Center,Gisagara,2024-12-02,RDT,RDT kit,3,1,0,3.0
HC-GIS-01,Gisagara Health Center,Gisagara,2024-12-02,injectable_artesunate,"injectable artesunate vial (logistics unit, not a dose)",10,0,0,52.0
HC-GIS-01,Gisagara Health Center,Gisagara,2024-12-09,ACT,"ACT course (logistics unit, not a dose)",10,0,0,52.0
HC-GIS-01,Gisagara Health Center,Gisagara,2024-12-09,RDT,RDT kit,6,0,0,52.0
HC-GIS-01,Gisagara Health Center,Gisagara,2024-12-09,injectable_artesunate,"injectable artesunate vial (logistics unit, not a dose)",0,1,1,0.0
HC-GIS-01,Gisagara Health Center,Gisagara,2024-12-16,ACT,"ACT course (logistics unit, not a dose)",17,3,0,5.67
HC-GIS-01,Gisagara Health Center,Gisagara,2024-12-16,RDT,RDT kit,105,9,0,11.67
HC-GIS-01,Gisagara Health Center,Gisagara,2024-12-16,injectable_artesunate,"injectable artesunate vial (logistics unit, not a dose)",3,0,0,52.0
HC-GIS-01,Gisagara Health Center,Gisagara,2024-12-23,ACT,"ACT course (logistics unit, not a dose)",5,1,0,5.0
HC-GIS-01,Gisagara Health Center,Gisagara,2024-12-23,RDT,RDT kit,1,2,0,0.5
HC-GIS-01,Gisagara Health Center,Gisagara,2024-12-23,injectable_artesunate,"injectable artesunate vial (logistics unit, not a dose)",20,2,0,10.0
HC-GIS-01,Gisagara Health Center,Gisagara,2024-12-30,ACT,"ACT course (logistics unit, not a dose)",5,1,0,5.0
HC-GIS-01,Gisagara Health Center,Gisagara,2024-12-30,RDT,RDT kit,28,3,0,9.33
HC-GIS-01,Gisagara Health Center,Gisagara,2024-12-30,injectable_artesunate,"injectable artesunate vial (logistics unit, not a dose)",5,0,0,52.0
HC-GIS-01,Gisagara Health Center,Gisagara,2025-01-06,ACT,"ACT course (logistics unit, not a dose)",6,1,0,6.0
HC-GIS-01,Gisagara Health Center,Gisagara,2025-01-06,RDT,RDT kit,6,0,0,52.0
HC-GIS-01,Gisagara Health Center,Gisagara,2025-01-06,injectable_artesunate,"injectable artesunate vial (logistics unit, not a dose)",5,1,0,5.0
HC-GIS-01,Gisagara Health Center,Gisagara,2025-01-13,ACT,"ACT course (logistics unit, not a dose)",4,0,0,52.0
HC-GIS-01,Gisagara Health Center,Gisagara,2025-01-13,RDT,RDT kit,10,2,0,5.0
HC-GIS-01,Gisagara Health Center,Gisagara,2025-01-13,injectable_artesunate,"injectable artesunate vial (logistics unit, not a dose)",4,0,0,52.0
HC-GIS-01,Gisagara Health Center,Gisagara,2025-01-20,ACT,"ACT course (logistics unit, not a dose)",1,1,0,1.0
HC-GIS-01,Gisagara Health Center,Gisagara,2025-01-20,RDT,RDT kit,5,1,0,5.0
HC-GIS-01,Gisagara Health Center,Gisagara,2025-01-20,injectable_artesunate,"injectable artesunate vial (logistics unit, not a dose)",3,0,0,52.0
HC-GIS-01,Gisagara Health Center,Gisagara,2025-01-27,ACT,"ACT course (logistics unit, not a dose)",7,2,0,3.5
HC-GIS-01,Gisagara Health Center,Gisagara,2025-01-27,RDT,RDT kit,6,1,0,6.0
HC-GIS-01,Gisagara Health Center,Gisagara,2025-01-27,injectable_artesunate,"injectable artesunate vial (logistics unit, not a dose)",10,0,0,52.0
HC-GIS-01,Gisagara Health Center,Gisagara,2025-02-03,ACT,"ACT course (logistics unit, not a dose)",3,0,0,52.0
HC-GIS-01,Gisagara Health Center,Gisagara,2025-02-03,RDT,RDT kit,17,2,0,8.5
HC-GIS-01,Gisagara Health Center,Gisagara,2025-02-03,injectable_artesunate,"injectable artesunate vial (logistics unit, not a dose)",7,0,0,52.0
HC-GIS-01,Gisagara Health Center,Gisagara,2025-02-10,ACT,"ACT course (logistics unit, not a dose)",8,2,0,4.0
HC-GIS-01,Gisagara Health Center,Gisagara,2025-02-10,RDT,RDT kit,8,0,0,52.0
HC-GIS-01,Gisagara Health Center,Gisagara,2025-02-10,injectable_artesunate,"injectable artesunate vial (logistics unit, not a dose)",8,1,0,8.0
HC-GIS-01,Gisagara Health Center,Gisagara,2025-02-17,ACT,"ACT course (logistics unit, not a dose)",20,2,0,10.0
HC-GIS-01,Gisagara Health Center,Gisagara,2025-02-17,RDT,RDT kit,34,3,0,11.33
HC-GIS-01,Gisagara Health Center,Gisagara,2025-02-17,injectable_artesunate,"injectable artesunate vial (logistics unit, not a dose)",7,0,0,52.0
HC-GIS-01,Gisagara Health Center,Gisagara,2025-02-24,ACT,"ACT course (logistics unit, not a dose)",8,0,0,52.0
HC-GIS-01,Gisagara Health Center,Gisagara,2025-02-24,RDT,RDT kit,49,5,0,9.8
HC-GIS-01,Gisagara Health Center,Gisagara,2025-02-24,injectable_artesunate,"injectable artesunate vial (logistics unit, not a dose)",9,0,0,52.0
HC-GIS-01,Gisagara Health Center,Gisagara,2025-03-03,ACT,"ACT course (logistics unit, not a dose)",7,2,0,3.5
HC-GIS-01,Gisagara Health Center,Gisagara,2025-03-03,RDT,RDT kit,33,7,0,4.71
HC-GIS-01,Gisagara Health Center,Gisagara,2025-03-03,injectable_artesunate,"injectable artesunate vial (logistics unit, not a dose)",11,0,0,52.0
HC-GIS-01,Gisagara Health Center,Gisagara,2025-03-10,ACT,"ACT course (logistics unit, not a dose)",8,1,0,8.0
HC-GIS-01,Gisagara Health Center,Gisagara,2025-03-10,RDT,RDT kit,13,2,0,6.5
HC-GIS-01,Gisagara Health Center,Gisagara,2025-03-10,injectable_artesunate,"injectable artesunate vial (logistics unit, not a dose)",5,0,0,52.0
HC-GIS-01,Gisagara Health Center,Gisagara,2025-03-17,ACT,"ACT course (logistics unit, not a dose)",6,1,0,6.0
HC-GIS-01,Gisagara Health Center,Gisagara,2025-03-17,RDT,RDT kit,3,5,0,0.6
HC-GIS-01,Gisagara Health Center,Gisagara,2025-03-17,injectable_artesunate,"injectable artesunate vial (logistics unit, not a dose)",8,1,0,8.0
HC-GIS-01,Gisagara Health Center,Gisagara,2025-03-24,ACT,"ACT course (logistics unit, not a dose)",13,3,0,4.33
HC-GIS-01,Gisagara Health Center,Gisagara,2025-03-24,RDT,RDT kit,9,1,0,9.0
HC-GIS-01,Gisagara Health Center,Gisagara,2025-03-24,injectable_artesunate,"injectable artesunate vial (logistics unit, not a dose)",0,0,1,0.0
HC-GIS-01,Gisagara Health Center,Gisagara,2025-03-31,ACT,"ACT course (logistics unit, not a dose)",25,3,0,8.33
HC-GIS-01,Gisagara Health Center,Gisagara,2025-03-31,RDT,RDT kit,2,3,0,0.67
HC-GIS-01,Gisagara Health Center,Gisagara,2025-03-31,injectable_artesunate,"injectable artesunate vial (logistics unit, not a dose)",10,1,0,10.0
HC-GIS-01,Gisagara Health Center,Gisagara,2025-04-07,ACT,"ACT course (logistics unit, not a dose)",37,4,0,9.25
HC-GIS-01,Gisagara Health Center,Gisagara,2025-04-07,RDT,RDT kit,13,3,0,4.33
HC-GIS-01,Gisagara Health Center,Gisagara,2025-04-07,injectable_artesunate,"injectable artesunate vial (logistics unit, not a dose)",6,0,0,52.0
HC-GIS-01,Gisagara Health Center,Gisagara,2025-04-14,ACT,"ACT course (logistics unit, not a dose)",8,1,0,8.0
HC-GIS-01,Gisagara Health Center,Gisagara,2025-04-14,RDT,RDT kit,62,7,0,8.86
HC-GIS-01,Gisagara Health Center,Gisagara,2025-04-14,injectable_artesunate,"injectable artesunate vial (logistics unit, not a dose)",11,1,0,11.0
HC-GIS-01,Gisagara Health Center,Gisagara,2025-04-21,ACT,"ACT course (logistics unit, not a dose)",9,2,0,4.5
HC-GIS-01,Gisagara Health Center,Gisagara,2025-04-21,RDT,RDT kit,27,7,0,3.86
HC-GIS-01,Gisagara Health Center,Gisagara,2025-04-21,injectable_artesunate,"injectable artesunate vial (logistics unit, not a dose)",9,0,0,52.0
HC-GIS-01,Gisagara Health Center,Gisagara,2025-04-28,ACT,"ACT course (logistics unit, not a dose)",7,1,0,7.0
HC-GIS-01,Gisagara Health Center,Gisagara,2025-04-28,RDT,RDT kit,12,3,0,4.0
HC-GIS-01,Gisagara Health Center,Gisagara,2025-04-28,injectable_artesunate,"injectable artesunate vial (logistics unit, not a dose)",12,2,0,6.0
HC-GIS-01,Gisagara Health Center,Gisagara,2025-05-05,ACT,"ACT course (logistics unit, not a dose)",8,2,0,4.0
HC-GIS-01,Gisagara Health Center,Gisagara,2025-05-05,RDT,RDT kit,9,1,0,9.0
HC-GIS-01,Gisagara Health Center,Gisagara,2025-05-05,injectable_artesunate,"injectable artesunate vial (logistics unit, not a dose)",4,1,0,4.0
HC-GIS-01,Gisagara Health Center,Gisagara,2025-05-12,ACT,"ACT course (logistics unit, not a dose)",9,1,0,9.0
HC-GIS-01,Gisagara Health Center,Gisagara,2025-05-12,RDT,RDT kit,5,1,0,5.0
HC-GIS-01,Gisagara Health Center,Gisagara,2025-05-12,injectable_artesunate,"injectable artesunate vial (logistics unit, not a dose)",10,0,0,52.0
HC-GIS-01,Gisagara Health Center,Gisagara,2025-05-19,ACT,"ACT course (logistics unit, not a dose)",9,1,0,9.0
HC-GIS-01,Gisagara Health Center,Gisagara,2025-05-19,RDT,RDT kit,13,2,0,6.5
HC-GIS-01,Gisagara Health Center,Gisagara,2025-05-19,injectable_artesunate,"injectable artesunate vial (logistics unit, not a dose)",8,0,0,52.0
HC-GIS-01,Gisagara Health Center,Gisagara,2025-05-26,ACT,"ACT course (logistics unit, not a dose)",11,1,0,11.0
HC-GIS-01,Gisagara Health Center,Gisagara,2025-05-26,RDT,RDT kit,21,3,0,7.0
HC-GIS-01,Gisagara Health Center,Gisagara,2025-05-26,injectable_artesunate,"injectable artesunate vial (logistics unit, not a dose)",6,1,0,6.0
HC-GIS-01,Gisagara Health Center,Gisagara,2025-06-02,ACT,"ACT course (logistics unit, not a dose)",8,1,0,8.0
HC-GIS-01,Gisagara Health Center,Gisagara,2025-06-02,RDT,RDT kit,9,0,0,52.0
HC-GIS-01,Gisagara Health Center,Gisagara,2025-06-02,injectable_artesunate,"injectable artesunate vial (logistics unit, not a dose)",9,0,0,52.0
HC-GIS-01,Gisagara Health Center,Gisagara,2025-06-09,ACT,"ACT course (logistics unit, not a dose)",8,0,0,52.0
HC-GIS-01,Gisagara Health Center,Gisagara,2025-06-09,RDT,RDT kit,10,0,0,52.0
HC-GIS-01,Gisagara Health Center,Gisagara,2025-06-09,injectable_artesunate,"injectable artesunate vial (logistics unit, not a dose)",0,0,1,0.0
HC-GIS-01,Gisagara Health Center,Gisagara,2025-06-16,ACT,"ACT course (logistics unit, not a dose)",17,2,0,8.5
HC-GIS-01,Gisagara Health Center,Gisagara,2025-06-16,RDT,RDT kit,23,3,0,7.67
HC-GIS-01,Gisagara Health Center,Gisagara,2025-06-16,injectable_artesunate,"injectable artesunate vial (logistics unit, not a dose)",4,0,0,52.0
HC-GIS-01,Gisagara Health Center,Gisagara,2025-06-23,ACT,"ACT course (logistics unit, not a dose)",0,0,1,0.0
HC-GIS-01,Gisagara Health Center,Gisagara,2025-06-23,RDT,RDT kit,10,3,0,3.33
HC-GIS-01,Gisagara Health Center,Gisagara,2025-06-23,injectable_artesunate,"injectable artesunate vial (logistics unit, not a dose)",1,0,0,52.0
HC-GIS-01,Gisagara Health Center,Gisagara,2025-06-30,ACT,"ACT course (logistics unit, not a dose)",8,0,0,52.0
HC-GIS-01,Gisagara Health Center,Gisagara,2025-06-30,RDT,RDT kit,11,1,0,11.0
HC-GIS-01,Gisagara Health Center,Gisagara,2025-06-30,injectable_artesunate,"injectable artesunate vial (logistics unit, not a dose)",1,0,0,52.0
HC-GIS-01,Gisagara Health Center,Gisagara,2025-07-07,ACT,"ACT course (logistics unit, not a dose)",11,1,0,11.0
HC-GIS-01,Gisagara Health Center,Gisagara,2025-07-07,RDT,RDT kit,33,3,0,11.0
HC-GIS-01,Gisagara Health Center,Gisagara,2025-07-07,injectable_artesunate,"injectable artesunate vial (logistics unit, not a dose)",9,0,0,52.0
HC-GIS-01,Gisagara Health Center,Gisagara,2025-07-14,ACT,"ACT course (logistics unit, not a dose)",8,2,0,4.0
HC-GIS-01,Gisagara Health Center,Gisagara,2025-07-14,RDT,RDT kit,4,1,0,4.0
HC-GIS-01,Gisagara Health Center,Gisagara,2025-07-14,injectable_artesunate,"injectable artesunate vial (logistics unit, not a dose)",8,1,0,8.0
HC-GIS-01,Gisagara Health Center,Gisagara,2025-07-21,ACT,"ACT course (logistics unit, not a dose)",1,0,0,52.0
HC-GIS-01,Gisagara Health Center,Gisagara,2025-07-21,RDT,RDT kit,17,2,0,8.5
HC-GIS-01,Gisagara Health Center,Gisagara,2025-07-21,injectable_artesunate,"injectable artesunate vial (logistics unit, not a dose)",0,0,1,0.0
HC-GIS-01,Gisagara Health Center,Gisagara,2025-07-28,ACT,"ACT course (logistics unit, not a dose)",8,1,0,8.0
HC-GIS-01,Gisagara Health Center,Gisagara,2025-07-28,RDT,RDT kit,9,2,0,4.5
HC-GIS-01,Gisagara Health Center,Gisagara,2025-07-28,injectable_artesunate,"injectable artesunate vial (logistics unit, not a dose)",6,0,0,52.0
HC-GIS-01,Gisagara Health Center,Gisagara,2025-08-04,ACT,"ACT course (logistics unit, not a dose)",0,0,1,0.0
HC-GIS-01,Gisagara Health Center,Gisagara,2025-08-04,RDT,RDT kit,7,0,0,52.0
HC-GIS-01,Gisagara Health Center,Gisagara,2025-08-04,injectable_artesunate,"injectable artesunate vial (logistics unit, not a dose)",7,0,0,52.0
HC-GIS-01,Gisagara Health Center,Gisagara,2025-08-11,ACT,"ACT course (logistics unit, not a dose)",6,1,0,6.0
HC-GIS-01,Gisagara Health Center,Gisagara,2025-08-11,RDT,RDT kit,5,0,0,52.0
HC-GIS-01,Gisagara Health Center,Gisagara,2025-08-11,injectable_artesunate,"injectable artesunate vial (logistics unit, not a dose)",12,0,0,52.0
HC-GIS-01,Gisagara Health Center,Gisagara,2025-08-18,ACT,"ACT course (logistics unit, not a dose)",6,2,0,3.0
HC-GIS-01,Gisagara Health Center,Gisagara,2025-08-18,RDT,RDT kit,30,3,0,10.0
HC-GIS-01,Gisagara Health Center,Gisagara,2025-08-18,injectable_artesunate,"injectable artesunate vial (logistics unit, not a dose)",8,0,0,52.0
HC-GIS-01,Gisagara Health Center,Gisagara,2025-08-25,ACT,"ACT course (logistics unit, not a dose)",6,0,0,52.0
HC-GIS-01,Gisagara Health Center,Gisagara,2025-08-25,RDT,RDT kit,8,0,0,52.0
HC-GIS-01,Gisagara Health Center,Gisagara,2025-08-25,injectable_artesunate,"injectable artesunate vial (logistics unit, not a dose)",0,0,1,0.0
HC-GIS-01,Gisagara Health Center,Gisagara,2025-09-01,ACT,"ACT course (logistics unit, not a dose)",3,1,0,3.0
HC-GIS-01,Gisagara Health Center,Gisagara,2025-09-01,RDT,RDT kit,3,1,0,3.0
HC-GIS-01,Gisagara Health Center,Gisagara,2025-09-01,injectable_artesunate,"injectable artesunate vial (logistics unit, not a dose)",5,0,0,52.0
HC-GIS-01,Gisagara Health Center,Gisagara,2025-09-08,ACT,"ACT course (logistics unit, not a dose)",16,2,0,8.0
HC-GIS-01,Gisagara Health Center,Gisagara,2025-09-08,RDT,RDT kit,0,2,1,0.0
HC-GIS-01,Gisagara Health Center,Gisagara,2025-09-08,injectable_artesunate,"injectable artesunate vial (logistics unit, not a dose)",0,0,1,0.0
HC-GIS-01,Gisagara Health Center,Gisagara,2025-09-15,ACT,"ACT course (logistics unit, not a dose)",1,0,0,52.0
HC-GIS-01,Gisagara Health Center,Gisagara,2025-09-15,RDT,RDT kit,36,5,0,7.2
HC-GIS-01,Gisagara Health Center,Gisagara,2025-09-15,injectable_artesunate,"injectable artesunate vial (logistics unit, not a dose)",7,0,0,52.0
HC-GIS-01,Gisagara Health Center,Gisagara,2025-09-22,ACT,"ACT course (logistics unit, not a dose)",3,1,0,3.0
HC-GIS-01,Gisagara Health Center,Gisagara,2025-09-22,RDT,RDT kit,5,1,0,5.0
HC-GIS-01,Gisagara Health Center,Gisagara,2025-09-22,injectable_artesunate,"injectable artesunate vial (logistics unit, not a dose)",0,0,1,0.0
HC-GIS-01,Gisagara Health Center,Gisagara,2025-09-29,ACT,"ACT course (logistics unit, not a dose)",4,1,0,4.0
HC-GIS-01,Gisagara Health Center,Gisagara,2025-09-29,RDT,RDT kit,14,2,0,7.0
HC-GIS-01,Gisagara Health Center,Gisagara,2025-09-29,injectable_artesunate,"injectable artesunate vial (logistics unit, not a dose)",8,0,0,52.0
HC-GIS-01,Gisagara Health Center,Gisagara,2025-10-06,ACT,"ACT course (logistics unit, not a dose)",0,0,1,0.0
HC-GIS-01,Gisagara Health Center,Gisagara,2025-10-06,RDT,RDT kit,7,1,0,7.0
HC-GIS-01,Gisagara Health Center,Gisagara,2025-10-06,injectable_artesunate,"injectable artesunate vial (logistics unit, not a dose)",7,1,0,7.0
HC-GIS-01,Gisagara Health Center,Gisagara,2025-10-13,ACT,"ACT course (logistics unit, not a dose)",11,1,0,11.0
HC-GIS-01,Gisagara Health Center,Gisagara,2025-10-13,RDT,RDT kit,11,1,0,11.0
HC-GIS-01,Gisagara Health Center,Gisagara,2025-10-13,injectable_artesunate,"injectable artesunate vial (logistics unit, not a dose)",4,0,0,52.0
HC-GIS-01,Gisagara Health Center,Gisagara,2025-10-20,ACT,"ACT course (logistics unit, not a dose)",11,1,0,11.0
HC-GIS-01,Gisagara Health Center,Gisagara,2025-10-20,RDT,RDT kit,8,2,0,4.0
HC-GIS-01,Gisagara Health Center,Gisagara,2025-10-20,injectable_artesunate,"injectable artesunate vial (logistics unit, not a dose)",12,3,0,4.0
HC-GIS-01,Gisagara Health Center,Gisagara,2025-10-27,ACT,"ACT course (logistics unit, not a dose)",27,3,0,9.0
HC-GIS-01,Gisagara Health Center,Gisagara,2025-10-27,RDT,RDT kit,30,5,0,6.0
HC-GIS-01,Gisagara Health Center,Gisagara,2025-10-27,injectable_artesunate,"injectable artesunate vial (logistics unit, not a dose)",25,3,0,8.33
HC-GIS-01,Gisagara Health Center,Gisagara,2025-11-03,ACT,"ACT course (logistics unit, not a dose)",22,2,0,11.0
HC-GIS-01,Gisagara Health Center,Gisagara,2025-11-03,RDT,RDT kit,38,4,0,9.5
HC-GIS-01,Gisagara Health Center,Gisagara,2025-11-03,injectable_artesunate,"injectable artesunate vial (logistics unit, not a dose)",11,0,0,52.0
HC-GIS-01,Gisagara Health Center,Gisagara,2025-11-10,ACT,"ACT course (logistics unit, not a dose)",20,2,0,10.0
HC-GIS-01,Gisagara Health Center,Gisagara,2025-11-10,RDT,RDT kit,10,2,0,5.0
HC-GIS-01,Gisagara Health Center,Gisagara,2025-11-10,injectable_artesunate,"injectable artesunate vial (logistics unit, not a dose)",10,1,0,10.0
HC-GIS-01,Gisagara Health Center,Gisagara,2025-11-17,ACT,"ACT course (logistics unit, not a dose)",0,1,1,0.0
HC-GIS-01,Gisagara Health Center,Gisagara,2025-11-17,RDT,RDT kit,25,3,0,8.33
HC-GIS-01,Gisagara Health Center,Gisagara,2025-11-17,injectable_artesunate,"injectable artesunate vial (logistics unit, not a dose)",10,0,0,52.0
HC-GIS-01,Gisagara Health Center,Gisagara,2025-11-24,ACT,"ACT course (logistics unit, not a dose)",1,1,0,1.0
HC-GIS-01,Gisagara Health Center,Gisagara,2025-11-24,RDT,RDT kit,16,2,0,8.0
HC-GIS-01,Gisagara Health Center,Gisagara,2025-11-24,injectable_artesunate,"injectable artesunate vial (logistics unit, not a dose)",7,0,0,52.0
HC-GIS-01,Gisagara Health Center,Gisagara,2025-12-01,ACT,"ACT course (logistics unit, not a dose)",28,5,0,5.6
HC-GIS-01,Gisagara Health Center,Gisagara,2025-12-01,RDT,RDT kit,22,3,0,7.33
HC-GIS-01,Gisagara Health Center,Gisagara,2025-12-01,injectable_artesunate,"injectable artesunate vial (logistics unit, not a dose)",47,5,0,9.4
HC-GIS-01,Gisagara Health Center,Gisagara,2025-12-08,ACT,"ACT course (logistics unit, not a dose)",5,0,0,52.0
HC-GIS-01,Gisagara Health Center,Gisagara,2025-12-08,RDT,RDT kit,11,1,0,11.0
HC-GIS-01,Gisagara Health Center,Gisagara,2025-12-08,injectable_artesunate,"injectable artesunate vial (logistics unit, not a dose)",4,1,0,4.0
HC-GIS-01,Gisagara Health Center,Gisagara,2025-12-15,ACT,"ACT course (logistics unit, not a dose)",22,2,0,11.0
HC-GIS-01,Gisagara Health Center,Gisagara,2025-12-15,RDT,RDT kit,41,6,0,6.83
HC-GIS-01,Gisagara Health Center,Gisagara,2025-12-15,injectable_artesunate,"injectable artesunate vial (logistics unit, not a dose)",11,1,0,11.0
HC-GIS-01,Gisagara Health Center,Gisagara,2025-12-22,ACT,"ACT course (logistics unit, not a dose)",6,2,0,3.0
HC-GIS-01,Gisagara Health Center,Gisagara,2025-12-22,RDT,RDT kit,16,4,0,4.0
HC-GIS-01,Gisagara Health Center,Gisagara,2025-12-22,injectable_artesunate,"injectable artesunate vial (logistics unit, not a dose)",1,0,0,52.0
HC-GIS-01,Gisagara Health Center,Gisagara,2025-12-29,ACT,"ACT course (logistics unit, not a dose)",14,3,0,4.67
HC-GIS-01,Gisagara Health Center,Gisagara,2025-12-29,RDT,RDT kit,19,2,0,9.5
HC-GIS-01,Gisagara Health Center,Gisagara,2025-12-29,injectable_artesunate,"injectable artesunate vial (logistics unit, not a dose)",9,0,0,52.0
HC-GIS-01,Gisagara Health Center,Gisagara,2026-01-05,ACT,"ACT course (logistics unit, not a dose)",11,0,0,52.0
HC-GIS-01,Gisagara Health Center,Gisagara,2026-01-05,RDT,RDT kit,9,0,0,52.0
HC-GIS-01,Gisagara Health Center,Gisagara,2026-01-05,injectable_artesunate,"injectable artesunate vial (logistics unit, not a dose)",0,0,1,0.0
HC-GIS-01,Gisagara Health Center,Gisagara,2026-01-12,ACT,"ACT course (logistics unit, not a dose)",13,2,0,6.5
HC-GIS-01,Gisagara Health Center,Gisagara,2026-01-12,RDT,RDT kit,17,3,0,5.67
HC-GIS-01,Gisagara Health Center,Gisagara,2026-01-12,injectable_artesunate,"injectable artesunate vial (logistics unit, not a dose)",0,0,1,0.0
HC-GIS-01,Gisagara Health Center,Gisagara,2026-01-19,ACT,"ACT course (logistics unit, not a dose)",20,2,0,10.0
HC-GIS-01,Gisagara Health Center,Gisagara,2026-01-19,RDT,RDT kit,7,2,0,3.5
HC-GIS-01,Gisagara Health Center,Gisagara,2026-01-19,injectable_artesunate,"injectable artesunate vial (logistics unit, not a dose)",9,0,0,52.0
HC-GIS-01,Gisagara Health Center,Gisagara,2026-01-26,ACT,"ACT course (logistics unit, not a dose)",12,2,0,6.0
HC-GIS-01,Gisagara Health Center,Gisagara,2026-01-26,RDT,RDT kit,43,7,0,6.14
HC-GIS-01,Gisagara Health Center,Gisagara,2026-01-26,injectable_artesunate,"injectable artesunate vial (logistics unit, not a dose)",12,1,0,12.0
HC-GIS-01,Gisagara Health Center,Gisagara,2026-02-02,ACT,"ACT course (logistics unit, not a dose)",24,4,0,6.0
HC-GIS-01,Gisagara Health Center,Gisagara,2026-02-02,RDT,RDT kit,18,5,0,3.6
HC-GIS-01,Gisagara Health Center,Gisagara,2026-02-02,injectable_artesunate,"injectable artesunate vial (logistics unit, not a dose)",1,0,0,52.0
HC-GIS-01,Gisagara Health Center,Gisagara,2026-02-09,ACT,"ACT course (logistics unit, not a dose)",16,4,0,4.0
HC-GIS-01,Gisagara Health Center,Gisagara,2026-02-09,RDT,RDT kit,5,1,0,5.0
HC-GIS-01,Gisagara Health Center,Gisagara,2026-02-09,injectable_artesunate,"injectable artesunate vial (logistics unit, not a dose)",6,0,0,52.0
HC-GIS-01,Gisagara Health Center,Gisagara,2026-02-16,ACT,"ACT course (logistics unit, not a dose)",15,2,0,7.5
HC-GIS-01,Gisagara Health Center,Gisagara,2026-02-16,RDT,RDT kit,4,0,0,52.0
HC-GIS-01,Gisagara Health Center,Gisagara,2026-02-16,injectable_artesunate,"injectable artesunate vial (logistics unit, not a dose)",11,0,0,52.0
HC-GIS-01,Gisagara Health Center,Gisagara,2026-02-23,ACT,"ACT course (logistics unit, not a dose)",1,1,0,1.0
HC-GIS-01,Gisagara Health Center,Gisagara,2026-02-23,RDT,RDT kit,4,1,0,4.0
HC-GIS-01,Gisagara Health Center,Gisagara,2026-02-23,injectable_artesunate,"injectable artesunate vial (logistics unit, not a dose)",11,0,0,52.0
HC-GIS-01,Gisagara Health Center,Gisagara,2026-03-02,ACT,"ACT course (logistics unit, not a dose)",5,0,0,52.0
HC-GIS-01,Gisagara Health Center,Gisagara,2026-03-02,RDT,RDT kit,26,3,0,8.67
HC-GIS-01,Gisagara Health Center,Gisagara,2026-03-02,injectable_artesunate,"injectable artesunate vial (logistics unit, not a dose)",12,0,0,52.0
HC-GIS-01,Gisagara Health Center,Gisagara,2026-03-09,ACT,"ACT course (logistics unit, not a dose)",32,4,0,8.0
HC-GIS-01,Gisagara Health Center,Gisagara,2026-03-09,RDT,RDT kit,2,3,0,0.67
HC-GIS-01,Gisagara Health Center,Gisagara,2026-03-09,injectable_artesunate,"injectable artesunate vial (logistics unit, not a dose)",0,0,1,0.0
HC-GIS-01,Gisagara Health Center,Gisagara,2026-03-16,ACT,"ACT course (logistics unit, not a dose)",5,0,0,52.0
HC-GIS-01,Gisagara Health Center,Gisagara,2026-03-16,RDT,RDT kit,27,3,0,9.0
HC-GIS-01,Gisagara Health Center,Gisagara,2026-03-16,injectable_artesunate,"injectable artesunate vial (logistics unit, not a dose)",16,2,0,8.0
HC-GIS-01,Gisagara Health Center,Gisagara,2026-03-23,ACT,"ACT course (logistics unit, not a dose)",29,3,0,9.67
HC-GIS-01,Gisagara Health Center,Gisagara,2026-03-23,RDT,RDT kit,21,3,0,7.0
HC-GIS-01,Gisagara Health Center,Gisagara,2026-03-23,injectable_artesunate,"injectable artesunate vial (logistics unit, not a dose)",12,1,0,12.0
HC-GIS-01,Gisagara Health Center,Gisagara,2026-03-30,ACT,"ACT course (logistics unit, not a dose)",8,1,0,8.0
HC-GIS-01,Gisagara Health Center,Gisagara,2026-03-30,RDT,RDT kit,45,5,0,9.0
HC-GIS-01,Gisagara Health Center,Gisagara,2026-03-30,injectable_artesunate,"injectable artesunate vial (logistics unit, not a dose)",9,0,0,52.0
HC-GIS-01,Gisagara Health Center,Gisagara,2026-04-06,ACT,"ACT course (logistics unit, not a dose)",9,0,0,52.0
HC-GIS-01,Gisagara Health Center,Gisagara,2026-04-06,RDT,RDT kit,48,4,0,12.0
HC-GIS-01,Gisagara Health Center,Gisagara,2026-04-06,injectable_artesunate,"injectable artesunate vial (logistics unit, not a dose)",6,0,0,52.0
HC-GIS-01,Gisagara Health Center,Gisagara,2026-04-13,ACT,"ACT course (logistics unit, not a dose)",15,2,0,7.5
HC-GIS-01,Gisagara Health Center,Gisagara,2026-04-13,RDT,RDT kit,38,4,0,9.5
HC-GIS-01,Gisagara Health Center,Gisagara,2026-04-13,injectable_artesunate,"injectable artesunate vial (logistics unit, not a dose)",7,2,0,3.5
HC-GIS-01,Gisagara Health Center,Gisagara,2026-04-20,ACT,"ACT course (logistics unit, not a dose)",0,3,1,0.0
HC-GIS-01,Gisagara Health Center,Gisagara,2026-04-20,RDT,RDT kit,70,6,0,11.67
HC-GIS-01,Gisagara Health Center,Gisagara,2026-04-20,injectable_artesunate,"injectable artesunate vial (logistics unit, not a dose)",9,0,0,52.0
HC-GIS-01,Gisagara Health Center,Gisagara,2026-04-27,ACT,"ACT course (logistics unit, not a dose)",9,0,0,52.0
HC-GIS-01,Gisagara Health Center,Gisagara,2026-04-27,RDT,RDT kit,29,4,0,7.25
HC-GIS-01,Gisagara Health Center,Gisagara,2026-04-27,injectable_artesunate,"injectable artesunate vial (logistics unit, not a dose)",1,1,0,1.0
HC-GIS-01,Gisagara Health Center,Gisagara,2026-05-04,ACT,"ACT course (logistics unit, not a dose)",10,2,0,5.0
HC-GIS-01,Gisagara Health Center,Gisagara,2026-05-04,RDT,RDT kit,4,1,0,4.0
HC-GIS-01,Gisagara Health Center,Gisagara,2026-05-04,injectable_artesunate,"injectable artesunate vial (logistics unit, not a dose)",5,1,0,5.0
HC-GIS-01,Gisagara Health Center,Gisagara,2026-05-11,ACT,"ACT course (logistics unit, not a dose)",6,2,0,3.0
HC-GIS-01,Gisagara Health Center,Gisagara,2026-05-11,RDT,RDT kit,7,1,0,7.0
HC-GIS-01,Gisagara Health Center,Gisagara,2026-05-11,injectable_artesunate,"injectable artesunate vial (logistics unit, not a dose)",4,0,0,52.0
HC-GIS-01,Gisagara Health Center,Gisagara,2026-05-18,ACT,"ACT course (logistics unit, not a dose)",4,1,0,4.0
HC-GIS-01,Gisagara Health Center,Gisagara,2026-05-18,RDT,RDT kit,17,2,0,8.5
HC-GIS-01,Gisagara Health Center,Gisagara,2026-05-18,injectable_artesunate,"injectable artesunate vial (logistics unit, not a dose)",5,0,0,52.0
HC-GIS-01,Gisagara Health Center,Gisagara,2026-05-25,ACT,"ACT course (logistics unit, not a dose)",0,1,1,0.0
HC-GIS-01,Gisagara Health Center,Gisagara,2026-05-25,RDT,RDT kit,0,2,1,0.0
HC-GIS-01,Gisagara Health Center,Gisagara,2026-05-25,injectable_artesunate,"injectable artesunate vial (logistics unit, not a dose)",10,0,0,52.0
HC-GIS-01,Gisagara Health Center,Gisagara,2026-06-01,ACT,"ACT course (logistics unit, not a dose)",0,0,1,0.0
HC-GIS-01,Gisagara Health Center,Gisagara,2026-06-01,RDT,RDT kit,11,0,0,52.0
HC-GIS-01,Gisagara Health Center,Gisagara,2026-06-01,injectable_artesunate,"injectable artesunate vial (logistics unit, not a dose)",5,1,0,5.0
HC-GIS-01,Gisagara Health Center,Gisagara,2026-06-08,ACT,"ACT course (logistics unit, not a dose)",20,2,0,10.0
HC-GIS-01,Gisagara Health Center,Gisagara,2026-06-08,RDT,RDT kit,12,2,0,6.0
HC-GIS-01,Gisagara Health Center,Gisagara,2026-06-08,injectable_artesunate,"injectable artesunate vial (logistics unit, not a dose)",10,0,0,52.0
HC-GIS-01,Gisagara Health Center,Gisagara,2026-06-15,ACT,"ACT course (logistics unit, not a dose)",4,1,0,4.0
HC-GIS-01,Gisagara Health Center,Gisagara,2026-06-15,RDT,RDT kit,22,3,0,7.33
HC-GIS-01,Gisagara Health Center,Gisagara,2026-06-15,injectable_artesunate,"injectable artesunate vial (logistics unit, not a dose)",0,0,1,0.0
HC-GIS-01,Gisagara Health Center,Gisagara,2026-06-22,ACT,"ACT course (logistics unit, not a dose)",8,1,0,8.0
HC-GIS-01,Gisagara Health Center,Gisagara,2026-06-22,RDT,RDT kit,9,1,0,9.0
HC-GIS-01,Gisagara Health Center,Gisagara,2026-06-22,injectable_artesunate,"injectable artesunate vial (logistics unit, not a dose)",4,0,0,52.0
HC-GIS-01,Gisagara Health Center,Gisagara,2026-06-29,ACT,"ACT course (logistics unit, not a dose)",43,4,0,10.75
HC-GIS-01,Gisagara Health Center,Gisagara,2026-06-29,RDT,RDT kit,4,1,0,4.0
HC-GIS-01,Gisagara Health Center,Gisagara,2026-06-29,injectable_artesunate,"injectable artesunate vial (logistics unit, not a dose)",10,0,0,52.0
HC-GIS-01,Gisagara Health Center,Gisagara,2026-07-06,ACT,"ACT course (logistics unit, not a dose)",10,2,0,5.0
HC-GIS-01,Gisagara Health Center,Gisagara,2026-07-06,RDT,RDT kit,3,0,0,52.0
HC-GIS-01,Gisagara Health Center,Gisagara,2026-07-06,injectable_artesunate,"injectable artesunate vial (logistics unit, not a dose)",8,0,0,52.0
HC-GIS-01,Gisagara Health Center,Gisagara,2026-07-13,ACT,"ACT course (logistics unit, not a dose)",12,0,0,52.0
HC-GIS-01,Gisagara Health Center,Gisagara,2026-07-13,RDT,RDT kit,20,3,0,6.67
HC-GIS-01,Gisagara Health Center,Gisagara,2026-07-13,injectable_artesunate,"injectable artesunate vial (logistics unit, not a dose)",9,0,0,52.0
HC-GIS-01,Gisagara Health Center,Gisagara,2026-07-20,ACT,"ACT course (logistics unit, not a dose)",3,0,0,52.0
HC-GIS-01,Gisagara Health Center,Gisagara,2026-07-20,RDT,RDT kit,10,1,0,10.0
HC-GIS-01,Gisagara Health Center,Gisagara,2026-07-20,injectable_artesunate,"injectable artesunate vial (logistics unit, not a dose)",11,0,0,52.0
HC-GIS-01,Gisagara Health Center,Gisagara,2026-07-27,ACT,"ACT course (logistics unit, not a dose)",10,2,0,5.0
HC-GIS-01,Gisagara Health Center,Gisagara,2026-07-27,RDT,RDT kit,16,3,0,5.33
HC-GIS-01,Gisagara Health Center,Gisagara,2026-07-27,injectable_artesunate,"injectable artesunate vial (logistics unit, not a dose)",6,0,0,52.0
HC-GIS-01,Gisagara Health Center,Gisagara,2026-08-03,ACT,"ACT course (logistics unit, not a dose)",23,2,0,11.5
HC-GIS-01,Gisagara Health Center,Gisagara,2026-08-03,RDT,RDT kit,37,4,0,9.25
HC-GIS-01,Gisagara Health Center,Gisagara,2026-08-03,injectable_artesunate,"injectable artesunate vial (logistics unit, not a dose)",3,0,0,52.0
HC-GIS-01,Gisagara Health Center,Gisagara,2026-08-10,ACT,"ACT course (logistics unit, not a dose)",11,0,0,52.0
HC-GIS-01,Gisagara Health Center,Gisagara,2026-08-10,RDT,RDT kit,32,3,0,10.67
HC-GIS-01,Gisagara Health Center,Gisagara,2026-08-10,injectable_artesunate,"injectable artesunate vial (logistics unit, not a dose)",4,0,0,52.0
HC-GIS-01,Gisagara Health Center,Gisagara,2026-08-17,ACT,"ACT course (logistics unit, not a dose)",4,0,0,52.0
HC-GIS-01,Gisagara Health Center,Gisagara,2026-08-17,RDT,RDT kit,13,2,0,6.5
HC-GIS-01,Gisagara Health Center,Gisagara,2026-08-17,injectable_artesunate,"injectable artesunate vial (logistics unit, not a dose)",7,0,0,52.0
HC-GIS-01,Gisagara Health Center,Gisagara,2026-08-24,ACT,"ACT course (logistics unit, not a dose)",7,2,0,3.5
HC-GIS-01,Gisagara Health Center,Gisagara,2026-08-24,RDT,RDT kit,13,2,0,6.5
HC-GIS-01,Gisagara Health Center,Gisagara,2026-08-24,injectable_artesunate,"injectable artesunate vial (logistics unit, not a dose)",7,0,0,52.0
HC-GIS-01,Gisagara Health Center,Gisagara,2026-08-31,ACT,"ACT course (logistics unit, not a dose)",8,0,0,52.0
HC-GIS-01,Gisagara Health Center,Gisagara,2026-08-31,RDT,RDT kit,22,3,0,7.33
HC-GIS-01,Gisagara Health Center,Gisagara,2026-08-31,injectable_artesunate,"injectable artesunate vial (logistics unit, not a dose)",6,0,0,52.0
HC-GIS-01,Gisagara Health Center,Gisagara,2026-09-07,ACT,"ACT course (logistics unit, not a dose)",4,0,0,52.0
HC-GIS-01,Gisagara Health Center,Gisagara,2026-09-07,RDT,RDT kit,12,4,0,3.0
HC-GIS-01,Gisagara Health Center,Gisagara,2026-09-07,injectable_artesunate,"injectable artesunate vial (logistics unit, not a dose)",7,0,0,52.0
HC-GIS-01,Gisagara Health Center,Gisagara,2026-09-14,ACT,"ACT course (logistics unit, not a dose)",6,0,0,52.0
HC-GIS-01,Gisagara Health Center,Gisagara,2026-09-14,RDT,RDT kit,6,1,0,6.0
HC-GIS-01,Gisagara Health Center,Gisagara,2026-09-14,injectable_artesunate,"injectable artesunate vial (logistics unit, not a dose)",0,1,1,0.0
HC-GIS-01,Gisagara Health Center,Gisagara,2026-09-21,ACT,"ACT course (logistics unit, not a dose)",10,1,0,10.0
HC-GIS-01,Gisagara Health Center,Gisagara,2026-09-21,RDT,RDT kit,5,1,0,5.0
HC-GIS-01,Gisagara Health Center,Gisagara,2026-09-21,injectable_artesunate,"injectable artesunate vial (logistics unit, not a dose)",11,0,0,52.0
HC-GIS-01,Gisagara Health Center,Gisagara,2026-09-28,ACT,"ACT course (logistics unit, not a dose)",4,0,0,52.0
HC-GIS-01,Gisagara Health Center,Gisagara,2026-09-28,RDT,RDT kit,20,3,0,6.67
HC-GIS-01,Gisagara Health Center,Gisagara,2026-09-28,injectable_artesunate,"injectable artesunate vial (logistics unit, not a dose)",7,1,0,7.0
HC-GIS-02,Save Health Center,Gisagara,2024-09-30,ACT,"ACT course (logistics unit, not a dose)",0,0,1,0.0
HC-GIS-02,Save Health Center,Gisagara,2024-09-30,RDT,RDT kit,9,1,0,9.0
HC-GIS-02,Save Health Center,Gisagara,2024-09-30,injectable_artesunate,"injectable artesunate vial (logistics unit, not a dose)",11,1,0,11.0
HC-GIS-02,Save Health Center,Gisagara,2024-10-07,ACT,"ACT course (logistics unit, not a dose)",11,1,0,11.0
HC-GIS-02,Save Health Center,Gisagara,2024-10-07,RDT,RDT kit,10,1,0,10.0
HC-GIS-02,Save Health Center,Gisagara,2024-10-07,injectable_artesunate,"injectable artesunate vial (logistics unit, not a dose)",6,1,0,6.0
HC-GIS-02,Save Health Center,Gisagara,2024-10-14,ACT,"ACT course (logistics unit, not a dose)",7,1,0,7.0
HC-GIS-02,Save Health Center,Gisagara,2024-10-14,RDT,RDT kit,23,2,0,11.5
HC-GIS-02,Save Health Center,Gisagara,2024-10-14,injectable_artesunate,"injectable artesunate vial (logistics unit, not a dose)",0,1,1,0.0
HC-GIS-02,Save Health Center,Gisagara,2024-10-21,ACT,"ACT course (logistics unit, not a dose)",11,1,0,11.0
HC-GIS-02,Save Health Center,Gisagara,2024-10-21,RDT,RDT kit,10,1,0,10.0
HC-GIS-02,Save Health Center,Gisagara,2024-10-21,injectable_artesunate,"injectable artesunate vial (logistics unit, not a dose)",13,2,0,6.5
HC-GIS-02,Save Health Center,Gisagara,2024-10-28,ACT,"ACT course (logistics unit, not a dose)",4,1,0,4.0
HC-GIS-02,Save Health Center,Gisagara,2024-10-28,RDT,RDT kit,28,3,0,9.33
HC-GIS-02,Save Health Center,Gisagara,2024-10-28,injectable_artesunate,"injectable artesunate vial (logistics unit, not a dose)",6,1,0,6.0
HC-GIS-02,Save Health Center,Gisagara,2024-11-04,ACT,"ACT course (logistics unit, not a dose)",43,5,0,8.6
HC-GIS-02,Save Health Center,Gisagara,2024-11-04,RDT,RDT kit,35,4,0,8.75
HC-GIS-02,Save Health Center,Gisagara,2024-11-04,injectable_artesunate,"injectable artesunate vial (logistics unit, not a dose)",3,1,0,3.0
HC-GIS-02,Save Health Center,Gisagara,2024-11-11,ACT,"ACT course (logistics unit, not a dose)",10,0,0,52.0
HC-GIS-02,Save Health Center,Gisagara,2024-11-11,RDT,RDT kit,35,4,0,8.75
HC-GIS-02,Save Health Center,Gisagara,2024-11-11,injectable_artesunate,"injectable artesunate vial (logistics unit, not a dose)",0,1,1,0.0
HC-GIS-02,Save Health Center,Gisagara,2024-11-18,ACT,"ACT course (logistics unit, not a dose)",21,3,0,7.0
HC-GIS-02,Save Health Center,Gisagara,2024-11-18,RDT,RDT kit,43,5,0,8.6
HC-GIS-02,Save Health Center,Gisagara,2024-11-18,injectable_artesunate,"injectable artesunate vial (logistics unit, not a dose)",3,0,0,52.0
HC-GIS-02,Save Health Center,Gisagara,2024-11-25,ACT,"ACT course (logistics unit, not a dose)",20,2,0,10.0
HC-GIS-02,Save Health Center,Gisagara,2024-11-25,RDT,RDT kit,10,1,0,10.0
HC-GIS-02,Save Health Center,Gisagara,2024-11-25,injectable_artesunate,"injectable artesunate vial (logistics unit, not a dose)",5,0,0,52.0
HC-GIS-02,Save Health Center,Gisagara,2024-12-02,ACT,"ACT course (logistics unit, not a dose)",4,0,0,52.0
HC-GIS-02,Save Health Center,Gisagara,2024-12-02,RDT,RDT kit,17,4,0,4.25
HC-GIS-02,Save Health Center,Gisagara,2024-12-02,injectable_artesunate,"injectable artesunate vial (logistics unit, not a dose)",4,0,0,52.0
HC-GIS-02,Save Health Center,Gisagara,2024-12-09,ACT,"ACT course (logistics unit, not a dose)",0,1,1,0.0
HC-GIS-02,Save Health Center,Gisagara,2024-12-09,RDT,RDT kit,22,4,0,5.5
HC-GIS-02,Save Health Center,Gisagara,2024-12-09,injectable_artesunate,"injectable artesunate vial (logistics unit, not a dose)",1,0,0,52.0
HC-GIS-02,Save Health Center,Gisagara,2024-12-16,ACT,"ACT course (logistics unit, not a dose)",9,0,0,52.0
HC-GIS-02,Save Health Center,Gisagara,2024-12-16,RDT,RDT kit,23,3,0,7.67
HC-GIS-02,Save Health Center,Gisagara,2024-12-16,injectable_artesunate,"injectable artesunate vial (logistics unit, not a dose)",9,0,0,52.0
HC-GIS-02,Save Health Center,Gisagara,2024-12-23,ACT,"ACT course (logistics unit, not a dose)",11,0,0,52.0
HC-GIS-02,Save Health Center,Gisagara,2024-12-23,RDT,RDT kit,9,1,0,9.0
HC-GIS-02,Save Health Center,Gisagara,2024-12-23,injectable_artesunate,"injectable artesunate vial (logistics unit, not a dose)",3,0,0,52.0
HC-GIS-02,Save Health Center,Gisagara,2024-12-30,ACT,"ACT course (logistics unit, not a dose)",19,2,0,9.5
HC-GIS-02,Save Health Center,Gisagara,2024-12-30,RDT,RDT kit,23,5,0,4.6
HC-GIS-02,Save Health Center,Gisagara,2024-12-30,injectable_artesunate,"injectable artesunate vial (logistics unit, not a dose)",10,1,0,10.0
HC-GIS-02,Save Health Center,Gisagara,2025-01-06,ACT,"ACT course (logistics unit, not a dose)",35,4,0,8.75
HC-GIS-02,Save Health Center,Gisagara,2025-01-06,RDT,RDT kit,12,2,0,6.0
HC-GIS-02,Save Health Center,Gisagara,2025-01-06,injectable_artesunate,"injectable artesunate vial (logistics unit, not a dose)",11,0,0,52.0
HC-GIS-02,Save Health Center,Gisagara,2025-01-13,ACT,"ACT course (logistics unit, not a dose)",23,3,0,7.67
HC-GIS-02,Save Health Center,Gisagara,2025-01-13,RDT,RDT kit,0,1,1,0.0
HC-GIS-02,Save Health Center,Gisagara,2025-01-13,injectable_artesunate,"injectable artesunate vial (logistics unit, not a dose)",8,0,0,52.0
HC-GIS-02,Save Health Center,Gisagara,2025-01-20,ACT,"ACT course (logistics unit, not a dose)",12,2,0,6.0
HC-GIS-02,Save Health Center,Gisagara,2025-01-20,RDT,RDT kit,47,4,0,11.75
HC-GIS-02,Save Health Center,Gisagara,2025-01-20,injectable_artesunate,"injectable artesunate vial (logistics unit, not a dose)",0,0,1,0.0
HC-GIS-02,Save Health Center,Gisagara,2025-01-27,ACT,"ACT course (logistics unit, not a dose)",5,1,0,5.0
HC-GIS-02,Save Health Center,Gisagara,2025-01-27,RDT,RDT kit,40,4,0,10.0
HC-GIS-02,Save Health Center,Gisagara,2025-01-27,injectable_artesunate,"injectable artesunate vial (logistics unit, not a dose)",11,0,0,52.0
HC-GIS-02,Save Health Center,Gisagara,2025-02-03,ACT,"ACT course (logistics unit, not a dose)",12,0,0,52.0
HC-GIS-02,Save Health Center,Gisagara,2025-02-03,RDT,RDT kit,11,3,0,3.67
HC-GIS-02,Save Health Center,Gisagara,2025-02-03,injectable_artesunate,"injectable artesunate vial (logistics unit, not a dose)",7,0,0,52.0
HC-GIS-02,Save Health Center,Gisagara,2025-02-10,ACT,"ACT course (logistics unit, not a dose)",8,1,0,8.0
HC-GIS-02,Save Health Center,Gisagara,2025-02-10,RDT,RDT kit,11,1,0,11.0
HC-GIS-02,Save Health Center,Gisagara,2025-02-10,injectable_artesunate,"injectable artesunate vial (logistics unit, not a dose)",12,0,0,52.0
HC-GIS-02,Save Health Center,Gisagara,2025-02-17,ACT,"ACT course (logistics unit, not a dose)",14,2,0,7.0
HC-GIS-02,Save Health Center,Gisagara,2025-02-17,RDT,RDT kit,7,1,0,7.0
HC-GIS-02,Save Health Center,Gisagara,2025-02-17,injectable_artesunate,"injectable artesunate vial (logistics unit, not a dose)",3,0,0,52.0
HC-GIS-02,Save Health Center,Gisagara,2025-02-24,ACT,"ACT course (logistics unit, not a dose)",9,0,0,52.0
HC-GIS-02,Save Health Center,Gisagara,2025-02-24,RDT,RDT kit,23,3,0,7.67
HC-GIS-02,Save Health Center,Gisagara,2025-02-24,injectable_artesunate,"injectable artesunate vial (logistics unit, not a dose)",6,1,0,6.0
HC-GIS-02,Save Health Center,Gisagara,2025-03-03,ACT,"ACT course (logistics unit, not a dose)",14,2,0,7.0
HC-GIS-02,Save Health Center,Gisagara,2025-03-03,RDT,RDT kit,26,3,0,8.67
HC-GIS-02,Save Health Center,Gisagara,2025-03-03,injectable_artesunate,"injectable artesunate vial (logistics unit, not a dose)",7,0,0,52.0
HC-GIS-02,Save Health Center,Gisagara,2025-03-10,ACT,"ACT course (logistics unit, not a dose)",5,1,0,5.0
HC-GIS-02,Save Health Center,Gisagara,2025-03-10,RDT,RDT kit,9,0,0,52.0
HC-GIS-02,Save Health Center,Gisagara,2025-03-10,injectable_artesunate,"injectable artesunate vial (logistics unit, not a dose)",3,0,0,52.0
HC-GIS-02,Save Health Center,Gisagara,2025-03-17,ACT,"ACT course (logistics unit, not a dose)",33,5,0,6.6
HC-GIS-02,Save Health Center,Gisagara,2025-03-17,RDT,RDT kit,0,3,1,0.0
HC-GIS-02,Save Health Center,Gisagara,2025-03-17,injectable_artesunate,"injectable artesunate vial (logistics unit, not a dose)",1,0,0,52.0
HC-GIS-02,Save Health Center,Gisagara,2025-03-24,ACT,"ACT course (logistics unit, not a dose)",6,1,0,6.0
HC-GIS-02,Save Health Center,Gisagara,2025-03-24,RDT,RDT kit,10,1,0,10.0
HC-GIS-02,Save Health Center,Gisagara,2025-03-24,injectable_artesunate,"injectable artesunate vial (logistics unit, not a dose)",7,0,0,52.0
HC-GIS-02,Save Health Center,Gisagara,2025-03-31,ACT,"ACT course (logistics unit, not a dose)",9,1,0,9.0
HC-GIS-02,Save Health Center,Gisagara,2025-03-31,RDT,RDT kit,0,2,1,0.0
HC-GIS-02,Save Health Center,Gisagara,2025-03-31,injectable_artesunate,"injectable artesunate vial (logistics unit, not a dose)",12,0,0,52.0
HC-GIS-02,Save Health Center,Gisagara,2025-04-07,ACT,"ACT course (logistics unit, not a dose)",20,2,0,10.0
HC-GIS-02,Save Health Center,Gisagara,2025-04-07,RDT,RDT kit,20,6,0,3.33
HC-GIS-02,Save Health Center,Gisagara,2025-04-07,injectable_artesunate,"injectable artesunate vial (logistics unit, not a dose)",6,1,0,6.0
HC-GIS-02,Save Health Center,Gisagara,2025-04-14,ACT,"ACT course (logistics unit, not a dose)",81,7,0,11.57
HC-GIS-02,Save Health Center,Gisagara,2025-04-14,RDT,RDT kit,25,3,0,8.33
HC-GIS-02,Save Health Center,Gisagara,2025-04-14,injectable_artesunate,"injectable artesunate vial (logistics unit, not a dose)",12,1,0,12.0
HC-GIS-02,Save Health Center,Gisagara,2025-04-21,ACT,"ACT course (logistics unit, not a dose)",14,2,0,7.0
HC-GIS-02,Save Health Center,Gisagara,2025-04-21,RDT,RDT kit,21,3,0,7.0
HC-GIS-02,Save Health Center,Gisagara,2025-04-21,injectable_artesunate,"injectable artesunate vial (logistics unit, not a dose)",5,0,0,52.0
HC-GIS-02,Save Health Center,Gisagara,2025-04-28,ACT,"ACT course (logistics unit, not a dose)",11,2,0,5.5
HC-GIS-02,Save Health Center,Gisagara,2025-04-28,RDT,RDT kit,30,3,0,10.0
HC-GIS-02,Save Health Center,Gisagara,2025-04-28,injectable_artesunate,"injectable artesunate vial (logistics unit, not a dose)",11,0,0,52.0
HC-GIS-02,Save Health Center,Gisagara,2025-05-05,ACT,"ACT course (logistics unit, not a dose)",8,0,0,52.0
HC-GIS-02,Save Health Center,Gisagara,2025-05-05,RDT,RDT kit,22,2,0,11.0
HC-GIS-02,Save Health Center,Gisagara,2025-05-05,injectable_artesunate,"injectable artesunate vial (logistics unit, not a dose)",0,0,1,0.0
HC-GIS-02,Save Health Center,Gisagara,2025-05-12,ACT,"ACT course (logistics unit, not a dose)",9,0,0,52.0
HC-GIS-02,Save Health Center,Gisagara,2025-05-12,RDT,RDT kit,10,1,0,10.0
HC-GIS-02,Save Health Center,Gisagara,2025-05-12,injectable_artesunate,"injectable artesunate vial (logistics unit, not a dose)",5,0,0,52.0
HC-GIS-02,Save Health Center,Gisagara,2025-05-19,ACT,"ACT course (logistics unit, not a dose)",14,2,0,7.0
HC-GIS-02,Save Health Center,Gisagara,2025-05-19,RDT,RDT kit,80,8,0,10.0
HC-GIS-02,Save Health Center,Gisagara,2025-05-19,injectable_artesunate,"injectable artesunate vial (logistics unit, not a dose)",5,0,0,52.0
HC-GIS-02,Save Health Center,Gisagara,2025-05-26,ACT,"ACT course (logistics unit, not a dose)",10,1,0,10.0
HC-GIS-02,Save Health Center,Gisagara,2025-05-26,RDT,RDT kit,11,2,0,5.5
HC-GIS-02,Save Health Center,Gisagara,2025-05-26,injectable_artesunate,"injectable artesunate vial (logistics unit, not a dose)",0,0,1,0.0
HC-GIS-02,Save Health Center,Gisagara,2025-06-02,ACT,"ACT course (logistics unit, not a dose)",9,1,0,9.0
HC-GIS-02,Save Health Center,Gisagara,2025-06-02,RDT,RDT kit,7,0,0,52.0
HC-GIS-02,Save Health Center,Gisagara,2025-06-02,injectable_artesunate,"injectable artesunate vial (logistics unit, not a dose)",12,0,0,52.0
HC-GIS-02,Save Health Center,Gisagara,2025-06-09,ACT,"ACT course (logistics unit, not a dose)",44,4,0,11.0
HC-GIS-02,Save Health Center,Gisagara,2025-06-09,RDT,RDT kit,34,3,0,11.33
HC-GIS-02,Save Health Center,Gisagara,2025-06-09,injectable_artesunate,"injectable artesunate vial (logistics unit, not a dose)",3,0,0,52.0
HC-GIS-02,Save Health Center,Gisagara,2025-06-16,ACT,"ACT course (logistics unit, not a dose)",3,1,0,3.0
HC-GIS-02,Save Health Center,Gisagara,2025-06-16,RDT,RDT kit,9,1,0,9.0
HC-GIS-02,Save Health Center,Gisagara,2025-06-16,injectable_artesunate,"injectable artesunate vial (logistics unit, not a dose)",0,0,1,0.0
HC-GIS-02,Save Health Center,Gisagara,2025-06-23,ACT,"ACT course (logistics unit, not a dose)",5,1,0,5.0
HC-GIS-02,Save Health Center,Gisagara,2025-06-23,RDT,RDT kit,45,4,0,11.25
HC-GIS-02,Save Health Center,Gisagara,2025-06-23,injectable_artesunate,"injectable artesunate vial (logistics unit, not a dose)",11,0,0,52.0
HC-GIS-02,Save Health Center,Gisagara,2025-06-30,ACT,"ACT course (logistics unit, not a dose)",9,0,0,52.0
HC-GIS-02,Save Health Center,Gisagara,2025-06-30,RDT,RDT kit,7,0,0,52.0
HC-GIS-02,Save Health Center,Gisagara,2025-06-30,injectable_artesunate,"injectable artesunate vial (logistics unit, not a dose)",3,0,0,52.0
HC-GIS-02,Save Health Center,Gisagara,2025-07-07,ACT,"ACT course (logistics unit, not a dose)",0,4,1,0.0
HC-GIS-02,Save Health Center,Gisagara,2025-07-07,RDT,RDT kit,8,1,0,8.0
HC-GIS-02,Save Health Center,Gisagara,2025-07-07,injectable_artesunate,"injectable artesunate vial (logistics unit, not a dose)",6,0,0,52.0
HC-GIS-02,Save Health Center,Gisagara,2025-07-14,ACT,"ACT course (logistics unit, not a dose)",9,0,0,52.0
HC-GIS-02,Save Health Center,Gisagara,2025-07-14,RDT,RDT kit,5,0,0,52.0
HC-GIS-02,Save Health Center,Gisagara,2025-07-14,injectable_artesunate,"injectable artesunate vial (logistics unit, not a dose)",8,0,0,52.0
HC-GIS-02,Save Health Center,Gisagara,2025-07-21,ACT,"ACT course (logistics unit, not a dose)",0,0,1,0.0
HC-GIS-02,Save Health Center,Gisagara,2025-07-21,RDT,RDT kit,23,2,0,11.5
HC-GIS-02,Save Health Center,Gisagara,2025-07-21,injectable_artesunate,"injectable artesunate vial (logistics unit, not a dose)",0,0,1,0.0
HC-GIS-02,Save Health Center,Gisagara,2025-07-28,ACT,"ACT course (logistics unit, not a dose)",0,1,1,0.0
HC-GIS-02,Save Health Center,Gisagara,2025-07-28,RDT,RDT kit,7,0,0,52.0
HC-GIS-02,Save Health Center,Gisagara,2025-07-28,injectable_artesunate,"injectable artesunate vial (logistics unit, not a dose)",9,1,0,9.0
HC-GIS-02,Save Health Center,Gisagara,2025-08-04,ACT,"ACT course (logistics unit, not a dose)",10,2,0,5.0
HC-GIS-02,Save Health Center,Gisagara,2025-08-04,RDT,RDT kit,5,0,0,52.0
HC-GIS-02,Save Health Center,Gisagara,2025-08-04,injectable_artesunate,"injectable artesunate vial (logistics unit, not a dose)",6,1,0,6.0
HC-GIS-02,Save Health Center,Gisagara,2025-08-11,ACT,"ACT course (logistics unit, not a dose)",9,0,0,52.0
HC-GIS-02,Save Health Center,Gisagara,2025-08-11,RDT,RDT kit,4,0,0,52.0
HC-GIS-02,Save Health Center,Gisagara,2025-08-11,injectable_artesunate,"injectable artesunate vial (logistics unit, not a dose)",9,0,0,52.0
HC-GIS-02,Save Health Center,Gisagara,2025-08-18,ACT,"ACT course (logistics unit, not a dose)",8,0,0,52.0
HC-GIS-02,Save Health Center,Gisagara,2025-08-18,RDT,RDT kit,24,3,0,8.0
HC-GIS-02,Save Health Center,Gisagara,2025-08-18,injectable_artesunate,"injectable artesunate vial (logistics unit, not a dose)",10,1,0,10.0
HC-GIS-02,Save Health Center,Gisagara,2025-08-25,ACT,"ACT course (logistics unit, not a dose)",9,1,0,9.0
HC-GIS-02,Save Health Center,Gisagara,2025-08-25,RDT,RDT kit,33,3,0,11.0
HC-GIS-02,Save Health Center,Gisagara,2025-08-25,injectable_artesunate,"injectable artesunate vial (logistics unit, not a dose)",11,0,0,52.0
HC-GIS-02,Save Health Center,Gisagara,2025-09-01,ACT,"ACT course (logistics unit, not a dose)",17,2,0,8.5
HC-GIS-02,Save Health Center,Gisagara,2025-09-01,RDT,RDT kit,37,4,0,9.25
HC-GIS-02,Save Health Center,Gisagara,2025-09-01,injectable_artesunate,"injectable artesunate vial (logistics unit, not a dose)",10,0,0,52.0
HC-GIS-02,Save Health Center,Gisagara,2025-09-08,ACT,"ACT course (logistics unit, not a dose)",27,3,0,9.0
HC-GIS-02,Save Health Center,Gisagara,2025-09-08,RDT,RDT kit,32,3,0,10.67
HC-GIS-02,Save Health Center,Gisagara,2025-09-08,injectable_artesunate,"injectable artesunate vial (logistics unit, not a dose)",10,0,0,52.0
HC-GIS-02,Save Health Center,Gisagara,2025-09-15,ACT,"ACT course (logistics unit, not a dose)",5,1,0,5.0
HC-GIS-02,Save Health Center,Gisagara,2025-09-15,RDT,RDT kit,6,1,0,6.0
HC-GIS-02,Save Health Center,Gisagara,2025-09-15,injectable_artesunate,"injectable artesunate vial (logistics unit, not a dose)",3,0,0,52.0
HC-GIS-02,Save Health Center,Gisagara,2025-09-22,ACT,"ACT course (logistics unit, not a dose)",8,0,0,52.0
HC-GIS-02,Save Health Center,Gisagara,2025-09-22,RDT,RDT kit,7,1,0,7.0
HC-GIS-02,Save Health Center,Gisagara,2025-09-22,injectable_artesunate,"injectable artesunate vial (logistics unit, not a dose)",6,0,0,52.0
HC-GIS-02,Save Health Center,Gisagara,2025-09-29,ACT,"ACT course (logistics unit, not a dose)",4,0,0,52.0
HC-GIS-02,Save Health Center,Gisagara,2025-09-29,RDT,RDT kit,10,2,0,5.0
HC-GIS-02,Save Health Center,Gisagara,2025-09-29,injectable_artesunate,"injectable artesunate vial (logistics unit, not a dose)",8,0,0,52.0
HC-GIS-02,Save Health Center,Gisagara,2025-10-06,ACT,"ACT course (logistics unit, not a dose)",18,2,0,9.0
HC-GIS-02,Save Health Center,Gisagara,2025-10-06,RDT,RDT kit,10,1,0,10.0
HC-GIS-02,Save Health Center,Gisagara,2025-10-06,injectable_artesunate,"injectable artesunate vial (logistics unit, not a dose)",5,0,0,52.0
HC-GIS-02,Save Health Center,Gisagara,2025-10-13,ACT,"ACT course (logistics unit, not a dose)",8,2,0,4.0
HC-GIS-02,Save Health Center,Gisagara,2025-10-13,RDT,RDT kit,2,4,0,0.5
HC-GIS-02,Save Health Center,Gisagara,2025-10-13,injectable_artesunate,"injectable artesunate vial (logistics unit, not a dose)",7,0,0,52.0
HC-GIS-02,Save Health Center,Gisagara,2025-10-20,ACT,"ACT course (logistics unit, not a dose)",12,2,0,6.0
HC-GIS-02,Save Health Center,Gisagara,2025-10-20,RDT,RDT kit,9,1,0,9.0
HC-GIS-02,Save Health Center,Gisagara,2025-10-20,injectable_artesunate,"injectable artesunate vial (logistics unit, not a dose)",9,0,0,52.0
HC-GIS-02,Save Health Center,Gisagara,2025-10-27,ACT,"ACT course (logistics unit, not a dose)",11,2,0,5.5
HC-GIS-02,Save Health Center,Gisagara,2025-10-27,RDT,RDT kit,49,5,0,9.8
HC-GIS-02,Save Health Center,Gisagara,2025-10-27,injectable_artesunate,"injectable artesunate vial (logistics unit, not a dose)",4,0,0,52.0
HC-GIS-02,Save Health Center,Gisagara,2025-11-03,ACT,"ACT course (logistics unit, not a dose)",21,2,0,10.5
HC-GIS-02,Save Health Center,Gisagara,2025-11-03,RDT,RDT kit,15,2,0,7.5
HC-GIS-02,Save Health Center,Gisagara,2025-11-03,injectable_artesunate,"injectable artesunate vial (logistics unit, not a dose)",15,2,0,7.5
HC-GIS-02,Save Health Center,Gisagara,2025-11-10,ACT,"ACT course (logistics unit, not a dose)",9,1,0,9.0
HC-GIS-02,Save Health Center,Gisagara,2025-11-10,RDT,RDT kit,24,3,0,8.0
HC-GIS-02,Save Health Center,Gisagara,2025-11-10,injectable_artesunate,"injectable artesunate vial (logistics unit, not a dose)",3,0,0,52.0
HC-GIS-02,Save Health Center,Gisagara,2025-11-17,ACT,"ACT course (logistics unit, not a dose)",11,0,0,52.0
HC-GIS-02,Save Health Center,Gisagara,2025-11-17,RDT,RDT kit,11,1,0,11.0
HC-GIS-02,Save Health Center,Gisagara,2025-11-17,injectable_artesunate,"injectable artesunate vial (logistics unit, not a dose)",3,0,0,52.0
HC-GIS-02,Save Health Center,Gisagara,2025-11-24,ACT,"ACT course (logistics unit, not a dose)",14,4,0,3.5
HC-GIS-02,Save Health Center,Gisagara,2025-11-24,RDT,RDT kit,16,5,0,3.2
HC-GIS-02,Save Health Center,Gisagara,2025-11-24,injectable_artesunate,"injectable artesunate vial (logistics unit, not a dose)",0,1,1,0.0
HC-GIS-02,Save Health Center,Gisagara,2025-12-01,ACT,"ACT course (logistics unit, not a dose)",12,3,0,4.0
HC-GIS-02,Save Health Center,Gisagara,2025-12-01,RDT,RDT kit,88,8,0,11.0
HC-GIS-02,Save Health Center,Gisagara,2025-12-01,injectable_artesunate,"injectable artesunate vial (logistics unit, not a dose)",19,2,0,9.5
HC-GIS-02,Save Health Center,Gisagara,2025-12-08,ACT,"ACT course (logistics unit, not a dose)",4,0,0,52.0
HC-GIS-02,Save Health Center,Gisagara,2025-12-08,RDT,RDT kit,8,2,0,4.0
HC-GIS-02,Save Health Center,Gisagara,2025-12-08,injectable_artesunate,"injectable artesunate vial (logistics unit, not a dose)",8,0,0,52.0
HC-GIS-02,Save Health Center,Gisagara,2025-12-15,ACT,"ACT course (logistics unit, not a dose)",11,1,0,11.0
HC-GIS-02,Save Health Center,Gisagara,2025-12-15,RDT,RDT kit,7,2,0,3.5
HC-GIS-02,Save Health Center,Gisagara,2025-12-15,injectable_artesunate,"injectable artesunate vial (logistics unit, not a dose)",10,0,0,52.0
HC-GIS-02,Save Health Center,Gisagara,2025-12-22,ACT,"ACT course (logistics unit, not a dose)",5,0,0,52.0
HC-GIS-02,Save Health Center,Gisagara,2025-12-22,RDT,RDT kit,44,4,0,11.0
HC-GIS-02,Save Health Center,Gisagara,2025-12-22,injectable_artesunate,"injectable artesunate vial (logistics unit, not a dose)",5,0,0,52.0
HC-GIS-02,Save Health Center,Gisagara,2025-12-29,ACT,"ACT course (logistics unit, not a dose)",0,0,1,0.0
HC-GIS-02,Save Health Center,Gisagara,2025-12-29,RDT,RDT kit,11,1,0,11.0
HC-GIS-02,Save Health Center,Gisagara,2025-12-29,injectable_artesunate,"injectable artesunate vial (logistics unit, not a dose)",16,2,0,8.0
HC-GIS-02,Save Health Center,Gisagara,2026-01-05,ACT,"ACT course (logistics unit, not a dose)",8,0,0,52.0
HC-GIS-02,Save Health Center,Gisagara,2026-01-05,RDT,RDT kit,16,5,0,3.2
HC-GIS-02,Save Health Center,Gisagara,2026-01-05,injectable_artesunate,"injectable artesunate vial (logistics unit, not a dose)",10,0,0,52.0
HC-GIS-02,Save Health Center,Gisagara,2026-01-12,ACT,"ACT course (logistics unit, not a dose)",0,3,1,0.0
HC-GIS-02,Save Health Center,Gisagara,2026-01-12,RDT,RDT kit,20,2,0,10.0
HC-GIS-02,Save Health Center,Gisagara,2026-01-12,injectable_artesunate,"injectable artesunate vial (logistics unit, not a dose)",1,2,0,0.5
HC-GIS-02,Save Health Center,Gisagara,2026-01-19,ACT,"ACT course (logistics unit, not a dose)",0,0,1,0.0
HC-GIS-02,Save Health Center,Gisagara,2026-01-19,RDT,RDT kit,7,1,0,7.0
HC-GIS-02,Save Health Center,Gisagara,2026-01-19,injectable_artesunate,"injectable artesunate vial (logistics unit, not a dose)",4,0,0,52.0
HC-GIS-02,Save Health Center,Gisagara,2026-01-26,ACT,"ACT course (logistics unit, not a dose)",6,0,0,52.0
HC-GIS-02,Save Health Center,Gisagara,2026-01-26,RDT,RDT kit,5,1,0,5.0
HC-GIS-02,Save Health Center,Gisagara,2026-01-26,injectable_artesunate,"injectable artesunate vial (logistics unit, not a dose)",11,1,0,11.0
HC-GIS-02,Save Health Center,Gisagara,2026-02-02,ACT,"ACT course (logistics unit, not a dose)",7,2,0,3.5
HC-GIS-02,Save Health Center,Gisagara,2026-02-02,RDT,RDT kit,8,2,0,4.0
HC-GIS-02,Save Health Center,Gisagara,2026-02-02,injectable_artesunate,"injectable artesunate vial (logistics unit, not a dose)",12,0,0,52.0
HC-GIS-02,Save Health Center,Gisagara,2026-02-09,ACT,"ACT course (logistics unit, not a dose)",9,0,0,52.0
HC-GIS-02,Save Health Center,Gisagara,2026-02-09,RDT,RDT kit,11,1,0,11.0
HC-GIS-02,Save Health Center,Gisagara,2026-02-09,injectable_artesunate,"injectable artesunate vial (logistics unit, not a dose)",10,0,0,52.0
HC-GIS-02,Save Health Center,Gisagara,2026-02-16,ACT,"ACT course (logistics unit, not a dose)",8,1,0,8.0
HC-GIS-02,Save Health Center,Gisagara,2026-02-16,RDT,RDT kit,6,1,0,6.0
HC-GIS-02,Save Health Center,Gisagara,2026-02-16,injectable_artesunate,"injectable artesunate vial (logistics unit, not a dose)",4,0,0,52.0
HC-GIS-02,Save Health Center,Gisagara,2026-02-23,ACT,"ACT course (logistics unit, not a dose)",16,3,0,5.33
HC-GIS-02,Save Health Center,Gisagara,2026-02-23,RDT,RDT kit,30,3,0,10.0
HC-GIS-02,Save Health Center,Gisagara,2026-02-23,injectable_artesunate,"injectable artesunate vial (logistics unit, not a dose)",8,1,0,8.0
HC-GIS-02,Save Health Center,Gisagara,2026-03-02,ACT,"ACT course (logistics unit, not a dose)",19,3,0,6.33
HC-GIS-02,Save Health Center,Gisagara,2026-03-02,RDT,RDT kit,12,2,0,6.0
HC-GIS-02,Save Health Center,Gisagara,2026-03-02,injectable_artesunate,"injectable artesunate vial (logistics unit, not a dose)",1,0,0,52.0
HC-GIS-02,Save Health Center,Gisagara,2026-03-09,ACT,"ACT course (logistics unit, not a dose)",10,1,0,10.0
HC-GIS-02,Save Health Center,Gisagara,2026-03-09,RDT,RDT kit,10,1,0,10.0
HC-GIS-02,Save Health Center,Gisagara,2026-03-09,injectable_artesunate,"injectable artesunate vial (logistics unit, not a dose)",6,1,0,6.0
HC-GIS-02,Save Health Center,Gisagara,2026-03-16,ACT,"ACT course (logistics unit, not a dose)",36,4,0,9.0
HC-GIS-02,Save Health Center,Gisagara,2026-03-16,RDT,RDT kit,26,4,0,6.5
HC-GIS-02,Save Health Center,Gisagara,2026-03-16,injectable_artesunate,"injectable artesunate vial (logistics unit, not a dose)",10,0,0,52.0
HC-GIS-02,Save Health Center,Gisagara,2026-03-23,ACT,"ACT course (logistics unit, not a dose)",34,3,0,11.33
HC-GIS-02,Save Health Center,Gisagara,2026-03-23,RDT,RDT kit,10,1,0,10.0
HC-GIS-02,Save Health Center,Gisagara,2026-03-23,injectable_artesunate,"injectable artesunate vial (logistics unit, not a dose)",8,0,0,52.0
HC-GIS-02,Save Health Center,Gisagara,2026-03-30,ACT,"ACT course (logistics unit, not a dose)",3,3,0,1.0
HC-GIS-02,Save Health Center,Gisagara,2026-03-30,RDT,RDT kit,19,2,0,9.5
HC-GIS-02,Save Health Center,Gisagara,2026-03-30,injectable_artesunate,"injectable artesunate vial (logistics unit, not a dose)",0,1,1,0.0
HC-GIS-02,Save Health Center,Gisagara,2026-04-06,ACT,"ACT course (logistics unit, not a dose)",9,2,0,4.5
HC-GIS-02,Save Health Center,Gisagara,2026-04-06,RDT,RDT kit,33,5,0,6.6
HC-GIS-02,Save Health Center,Gisagara,2026-04-06,injectable_artesunate,"injectable artesunate vial (logistics unit, not a dose)",22,2,0,11.0
HC-GIS-02,Save Health Center,Gisagara,2026-04-13,ACT,"ACT course (logistics unit, not a dose)",3,4,0,0.75
HC-GIS-02,Save Health Center,Gisagara,2026-04-13,RDT,RDT kit,0,0,1,0.0
HC-GIS-02,Save Health Center,Gisagara,2026-04-13,injectable_artesunate,"injectable artesunate vial (logistics unit, not a dose)",10,0,0,52.0
HC-GIS-02,Save Health Center,Gisagara,2026-04-20,ACT,"ACT course (logistics unit, not a dose)",27,4,0,6.75
HC-GIS-02,Save Health Center,Gisagara,2026-04-20,RDT,RDT kit,77,9,0,8.56
HC-GIS-02,Save Health Center,Gisagara,2026-04-20,injectable_artesunate,"injectable artesunate vial (logistics unit, not a dose)",4,1,0,4.0
HC-GIS-02,Save Health Center,Gisagara,2026-04-27,ACT,"ACT course (logistics unit, not a dose)",10,1,0,10.0
HC-GIS-02,Save Health Center,Gisagara,2026-04-27,RDT,RDT kit,0,3,1,0.0
HC-GIS-02,Save Health Center,Gisagara,2026-04-27,injectable_artesunate,"injectable artesunate vial (logistics unit, not a dose)",10,0,0,52.0
HC-GIS-02,Save Health Center,Gisagara,2026-05-04,ACT,"ACT course (logistics unit, not a dose)",21,3,0,7.0
HC-GIS-02,Save Health Center,Gisagara,2026-05-04,RDT,RDT kit,30,3,0,10.0
HC-GIS-02,Save Health Center,Gisagara,2026-05-04,injectable_artesunate,"injectable artesunate vial (logistics unit, not a dose)",16,2,0,8.0
HC-GIS-02,Save Health Center,Gisagara,2026-05-11,ACT,"ACT course (logistics unit, not a dose)",11,1,0,11.0
HC-GIS-02,Save Health Center,Gisagara,2026-05-11,RDT,RDT kit,15,3,0,5.0
HC-GIS-02,Save Health Center,Gisagara,2026-05-11,injectable_artesunate,"injectable artesunate vial (logistics unit, not a dose)",0,0,1,0.0
HC-GIS-02,Save Health Center,Gisagara,2026-05-18,ACT,"ACT course (logistics unit, not a dose)",4,1,0,4.0
HC-GIS-02,Save Health Center,Gisagara,2026-05-18,RDT,RDT kit,0,4,1,0.0
HC-GIS-02,Save Health Center,Gisagara,2026-05-18,injectable_artesunate,"injectable artesunate vial (logistics unit, not a dose)",12,2,0,6.0
HC-GIS-02,Save Health Center,Gisagara,2026-05-25,ACT,"ACT course (logistics unit, not a dose)",13,3,0,4.33
HC-GIS-02,Save Health Center,Gisagara,2026-05-25,RDT,RDT kit,15,2,0,7.5
HC-GIS-02,Save Health Center,Gisagara,2026-05-25,injectable_artesunate,"injectable artesunate vial (logistics unit, not a dose)",12,0,0,52.0
HC-GIS-02,Save Health Center,Gisagara,2026-06-01,ACT,"ACT course (logistics unit, not a dose)",7,2,0,3.5
HC-GIS-02,Save Health Center,Gisagara,2026-06-01,RDT,RDT kit,7,0,0,52.0
HC-GIS-02,Save Health Center,Gisagara,2026-06-01,injectable_artesunate,"injectable artesunate vial (logistics unit, not a dose)",9,1,0,9.0
HC-GIS-02,Save Health Center,Gisagara,2026-06-08,ACT,"ACT course (logistics unit, not a dose)",10,0,0,52.0
HC-GIS-02,Save Health Center,Gisagara,2026-06-08,RDT,RDT kit,11,1,0,11.0
HC-GIS-02,Save Health Center,Gisagara,2026-06-08,injectable_artesunate,"injectable artesunate vial (logistics unit, not a dose)",3,0,0,52.0
HC-GIS-02,Save Health Center,Gisagara,2026-06-15,ACT,"ACT course (logistics unit, not a dose)",1,0,0,52.0
HC-GIS-02,Save Health Center,Gisagara,2026-06-15,RDT,RDT kit,4,1,0,4.0
HC-GIS-02,Save Health Center,Gisagara,2026-06-15,injectable_artesunate,"injectable artesunate vial (logistics unit, not a dose)",5,0,0,52.0
HC-GIS-02,Save Health Center,Gisagara,2026-06-22,ACT,"ACT course (logistics unit, not a dose)",6,1,0,6.0
HC-GIS-02,Save Health Center,Gisagara,2026-06-22,RDT,RDT kit,0,1,1,0.0
HC-GIS-02,Save Health Center,Gisagara,2026-06-22,injectable_artesunate,"injectable artesunate vial (logistics unit, not a dose)",8,1,0,8.0
HC-GIS-02,Save Health Center,Gisagara,2026-06-29,ACT,"ACT course (logistics unit, not a dose)",24,2,0,12.0
HC-GIS-02,Save Health Center,Gisagara,2026-06-29,RDT,RDT kit,7,1,0,7.0
HC-GIS-02,Save Health Center,Gisagara,2026-06-29,injectable_artesunate,"injectable artesunate vial (logistics unit, not a dose)",4,0,0,52.0
HC-GIS-02,Save Health Center,Gisagara,2026-07-06,ACT,"ACT course (logistics unit, not a dose)",7,0,0,52.0
HC-GIS-02,Save Health Center,Gisagara,2026-07-06,RDT,RDT kit,9,1,0,9.0
HC-GIS-02,Save Health Center,Gisagara,2026-07-06,injectable_artesunate,"injectable artesunate vial (logistics unit, not a dose)",9,0,0,52.0
HC-GIS-02,Save Health Center,Gisagara,2026-07-13,ACT,"ACT course (logistics unit, not a dose)",3,0,0,52.0
HC-GIS-02,Save Health Center,Gisagara,2026-07-13,RDT,RDT kit,30,3,0,10.0
HC-GIS-02,Save Health Center,Gisagara,2026-07-13,injectable_artesunate,"injectable artesunate vial (logistics unit, not a dose)",5,1,0,5.0
HC-GIS-02,Save Health Center,Gisagara,2026-07-20,ACT,"ACT course (logistics unit, not a dose)",6,0,0,52.0
HC-GIS-02,Save Health Center,Gisagara,2026-07-20,RDT,RDT kit,10,0,0,52.0
HC-GIS-02,Save Health Center,Gisagara,2026-07-20,injectable_artesunate,"injectable artesunate vial (logistics unit, not a dose)",12,0,0,52.0
HC-GIS-02,Save Health Center,Gisagara,2026-07-27,ACT,"ACT course (logistics unit, not a dose)",4,0,0,52.0
HC-GIS-02,Save Health Center,Gisagara,2026-07-27,RDT,RDT kit,10,3,0,3.33
HC-GIS-02,Save Health Center,Gisagara,2026-07-27,injectable_artesunate,"injectable artesunate vial (logistics unit, not a dose)",8,1,0,8.0
HC-GIS-02,Save Health Center,Gisagara,2026-08-03,ACT,"ACT course (logistics unit, not a dose)",8,1,0,8.0
HC-GIS-02,Save Health Center,Gisagara,2026-08-03,RDT,RDT kit,4,1,0,4.0
HC-GIS-02,Save Health Center,Gisagara,2026-08-03,injectable_artesunate,"injectable artesunate vial (logistics unit, not a dose)",0,1,1,0.0
HC-GIS-02,Save Health Center,Gisagara,2026-08-10,ACT,"ACT course (logistics unit, not a dose)",11,0,0,52.0
HC-GIS-02,Save Health Center,Gisagara,2026-08-10,RDT,RDT kit,6,0,0,52.0
HC-GIS-02,Save Health Center,Gisagara,2026-08-10,injectable_artesunate,"injectable artesunate vial (logistics unit, not a dose)",7,0,0,52.0
HC-GIS-02,Save Health Center,Gisagara,2026-08-17,ACT,"ACT course (logistics unit, not a dose)",11,1,0,11.0
HC-GIS-02,Save Health Center,Gisagara,2026-08-17,RDT,RDT kit,23,2,0,11.5
HC-GIS-02,Save Health Center,Gisagara,2026-08-17,injectable_artesunate,"injectable artesunate vial (logistics unit, not a dose)",4,0,0,52.0
HC-GIS-02,Save Health Center,Gisagara,2026-08-24,ACT,"ACT course (logistics unit, not a dose)",8,1,0,8.0
HC-GIS-02,Save Health Center,Gisagara,2026-08-24,RDT,RDT kit,21,3,0,7.0
HC-GIS-02,Save Health Center,Gisagara,2026-08-24,injectable_artesunate,"injectable artesunate vial (logistics unit, not a dose)",0,0,1,0.0
HC-GIS-02,Save Health Center,Gisagara,2026-08-31,ACT,"ACT course (logistics unit, not a dose)",10,1,0,10.0
HC-GIS-02,Save Health Center,Gisagara,2026-08-31,RDT,RDT kit,19,2,0,9.5
HC-GIS-02,Save Health Center,Gisagara,2026-08-31,injectable_artesunate,"injectable artesunate vial (logistics unit, not a dose)",7,0,0,52.0
HC-GIS-02,Save Health Center,Gisagara,2026-09-07,ACT,"ACT course (logistics unit, not a dose)",39,4,0,9.75
HC-GIS-02,Save Health Center,Gisagara,2026-09-07,RDT,RDT kit,11,1,0,11.0
HC-GIS-02,Save Health Center,Gisagara,2026-09-07,injectable_artesunate,"injectable artesunate vial (logistics unit, not a dose)",5,0,0,52.0
HC-GIS-02,Save Health Center,Gisagara,2026-09-14,ACT,"ACT course (logistics unit, not a dose)",24,3,0,8.0
HC-GIS-02,Save Health Center,Gisagara,2026-09-14,RDT,RDT kit,3,1,0,3.0
HC-GIS-02,Save Health Center,Gisagara,2026-09-14,injectable_artesunate,"injectable artesunate vial (logistics unit, not a dose)",8,0,0,52.0
HC-GIS-02,Save Health Center,Gisagara,2026-09-21,ACT,"ACT course (logistics unit, not a dose)",8,0,0,52.0
HC-GIS-02,Save Health Center,Gisagara,2026-09-21,RDT,RDT kit,8,1,0,8.0
HC-GIS-02,Save Health Center,Gisagara,2026-09-21,injectable_artesunate,"injectable artesunate vial (logistics unit, not a dose)",9,0,0,52.0
HC-GIS-02,Save Health Center,Gisagara,2026-09-28,ACT,"ACT course (logistics unit, not a dose)",12,0,0,52.0
HC-GIS-02,Save Health Center,Gisagara,2026-09-28,RDT,RDT kit,18,3,0,6.0
HC-GIS-02,Save Health Center,Gisagara,2026-09-28,injectable_artesunate,"injectable artesunate vial (logistics unit, not a dose)",5,0,0,52.0
HC-GIS-03,Kibirizi Health Center,Gisagara,2024-09-30,ACT,"ACT course (logistics unit, not a dose)",22,2,0,11.0
HC-GIS-03,Kibirizi Health Center,Gisagara,2024-09-30,RDT,RDT kit,0,1,1,0.0
HC-GIS-03,Kibirizi Health Center,Gisagara,2024-09-30,injectable_artesunate,"injectable artesunate vial (logistics unit, not a dose)",6,0,0,52.0
HC-GIS-03,Kibirizi Health Center,Gisagara,2024-10-07,ACT,"ACT course (logistics unit, not a dose)",8,0,0,52.0
HC-GIS-03,Kibirizi Health Center,Gisagara,2024-10-07,RDT,RDT kit,27,4,0,6.75
HC-GIS-03,Kibirizi Health Center,Gisagara,2024-10-07,injectable_artesunate,"injectable artesunate vial (logistics unit, not a dose)",11,0,0,52.0
HC-GIS-03,Kibirizi Health Center,Gisagara,2024-10-14,ACT,"ACT course (logistics unit, not a dose)",11,1,0,11.0
HC-GIS-03,Kibirizi Health Center,Gisagara,2024-10-14,RDT,RDT kit,28,3,0,9.33
HC-GIS-03,Kibirizi Health Center,Gisagara,2024-10-14,injectable_artesunate,"injectable artesunate vial (logistics unit, not a dose)",5,0,0,52.0
HC-GIS-03,Kibirizi Health Center,Gisagara,2024-10-21,ACT,"ACT course (logistics unit, not a dose)",8,1,0,8.0
HC-GIS-03,Kibirizi Health Center,Gisagara,2024-10-21,RDT,RDT kit,18,2,0,9.0
HC-GIS-03,Kibirizi Health Center,Gisagara,2024-10-21,injectable_artesunate,"injectable artesunate vial (logistics unit, not a dose)",0,0,1,0.0
HC-GIS-03,Kibirizi Health Center,Gisagara,2024-10-28,ACT,"ACT course (logistics unit, not a dose)",3,1,0,3.0
HC-GIS-03,Kibirizi Health Center,Gisagara,2024-10-28,RDT,RDT kit,78,10,0,7.8
HC-GIS-03,Kibirizi Health Center,Gisagara,2024-10-28,injectable_artesunate,"injectable artesunate vial (logistics unit, not a dose)",0,0,1,0.0
HC-GIS-03,Kibirizi Health Center,Gisagara,2024-11-04,ACT,"ACT course (logistics unit, not a dose)",17,3,0,5.67
HC-GIS-03,Kibirizi Health Center,Gisagara,2024-11-04,RDT,RDT kit,20,2,0,10.0
HC-GIS-03,Kibirizi Health Center,Gisagara,2024-11-04,injectable_artesunate,"injectable artesunate vial (logistics unit, not a dose)",8,0,0,52.0
HC-GIS-03,Kibirizi Health Center,Gisagara,2024-11-11,ACT,"ACT course (logistics unit, not a dose)",4,1,0,4.0
HC-GIS-03,Kibirizi Health Center,Gisagara,2024-11-11,RDT,RDT kit,8,1,0,8.0
HC-GIS-03,Kibirizi Health Center,Gisagara,2024-11-11,injectable_artesunate,"injectable artesunate vial (logistics unit, not a dose)",4,0,0,52.0
HC-GIS-03,Kibirizi Health Center,Gisagara,2024-11-18,ACT,"ACT course (logistics unit, not a dose)",14,4,0,3.5
HC-GIS-03,Kibirizi Health Center,Gisagara,2024-11-18,RDT,RDT kit,20,5,0,4.0
HC-GIS-03,Kibirizi Health Center,Gisagara,2024-11-18,injectable_artesunate,"injectable artesunate vial (logistics unit, not a dose)",4,0,0,52.0
HC-GIS-03,Kibirizi Health Center,Gisagara,2024-11-25,ACT,"ACT course (logistics unit, not a dose)",5,0,0,52.0
HC-GIS-03,Kibirizi Health Center,Gisagara,2024-11-25,RDT,RDT kit,3,1,0,3.0
HC-GIS-03,Kibirizi Health Center,Gisagara,2024-11-25,injectable_artesunate,"injectable artesunate vial (logistics unit, not a dose)",8,1,0,8.0
HC-GIS-03,Kibirizi Health Center,Gisagara,2024-12-02,ACT,"ACT course (logistics unit, not a dose)",0,0,1,0.0
HC-GIS-03,Kibirizi Health Center,Gisagara,2024-12-02,RDT,RDT kit,6,0,0,52.0
HC-GIS-03,Kibirizi Health Center,Gisagara,2024-12-02,injectable_artesunate,"injectable artesunate vial (logistics unit, not a dose)",11,1,0,11.0
HC-GIS-03,Kibirizi Health Center,Gisagara,2024-12-09,ACT,"ACT course (logistics unit, not a dose)",16,2,0,8.0
HC-GIS-03,Kibirizi Health Center,Gisagara,2024-12-09,RDT,RDT kit,32,3,0,10.67
HC-GIS-03,Kibirizi Health Center,Gisagara,2024-12-09,injectable_artesunate,"injectable artesunate vial (logistics unit, not a dose)",6,0,0,52.0
HC-GIS-03,Kibirizi Health Center,Gisagara,2024-12-16,ACT,"ACT course (logistics unit, not a dose)",36,3,0,12.0
HC-GIS-03,Kibirizi Health Center,Gisagara,2024-12-16,RDT,RDT kit,27,3,0,9.0
HC-GIS-03,Kibirizi Health Center,Gisagara,2024-12-16,injectable_artesunate,"injectable artesunate vial (logistics unit, not a dose)",10,0,0,52.0
HC-GIS-03,Kibirizi Health Center,Gisagara,2024-12-23,ACT,"ACT course (logistics unit, not a dose)",7,1,0,7.0
HC-GIS-03,Kibirizi Health Center,Gisagara,2024-12-23,RDT,RDT kit,1,3,0,0.33
HC-GIS-03,Kibirizi Health Center,Gisagara,2024-12-23,injectable_artesunate,"injectable artesunate vial (logistics unit, not a dose)",4,0,0,52.0
HC-GIS-03,Kibirizi Health Center,Gisagara,2024-12-30,ACT,"ACT course (logistics unit, not a dose)",17,2,0,8.5
HC-GIS-03,Kibirizi Health Center,Gisagara,2024-12-30,RDT,RDT kit,13,3,0,4.33
HC-GIS-03,Kibirizi Health Center,Gisagara,2024-12-30,injectable_artesunate,"injectable artesunate vial (logistics unit, not a dose)",0,0,1,0.0
HC-GIS-03,Kibirizi Health Center,Gisagara,2025-01-06,ACT,"ACT course (logistics unit, not a dose)",3,0,0,52.0
HC-GIS-03,Kibirizi Health Center,Gisagara,2025-01-06,RDT,RDT kit,0,3,1,0.0
HC-GIS-03,Kibirizi Health Center,Gisagara,2025-01-06,injectable_artesunate,"injectable artesunate vial (logistics unit, not a dose)",11,1,0,11.0
HC-GIS-03,Kibirizi Health Center,Gisagara,2025-01-13,ACT,"ACT course (logistics unit, not a dose)",24,4,0,6.0
HC-GIS-03,Kibirizi Health Center,Gisagara,2025-01-13,RDT,RDT kit,9,2,0,4.5
HC-GIS-03,Kibirizi Health Center,Gisagara,2025-01-13,injectable_artesunate,"injectable artesunate vial (logistics unit, not a dose)",9,0,0,52.0
HC-GIS-03,Kibirizi Health Center,Gisagara,2025-01-20,ACT,"ACT course (logistics unit, not a dose)",1,1,0,1.0
HC-GIS-03,Kibirizi Health Center,Gisagara,2025-01-20,RDT,RDT kit,6,1,0,6.0
HC-GIS-03,Kibirizi Health Center,Gisagara,2025-01-20,injectable_artesunate,"injectable artesunate vial (logistics unit, not a dose)",11,0,0,52.0
HC-GIS-03,Kibirizi Health Center,Gisagara,2025-01-27,ACT,"ACT course (logistics unit, not a dose)",4,0,0,52.0
HC-GIS-03,Kibirizi Health Center,Gisagara,2025-01-27,RDT,RDT kit,14,2,0,7.0
HC-GIS-03,Kibirizi Health Center,Gisagara,2025-01-27,injectable_artesunate,"injectable artesunate vial (logistics unit, not a dose)",3,0,0,52.0
HC-GIS-03,Kibirizi Health Center,Gisagara,2025-02-03,ACT,"ACT course (logistics unit, not a dose)",22,2,0,11.0
HC-GIS-03,Kibirizi Health Center,Gisagara,2025-02-03,RDT,RDT kit,10,1,0,10.0
HC-GIS-03,Kibirizi Health Center,Gisagara,2025-02-03,injectable_artesunate,"injectable artesunate vial (logistics unit, not a dose)",12,0,0,52.0
HC-GIS-03,Kibirizi Health Center,Gisagara,2025-02-10,ACT,"ACT course (logistics unit, not a dose)",11,1,0,11.0
HC-GIS-03,Kibirizi Health Center,Gisagara,2025-02-10,RDT,RDT kit,14,2,0,7.0
HC-GIS-03,Kibirizi Health Center,Gisagara,2025-02-10,injectable_artesunate,"injectable artesunate vial (logistics unit, not a dose)",0,2,1,0.0
HC-GIS-03,Kibirizi Health Center,Gisagara,2025-02-17,ACT,"ACT course (logistics unit, not a dose)",14,2,0,7.0
HC-GIS-03,Kibirizi Health Center,Gisagara,2025-02-17,RDT,RDT kit,5,0,0,52.0
HC-GIS-03,Kibirizi Health Center,Gisagara,2025-02-17,injectable_artesunate,"injectable artesunate vial (logistics unit, not a dose)",4,0,0,52.0
HC-GIS-03,Kibirizi Health Center,Gisagara,2025-02-24,ACT,"ACT course (logistics unit, not a dose)",7,1,0,7.0
HC-GIS-03,Kibirizi Health Center,Gisagara,2025-02-24,RDT,RDT kit,38,4,0,9.5
HC-GIS-03,Kibirizi Health Center,Gisagara,2025-02-24,injectable_artesunate,"injectable artesunate vial (logistics unit, not a dose)",4,0,0,52.0
HC-GIS-03,Kibirizi Health Center,Gisagara,2025-03-03,ACT,"ACT course (logistics unit, not a dose)",4,1,0,4.0
HC-GIS-03,Kibirizi Health Center,Gisagara,2025-03-03,RDT,RDT kit,17,4,0,4.25
HC-GIS-03,Kibirizi Health Center,Gisagara,2025-03-03,injectable_artesunate,"injectable artesunate vial (logistics unit, not a dose)",11,0,0,52.0
HC-GIS-03,Kibirizi Health Center,Gisagara,2025-03-10,ACT,"ACT course (logistics unit, not a dose)",9,1,0,9.0
HC-GIS-03,Kibirizi Health Center,Gisagara,2025-03-10,RDT,RDT kit,5,1,0,5.0
HC-GIS-03,Kibirizi Health Center,Gisagara,2025-03-10,injectable_artesunate,"injectable artesunate vial (logistics unit, not a dose)",7,0,0,52.0
HC-GIS-03,Kibirizi Health Center,Gisagara,2025-03-17,ACT,"ACT course (logistics unit, not a dose)",4,0,0,52.0
HC-GIS-03,Kibirizi Health Center,Gisagara,2025-03-17,RDT,RDT kit,8,2,0,4.0
HC-GIS-03,Kibirizi Health Center,Gisagara,2025-03-17,injectable_artesunate,"injectable artesunate vial (logistics unit, not a dose)",4,1,0,4.0
HC-GIS-03,Kibirizi Health Center,Gisagara,2025-03-24,ACT,"ACT course (logistics unit, not a dose)",19,2,0,9.5
HC-GIS-03,Kibirizi Health Center,Gisagara,2025-03-24,RDT,RDT kit,10,0,0,52.0
HC-GIS-03,Kibirizi Health Center,Gisagara,2025-03-24,injectable_artesunate,"injectable artesunate vial (logistics unit, not a dose)",12,0,0,52.0
HC-GIS-03,Kibirizi Health Center,Gisagara,2025-03-31,ACT,"ACT course (logistics unit, not a dose)",35,3,0,11.67
HC-GIS-03,Kibirizi Health Center,Gisagara,2025-03-31,RDT,RDT kit,19,2,0,9.5
HC-GIS-03,Kibirizi Health Center,Gisagara,2025-03-31,injectable_artesunate,"injectable artesunate vial (logistics unit, not a dose)",9,0,0,52.0
HC-GIS-03,Kibirizi Health Center,Gisagara,2025-04-07,ACT,"ACT course (logistics unit, not a dose)",23,2,0,11.5
HC-GIS-03,Kibirizi Health Center,Gisagara,2025-04-07,RDT,RDT kit,1,3,0,0.33
HC-GIS-03,Kibirizi Health Center,Gisagara,2025-04-07,injectable_artesunate,"injectable artesunate vial (logistics unit, not a dose)",4,0,0,52.0
HC-GIS-03,Kibirizi Health Center,Gisagara,2025-04-14,ACT,"ACT course (logistics unit, not a dose)",10,2,0,5.0
HC-GIS-03,Kibirizi Health Center,Gisagara,2025-04-14,RDT,RDT kit,108,10,0,10.8
HC-GIS-03,Kibirizi Health Center,Gisagara,2025-04-14,injectable_artesunate,"injectable artesunate vial (logistics unit, not a dose)",12,1,0,12.0
HC-GIS-03,Kibirizi Health Center,Gisagara,2025-04-21,ACT,"ACT course (logistics unit, not a dose)",7,2,0,3.5
HC-GIS-03,Kibirizi Health Center,Gisagara,2025-04-21,RDT,RDT kit,31,4,0,7.75
HC-GIS-03,Kibirizi Health Center,Gisagara,2025-04-21,injectable_artesunate,"injectable artesunate vial (logistics unit, not a dose)",23,2,0,11.5
HC-GIS-03,Kibirizi Health Center,Gisagara,2025-04-28,ACT,"ACT course (logistics unit, not a dose)",16,2,0,8.0
HC-GIS-03,Kibirizi Health Center,Gisagara,2025-04-28,RDT,RDT kit,36,4,0,9.0
HC-GIS-03,Kibirizi Health Center,Gisagara,2025-04-28,injectable_artesunate,"injectable artesunate vial (logistics unit, not a dose)",4,0,0,52.0
HC-GIS-03,Kibirizi Health Center,Gisagara,2025-05-05,ACT,"ACT course (logistics unit, not a dose)",5,1,0,5.0
HC-GIS-03,Kibirizi Health Center,Gisagara,2025-05-05,RDT,RDT kit,1,5,0,0.2
HC-GIS-03,Kibirizi Health Center,Gisagara,2025-05-05,injectable_artesunate,"injectable artesunate vial (logistics unit, not a dose)",4,0,0,52.0
HC-GIS-03,Kibirizi Health Center,Gisagara,2025-05-12,ACT,"ACT course (logistics unit, not a dose)",0,1,1,0.0
HC-GIS-03,Kibirizi Health Center,Gisagara,2025-05-12,RDT,RDT kit,36,5,0,7.2
HC-GIS-03,Kibirizi Health Center,Gisagara,2025-05-12,injectable_artesunate,"injectable artesunate vial (logistics unit, not a dose)",11,1,0,11.0
HC-GIS-03,Kibirizi Health Center,Gisagara,2025-05-19,ACT,"ACT course (logistics unit, not a dose)",19,2,0,9.5
HC-GIS-03,Kibirizi Health Center,Gisagara,2025-05-19,RDT,RDT kit,14,3,0,4.67
HC-GIS-03,Kibirizi Health Center,Gisagara,2025-05-19,injectable_artesunate,"injectable artesunate vial (logistics unit, not a dose)",0,0,1,0.0
HC-GIS-03,Kibirizi Health Center,Gisagara,2025-05-26,ACT,"ACT course (logistics unit, not a dose)",6,0,0,52.0
HC-GIS-03,Kibirizi Health Center,Gisagara,2025-05-26,RDT,RDT kit,1,2,0,0.5
HC-GIS-03,Kibirizi Health Center,Gisagara,2025-05-26,injectable_artesunate,"injectable artesunate vial (logistics unit, not a dose)",5,0,0,52.0
HC-GIS-03,Kibirizi Health Center,Gisagara,2025-06-02,ACT,"ACT course (logistics unit, not a dose)",1,0,0,52.0
HC-GIS-03,Kibirizi Health Center,Gisagara,2025-06-02,RDT,RDT kit,22,2,0,11.0
HC-GIS-03,Kibirizi Health Center,Gisagara,2025-06-02,injectable_artesunate,"injectable artesunate vial (logistics unit, not a dose)",3,0,0,52.0
HC-GIS-03,Kibirizi Health Center,Gisagara,2025-06-09,ACT,"ACT course (logistics unit, not a dose)",6,1,0,6.0
HC-GIS-03,Kibirizi Health Center,Gisagara,2025-06-09,RDT,RDT kit,10,1,0,10.0
HC-GIS-03,Kibirizi Health Center,Gisagara,2025-06-09,injectable_artesunate,"injectable artesunate vial (logistics unit, not a dose)",5,0,0,52.0
HC-GIS-03,Kibirizi Health Center,Gisagara,2025-06-16,ACT,"ACT course (logistics unit, not a dose)",24,2,0,12.0
HC-GIS-03,Kibirizi Health Center,Gisagara,2025-06-16,RDT,RDT kit,19,4,0,4.75
HC-GIS-03,Kibirizi Health Center,Gisagara,2025-06-16,injectable_artesunate,"injectable artesunate vial (logistics unit, not a dose)",9,0,0,52.0
HC-GIS-03,Kibirizi Health Center,Gisagara,2025-06-23,ACT,"ACT course (logistics unit, not a dose)",0,2,1,0.0
HC-GIS-03,Kibirizi Health Center,Gisagara,2025-06-23,RDT,RDT kit,20,2,0,10.0
HC-GIS-03,Kibirizi Health Center,Gisagara,2025-06-23,injectable_artesunate,"injectable artesunate vial (logistics unit, not a dose)",9,0,0,52.0
HC-GIS-03,Kibirizi Health Center,Gisagara,2025-06-30,ACT,"ACT course (logistics unit, not a dose)",9,1,0,9.0
HC-GIS-03,Kibirizi Health Center,Gisagara,2025-06-30,RDT,RDT kit,9,0,0,52.0
HC-GIS-03,Kibirizi Health Center,Gisagara,2025-06-30,injectable_artesunate,"injectable artesunate vial (logistics unit, not a dose)",6,0,0,52.0
HC-GIS-03,Kibirizi Health Center,Gisagara,2025-07-07,ACT,"ACT course (logistics unit, not a dose)",3,1,0,3.0
HC-GIS-03,Kibirizi Health Center,Gisagara,2025-07-07,RDT,RDT kit,22,2,0,11.0
HC-GIS-03,Kibirizi Health Center,Gisagara,2025-07-07,injectable_artesunate,"injectable artesunate vial (logistics unit, not a dose)",9,0,0,52.0
HC-GIS-03,Kibirizi Health Center,Gisagara,2025-07-14,ACT,"ACT course (logistics unit, not a dose)",32,3,0,10.67
HC-GIS-03,Kibirizi Health Center,Gisagara,2025-07-14,RDT,RDT kit,11,1,0,11.0
HC-GIS-03,Kibirizi Health Center,Gisagara,2025-07-14,injectable_artesunate,"injectable artesunate vial (logistics unit, not a dose)",0,1,1,0.0
HC-GIS-03,Kibirizi Health Center,Gisagara,2025-07-21,ACT,"ACT course (logistics unit, not a dose)",8,2,0,4.0
HC-GIS-03,Kibirizi Health Center,Gisagara,2025-07-21,RDT,RDT kit,35,3,0,11.67
HC-GIS-03,Kibirizi Health Center,Gisagara,2025-07-21,injectable_artesunate,"injectable artesunate vial (logistics unit, not a dose)",1,0,0,52.0
HC-GIS-03,Kibirizi Health Center,Gisagara,2025-07-28,ACT,"ACT course (logistics unit, not a dose)",11,0,0,52.0
HC-GIS-03,Kibirizi Health Center,Gisagara,2025-07-28,RDT,RDT kit,15,2,0,7.5
HC-GIS-03,Kibirizi Health Center,Gisagara,2025-07-28,injectable_artesunate,"injectable artesunate vial (logistics unit, not a dose)",1,0,0,52.0
HC-GIS-03,Kibirizi Health Center,Gisagara,2025-08-04,ACT,"ACT course (logistics unit, not a dose)",3,1,0,3.0
HC-GIS-03,Kibirizi Health Center,Gisagara,2025-08-04,RDT,RDT kit,18,2,0,9.0
HC-GIS-03,Kibirizi Health Center,Gisagara,2025-08-04,injectable_artesunate,"injectable artesunate vial (logistics unit, not a dose)",5,0,0,52.0
HC-GIS-03,Kibirizi Health Center,Gisagara,2025-08-11,ACT,"ACT course (logistics unit, not a dose)",12,0,0,52.0
HC-GIS-03,Kibirizi Health Center,Gisagara,2025-08-11,RDT,RDT kit,8,2,0,4.0
HC-GIS-03,Kibirizi Health Center,Gisagara,2025-08-11,injectable_artesunate,"injectable artesunate vial (logistics unit, not a dose)",0,1,1,0.0
HC-GIS-03,Kibirizi Health Center,Gisagara,2025-08-18,ACT,"ACT course (logistics unit, not a dose)",1,1,0,1.0
HC-GIS-03,Kibirizi Health Center,Gisagara,2025-08-18,RDT,RDT kit,16,5,0,3.2
HC-GIS-03,Kibirizi Health Center,Gisagara,2025-08-18,injectable_artesunate,"injectable artesunate vial (logistics unit, not a dose)",0,0,1,0.0
HC-GIS-03,Kibirizi Health Center,Gisagara,2025-08-25,ACT,"ACT course (logistics unit, not a dose)",8,0,0,52.0
HC-GIS-03,Kibirizi Health Center,Gisagara,2025-08-25,RDT,RDT kit,16,3,0,5.33
HC-GIS-03,Kibirizi Health Center,Gisagara,2025-08-25,injectable_artesunate,"injectable artesunate vial (logistics unit, not a dose)",3,0,0,52.0
HC-GIS-03,Kibirizi Health Center,Gisagara,2025-09-01,ACT,"ACT course (logistics unit, not a dose)",9,1,0,9.0
HC-GIS-03,Kibirizi Health Center,Gisagara,2025-09-01,RDT,RDT kit,11,2,0,5.5
HC-GIS-03,Kibirizi Health Center,Gisagara,2025-09-01,injectable_artesunate,"injectable artesunate vial (logistics unit, not a dose)",11,0,0,52.0
HC-GIS-03,Kibirizi Health Center,Gisagara,2025-09-08,ACT,"ACT course (logistics unit, not a dose)",4,1,0,4.0
HC-GIS-03,Kibirizi Health Center,Gisagara,2025-09-08,RDT,RDT kit,33,3,0,11.0
HC-GIS-03,Kibirizi Health Center,Gisagara,2025-09-08,injectable_artesunate,"injectable artesunate vial (logistics unit, not a dose)",12,0,0,52.0
HC-GIS-03,Kibirizi Health Center,Gisagara,2025-09-15,ACT,"ACT course (logistics unit, not a dose)",1,1,0,1.0
HC-GIS-03,Kibirizi Health Center,Gisagara,2025-09-15,RDT,RDT kit,23,5,0,4.6
HC-GIS-03,Kibirizi Health Center,Gisagara,2025-09-15,injectable_artesunate,"injectable artesunate vial (logistics unit, not a dose)",3,1,0,3.0
HC-GIS-03,Kibirizi Health Center,Gisagara,2025-09-22,ACT,"ACT course (logistics unit, not a dose)",4,0,0,52.0
HC-GIS-03,Kibirizi Health Center,Gisagara,2025-09-22,RDT,RDT kit,16,5,0,3.2
HC-GIS-03,Kibirizi Health Center,Gisagara,2025-09-22,injectable_artesunate,"injectable artesunate vial (logistics unit, not a dose)",4,0,0,52.0
HC-GIS-03,Kibirizi Health Center,Gisagara,2025-09-29,ACT,"ACT course (logistics unit, not a dose)",21,2,0,10.5
HC-GIS-03,Kibirizi Health Center,Gisagara,2025-09-29,RDT,RDT kit,0,2,1,0.0
HC-GIS-03,Kibirizi Health Center,Gisagara,2025-09-29,injectable_artesunate,"injectable artesunate vial (logistics unit, not a dose)",1,1,0,1.0
HC-GIS-03,Kibirizi Health Center,Gisagara,2025-10-06,ACT,"ACT course (logistics unit, not a dose)",7,2,0,3.5
HC-GIS-03,Kibirizi Health Center,Gisagara,2025-10-06,RDT,RDT kit,8,1,0,8.0
HC-GIS-03,Kibirizi Health Center,Gisagara,2025-10-06,injectable_artesunate,"injectable artesunate vial (logistics unit, not a dose)",5,0,0,52.0
HC-GIS-03,Kibirizi Health Center,Gisagara,2025-10-13,ACT,"ACT course (logistics unit, not a dose)",63,6,0,10.5
HC-GIS-03,Kibirizi Health Center,Gisagara,2025-10-13,RDT,RDT kit,0,1,1,0.0
HC-GIS-03,Kibirizi Health Center,Gisagara,2025-10-13,injectable_artesunate,"injectable artesunate vial (logistics unit, not a dose)",5,0,0,52.0
HC-GIS-03,Kibirizi Health Center,Gisagara,2025-10-20,ACT,"ACT course (logistics unit, not a dose)",3,1,0,3.0
HC-GIS-03,Kibirizi Health Center,Gisagara,2025-10-20,RDT,RDT kit,48,4,0,12.0
HC-GIS-03,Kibirizi Health Center,Gisagara,2025-10-20,injectable_artesunate,"injectable artesunate vial (logistics unit, not a dose)",5,1,0,5.0
HC-GIS-03,Kibirizi Health Center,Gisagara,2025-10-27,ACT,"ACT course (logistics unit, not a dose)",26,3,0,8.67
HC-GIS-03,Kibirizi Health Center,Gisagara,2025-10-27,RDT,RDT kit,36,5,0,7.2
HC-GIS-03,Kibirizi Health Center,Gisagara,2025-10-27,injectable_artesunate,"injectable artesunate vial (logistics unit, not a dose)",7,0,0,52.0
HC-GIS-03,Kibirizi Health Center,Gisagara,2025-11-03,ACT,"ACT course (logistics unit, not a dose)",6,1,0,6.0
HC-GIS-03,Kibirizi Health Center,Gisagara,2025-11-03,RDT,RDT kit,17,2,0,8.5
HC-GIS-03,Kibirizi Health Center,Gisagara,2025-11-03,injectable_artesunate,"injectable artesunate vial (logistics unit, not a dose)",0,1,1,0.0
HC-GIS-03,Kibirizi Health Center,Gisagara,2025-11-10,ACT,"ACT course (logistics unit, not a dose)",43,4,0,10.75
HC-GIS-03,Kibirizi Health Center,Gisagara,2025-11-10,RDT,RDT kit,14,2,0,7.0
HC-GIS-03,Kibirizi Health Center,Gisagara,2025-11-10,injectable_artesunate,"injectable artesunate vial (logistics unit, not a dose)",10,1,0,10.0
HC-GIS-03,Kibirizi Health Center,Gisagara,2025-11-17,ACT,"ACT course (logistics unit, not a dose)",9,2,0,4.5
HC-GIS-03,Kibirizi Health Center,Gisagara,2025-11-17,RDT,RDT kit,31,3,0,10.33
HC-GIS-03,Kibirizi Health Center,Gisagara,2025-11-17,injectable_artesunate,"injectable artesunate vial (logistics unit, not a dose)",0,0,1,0.0
HC-GIS-03,Kibirizi Health Center,Gisagara,2025-11-24,ACT,"ACT course (logistics unit, not a dose)",8,0,0,52.0
HC-GIS-03,Kibirizi Health Center,Gisagara,2025-11-24,RDT,RDT kit,18,6,0,3.0
HC-GIS-03,Kibirizi Health Center,Gisagara,2025-11-24,injectable_artesunate,"injectable artesunate vial (logistics unit, not a dose)",3,0,0,52.0
HC-GIS-03,Kibirizi Health Center,Gisagara,2025-12-01,ACT,"ACT course (logistics unit, not a dose)",11,3,0,3.67
HC-GIS-03,Kibirizi Health Center,Gisagara,2025-12-01,RDT,RDT kit,47,4,0,11.75
HC-GIS-03,Kibirizi Health Center,Gisagara,2025-12-01,injectable_artesunate,"injectable artesunate vial (logistics unit, not a dose)",9,1,0,9.0
HC-GIS-03,Kibirizi Health Center,Gisagara,2025-12-08,ACT,"ACT course (logistics unit, not a dose)",8,1,0,8.0
HC-GIS-03,Kibirizi Health Center,Gisagara,2025-12-08,RDT,RDT kit,16,2,0,8.0
HC-GIS-03,Kibirizi Health Center,Gisagara,2025-12-08,injectable_artesunate,"injectable artesunate vial (logistics unit, not a dose)",5,0,0,52.0
HC-GIS-03,Kibirizi Health Center,Gisagara,2025-12-15,ACT,"ACT course (logistics unit, not a dose)",6,0,0,52.0
HC-GIS-03,Kibirizi Health Center,Gisagara,2025-12-15,RDT,RDT kit,16,3,0,5.33
HC-GIS-03,Kibirizi Health Center,Gisagara,2025-12-15,injectable_artesunate,"injectable artesunate vial (logistics unit, not a dose)",9,1,0,9.0
HC-GIS-03,Kibirizi Health Center,Gisagara,2025-12-22,ACT,"ACT course (logistics unit, not a dose)",11,1,0,11.0
HC-GIS-03,Kibirizi Health Center,Gisagara,2025-12-22,RDT,RDT kit,5,1,0,5.0
HC-GIS-03,Kibirizi Health Center,Gisagara,2025-12-22,injectable_artesunate,"injectable artesunate vial (logistics unit, not a dose)",9,1,0,9.0
HC-GIS-03,Kibirizi Health Center,Gisagara,2025-12-29,ACT,"ACT course (logistics unit, not a dose)",18,2,0,9.0
HC-GIS-03,Kibirizi Health Center,Gisagara,2025-12-29,RDT,RDT kit,10,3,0,3.33
HC-GIS-03,Kibirizi Health Center,Gisagara,2025-12-29,injectable_artesunate,"injectable artesunate vial (logistics unit, not a dose)",0,0,1,0.0
HC-GIS-03,Kibirizi Health Center,Gisagara,2026-01-05,ACT,"ACT course (logistics unit, not a dose)",12,0,0,52.0
HC-GIS-03,Kibirizi Health Center,Gisagara,2026-01-05,RDT,RDT kit,31,5,0,6.2
HC-GIS-03,Kibirizi Health Center,Gisagara,2026-01-05,injectable_artesunate,"injectable artesunate vial (logistics unit, not a dose)",4,0,0,52.0
HC-GIS-03,Kibirizi Health Center,Gisagara,2026-01-12,ACT,"ACT course (logistics unit, not a dose)",0,1,1,0.0
HC-GIS-03,Kibirizi Health Center,Gisagara,2026-01-12,RDT,RDT kit,9,2,0,4.5
HC-GIS-03,Kibirizi Health Center,Gisagara,2026-01-12,injectable_artesunate,"injectable artesunate vial (logistics unit, not a dose)",9,1,0,9.0
HC-GIS-03,Kibirizi Health Center,Gisagara,2026-01-19,ACT,"ACT course (logistics unit, not a dose)",0,3,1,0.0
HC-GIS-03,Kibirizi Health Center,Gisagara,2026-01-19,RDT,RDT kit,35,3,0,11.67
HC-GIS-03,Kibirizi Health Center,Gisagara,2026-01-19,injectable_artesunate,"injectable artesunate vial (logistics unit, not a dose)",1,0,0,52.0
HC-GIS-03,Kibirizi Health Center,Gisagara,2026-01-26,ACT,"ACT course (logistics unit, not a dose)",10,1,0,10.0
HC-GIS-03,Kibirizi Health Center,Gisagara,2026-01-26,RDT,RDT kit,12,1,0,12.0
HC-GIS-03,Kibirizi Health Center,Gisagara,2026-01-26,injectable_artesunate,"injectable artesunate vial (logistics unit, not a dose)",23,3,0,7.67
HC-GIS-03,Kibirizi Health Center,Gisagara,2026-02-02,ACT,"ACT course (logistics unit, not a dose)",9,0,0,52.0
HC-GIS-03,Kibirizi Health Center,Gisagara,2026-02-02,RDT,RDT kit,25,4,0,6.25
HC-GIS-03,Kibirizi Health Center,Gisagara,2026-02-02,injectable_artesunate,"injectable artesunate vial (logistics unit, not a dose)",9,0,0,52.0
HC-GIS-03,Kibirizi Health Center,Gisagara,2026-02-09,ACT,"ACT course (logistics unit, not a dose)",30,4,0,7.5
HC-GIS-03,Kibirizi Health Center,Gisagara,2026-02-09,RDT,RDT kit,17,2,0,8.5
HC-GIS-03,Kibirizi Health Center,Gisagara,2026-02-09,injectable_artesunate,"injectable artesunate vial (logistics unit, not a dose)",7,0,0,52.0
HC-GIS-03,Kibirizi Health Center,Gisagara,2026-02-16,ACT,"ACT course (logistics unit, not a dose)",1,1,0,1.0
HC-GIS-03,Kibirizi Health Center,Gisagara,2026-02-16,RDT,RDT kit,28,3,0,9.33
HC-GIS-03,Kibirizi Health Center,Gisagara,2026-02-16,injectable_artesunate,"injectable artesunate vial (logistics unit, not a dose)",0,0,1,0.0
HC-GIS-03,Kibirizi Health Center,Gisagara,2026-02-23,ACT,"ACT course (logistics unit, not a dose)",23,3,0,7.67
HC-GIS-03,Kibirizi Health Center,Gisagara,2026-02-23,RDT,RDT kit,40,4,0,10.0
HC-GIS-03,Kibirizi Health Center,Gisagara,2026-02-23,injectable_artesunate,"injectable artesunate vial (logistics unit, not a dose)",0,0,1,0.0
HC-GIS-03,Kibirizi Health Center,Gisagara,2026-03-02,ACT,"ACT course (logistics unit, not a dose)",6,1,0,6.0
HC-GIS-03,Kibirizi Health Center,Gisagara,2026-03-02,RDT,RDT kit,11,1,0,11.0
HC-GIS-03,Kibirizi Health Center,Gisagara,2026-03-02,injectable_artesunate,"injectable artesunate vial (logistics unit, not a dose)",9,0,0,52.0
HC-GIS-03,Kibirizi Health Center,Gisagara,2026-03-09,ACT,"ACT course (logistics unit, not a dose)",9,1,0,9.0
HC-GIS-03,Kibirizi Health Center,Gisagara,2026-03-09,RDT,RDT kit,13,3,0,4.33
HC-GIS-03,Kibirizi Health Center,Gisagara,2026-03-09,injectable_artesunate,"injectable artesunate vial (logistics unit, not a dose)",18,2,0,9.0
HC-GIS-03,Kibirizi Health Center,Gisagara,2026-03-16,ACT,"ACT course (logistics unit, not a dose)",31,3,0,10.33
HC-GIS-03,Kibirizi Health Center,Gisagara,2026-03-16,RDT,RDT kit,48,5,0,9.6
HC-GIS-03,Kibirizi Health Center,Gisagara,2026-03-16,injectable_artesunate,"injectable artesunate vial (logistics unit, not a dose)",0,4,1,0.0
HC-GIS-03,Kibirizi Health Center,Gisagara,2026-03-23,ACT,"ACT course (logistics unit, not a dose)",11,0,0,52.0
HC-GIS-03,Kibirizi Health Center,Gisagara,2026-03-23,RDT,RDT kit,3,1,0,3.0
HC-GIS-03,Kibirizi Health Center,Gisagara,2026-03-23,injectable_artesunate,"injectable artesunate vial (logistics unit, not a dose)",9,1,0,9.0
HC-GIS-03,Kibirizi Health Center,Gisagara,2026-03-30,ACT,"ACT course (logistics unit, not a dose)",7,2,0,3.5
HC-GIS-03,Kibirizi Health Center,Gisagara,2026-03-30,RDT,RDT kit,33,4,0,8.25
HC-GIS-03,Kibirizi Health Center,Gisagara,2026-03-30,injectable_artesunate,"injectable artesunate vial (logistics unit, not a dose)",4,0,0,52.0
HC-GIS-03,Kibirizi Health Center,Gisagara,2026-04-06,ACT,"ACT course (logistics unit, not a dose)",1,0,0,52.0
HC-GIS-03,Kibirizi Health Center,Gisagara,2026-04-06,RDT,RDT kit,34,3,0,11.33
HC-GIS-03,Kibirizi Health Center,Gisagara,2026-04-06,injectable_artesunate,"injectable artesunate vial (logistics unit, not a dose)",0,1,1,0.0
HC-GIS-03,Kibirizi Health Center,Gisagara,2026-04-13,ACT,"ACT course (logistics unit, not a dose)",1,0,0,52.0
HC-GIS-03,Kibirizi Health Center,Gisagara,2026-04-13,RDT,RDT kit,9,1,0,9.0
HC-GIS-03,Kibirizi Health Center,Gisagara,2026-04-13,injectable_artesunate,"injectable artesunate vial (logistics unit, not a dose)",12,0,0,52.0
HC-GIS-03,Kibirizi Health Center,Gisagara,2026-04-20,ACT,"ACT course (logistics unit, not a dose)",16,3,0,5.33
HC-GIS-03,Kibirizi Health Center,Gisagara,2026-04-20,RDT,RDT kit,44,4,0,11.0
HC-GIS-03,Kibirizi Health Center,Gisagara,2026-04-20,injectable_artesunate,"injectable artesunate vial (logistics unit, not a dose)",4,1,0,4.0
HC-GIS-03,Kibirizi Health Center,Gisagara,2026-04-27,ACT,"ACT course (logistics unit, not a dose)",10,1,0,10.0
HC-GIS-03,Kibirizi Health Center,Gisagara,2026-04-27,RDT,RDT kit,24,3,0,8.0
HC-GIS-03,Kibirizi Health Center,Gisagara,2026-04-27,injectable_artesunate,"injectable artesunate vial (logistics unit, not a dose)",0,0,1,0.0
HC-GIS-03,Kibirizi Health Center,Gisagara,2026-05-04,ACT,"ACT course (logistics unit, not a dose)",9,1,0,9.0
HC-GIS-03,Kibirizi Health Center,Gisagara,2026-05-04,RDT,RDT kit,6,5,0,1.2
HC-GIS-03,Kibirizi Health Center,Gisagara,2026-05-04,injectable_artesunate,"injectable artesunate vial (logistics unit, not a dose)",7,1,0,7.0
HC-GIS-03,Kibirizi Health Center,Gisagara,2026-05-11,ACT,"ACT course (logistics unit, not a dose)",4,0,0,52.0
HC-GIS-03,Kibirizi Health Center,Gisagara,2026-05-11,RDT,RDT kit,19,3,0,6.33
HC-GIS-03,Kibirizi Health Center,Gisagara,2026-05-11,injectable_artesunate,"injectable artesunate vial (logistics unit, not a dose)",6,0,0,52.0
HC-GIS-03,Kibirizi Health Center,Gisagara,2026-05-18,ACT,"ACT course (logistics unit, not a dose)",6,0,0,52.0
HC-GIS-03,Kibirizi Health Center,Gisagara,2026-05-18,RDT,RDT kit,24,4,0,6.0
HC-GIS-03,Kibirizi Health Center,Gisagara,2026-05-18,injectable_artesunate,"injectable artesunate vial (logistics unit, not a dose)",9,0,0,52.0
HC-GIS-03,Kibirizi Health Center,Gisagara,2026-05-25,ACT,"ACT course (logistics unit, not a dose)",11,2,0,5.5
HC-GIS-03,Kibirizi Health Center,Gisagara,2026-05-25,RDT,RDT kit,30,4,0,7.5
HC-GIS-03,Kibirizi Health Center,Gisagara,2026-05-25,injectable_artesunate,"injectable artesunate vial (logistics unit, not a dose)",10,0,0,52.0
HC-GIS-03,Kibirizi Health Center,Gisagara,2026-06-01,ACT,"ACT course (logistics unit, not a dose)",9,0,0,52.0
HC-GIS-03,Kibirizi Health Center,Gisagara,2026-06-01,RDT,RDT kit,22,2,0,11.0
HC-GIS-03,Kibirizi Health Center,Gisagara,2026-06-01,injectable_artesunate,"injectable artesunate vial (logistics unit, not a dose)",6,0,0,52.0
HC-GIS-03,Kibirizi Health Center,Gisagara,2026-06-08,ACT,"ACT course (logistics unit, not a dose)",19,2,0,9.5
HC-GIS-03,Kibirizi Health Center,Gisagara,2026-06-08,RDT,RDT kit,3,1,0,3.0
HC-GIS-03,Kibirizi Health Center,Gisagara,2026-06-08,injectable_artesunate,"injectable artesunate vial (logistics unit, not a dose)",9,0,0,52.0
HC-GIS-03,Kibirizi Health Center,Gisagara,2026-06-15,ACT,"ACT course (logistics unit, not a dose)",5,1,0,5.0
HC-GIS-03,Kibirizi Health Center,Gisagara,2026-06-15,RDT,RDT kit,5,1,0,5.0
HC-GIS-03,Kibirizi Health Center,Gisagara,2026-06-15,injectable_artesunate,"injectable artesunate vial (logistics unit, not a dose)",4,0,0,52.0
HC-GIS-03,Kibirizi Health Center,Gisagara,2026-06-22,ACT,"ACT course (logistics unit, not a dose)",11,0,0,52.0
HC-GIS-03,Kibirizi Health Center,Gisagara,2026-06-22,RDT,RDT kit,5,1,0,5.0
HC-GIS-03,Kibirizi Health Center,Gisagara,2026-06-22,injectable_artesunate,"injectable artesunate vial (logistics unit, not a dose)",5,0,0,52.0
HC-GIS-03,Kibirizi Health Center,Gisagara,2026-06-29,ACT,"ACT course (logistics unit, not a dose)",10,1,0,10.0
HC-GIS-03,Kibirizi Health Center,Gisagara,2026-06-29,RDT,RDT kit,11,3,0,3.67
HC-GIS-03,Kibirizi Health Center,Gisagara,2026-06-29,injectable_artesunate,"injectable artesunate vial (logistics unit, not a dose)",12,1,0,12.0
HC-GIS-03,Kibirizi Health Center,Gisagara,2026-07-06,ACT,"ACT course (logistics unit, not a dose)",4,0,0,52.0
HC-GIS-03,Kibirizi Health Center,Gisagara,2026-07-06,RDT,RDT kit,15,2,0,7.5
HC-GIS-03,Kibirizi Health Center,Gisagara,2026-07-06,injectable_artesunate,"injectable artesunate vial (logistics unit, not a dose)",12,0,0,52.0
HC-GIS-03,Kibirizi Health Center,Gisagara,2026-07-13,ACT,"ACT course (logistics unit, not a dose)",6,1,0,6.0
HC-GIS-03,Kibirizi Health Center,Gisagara,2026-07-13,RDT,RDT kit,11,2,0,5.5
HC-GIS-03,Kibirizi Health Center,Gisagara,2026-07-13,injectable_artesunate,"injectable artesunate vial (logistics unit, not a dose)",3,0,0,52.0
HC-GIS-03,Kibirizi Health Center,Gisagara,2026-07-20,ACT,"ACT course (logistics unit, not a dose)",12,0,0,52.0
HC-GIS-03,Kibirizi Health Center,Gisagara,2026-07-20,RDT,RDT kit,14,2,0,7.0
HC-GIS-03,Kibirizi Health Center,Gisagara,2026-07-20,injectable_artesunate,"injectable artesunate vial (logistics unit, not a dose)",7,0,0,52.0
HC-GIS-03,Kibirizi Health Center,Gisagara,2026-07-27,ACT,"ACT course (logistics unit, not a dose)",5,1,0,5.0
HC-GIS-03,Kibirizi Health Center,Gisagara,2026-07-27,RDT,RDT kit,11,3,0,3.67
HC-GIS-03,Kibirizi Health Center,Gisagara,2026-07-27,injectable_artesunate,"injectable artesunate vial (logistics unit, not a dose)",7,1,0,7.0
HC-GIS-03,Kibirizi Health Center,Gisagara,2026-08-03,ACT,"ACT course (logistics unit, not a dose)",13,3,0,4.33
HC-GIS-03,Kibirizi Health Center,Gisagara,2026-08-03,RDT,RDT kit,54,8,0,6.75
HC-GIS-03,Kibirizi Health Center,Gisagara,2026-08-03,injectable_artesunate,"injectable artesunate vial (logistics unit, not a dose)",0,3,1,0.0
HC-GIS-03,Kibirizi Health Center,Gisagara,2026-08-10,ACT,"ACT course (logistics unit, not a dose)",22,2,0,11.0
HC-GIS-03,Kibirizi Health Center,Gisagara,2026-08-10,RDT,RDT kit,55,5,0,11.0
HC-GIS-03,Kibirizi Health Center,Gisagara,2026-08-10,injectable_artesunate,"injectable artesunate vial (logistics unit, not a dose)",9,1,0,9.0
HC-GIS-03,Kibirizi Health Center,Gisagara,2026-08-17,ACT,"ACT course (logistics unit, not a dose)",11,0,0,52.0
HC-GIS-03,Kibirizi Health Center,Gisagara,2026-08-17,RDT,RDT kit,25,4,0,6.25
HC-GIS-03,Kibirizi Health Center,Gisagara,2026-08-17,injectable_artesunate,"injectable artesunate vial (logistics unit, not a dose)",4,1,0,4.0
HC-GIS-03,Kibirizi Health Center,Gisagara,2026-08-24,ACT,"ACT course (logistics unit, not a dose)",10,0,0,52.0
HC-GIS-03,Kibirizi Health Center,Gisagara,2026-08-24,RDT,RDT kit,6,1,0,6.0
HC-GIS-03,Kibirizi Health Center,Gisagara,2026-08-24,injectable_artesunate,"injectable artesunate vial (logistics unit, not a dose)",11,0,0,52.0
HC-GIS-03,Kibirizi Health Center,Gisagara,2026-08-31,ACT,"ACT course (logistics unit, not a dose)",1,0,0,52.0
HC-GIS-03,Kibirizi Health Center,Gisagara,2026-08-31,RDT,RDT kit,19,2,0,9.5
HC-GIS-03,Kibirizi Health Center,Gisagara,2026-08-31,injectable_artesunate,"injectable artesunate vial (logistics unit, not a dose)",3,0,0,52.0
HC-GIS-03,Kibirizi Health Center,Gisagara,2026-09-07,ACT,"ACT course (logistics unit, not a dose)",10,0,0,52.0
HC-GIS-03,Kibirizi Health Center,Gisagara,2026-09-07,RDT,RDT kit,44,4,0,11.0
HC-GIS-03,Kibirizi Health Center,Gisagara,2026-09-07,injectable_artesunate,"injectable artesunate vial (logistics unit, not a dose)",7,1,0,7.0
HC-GIS-03,Kibirizi Health Center,Gisagara,2026-09-14,ACT,"ACT course (logistics unit, not a dose)",0,1,1,0.0
HC-GIS-03,Kibirizi Health Center,Gisagara,2026-09-14,RDT,RDT kit,4,1,0,4.0
HC-GIS-03,Kibirizi Health Center,Gisagara,2026-09-14,injectable_artesunate,"injectable artesunate vial (logistics unit, not a dose)",7,1,0,7.0
HC-GIS-03,Kibirizi Health Center,Gisagara,2026-09-21,ACT,"ACT course (logistics unit, not a dose)",20,2,0,10.0
HC-GIS-03,Kibirizi Health Center,Gisagara,2026-09-21,RDT,RDT kit,8,2,0,4.0
HC-GIS-03,Kibirizi Health Center,Gisagara,2026-09-21,injectable_artesunate,"injectable artesunate vial (logistics unit, not a dose)",9,0,0,52.0
HC-GIS-03,Kibirizi Health Center,Gisagara,2026-09-28,ACT,"ACT course (logistics unit, not a dose)",12,1,0,12.0
HC-GIS-03,Kibirizi Health Center,Gisagara,2026-09-28,RDT,RDT kit,21,2,0,10.5
HC-GIS-03,Kibirizi Health Center,Gisagara,2026-09-28,injectable_artesunate,"injectable artesunate vial (logistics unit, not a dose)",10,1,0,10.0
HC-RUS-01,Kamembe Health Center,Rusizi,2024-09-30,ACT,"ACT course (logistics unit, not a dose)",8,0,0,52.0
HC-RUS-01,Kamembe Health Center,Rusizi,2024-09-30,RDT,RDT kit,10,2,0,5.0
HC-RUS-01,Kamembe Health Center,Rusizi,2024-09-30,injectable_artesunate,"injectable artesunate vial (logistics unit, not a dose)",11,2,0,5.5
HC-RUS-01,Kamembe Health Center,Rusizi,2024-10-07,ACT,"ACT course (logistics unit, not a dose)",4,0,0,52.0
HC-RUS-01,Kamembe Health Center,Rusizi,2024-10-07,RDT,RDT kit,46,5,0,9.2
HC-RUS-01,Kamembe Health Center,Rusizi,2024-10-07,injectable_artesunate,"injectable artesunate vial (logistics unit, not a dose)",4,1,0,4.0
HC-RUS-01,Kamembe Health Center,Rusizi,2024-10-14,ACT,"ACT course (logistics unit, not a dose)",7,1,0,7.0
HC-RUS-01,Kamembe Health Center,Rusizi,2024-10-14,RDT,RDT kit,7,1,0,7.0
HC-RUS-01,Kamembe Health Center,Rusizi,2024-10-14,injectable_artesunate,"injectable artesunate vial (logistics unit, not a dose)",11,0,0,52.0
HC-RUS-01,Kamembe Health Center,Rusizi,2024-10-21,ACT,"ACT course (logistics unit, not a dose)",6,0,0,52.0
HC-RUS-01,Kamembe Health Center,Rusizi,2024-10-21,RDT,RDT kit,10,1,0,10.0
HC-RUS-01,Kamembe Health Center,Rusizi,2024-10-21,injectable_artesunate,"injectable artesunate vial (logistics unit, not a dose)",9,0,0,52.0
HC-RUS-01,Kamembe Health Center,Rusizi,2024-10-28,ACT,"ACT course (logistics unit, not a dose)",0,4,1,0.0
HC-RUS-01,Kamembe Health Center,Rusizi,2024-10-28,RDT,RDT kit,10,0,0,52.0
HC-RUS-01,Kamembe Health Center,Rusizi,2024-10-28,injectable_artesunate,"injectable artesunate vial (logistics unit, not a dose)",0,0,1,0.0
HC-RUS-01,Kamembe Health Center,Rusizi,2024-11-04,ACT,"ACT course (logistics unit, not a dose)",7,0,0,52.0
HC-RUS-01,Kamembe Health Center,Rusizi,2024-11-04,RDT,RDT kit,19,2,0,9.5
HC-RUS-01,Kamembe Health Center,Rusizi,2024-11-04,injectable_artesunate,"injectable artesunate vial (logistics unit, not a dose)",8,0,0,52.0
HC-RUS-01,Kamembe Health Center,Rusizi,2024-11-11,ACT,"ACT course (logistics unit, not a dose)",11,1,0,11.0
HC-RUS-01,Kamembe Health Center,Rusizi,2024-11-11,RDT,RDT kit,7,1,0,7.0
HC-RUS-01,Kamembe Health Center,Rusizi,2024-11-11,injectable_artesunate,"injectable artesunate vial (logistics unit, not a dose)",12,1,0,12.0
HC-RUS-01,Kamembe Health Center,Rusizi,2024-11-18,ACT,"ACT course (logistics unit, not a dose)",10,1,0,10.0
HC-RUS-01,Kamembe Health Center,Rusizi,2024-11-18,RDT,RDT kit,19,4,0,4.75
HC-RUS-01,Kamembe Health Center,Rusizi,2024-11-18,injectable_artesunate,"injectable artesunate vial (logistics unit, not a dose)",6,0,0,52.0
HC-RUS-01,Kamembe Health Center,Rusizi,2024-11-25,ACT,"ACT course (logistics unit, not a dose)",0,1,1,0.0
HC-RUS-01,Kamembe Health Center,Rusizi,2024-11-25,RDT,RDT kit,26,4,0,6.5
HC-RUS-01,Kamembe Health Center,Rusizi,2024-11-25,injectable_artesunate,"injectable artesunate vial (logistics unit, not a dose)",11,1,0,11.0
HC-RUS-01,Kamembe Health Center,Rusizi,2024-12-02,ACT,"ACT course (logistics unit, not a dose)",5,1,0,5.0
HC-RUS-01,Kamembe Health Center,Rusizi,2024-12-02,RDT,RDT kit,48,4,0,12.0
HC-RUS-01,Kamembe Health Center,Rusizi,2024-12-02,injectable_artesunate,"injectable artesunate vial (logistics unit, not a dose)",6,0,0,52.0
HC-RUS-01,Kamembe Health Center,Rusizi,2024-12-09,ACT,"ACT course (logistics unit, not a dose)",21,2,0,10.5
HC-RUS-01,Kamembe Health Center,Rusizi,2024-12-09,RDT,RDT kit,17,2,0,8.5
HC-RUS-01,Kamembe Health Center,Rusizi,2024-12-09,injectable_artesunate,"injectable artesunate vial (logistics unit, not a dose)",6,0,0,52.0
HC-RUS-01,Kamembe Health Center,Rusizi,2024-12-16,ACT,"ACT course (logistics unit, not a dose)",5,0,0,52.0
HC-RUS-01,Kamembe Health Center,Rusizi,2024-12-16,RDT,RDT kit,7,1,0,7.0
HC-RUS-01,Kamembe Health Center,Rusizi,2024-12-16,injectable_artesunate,"injectable artesunate vial (logistics unit, not a dose)",3,1,0,3.0
HC-RUS-01,Kamembe Health Center,Rusizi,2024-12-23,ACT,"ACT course (logistics unit, not a dose)",3,1,0,3.0
HC-RUS-01,Kamembe Health Center,Rusizi,2024-12-23,RDT,RDT kit,47,4,0,11.75
HC-RUS-01,Kamembe Health Center,Rusizi,2024-12-23,injectable_artesunate,"injectable artesunate vial (logistics unit, not a dose)",4,1,0,4.0
HC-RUS-01,Kamembe Health Center,Rusizi,2024-12-30,ACT,"ACT course (logistics unit, not a dose)",19,2,0,9.5
HC-RUS-01,Kamembe Health Center,Rusizi,2024-12-30,RDT,RDT kit,0,1,1,0.0
HC-RUS-01,Kamembe Health Center,Rusizi,2024-12-30,injectable_artesunate,"injectable artesunate vial (logistics unit, not a dose)",6,0,0,52.0
HC-RUS-01,Kamembe Health Center,Rusizi,2025-01-06,ACT,"ACT course (logistics unit, not a dose)",0,4,1,0.0
HC-RUS-01,Kamembe Health Center,Rusizi,2025-01-06,RDT,RDT kit,16,3,0,5.33
HC-RUS-01,Kamembe Health Center,Rusizi,2025-01-06,injectable_artesunate,"injectable artesunate vial (logistics unit, not a dose)",9,0,0,52.0
HC-RUS-01,Kamembe Health Center,Rusizi,2025-01-13,ACT,"ACT course (logistics unit, not a dose)",17,2,0,8.5
HC-RUS-01,Kamembe Health Center,Rusizi,2025-01-13,RDT,RDT kit,24,3,0,8.0
HC-RUS-01,Kamembe Health Center,Rusizi,2025-01-13,injectable_artesunate,"injectable artesunate vial (logistics unit, not a dose)",5,0,0,52.0
HC-RUS-01,Kamembe Health Center,Rusizi,2025-01-20,ACT,"ACT course (logistics unit, not a dose)",7,0,0,52.0
HC-RUS-01,Kamembe Health Center,Rusizi,2025-01-20,RDT,RDT kit,11,1,0,11.0
HC-RUS-01,Kamembe Health Center,Rusizi,2025-01-20,injectable_artesunate,"injectable artesunate vial (logistics unit, not a dose)",1,0,0,52.0
HC-RUS-01,Kamembe Health Center,Rusizi,2025-01-27,ACT,"ACT course (logistics unit, not a dose)",9,1,0,9.0
HC-RUS-01,Kamembe Health Center,Rusizi,2025-01-27,RDT,RDT kit,12,1,0,12.0
HC-RUS-01,Kamembe Health Center,Rusizi,2025-01-27,injectable_artesunate,"injectable artesunate vial (logistics unit, not a dose)",4,1,0,4.0
HC-RUS-01,Kamembe Health Center,Rusizi,2025-02-03,ACT,"ACT course (logistics unit, not a dose)",0,0,1,0.0
HC-RUS-01,Kamembe Health Center,Rusizi,2025-02-03,RDT,RDT kit,24,3,0,8.0
HC-RUS-01,Kamembe Health Center,Rusizi,2025-02-03,injectable_artesunate,"injectable artesunate vial (logistics unit, not a dose)",1,0,0,52.0
HC-RUS-01,Kamembe Health Center,Rusizi,2025-02-10,ACT,"ACT course (logistics unit, not a dose)",23,2,0,11.5
HC-RUS-01,Kamembe Health Center,Rusizi,2025-02-10,RDT,RDT kit,20,2,0,10.0
HC-RUS-01,Kamembe Health Center,Rusizi,2025-02-10,injectable_artesunate,"injectable artesunate vial (logistics unit, not a dose)",12,0,0,52.0
HC-RUS-01,Kamembe Health Center,Rusizi,2025-02-17,ACT,"ACT course (logistics unit, not a dose)",11,1,0,11.0
HC-RUS-01,Kamembe Health Center,Rusizi,2025-02-17,RDT,RDT kit,15,4,0,3.75
HC-RUS-01,Kamembe Health Center,Rusizi,2025-02-17,injectable_artesunate,"injectable artesunate vial (logistics unit, not a dose)",4,0,0,52.0
HC-RUS-01,Kamembe Health Center,Rusizi,2025-02-24,ACT,"ACT course (logistics unit, not a dose)",8,0,0,52.0
HC-RUS-01,Kamembe Health Center,Rusizi,2025-02-24,RDT,RDT kit,35,4,0,8.75
HC-RUS-01,Kamembe Health Center,Rusizi,2025-02-24,injectable_artesunate,"injectable artesunate vial (logistics unit, not a dose)",6,0,0,52.0
HC-RUS-01,Kamembe Health Center,Rusizi,2025-03-03,ACT,"ACT course (logistics unit, not a dose)",0,1,1,0.0
HC-RUS-01,Kamembe Health Center,Rusizi,2025-03-03,RDT,RDT kit,4,1,0,4.0
HC-RUS-01,Kamembe Health Center,Rusizi,2025-03-03,injectable_artesunate,"injectable artesunate vial (logistics unit, not a dose)",4,1,0,4.0
HC-RUS-01,Kamembe Health Center,Rusizi,2025-03-10,ACT,"ACT course (logistics unit, not a dose)",6,1,0,6.0
HC-RUS-01,Kamembe Health Center,Rusizi,2025-03-10,RDT,RDT kit,9,2,0,4.5
HC-RUS-01,Kamembe Health Center,Rusizi,2025-03-10,injectable_artesunate,"injectable artesunate vial (logistics unit, not a dose)",6,0,0,52.0
HC-RUS-01,Kamembe Health Center,Rusizi,2025-03-17,ACT,"ACT course (logistics unit, not a dose)",11,0,0,52.0
HC-RUS-01,Kamembe Health Center,Rusizi,2025-03-17,RDT,RDT kit,17,2,0,8.5
HC-RUS-01,Kamembe Health Center,Rusizi,2025-03-17,injectable_artesunate,"injectable artesunate vial (logistics unit, not a dose)",3,1,0,3.0
HC-RUS-01,Kamembe Health Center,Rusizi,2025-03-24,ACT,"ACT course (logistics unit, not a dose)",4,1,0,4.0
HC-RUS-01,Kamembe Health Center,Rusizi,2025-03-24,RDT,RDT kit,11,0,0,52.0
HC-RUS-01,Kamembe Health Center,Rusizi,2025-03-24,injectable_artesunate,"injectable artesunate vial (logistics unit, not a dose)",6,0,0,52.0
HC-RUS-01,Kamembe Health Center,Rusizi,2025-03-31,ACT,"ACT course (logistics unit, not a dose)",10,0,0,52.0
HC-RUS-01,Kamembe Health Center,Rusizi,2025-03-31,RDT,RDT kit,15,3,0,5.0
HC-RUS-01,Kamembe Health Center,Rusizi,2025-03-31,injectable_artesunate,"injectable artesunate vial (logistics unit, not a dose)",7,0,0,52.0
HC-RUS-01,Kamembe Health Center,Rusizi,2025-04-07,ACT,"ACT course (logistics unit, not a dose)",11,3,0,3.67
HC-RUS-01,Kamembe Health Center,Rusizi,2025-04-07,RDT,RDT kit,6,1,0,6.0
HC-RUS-01,Kamembe Health Center,Rusizi,2025-04-07,injectable_artesunate,"injectable artesunate vial (logistics unit, not a dose)",4,0,0,52.0
HC-RUS-01,Kamembe Health Center,Rusizi,2025-04-14,ACT,"ACT course (logistics unit, not a dose)",11,1,0,11.0
HC-RUS-01,Kamembe Health Center,Rusizi,2025-04-14,RDT,RDT kit,6,1,0,6.0
HC-RUS-01,Kamembe Health Center,Rusizi,2025-04-14,injectable_artesunate,"injectable artesunate vial (logistics unit, not a dose)",7,0,0,52.0
HC-RUS-01,Kamembe Health Center,Rusizi,2025-04-21,ACT,"ACT course (logistics unit, not a dose)",1,0,0,52.0
HC-RUS-01,Kamembe Health Center,Rusizi,2025-04-21,RDT,RDT kit,46,5,0,9.2
HC-RUS-01,Kamembe Health Center,Rusizi,2025-04-21,injectable_artesunate,"injectable artesunate vial (logistics unit, not a dose)",0,0,1,0.0
HC-RUS-01,Kamembe Health Center,Rusizi,2025-04-28,ACT,"ACT course (logistics unit, not a dose)",17,3,0,5.67
HC-RUS-01,Kamembe Health Center,Rusizi,2025-04-28,RDT,RDT kit,22,2,0,11.0
HC-RUS-01,Kamembe Health Center,Rusizi,2025-04-28,injectable_artesunate,"injectable artesunate vial (logistics unit, not a dose)",1,0,0,52.0
HC-RUS-01,Kamembe Health Center,Rusizi,2025-05-05,ACT,"ACT course (logistics unit, not a dose)",13,2,0,6.5
HC-RUS-01,Kamembe Health Center,Rusizi,2025-05-05,RDT,RDT kit,26,4,0,6.5
HC-RUS-01,Kamembe Health Center,Rusizi,2025-05-05,injectable_artesunate,"injectable artesunate vial (logistics unit, not a dose)",9,1,0,9.0
HC-RUS-01,Kamembe Health Center,Rusizi,2025-05-12,ACT,"ACT course (logistics unit, not a dose)",8,0,0,52.0
HC-RUS-01,Kamembe Health Center,Rusizi,2025-05-12,RDT,RDT kit,6,0,0,52.0
HC-RUS-01,Kamembe Health Center,Rusizi,2025-05-12,injectable_artesunate,"injectable artesunate vial (logistics unit, not a dose)",1,0,0,52.0
HC-RUS-01,Kamembe Health Center,Rusizi,2025-05-19,ACT,"ACT course (logistics unit, not a dose)",0,0,1,0.0
HC-RUS-01,Kamembe Health Center,Rusizi,2025-05-19,RDT,RDT kit,23,3,0,7.67
HC-RUS-01,Kamembe Health Center,Rusizi,2025-05-19,injectable_artesunate,"injectable artesunate vial (logistics unit, not a dose)",10,0,0,52.0
HC-RUS-01,Kamembe Health Center,Rusizi,2025-05-26,ACT,"ACT course (logistics unit, not a dose)",9,0,0,52.0
HC-RUS-01,Kamembe Health Center,Rusizi,2025-05-26,RDT,RDT kit,13,2,0,6.5
HC-RUS-01,Kamembe Health Center,Rusizi,2025-05-26,injectable_artesunate,"injectable artesunate vial (logistics unit, not a dose)",4,1,0,4.0
HC-RUS-01,Kamembe Health Center,Rusizi,2025-06-02,ACT,"ACT course (logistics unit, not a dose)",6,1,0,6.0
HC-RUS-01,Kamembe Health Center,Rusizi,2025-06-02,RDT,RDT kit,1,0,0,52.0
HC-RUS-01,Kamembe Health Center,Rusizi,2025-06-02,injectable_artesunate,"injectable artesunate vial (logistics unit, not a dose)",5,0,0,52.0
HC-RUS-01,Kamembe Health Center,Rusizi,2025-06-09,ACT,"ACT course (logistics unit, not a dose)",10,2,0,5.0
HC-RUS-01,Kamembe Health Center,Rusizi,2025-06-09,RDT,RDT kit,15,3,0,5.0
HC-RUS-01,Kamembe Health Center,Rusizi,2025-06-09,injectable_artesunate,"injectable artesunate vial (logistics unit, not a dose)",10,0,0,52.0
HC-RUS-01,Kamembe Health Center,Rusizi,2025-06-16,ACT,"ACT course (logistics unit, not a dose)",9,0,0,52.0
HC-RUS-01,Kamembe Health Center,Rusizi,2025-06-16,RDT,RDT kit,8,0,0,52.0
HC-RUS-01,Kamembe Health Center,Rusizi,2025-06-16,injectable_artesunate,"injectable artesunate vial (logistics unit, not a dose)",5,1,0,5.0
HC-RUS-01,Kamembe Health Center,Rusizi,2025-06-23,ACT,"ACT course (logistics unit, not a dose)",11,1,0,11.0
HC-RUS-01,Kamembe Health Center,Rusizi,2025-06-23,RDT,RDT kit,12,1,0,12.0
HC-RUS-01,Kamembe Health Center,Rusizi,2025-06-23,injectable_artesunate,"injectable artesunate vial (logistics unit, not a dose)",9,0,0,52.0
HC-RUS-01,Kamembe Health Center,Rusizi,2025-06-30,ACT,"ACT course (logistics unit, not a dose)",1,0,0,52.0
HC-RUS-01,Kamembe Health Center,Rusizi,2025-06-30,RDT,RDT kit,11,0,0,52.0
HC-RUS-01,Kamembe Health Center,Rusizi,2025-06-30,injectable_artesunate,"injectable artesunate vial (logistics unit, not a dose)",7,0,0,52.0
HC-RUS-01,Kamembe Health Center,Rusizi,2025-07-07,ACT,"ACT course (logistics unit, not a dose)",9,1,0,9.0
HC-RUS-01,Kamembe Health Center,Rusizi,2025-07-07,RDT,RDT kit,1,0,0,52.0
HC-RUS-01,Kamembe Health Center,Rusizi,2025-07-07,injectable_artesunate,"injectable artesunate vial (logistics unit, not a dose)",3,0,0,52.0
HC-RUS-01,Kamembe Health Center,Rusizi,2025-07-14,ACT,"ACT course (logistics unit, not a dose)",13,2,0,6.5
HC-RUS-01,Kamembe Health Center,Rusizi,2025-07-14,RDT,RDT kit,3,0,0,52.0
HC-RUS-01,Kamembe Health Center,Rusizi,2025-07-14,injectable_artesunate,"injectable artesunate vial (logistics unit, not a dose)",1,0,0,52.0
HC-RUS-01,Kamembe Health Center,Rusizi,2025-07-21,ACT,"ACT course (logistics unit, not a dose)",18,2,0,9.0
HC-RUS-01,Kamembe Health Center,Rusizi,2025-07-21,RDT,RDT kit,8,1,0,8.0
HC-RUS-01,Kamembe Health Center,Rusizi,2025-07-21,injectable_artesunate,"injectable artesunate vial (logistics unit, not a dose)",0,1,1,0.0
HC-RUS-01,Kamembe Health Center,Rusizi,2025-07-28,ACT,"ACT course (logistics unit, not a dose)",11,1,0,11.0
HC-RUS-01,Kamembe Health Center,Rusizi,2025-07-28,RDT,RDT kit,2,2,0,1.0
HC-RUS-01,Kamembe Health Center,Rusizi,2025-07-28,injectable_artesunate,"injectable artesunate vial (logistics unit, not a dose)",5,0,0,52.0
HC-RUS-01,Kamembe Health Center,Rusizi,2025-08-04,ACT,"ACT course (logistics unit, not a dose)",4,0,0,52.0
HC-RUS-01,Kamembe Health Center,Rusizi,2025-08-04,RDT,RDT kit,5,0,0,52.0
HC-RUS-01,Kamembe Health Center,Rusizi,2025-08-04,injectable_artesunate,"injectable artesunate vial (logistics unit, not a dose)",10,0,0,52.0
HC-RUS-01,Kamembe Health Center,Rusizi,2025-08-11,ACT,"ACT course (logistics unit, not a dose)",0,1,1,0.0
HC-RUS-01,Kamembe Health Center,Rusizi,2025-08-11,RDT,RDT kit,0,1,1,0.0
HC-RUS-01,Kamembe Health Center,Rusizi,2025-08-11,injectable_artesunate,"injectable artesunate vial (logistics unit, not a dose)",9,0,0,52.0
HC-RUS-01,Kamembe Health Center,Rusizi,2025-08-18,ACT,"ACT course (logistics unit, not a dose)",26,3,0,8.67
HC-RUS-01,Kamembe Health Center,Rusizi,2025-08-18,RDT,RDT kit,5,0,0,52.0
HC-RUS-01,Kamembe Health Center,Rusizi,2025-08-18,injectable_artesunate,"injectable artesunate vial (logistics unit, not a dose)",1,1,0,1.0
HC-RUS-01,Kamembe Health Center,Rusizi,2025-08-25,ACT,"ACT course (logistics unit, not a dose)",6,2,0,3.0
HC-RUS-01,Kamembe Health Center,Rusizi,2025-08-25,RDT,RDT kit,23,2,0,11.5
HC-RUS-01,Kamembe Health Center,Rusizi,2025-08-25,injectable_artesunate,"injectable artesunate vial (logistics unit, not a dose)",8,0,0,52.0
HC-RUS-01,Kamembe Health Center,Rusizi,2025-09-01,ACT,"ACT course (logistics unit, not a dose)",8,0,0,52.0
HC-RUS-01,Kamembe Health Center,Rusizi,2025-09-01,RDT,RDT kit,16,2,0,8.0
HC-RUS-01,Kamembe Health Center,Rusizi,2025-09-01,injectable_artesunate,"injectable artesunate vial (logistics unit, not a dose)",9,0,0,52.0
HC-RUS-01,Kamembe Health Center,Rusizi,2025-09-08,ACT,"ACT course (logistics unit, not a dose)",8,1,0,8.0
HC-RUS-01,Kamembe Health Center,Rusizi,2025-09-08,RDT,RDT kit,25,3,0,8.33
HC-RUS-01,Kamembe Health Center,Rusizi,2025-09-08,injectable_artesunate,"injectable artesunate vial (logistics unit, not a dose)",8,0,0,52.0
HC-RUS-01,Kamembe Health Center,Rusizi,2025-09-15,ACT,"ACT course (logistics unit, not a dose)",0,1,1,0.0
HC-RUS-01,Kamembe Health Center,Rusizi,2025-09-15,RDT,RDT kit,9,3,0,3.0
HC-RUS-01,Kamembe Health Center,Rusizi,2025-09-15,injectable_artesunate,"injectable artesunate vial (logistics unit, not a dose)",4,0,0,52.0
HC-RUS-01,Kamembe Health Center,Rusizi,2025-09-22,ACT,"ACT course (logistics unit, not a dose)",2,3,0,0.67
HC-RUS-01,Kamembe Health Center,Rusizi,2025-09-22,RDT,RDT kit,4,1,0,4.0
HC-RUS-01,Kamembe Health Center,Rusizi,2025-09-22,injectable_artesunate,"injectable artesunate vial (logistics unit, not a dose)",12,0,0,52.0
HC-RUS-01,Kamembe Health Center,Rusizi,2025-09-29,ACT,"ACT course (logistics unit, not a dose)",12,1,0,12.0
HC-RUS-01,Kamembe Health Center,Rusizi,2025-09-29,RDT,RDT kit,23,3,0,7.67
HC-RUS-01,Kamembe Health Center,Rusizi,2025-09-29,injectable_artesunate,"injectable artesunate vial (logistics unit, not a dose)",0,1,1,0.0
HC-RUS-01,Kamembe Health Center,Rusizi,2025-10-06,ACT,"ACT course (logistics unit, not a dose)",4,1,0,4.0
HC-RUS-01,Kamembe Health Center,Rusizi,2025-10-06,RDT,RDT kit,11,2,0,5.5
HC-RUS-01,Kamembe Health Center,Rusizi,2025-10-06,injectable_artesunate,"injectable artesunate vial (logistics unit, not a dose)",7,0,0,52.0
HC-RUS-01,Kamembe Health Center,Rusizi,2025-10-13,ACT,"ACT course (logistics unit, not a dose)",9,1,0,9.0
HC-RUS-01,Kamembe Health Center,Rusizi,2025-10-13,RDT,RDT kit,5,1,0,5.0
HC-RUS-01,Kamembe Health Center,Rusizi,2025-10-13,injectable_artesunate,"injectable artesunate vial (logistics unit, not a dose)",20,3,0,6.67
HC-RUS-01,Kamembe Health Center,Rusizi,2025-10-20,ACT,"ACT course (logistics unit, not a dose)",7,0,0,52.0
HC-RUS-01,Kamembe Health Center,Rusizi,2025-10-20,RDT,RDT kit,22,4,0,5.5
HC-RUS-01,Kamembe Health Center,Rusizi,2025-10-20,injectable_artesunate,"injectable artesunate vial (logistics unit, not a dose)",0,1,1,0.0
HC-RUS-01,Kamembe Health Center,Rusizi,2025-10-27,ACT,"ACT course (logistics unit, not a dose)",8,1,0,8.0
HC-RUS-01,Kamembe Health Center,Rusizi,2025-10-27,RDT,RDT kit,23,2,0,11.5
HC-RUS-01,Kamembe Health Center,Rusizi,2025-10-27,injectable_artesunate,"injectable artesunate vial (logistics unit, not a dose)",3,0,0,52.0
HC-RUS-01,Kamembe Health Center,Rusizi,2025-11-03,ACT,"ACT course (logistics unit, not a dose)",5,0,0,52.0
HC-RUS-01,Kamembe Health Center,Rusizi,2025-11-03,RDT,RDT kit,6,1,0,6.0
HC-RUS-01,Kamembe Health Center,Rusizi,2025-11-03,injectable_artesunate,"injectable artesunate vial (logistics unit, not a dose)",4,0,0,52.0
HC-RUS-01,Kamembe Health Center,Rusizi,2025-11-10,ACT,"ACT course (logistics unit, not a dose)",22,3,0,7.33
HC-RUS-01,Kamembe Health Center,Rusizi,2025-11-10,RDT,RDT kit,34,3,0,11.33
HC-RUS-01,Kamembe Health Center,Rusizi,2025-11-10,injectable_artesunate,"injectable artesunate vial (logistics unit, not a dose)",3,0,0,52.0
HC-RUS-01,Kamembe Health Center,Rusizi,2025-11-17,ACT,"ACT course (logistics unit, not a dose)",22,2,0,11.0
HC-RUS-01,Kamembe Health Center,Rusizi,2025-11-17,RDT,RDT kit,0,2,1,0.0
HC-RUS-01,Kamembe Health Center,Rusizi,2025-11-17,injectable_artesunate,"injectable artesunate vial (logistics unit, not a dose)",3,0,0,52.0
HC-RUS-01,Kamembe Health Center,Rusizi,2025-11-24,ACT,"ACT course (logistics unit, not a dose)",8,1,0,8.0
HC-RUS-01,Kamembe Health Center,Rusizi,2025-11-24,RDT,RDT kit,5,0,0,52.0
HC-RUS-01,Kamembe Health Center,Rusizi,2025-11-24,injectable_artesunate,"injectable artesunate vial (logistics unit, not a dose)",12,2,0,6.0
HC-RUS-01,Kamembe Health Center,Rusizi,2025-12-01,ACT,"ACT course (logistics unit, not a dose)",8,1,0,8.0
HC-RUS-01,Kamembe Health Center,Rusizi,2025-12-01,RDT,RDT kit,8,2,0,4.0
HC-RUS-01,Kamembe Health Center,Rusizi,2025-12-01,injectable_artesunate,"injectable artesunate vial (logistics unit, not a dose)",5,0,0,52.0
HC-RUS-01,Kamembe Health Center,Rusizi,2025-12-08,ACT,"ACT course (logistics unit, not a dose)",8,1,0,8.0
HC-RUS-01,Kamembe Health Center,Rusizi,2025-12-08,RDT,RDT kit,21,3,0,7.0
HC-RUS-01,Kamembe Health Center,Rusizi,2025-12-08,injectable_artesunate,"injectable artesunate vial (logistics unit, not a dose)",6,0,0,52.0
HC-RUS-01,Kamembe Health Center,Rusizi,2025-12-15,ACT,"ACT course (logistics unit, not a dose)",9,1,0,9.0
HC-RUS-01,Kamembe Health Center,Rusizi,2025-12-15,RDT,RDT kit,0,0,1,0.0
HC-RUS-01,Kamembe Health Center,Rusizi,2025-12-15,injectable_artesunate,"injectable artesunate vial (logistics unit, not a dose)",8,0,0,52.0
HC-RUS-01,Kamembe Health Center,Rusizi,2025-12-22,ACT,"ACT course (logistics unit, not a dose)",3,1,0,3.0
HC-RUS-01,Kamembe Health Center,Rusizi,2025-12-22,RDT,RDT kit,40,4,0,10.0
HC-RUS-01,Kamembe Health Center,Rusizi,2025-12-22,injectable_artesunate,"injectable artesunate vial (logistics unit, not a dose)",1,0,0,52.0
HC-RUS-01,Kamembe Health Center,Rusizi,2025-12-29,ACT,"ACT course (logistics unit, not a dose)",11,1,0,11.0
HC-RUS-01,Kamembe Health Center,Rusizi,2025-12-29,RDT,RDT kit,33,3,0,11.0
HC-RUS-01,Kamembe Health Center,Rusizi,2025-12-29,injectable_artesunate,"injectable artesunate vial (logistics unit, not a dose)",11,0,0,52.0
HC-RUS-01,Kamembe Health Center,Rusizi,2026-01-05,ACT,"ACT course (logistics unit, not a dose)",0,1,1,0.0
HC-RUS-01,Kamembe Health Center,Rusizi,2026-01-05,RDT,RDT kit,11,1,0,11.0
HC-RUS-01,Kamembe Health Center,Rusizi,2026-01-05,injectable_artesunate,"injectable artesunate vial (logistics unit, not a dose)",7,0,0,52.0
HC-RUS-01,Kamembe Health Center,Rusizi,2026-01-12,ACT,"ACT course (logistics unit, not a dose)",0,2,1,0.0
HC-RUS-01,Kamembe Health Center,Rusizi,2026-01-12,RDT,RDT kit,18,2,0,9.0
HC-RUS-01,Kamembe Health Center,Rusizi,2026-01-12,injectable_artesunate,"injectable artesunate vial (logistics unit, not a dose)",9,1,0,9.0
HC-RUS-01,Kamembe Health Center,Rusizi,2026-01-19,ACT,"ACT course (logistics unit, not a dose)",12,1,0,12.0
HC-RUS-01,Kamembe Health Center,Rusizi,2026-01-19,RDT,RDT kit,11,2,0,5.5
HC-RUS-01,Kamembe Health Center,Rusizi,2026-01-19,injectable_artesunate,"injectable artesunate vial (logistics unit, not a dose)",5,0,0,52.0
HC-RUS-01,Kamembe Health Center,Rusizi,2026-01-26,ACT,"ACT course (logistics unit, not a dose)",10,2,0,5.0
HC-RUS-01,Kamembe Health Center,Rusizi,2026-01-26,RDT,RDT kit,6,0,0,52.0
HC-RUS-01,Kamembe Health Center,Rusizi,2026-01-26,injectable_artesunate,"injectable artesunate vial (logistics unit, not a dose)",9,0,0,52.0
HC-RUS-01,Kamembe Health Center,Rusizi,2026-02-02,ACT,"ACT course (logistics unit, not a dose)",6,0,0,52.0
HC-RUS-01,Kamembe Health Center,Rusizi,2026-02-02,RDT,RDT kit,10,2,0,5.0
HC-RUS-01,Kamembe Health Center,Rusizi,2026-02-02,injectable_artesunate,"injectable artesunate vial (logistics unit, not a dose)",8,0,0,52.0
HC-RUS-01,Kamembe Health Center,Rusizi,2026-02-09,ACT,"ACT course (logistics unit, not a dose)",22,4,0,5.5
HC-RUS-01,Kamembe Health Center,Rusizi,2026-02-09,RDT,RDT kit,21,4,0,5.25
HC-RUS-01,Kamembe Health Center,Rusizi,2026-02-09,injectable_artesunate,"injectable artesunate vial (logistics unit, not a dose)",1,0,0,52.0
HC-RUS-01,Kamembe Health Center,Rusizi,2026-02-16,ACT,"ACT course (logistics unit, not a dose)",11,0,0,52.0
HC-RUS-01,Kamembe Health Center,Rusizi,2026-02-16,RDT,RDT kit,24,6,0,4.0
HC-RUS-01,Kamembe Health Center,Rusizi,2026-02-16,injectable_artesunate,"injectable artesunate vial (logistics unit, not a dose)",7,0,0,52.0
HC-RUS-01,Kamembe Health Center,Rusizi,2026-02-23,ACT,"ACT course (logistics unit, not a dose)",2,2,0,1.0
HC-RUS-01,Kamembe Health Center,Rusizi,2026-02-23,RDT,RDT kit,5,0,0,52.0
HC-RUS-01,Kamembe Health Center,Rusizi,2026-02-23,injectable_artesunate,"injectable artesunate vial (logistics unit, not a dose)",7,1,0,7.0
HC-RUS-01,Kamembe Health Center,Rusizi,2026-03-02,ACT,"ACT course (logistics unit, not a dose)",32,4,0,8.0
HC-RUS-01,Kamembe Health Center,Rusizi,2026-03-02,RDT,RDT kit,10,1,0,10.0
HC-RUS-01,Kamembe Health Center,Rusizi,2026-03-02,injectable_artesunate,"injectable artesunate vial (logistics unit, not a dose)",9,0,0,52.0
HC-RUS-01,Kamembe Health Center,Rusizi,2026-03-09,ACT,"ACT course (logistics unit, not a dose)",9,1,0,9.0
HC-RUS-01,Kamembe Health Center,Rusizi,2026-03-09,RDT,RDT kit,34,3,0,11.33
HC-RUS-01,Kamembe Health Center,Rusizi,2026-03-09,injectable_artesunate,"injectable artesunate vial (logistics unit, not a dose)",15,2,0,7.5
HC-RUS-01,Kamembe Health Center,Rusizi,2026-03-16,ACT,"ACT course (logistics unit, not a dose)",1,1,0,1.0
HC-RUS-01,Kamembe Health Center,Rusizi,2026-03-16,RDT,RDT kit,12,3,0,4.0
HC-RUS-01,Kamembe Health Center,Rusizi,2026-03-16,injectable_artesunate,"injectable artesunate vial (logistics unit, not a dose)",4,0,0,52.0
HC-RUS-01,Kamembe Health Center,Rusizi,2026-03-23,ACT,"ACT course (logistics unit, not a dose)",28,3,0,9.33
HC-RUS-01,Kamembe Health Center,Rusizi,2026-03-23,RDT,RDT kit,25,3,0,8.33
HC-RUS-01,Kamembe Health Center,Rusizi,2026-03-23,injectable_artesunate,"injectable artesunate vial (logistics unit, not a dose)",0,0,1,0.0
HC-RUS-01,Kamembe Health Center,Rusizi,2026-03-30,ACT,"ACT course (logistics unit, not a dose)",5,1,0,5.0
HC-RUS-01,Kamembe Health Center,Rusizi,2026-03-30,RDT,RDT kit,33,6,0,5.5
HC-RUS-01,Kamembe Health Center,Rusizi,2026-03-30,injectable_artesunate,"injectable artesunate vial (logistics unit, not a dose)",4,1,0,4.0
HC-RUS-01,Kamembe Health Center,Rusizi,2026-04-06,ACT,"ACT course (logistics unit, not a dose)",12,2,0,6.0
HC-RUS-01,Kamembe Health Center,Rusizi,2026-04-06,RDT,RDT kit,11,2,0,5.5
HC-RUS-01,Kamembe Health Center,Rusizi,2026-04-06,injectable_artesunate,"injectable artesunate vial (logistics unit, not a dose)",11,0,0,52.0
HC-RUS-01,Kamembe Health Center,Rusizi,2026-04-13,ACT,"ACT course (logistics unit, not a dose)",6,0,0,52.0
HC-RUS-01,Kamembe Health Center,Rusizi,2026-04-13,RDT,RDT kit,51,5,0,10.2
HC-RUS-01,Kamembe Health Center,Rusizi,2026-04-13,injectable_artesunate,"injectable artesunate vial (logistics unit, not a dose)",0,1,1,0.0
HC-RUS-01,Kamembe Health Center,Rusizi,2026-04-20,ACT,"ACT course (logistics unit, not a dose)",8,0,0,52.0
HC-RUS-01,Kamembe Health Center,Rusizi,2026-04-20,RDT,RDT kit,9,1,0,9.0
HC-RUS-01,Kamembe Health Center,Rusizi,2026-04-20,injectable_artesunate,"injectable artesunate vial (logistics unit, not a dose)",5,0,0,52.0
HC-RUS-01,Kamembe Health Center,Rusizi,2026-04-27,ACT,"ACT course (logistics unit, not a dose)",11,1,0,11.0
HC-RUS-01,Kamembe Health Center,Rusizi,2026-04-27,RDT,RDT kit,16,3,0,5.33
HC-RUS-01,Kamembe Health Center,Rusizi,2026-04-27,injectable_artesunate,"injectable artesunate vial (logistics unit, not a dose)",0,0,1,0.0
HC-RUS-01,Kamembe Health Center,Rusizi,2026-05-04,ACT,"ACT course (logistics unit, not a dose)",11,1,0,11.0
HC-RUS-01,Kamembe Health Center,Rusizi,2026-05-04,RDT,RDT kit,33,7,0,4.71
HC-RUS-01,Kamembe Health Center,Rusizi,2026-05-04,injectable_artesunate,"injectable artesunate vial (logistics unit, not a dose)",4,0,0,52.0
HC-RUS-01,Kamembe Health Center,Rusizi,2026-05-11,ACT,"ACT course (logistics unit, not a dose)",6,0,0,52.0
HC-RUS-01,Kamembe Health Center,Rusizi,2026-05-11,RDT,RDT kit,68,8,0,8.5
HC-RUS-01,Kamembe Health Center,Rusizi,2026-05-11,injectable_artesunate,"injectable artesunate vial (logistics unit, not a dose)",0,0,1,0.0
HC-RUS-01,Kamembe Health Center,Rusizi,2026-05-18,ACT,"ACT course (logistics unit, not a dose)",5,0,0,52.0
HC-RUS-01,Kamembe Health Center,Rusizi,2026-05-18,RDT,RDT kit,22,5,0,4.4
HC-RUS-01,Kamembe Health Center,Rusizi,2026-05-18,injectable_artesunate,"injectable artesunate vial (logistics unit, not a dose)",7,0,0,52.0
HC-RUS-01,Kamembe Health Center,Rusizi,2026-05-25,ACT,"ACT course (logistics unit, not a dose)",21,3,0,7.0
HC-RUS-01,Kamembe Health Center,Rusizi,2026-05-25,RDT,RDT kit,12,4,0,3.0
HC-RUS-01,Kamembe Health Center,Rusizi,2026-05-25,injectable_artesunate,"injectable artesunate vial (logistics unit, not a dose)",0,0,1,0.0
HC-RUS-01,Kamembe Health Center,Rusizi,2026-06-01,ACT,"ACT course (logistics unit, not a dose)",6,0,0,52.0
HC-RUS-01,Kamembe Health Center,Rusizi,2026-06-01,RDT,RDT kit,4,1,0,4.0
HC-RUS-01,Kamembe Health Center,Rusizi,2026-06-01,injectable_artesunate,"injectable artesunate vial (logistics unit, not a dose)",3,0,0,52.0
HC-RUS-01,Kamembe Health Center,Rusizi,2026-06-08,ACT,"ACT course (logistics unit, not a dose)",3,0,0,52.0
HC-RUS-01,Kamembe Health Center,Rusizi,2026-06-08,RDT,RDT kit,7,2,0,3.5
HC-RUS-01,Kamembe Health Center,Rusizi,2026-06-08,injectable_artesunate,"injectable artesunate vial (logistics unit, not a dose)",9,1,0,9.0
HC-RUS-01,Kamembe Health Center,Rusizi,2026-06-15,ACT,"ACT course (logistics unit, not a dose)",11,1,0,11.0
HC-RUS-01,Kamembe Health Center,Rusizi,2026-06-15,RDT,RDT kit,0,0,1,0.0
HC-RUS-01,Kamembe Health Center,Rusizi,2026-06-15,injectable_artesunate,"injectable artesunate vial (logistics unit, not a dose)",0,1,1,0.0
HC-RUS-01,Kamembe Health Center,Rusizi,2026-06-22,ACT,"ACT course (logistics unit, not a dose)",13,2,0,6.5
HC-RUS-01,Kamembe Health Center,Rusizi,2026-06-22,RDT,RDT kit,17,5,0,3.4
HC-RUS-01,Kamembe Health Center,Rusizi,2026-06-22,injectable_artesunate,"injectable artesunate vial (logistics unit, not a dose)",10,1,0,10.0
HC-RUS-01,Kamembe Health Center,Rusizi,2026-06-29,ACT,"ACT course (logistics unit, not a dose)",10,0,0,52.0
HC-RUS-01,Kamembe Health Center,Rusizi,2026-06-29,RDT,RDT kit,2,2,0,1.0
HC-RUS-01,Kamembe Health Center,Rusizi,2026-06-29,injectable_artesunate,"injectable artesunate vial (logistics unit, not a dose)",10,0,0,52.0
HC-RUS-01,Kamembe Health Center,Rusizi,2026-07-06,ACT,"ACT course (logistics unit, not a dose)",4,0,0,52.0
HC-RUS-01,Kamembe Health Center,Rusizi,2026-07-06,RDT,RDT kit,10,2,0,5.0
HC-RUS-01,Kamembe Health Center,Rusizi,2026-07-06,injectable_artesunate,"injectable artesunate vial (logistics unit, not a dose)",9,1,0,9.0
HC-RUS-01,Kamembe Health Center,Rusizi,2026-07-13,ACT,"ACT course (logistics unit, not a dose)",5,0,0,52.0
HC-RUS-01,Kamembe Health Center,Rusizi,2026-07-13,RDT,RDT kit,12,1,0,12.0
HC-RUS-01,Kamembe Health Center,Rusizi,2026-07-13,injectable_artesunate,"injectable artesunate vial (logistics unit, not a dose)",8,0,0,52.0
HC-RUS-01,Kamembe Health Center,Rusizi,2026-07-20,ACT,"ACT course (logistics unit, not a dose)",23,2,0,11.5
HC-RUS-01,Kamembe Health Center,Rusizi,2026-07-20,RDT,RDT kit,6,1,0,6.0
HC-RUS-01,Kamembe Health Center,Rusizi,2026-07-20,injectable_artesunate,"injectable artesunate vial (logistics unit, not a dose)",11,1,0,11.0
HC-RUS-01,Kamembe Health Center,Rusizi,2026-07-27,ACT,"ACT course (logistics unit, not a dose)",7,0,0,52.0
HC-RUS-01,Kamembe Health Center,Rusizi,2026-07-27,RDT,RDT kit,13,2,0,6.5
HC-RUS-01,Kamembe Health Center,Rusizi,2026-07-27,injectable_artesunate,"injectable artesunate vial (logistics unit, not a dose)",0,0,1,0.0
HC-RUS-01,Kamembe Health Center,Rusizi,2026-08-03,ACT,"ACT course (logistics unit, not a dose)",11,2,0,5.5
HC-RUS-01,Kamembe Health Center,Rusizi,2026-08-03,RDT,RDT kit,30,3,0,10.0
HC-RUS-01,Kamembe Health Center,Rusizi,2026-08-03,injectable_artesunate,"injectable artesunate vial (logistics unit, not a dose)",4,0,0,52.0
HC-RUS-01,Kamembe Health Center,Rusizi,2026-08-10,ACT,"ACT course (logistics unit, not a dose)",9,0,0,52.0
HC-RUS-01,Kamembe Health Center,Rusizi,2026-08-10,RDT,RDT kit,0,1,1,0.0
HC-RUS-01,Kamembe Health Center,Rusizi,2026-08-10,injectable_artesunate,"injectable artesunate vial (logistics unit, not a dose)",11,0,0,52.0
HC-RUS-01,Kamembe Health Center,Rusizi,2026-08-17,ACT,"ACT course (logistics unit, not a dose)",10,1,0,10.0
HC-RUS-01,Kamembe Health Center,Rusizi,2026-08-17,RDT,RDT kit,17,2,0,8.5
HC-RUS-01,Kamembe Health Center,Rusizi,2026-08-17,injectable_artesunate,"injectable artesunate vial (logistics unit, not a dose)",10,1,0,10.0
HC-RUS-01,Kamembe Health Center,Rusizi,2026-08-24,ACT,"ACT course (logistics unit, not a dose)",7,2,0,3.5
HC-RUS-01,Kamembe Health Center,Rusizi,2026-08-24,RDT,RDT kit,13,3,0,4.33
HC-RUS-01,Kamembe Health Center,Rusizi,2026-08-24,injectable_artesunate,"injectable artesunate vial (logistics unit, not a dose)",5,0,0,52.0
HC-RUS-01,Kamembe Health Center,Rusizi,2026-08-31,ACT,"ACT course (logistics unit, not a dose)",4,4,0,1.0
HC-RUS-01,Kamembe Health Center,Rusizi,2026-08-31,RDT,RDT kit,3,1,0,3.0
HC-RUS-01,Kamembe Health Center,Rusizi,2026-08-31,injectable_artesunate,"injectable artesunate vial (logistics unit, not a dose)",1,1,0,1.0
HC-RUS-01,Kamembe Health Center,Rusizi,2026-09-07,ACT,"ACT course (logistics unit, not a dose)",11,0,0,52.0
HC-RUS-01,Kamembe Health Center,Rusizi,2026-09-07,RDT,RDT kit,37,4,0,9.25
HC-RUS-01,Kamembe Health Center,Rusizi,2026-09-07,injectable_artesunate,"injectable artesunate vial (logistics unit, not a dose)",1,0,0,52.0
HC-RUS-01,Kamembe Health Center,Rusizi,2026-09-14,ACT,"ACT course (logistics unit, not a dose)",7,0,0,52.0
HC-RUS-01,Kamembe Health Center,Rusizi,2026-09-14,RDT,RDT kit,20,3,0,6.67
HC-RUS-01,Kamembe Health Center,Rusizi,2026-09-14,injectable_artesunate,"injectable artesunate vial (logistics unit, not a dose)",10,0,0,52.0
HC-RUS-01,Kamembe Health Center,Rusizi,2026-09-21,ACT,"ACT course (logistics unit, not a dose)",10,0,0,52.0
HC-RUS-01,Kamembe Health Center,Rusizi,2026-09-21,RDT,RDT kit,1,2,0,0.5
HC-RUS-01,Kamembe Health Center,Rusizi,2026-09-21,injectable_artesunate,"injectable artesunate vial (logistics unit, not a dose)",12,0,0,52.0
HC-RUS-01,Kamembe Health Center,Rusizi,2026-09-28,ACT,"ACT course (logistics unit, not a dose)",5,0,0,52.0
HC-RUS-01,Kamembe Health Center,Rusizi,2026-09-28,RDT,RDT kit,7,1,0,7.0
HC-RUS-01,Kamembe Health Center,Rusizi,2026-09-28,injectable_artesunate,"injectable artesunate vial (logistics unit, not a dose)",6,0,0,52.0
HC-RUS-02,Bugarama Health Center,Rusizi,2024-09-30,ACT,"ACT course (logistics unit, not a dose)",9,1,0,9.0
HC-RUS-02,Bugarama Health Center,Rusizi,2024-09-30,RDT,RDT kit,31,6,0,5.17
HC-RUS-02,Bugarama Health Center,Rusizi,2024-09-30,injectable_artesunate,"injectable artesunate vial (logistics unit, not a dose)",12,0,0,52.0
HC-RUS-02,Bugarama Health Center,Rusizi,2024-10-07,ACT,"ACT course (logistics unit, not a dose)",9,1,0,9.0
HC-RUS-02,Bugarama Health Center,Rusizi,2024-10-07,RDT,RDT kit,12,2,0,6.0
HC-RUS-02,Bugarama Health Center,Rusizi,2024-10-07,injectable_artesunate,"injectable artesunate vial (logistics unit, not a dose)",10,1,0,10.0
HC-RUS-02,Bugarama Health Center,Rusizi,2024-10-14,ACT,"ACT course (logistics unit, not a dose)",3,0,0,52.0
HC-RUS-02,Bugarama Health Center,Rusizi,2024-10-14,RDT,RDT kit,37,7,0,5.29
HC-RUS-02,Bugarama Health Center,Rusizi,2024-10-14,injectable_artesunate,"injectable artesunate vial (logistics unit, not a dose)",1,0,0,52.0
HC-RUS-02,Bugarama Health Center,Rusizi,2024-10-21,ACT,"ACT course (logistics unit, not a dose)",5,1,0,5.0
HC-RUS-02,Bugarama Health Center,Rusizi,2024-10-21,RDT,RDT kit,15,3,0,5.0
HC-RUS-02,Bugarama Health Center,Rusizi,2024-10-21,injectable_artesunate,"injectable artesunate vial (logistics unit, not a dose)",7,0,0,52.0
HC-RUS-02,Bugarama Health Center,Rusizi,2024-10-28,ACT,"ACT course (logistics unit, not a dose)",11,0,0,52.0
HC-RUS-02,Bugarama Health Center,Rusizi,2024-10-28,RDT,RDT kit,10,3,0,3.33
HC-RUS-02,Bugarama Health Center,Rusizi,2024-10-28,injectable_artesunate,"injectable artesunate vial (logistics unit, not a dose)",7,0,0,52.0
HC-RUS-02,Bugarama Health Center,Rusizi,2024-11-04,ACT,"ACT course (logistics unit, not a dose)",34,3,0,11.33
HC-RUS-02,Bugarama Health Center,Rusizi,2024-11-04,RDT,RDT kit,71,6,0,11.83
HC-RUS-02,Bugarama Health Center,Rusizi,2024-11-04,injectable_artesunate,"injectable artesunate vial (logistics unit, not a dose)",1,0,0,52.0
HC-RUS-02,Bugarama Health Center,Rusizi,2024-11-11,ACT,"ACT course (logistics unit, not a dose)",10,0,0,52.0
HC-RUS-02,Bugarama Health Center,Rusizi,2024-11-11,RDT,RDT kit,19,2,0,9.5
HC-RUS-02,Bugarama Health Center,Rusizi,2024-11-11,injectable_artesunate,"injectable artesunate vial (logistics unit, not a dose)",9,1,0,9.0
HC-RUS-02,Bugarama Health Center,Rusizi,2024-11-18,ACT,"ACT course (logistics unit, not a dose)",20,2,0,10.0
HC-RUS-02,Bugarama Health Center,Rusizi,2024-11-18,RDT,RDT kit,4,0,0,52.0
HC-RUS-02,Bugarama Health Center,Rusizi,2024-11-18,injectable_artesunate,"injectable artesunate vial (logistics unit, not a dose)",9,0,0,52.0
HC-RUS-02,Bugarama Health Center,Rusizi,2024-11-25,ACT,"ACT course (logistics unit, not a dose)",9,1,0,9.0
HC-RUS-02,Bugarama Health Center,Rusizi,2024-11-25,RDT,RDT kit,3,1,0,3.0
HC-RUS-02,Bugarama Health Center,Rusizi,2024-11-25,injectable_artesunate,"injectable artesunate vial (logistics unit, not a dose)",9,0,0,52.0
HC-RUS-02,Bugarama Health Center,Rusizi,2024-12-02,ACT,"ACT course (logistics unit, not a dose)",3,0,0,52.0
HC-RUS-02,Bugarama Health Center,Rusizi,2024-12-02,RDT,RDT kit,46,4,0,11.5
HC-RUS-02,Bugarama Health Center,Rusizi,2024-12-02,injectable_artesunate,"injectable artesunate vial (logistics unit, not a dose)",0,0,1,0.0
HC-RUS-02,Bugarama Health Center,Rusizi,2024-12-09,ACT,"ACT course (logistics unit, not a dose)",12,0,0,52.0
HC-RUS-02,Bugarama Health Center,Rusizi,2024-12-09,RDT,RDT kit,8,1,0,8.0
HC-RUS-02,Bugarama Health Center,Rusizi,2024-12-09,injectable_artesunate,"injectable artesunate vial (logistics unit, not a dose)",8,0,0,52.0
HC-RUS-02,Bugarama Health Center,Rusizi,2024-12-16,ACT,"ACT course (logistics unit, not a dose)",1,1,0,1.0
HC-RUS-02,Bugarama Health Center,Rusizi,2024-12-16,RDT,RDT kit,30,3,0,10.0
HC-RUS-02,Bugarama Health Center,Rusizi,2024-12-16,injectable_artesunate,"injectable artesunate vial (logistics unit, not a dose)",6,0,0,52.0
HC-RUS-02,Bugarama Health Center,Rusizi,2024-12-23,ACT,"ACT course (logistics unit, not a dose)",5,1,0,5.0
HC-RUS-02,Bugarama Health Center,Rusizi,2024-12-23,RDT,RDT kit,23,5,0,4.6
HC-RUS-02,Bugarama Health Center,Rusizi,2024-12-23,injectable_artesunate,"injectable artesunate vial (logistics unit, not a dose)",6,2,0,3.0
HC-RUS-02,Bugarama Health Center,Rusizi,2024-12-30,ACT,"ACT course (logistics unit, not a dose)",18,2,0,9.0
HC-RUS-02,Bugarama Health Center,Rusizi,2024-12-30,RDT,RDT kit,29,4,0,7.25
HC-RUS-02,Bugarama Health Center,Rusizi,2024-12-30,injectable_artesunate,"injectable artesunate vial (logistics unit, not a dose)",3,0,0,52.0
HC-RUS-02,Bugarama Health Center,Rusizi,2025-01-06,ACT,"ACT course (logistics unit, not a dose)",31,3,0,10.33
HC-RUS-02,Bugarama Health Center,Rusizi,2025-01-06,RDT,RDT kit,41,4,0,10.25
HC-RUS-02,Bugarama Health Center,Rusizi,2025-01-06,injectable_artesunate,"injectable artesunate vial (logistics unit, not a dose)",8,1,0,8.0
HC-RUS-02,Bugarama Health Center,Rusizi,2025-01-13,ACT,"ACT course (logistics unit, not a dose)",6,2,0,3.0
HC-RUS-02,Bugarama Health Center,Rusizi,2025-01-13,RDT,RDT kit,3,3,0,1.0
HC-RUS-02,Bugarama Health Center,Rusizi,2025-01-13,injectable_artesunate,"injectable artesunate vial (logistics unit, not a dose)",7,1,0,7.0
HC-RUS-02,Bugarama Health Center,Rusizi,2025-01-20,ACT,"ACT course (logistics unit, not a dose)",4,0,0,52.0
HC-RUS-02,Bugarama Health Center,Rusizi,2025-01-20,RDT,RDT kit,15,2,0,7.5
HC-RUS-02,Bugarama Health Center,Rusizi,2025-01-20,injectable_artesunate,"injectable artesunate vial (logistics unit, not a dose)",4,0,0,52.0
HC-RUS-02,Bugarama Health Center,Rusizi,2025-01-27,ACT,"ACT course (logistics unit, not a dose)",16,2,0,8.0
HC-RUS-02,Bugarama Health Center,Rusizi,2025-01-27,RDT,RDT kit,2,2,0,1.0
HC-RUS-02,Bugarama Health Center,Rusizi,2025-01-27,injectable_artesunate,"injectable artesunate vial (logistics unit, not a dose)",0,1,1,0.0
HC-RUS-02,Bugarama Health Center,Rusizi,2025-02-03,ACT,"ACT course (logistics unit, not a dose)",2,2,0,1.0
HC-RUS-02,Bugarama Health Center,Rusizi,2025-02-03,RDT,RDT kit,5,1,0,5.0
HC-RUS-02,Bugarama Health Center,Rusizi,2025-02-03,injectable_artesunate,"injectable artesunate vial (logistics unit, not a dose)",6,0,0,52.0
HC-RUS-02,Bugarama Health Center,Rusizi,2025-02-10,ACT,"ACT course (logistics unit, not a dose)",11,0,0,52.0
HC-RUS-02,Bugarama Health Center,Rusizi,2025-02-10,RDT,RDT kit,21,3,0,7.0
HC-RUS-02,Bugarama Health Center,Rusizi,2025-02-10,injectable_artesunate,"injectable artesunate vial (logistics unit, not a dose)",9,0,0,52.0
HC-RUS-02,Bugarama Health Center,Rusizi,2025-02-17,ACT,"ACT course (logistics unit, not a dose)",20,2,0,10.0
HC-RUS-02,Bugarama Health Center,Rusizi,2025-02-17,RDT,RDT kit,20,2,0,10.0
HC-RUS-02,Bugarama Health Center,Rusizi,2025-02-17,injectable_artesunate,"injectable artesunate vial (logistics unit, not a dose)",10,0,0,52.0
HC-RUS-02,Bugarama Health Center,Rusizi,2025-02-24,ACT,"ACT course (logistics unit, not a dose)",9,1,0,9.0
HC-RUS-02,Bugarama Health Center,Rusizi,2025-02-24,RDT,RDT kit,26,4,0,6.5
HC-RUS-02,Bugarama Health Center,Rusizi,2025-02-24,injectable_artesunate,"injectable artesunate vial (logistics unit, not a dose)",4,0,0,52.0
HC-RUS-02,Bugarama Health Center,Rusizi,2025-03-03,ACT,"ACT course (logistics unit, not a dose)",17,3,0,5.67
HC-RUS-02,Bugarama Health Center,Rusizi,2025-03-03,RDT,RDT kit,31,3,0,10.33
HC-RUS-02,Bugarama Health Center,Rusizi,2025-03-03,injectable_artesunate,"injectable artesunate vial (logistics unit, not a dose)",6,0,0,52.0
HC-RUS-02,Bugarama Health Center,Rusizi,2025-03-10,ACT,"ACT course (logistics unit, not a dose)",9,1,0,9.0
HC-RUS-02,Bugarama Health Center,Rusizi,2025-03-10,RDT,RDT kit,27,3,0,9.0
HC-RUS-02,Bugarama Health Center,Rusizi,2025-03-10,injectable_artesunate,"injectable artesunate vial (logistics unit, not a dose)",5,0,0,52.0
HC-RUS-02,Bugarama Health Center,Rusizi,2025-03-17,ACT,"ACT course (logistics unit, not a dose)",1,1,0,1.0
HC-RUS-02,Bugarama Health Center,Rusizi,2025-03-17,RDT,RDT kit,18,3,0,6.0
HC-RUS-02,Bugarama Health Center,Rusizi,2025-03-17,injectable_artesunate,"injectable artesunate vial (logistics unit, not a dose)",0,0,1,0.0
HC-RUS-02,Bugarama Health Center,Rusizi,2025-03-24,ACT,"ACT course (logistics unit, not a dose)",16,2,0,8.0
HC-RUS-02,Bugarama Health Center,Rusizi,2025-03-24,RDT,RDT kit,23,4,0,5.75
HC-RUS-02,Bugarama Health Center,Rusizi,2025-03-24,injectable_artesunate,"injectable artesunate vial (logistics unit, not a dose)",10,0,0,52.0
HC-RUS-02,Bugarama Health Center,Rusizi,2025-03-31,ACT,"ACT course (logistics unit, not a dose)",8,0,0,52.0
HC-RUS-02,Bugarama Health Center,Rusizi,2025-03-31,RDT,RDT kit,21,2,0,10.5
HC-RUS-02,Bugarama Health Center,Rusizi,2025-03-31,injectable_artesunate,"injectable artesunate vial (logistics unit, not a dose)",33,3,0,11.0
HC-RUS-02,Bugarama Health Center,Rusizi,2025-04-07,ACT,"ACT course (logistics unit, not a dose)",4,1,0,4.0
HC-RUS-02,Bugarama Health Center,Rusizi,2025-04-07,RDT,RDT kit,28,4,0,7.0
HC-RUS-02,Bugarama Health Center,Rusizi,2025-04-07,injectable_artesunate,"injectable artesunate vial (logistics unit, not a dose)",11,0,0,52.0
HC-RUS-02,Bugarama Health Center,Rusizi,2025-04-14,ACT,"ACT course (logistics unit, not a dose)",10,1,0,10.0
HC-RUS-02,Bugarama Health Center,Rusizi,2025-04-14,RDT,RDT kit,19,2,0,9.5
HC-RUS-02,Bugarama Health Center,Rusizi,2025-04-14,injectable_artesunate,"injectable artesunate vial (logistics unit, not a dose)",3,0,0,52.0
HC-RUS-02,Bugarama Health Center,Rusizi,2025-04-21,ACT,"ACT course (logistics unit, not a dose)",6,1,0,6.0
HC-RUS-02,Bugarama Health Center,Rusizi,2025-04-21,RDT,RDT kit,4,1,0,4.0
HC-RUS-02,Bugarama Health Center,Rusizi,2025-04-21,injectable_artesunate,"injectable artesunate vial (logistics unit, not a dose)",1,1,0,1.0
HC-RUS-02,Bugarama Health Center,Rusizi,2025-04-28,ACT,"ACT course (logistics unit, not a dose)",21,2,0,10.5
HC-RUS-02,Bugarama Health Center,Rusizi,2025-04-28,RDT,RDT kit,69,6,0,11.5
HC-RUS-02,Bugarama Health Center,Rusizi,2025-04-28,injectable_artesunate,"injectable artesunate vial (logistics unit, not a dose)",8,0,0,52.0
HC-RUS-02,Bugarama Health Center,Rusizi,2025-05-05,ACT,"ACT course (logistics unit, not a dose)",1,1,0,1.0
HC-RUS-02,Bugarama Health Center,Rusizi,2025-05-05,RDT,RDT kit,23,3,0,7.67
HC-RUS-02,Bugarama Health Center,Rusizi,2025-05-05,injectable_artesunate,"injectable artesunate vial (logistics unit, not a dose)",9,0,0,52.0
HC-RUS-02,Bugarama Health Center,Rusizi,2025-05-12,ACT,"ACT course (logistics unit, not a dose)",23,2,0,11.5
HC-RUS-02,Bugarama Health Center,Rusizi,2025-05-12,RDT,RDT kit,1,7,0,0.14
HC-RUS-02,Bugarama Health Center,Rusizi,2025-05-12,injectable_artesunate,"injectable artesunate vial (logistics unit, not a dose)",6,0,0,52.0
HC-RUS-02,Bugarama Health Center,Rusizi,2025-05-19,ACT,"ACT course (logistics unit, not a dose)",7,2,0,3.5
HC-RUS-02,Bugarama Health Center,Rusizi,2025-05-19,RDT,RDT kit,21,6,0,3.5
HC-RUS-02,Bugarama Health Center,Rusizi,2025-05-19,injectable_artesunate,"injectable artesunate vial (logistics unit, not a dose)",4,1,0,4.0
HC-RUS-02,Bugarama Health Center,Rusizi,2025-05-26,ACT,"ACT course (logistics unit, not a dose)",1,1,0,1.0
HC-RUS-02,Bugarama Health Center,Rusizi,2025-05-26,RDT,RDT kit,12,0,0,52.0
HC-RUS-02,Bugarama Health Center,Rusizi,2025-05-26,injectable_artesunate,"injectable artesunate vial (logistics unit, not a dose)",0,0,1,0.0
HC-RUS-02,Bugarama Health Center,Rusizi,2025-06-02,ACT,"ACT course (logistics unit, not a dose)",5,0,0,52.0
HC-RUS-02,Bugarama Health Center,Rusizi,2025-06-02,RDT,RDT kit,19,2,0,9.5
HC-RUS-02,Bugarama Health Center,Rusizi,2025-06-02,injectable_artesunate,"injectable artesunate vial (logistics unit, not a dose)",12,0,0,52.0
HC-RUS-02,Bugarama Health Center,Rusizi,2025-06-09,ACT,"ACT course (logistics unit, not a dose)",5,1,0,5.0
HC-RUS-02,Bugarama Health Center,Rusizi,2025-06-09,RDT,RDT kit,0,2,1,0.0
HC-RUS-02,Bugarama Health Center,Rusizi,2025-06-09,injectable_artesunate,"injectable artesunate vial (logistics unit, not a dose)",11,0,0,52.0
HC-RUS-02,Bugarama Health Center,Rusizi,2025-06-16,ACT,"ACT course (logistics unit, not a dose)",18,2,0,9.0
HC-RUS-02,Bugarama Health Center,Rusizi,2025-06-16,RDT,RDT kit,8,1,0,8.0
HC-RUS-02,Bugarama Health Center,Rusizi,2025-06-16,injectable_artesunate,"injectable artesunate vial (logistics unit, not a dose)",0,1,1,0.0
HC-RUS-02,Bugarama Health Center,Rusizi,2025-06-23,ACT,"ACT course (logistics unit, not a dose)",8,1,0,8.0
HC-RUS-02,Bugarama Health Center,Rusizi,2025-06-23,RDT,RDT kit,10,0,0,52.0
HC-RUS-02,Bugarama Health Center,Rusizi,2025-06-23,injectable_artesunate,"injectable artesunate vial (logistics unit, not a dose)",8,0,0,52.0
HC-RUS-02,Bugarama Health Center,Rusizi,2025-06-30,ACT,"ACT course (logistics unit, not a dose)",11,0,0,52.0
HC-RUS-02,Bugarama Health Center,Rusizi,2025-06-30,RDT,RDT kit,7,1,0,7.0
HC-RUS-02,Bugarama Health Center,Rusizi,2025-06-30,injectable_artesunate,"injectable artesunate vial (logistics unit, not a dose)",5,0,0,52.0
HC-RUS-02,Bugarama Health Center,Rusizi,2025-07-07,ACT,"ACT course (logistics unit, not a dose)",1,0,0,52.0
HC-RUS-02,Bugarama Health Center,Rusizi,2025-07-07,RDT,RDT kit,24,3,0,8.0
HC-RUS-02,Bugarama Health Center,Rusizi,2025-07-07,injectable_artesunate,"injectable artesunate vial (logistics unit, not a dose)",10,0,0,52.0
HC-RUS-02,Bugarama Health Center,Rusizi,2025-07-14,ACT,"ACT course (logistics unit, not a dose)",0,0,1,0.0
HC-RUS-02,Bugarama Health Center,Rusizi,2025-07-14,RDT,RDT kit,19,2,0,9.5
HC-RUS-02,Bugarama Health Center,Rusizi,2025-07-14,injectable_artesunate,"injectable artesunate vial (logistics unit, not a dose)",1,0,0,52.0
HC-RUS-02,Bugarama Health Center,Rusizi,2025-07-21,ACT,"ACT course (logistics unit, not a dose)",7,0,0,52.0
HC-RUS-02,Bugarama Health Center,Rusizi,2025-07-21,RDT,RDT kit,7,0,0,52.0
HC-RUS-02,Bugarama Health Center,Rusizi,2025-07-21,injectable_artesunate,"injectable artesunate vial (logistics unit, not a dose)",8,0,0,52.0
HC-RUS-02,Bugarama Health Center,Rusizi,2025-07-28,ACT,"ACT course (logistics unit, not a dose)",10,0,0,52.0
HC-RUS-02,Bugarama Health Center,Rusizi,2025-07-28,RDT,RDT kit,12,0,0,52.0
HC-RUS-02,Bugarama Health Center,Rusizi,2025-07-28,injectable_artesunate,"injectable artesunate vial (logistics unit, not a dose)",1,1,0,1.0
HC-RUS-02,Bugarama Health Center,Rusizi,2025-08-04,ACT,"ACT course (logistics unit, not a dose)",8,1,0,8.0
HC-RUS-02,Bugarama Health Center,Rusizi,2025-08-04,RDT,RDT kit,8,0,0,52.0
HC-RUS-02,Bugarama Health Center,Rusizi,2025-08-04,injectable_artesunate,"injectable artesunate vial (logistics unit, not a dose)",0,0,1,0.0
HC-RUS-02,Bugarama Health Center,Rusizi,2025-08-11,ACT,"ACT course (logistics unit, not a dose)",12,3,0,4.0
HC-RUS-02,Bugarama Health Center,Rusizi,2025-08-11,RDT,RDT kit,4,1,0,4.0
HC-RUS-02,Bugarama Health Center,Rusizi,2025-08-11,injectable_artesunate,"injectable artesunate vial (logistics unit, not a dose)",7,0,0,52.0
HC-RUS-02,Bugarama Health Center,Rusizi,2025-08-18,ACT,"ACT course (logistics unit, not a dose)",7,1,0,7.0
HC-RUS-02,Bugarama Health Center,Rusizi,2025-08-18,RDT,RDT kit,10,0,0,52.0
HC-RUS-02,Bugarama Health Center,Rusizi,2025-08-18,injectable_artesunate,"injectable artesunate vial (logistics unit, not a dose)",9,0,0,52.0
HC-RUS-02,Bugarama Health Center,Rusizi,2025-08-25,ACT,"ACT course (logistics unit, not a dose)",5,1,0,5.0
HC-RUS-02,Bugarama Health Center,Rusizi,2025-08-25,RDT,RDT kit,24,3,0,8.0
HC-RUS-02,Bugarama Health Center,Rusizi,2025-08-25,injectable_artesunate,"injectable artesunate vial (logistics unit, not a dose)",12,0,0,52.0
HC-RUS-02,Bugarama Health Center,Rusizi,2025-09-01,ACT,"ACT course (logistics unit, not a dose)",8,0,0,52.0
HC-RUS-02,Bugarama Health Center,Rusizi,2025-09-01,RDT,RDT kit,9,1,0,9.0
HC-RUS-02,Bugarama Health Center,Rusizi,2025-09-01,injectable_artesunate,"injectable artesunate vial (logistics unit, not a dose)",1,1,0,1.0
HC-RUS-02,Bugarama Health Center,Rusizi,2025-09-08,ACT,"ACT course (logistics unit, not a dose)",13,2,0,6.5
HC-RUS-02,Bugarama Health Center,Rusizi,2025-09-08,RDT,RDT kit,12,2,0,6.0
HC-RUS-02,Bugarama Health Center,Rusizi,2025-09-08,injectable_artesunate,"injectable artesunate vial (logistics unit, not a dose)",0,0,1,0.0
HC-RUS-02,Bugarama Health Center,Rusizi,2025-09-15,ACT,"ACT course (logistics unit, not a dose)",10,2,0,5.0
HC-RUS-02,Bugarama Health Center,Rusizi,2025-09-15,RDT,RDT kit,6,1,0,6.0
HC-RUS-02,Bugarama Health Center,Rusizi,2025-09-15,injectable_artesunate,"injectable artesunate vial (logistics unit, not a dose)",0,0,1,0.0
HC-RUS-02,Bugarama Health Center,Rusizi,2025-09-22,ACT,"ACT course (logistics unit, not a dose)",5,1,0,5.0
HC-RUS-02,Bugarama Health Center,Rusizi,2025-09-22,RDT,RDT kit,34,4,0,8.5
HC-RUS-02,Bugarama Health Center,Rusizi,2025-09-22,injectable_artesunate,"injectable artesunate vial (logistics unit, not a dose)",0,1,1,0.0
HC-RUS-02,Bugarama Health Center,Rusizi,2025-09-29,ACT,"ACT course (logistics unit, not a dose)",9,0,0,52.0
HC-RUS-02,Bugarama Health Center,Rusizi,2025-09-29,RDT,RDT kit,8,2,0,4.0
HC-RUS-02,Bugarama Health Center,Rusizi,2025-09-29,injectable_artesunate,"injectable artesunate vial (logistics unit, not a dose)",9,1,0,9.0
HC-RUS-02,Bugarama Health Center,Rusizi,2025-10-06,ACT,"ACT course (logistics unit, not a dose)",8,0,0,52.0
HC-RUS-02,Bugarama Health Center,Rusizi,2025-10-06,RDT,RDT kit,0,0,1,0.0
HC-RUS-02,Bugarama Health Center,Rusizi,2025-10-06,injectable_artesunate,"injectable artesunate vial (logistics unit, not a dose)",4,0,0,52.0
HC-RUS-02,Bugarama Health Center,Rusizi,2025-10-13,ACT,"ACT course (logistics unit, not a dose)",3,1,0,3.0
HC-RUS-02,Bugarama Health Center,Rusizi,2025-10-13,RDT,RDT kit,4,1,0,4.0
HC-RUS-02,Bugarama Health Center,Rusizi,2025-10-13,injectable_artesunate,"injectable artesunate vial (logistics unit, not a dose)",10,1,0,10.0
HC-RUS-02,Bugarama Health Center,Rusizi,2025-10-20,ACT,"ACT course (logistics unit, not a dose)",3,0,0,52.0
HC-RUS-02,Bugarama Health Center,Rusizi,2025-10-20,RDT,RDT kit,3,5,0,0.6
HC-RUS-02,Bugarama Health Center,Rusizi,2025-10-20,injectable_artesunate,"injectable artesunate vial (logistics unit, not a dose)",9,0,0,52.0
HC-RUS-02,Bugarama Health Center,Rusizi,2025-10-27,ACT,"ACT course (logistics unit, not a dose)",9,0,0,52.0
HC-RUS-02,Bugarama Health Center,Rusizi,2025-10-27,RDT,RDT kit,4,1,0,4.0
HC-RUS-02,Bugarama Health Center,Rusizi,2025-10-27,injectable_artesunate,"injectable artesunate vial (logistics unit, not a dose)",19,2,0,9.5
HC-RUS-02,Bugarama Health Center,Rusizi,2025-11-03,ACT,"ACT course (logistics unit, not a dose)",20,2,0,10.0
HC-RUS-02,Bugarama Health Center,Rusizi,2025-11-03,RDT,RDT kit,32,7,0,4.57
HC-RUS-02,Bugarama Health Center,Rusizi,2025-11-03,injectable_artesunate,"injectable artesunate vial (logistics unit, not a dose)",5,0,0,52.0
HC-RUS-02,Bugarama Health Center,Rusizi,2025-11-10,ACT,"ACT course (logistics unit, not a dose)",6,1,0,6.0
HC-RUS-02,Bugarama Health Center,Rusizi,2025-11-10,RDT,RDT kit,8,1,0,8.0
HC-RUS-02,Bugarama Health Center,Rusizi,2025-11-10,injectable_artesunate,"injectable artesunate vial (logistics unit, not a dose)",1,0,0,52.0
HC-RUS-02,Bugarama Health Center,Rusizi,2025-11-17,ACT,"ACT course (logistics unit, not a dose)",24,3,0,8.0
HC-RUS-02,Bugarama Health Center,Rusizi,2025-11-17,RDT,RDT kit,29,4,0,7.25
HC-RUS-02,Bugarama Health Center,Rusizi,2025-11-17,injectable_artesunate,"injectable artesunate vial (logistics unit, not a dose)",0,1,1,0.0
HC-RUS-02,Bugarama Health Center,Rusizi,2025-11-24,ACT,"ACT course (logistics unit, not a dose)",9,3,0,3.0
HC-RUS-02,Bugarama Health Center,Rusizi,2025-11-24,RDT,RDT kit,47,6,0,7.83
HC-RUS-02,Bugarama Health Center,Rusizi,2025-11-24,injectable_artesunate,"injectable artesunate vial (logistics unit, not a dose)",4,0,0,52.0
HC-RUS-02,Bugarama Health Center,Rusizi,2025-12-01,ACT,"ACT course (logistics unit, not a dose)",1,1,0,1.0
HC-RUS-02,Bugarama Health Center,Rusizi,2025-12-01,RDT,RDT kit,3,3,0,1.0
HC-RUS-02,Bugarama Health Center,Rusizi,2025-12-01,injectable_artesunate,"injectable artesunate vial (logistics unit, not a dose)",10,0,0,52.0
HC-RUS-02,Bugarama Health Center,Rusizi,2025-12-08,ACT,"ACT course (logistics unit, not a dose)",18,2,0,9.0
HC-RUS-02,Bugarama Health Center,Rusizi,2025-12-08,RDT,RDT kit,0,7,1,0.0
HC-RUS-02,Bugarama Health Center,Rusizi,2025-12-08,injectable_artesunate,"injectable artesunate vial (logistics unit, not a dose)",6,0,0,52.0
HC-RUS-02,Bugarama Health Center,Rusizi,2025-12-15,ACT,"ACT course (logistics unit, not a dose)",23,2,0,11.5
HC-RUS-02,Bugarama Health Center,Rusizi,2025-12-15,RDT,RDT kit,29,4,0,7.25
HC-RUS-02,Bugarama Health Center,Rusizi,2025-12-15,injectable_artesunate,"injectable artesunate vial (logistics unit, not a dose)",3,0,0,52.0
HC-RUS-02,Bugarama Health Center,Rusizi,2025-12-22,ACT,"ACT course (logistics unit, not a dose)",5,1,0,5.0
HC-RUS-02,Bugarama Health Center,Rusizi,2025-12-22,RDT,RDT kit,15,2,0,7.5
HC-RUS-02,Bugarama Health Center,Rusizi,2025-12-22,injectable_artesunate,"injectable artesunate vial (logistics unit, not a dose)",6,0,0,52.0
HC-RUS-02,Bugarama Health Center,Rusizi,2025-12-29,ACT,"ACT course (logistics unit, not a dose)",3,1,0,3.0
HC-RUS-02,Bugarama Health Center,Rusizi,2025-12-29,RDT,RDT kit,22,2,0,11.0
HC-RUS-02,Bugarama Health Center,Rusizi,2025-12-29,injectable_artesunate,"injectable artesunate vial (logistics unit, not a dose)",20,3,0,6.67
HC-RUS-02,Bugarama Health Center,Rusizi,2026-01-05,ACT,"ACT course (logistics unit, not a dose)",5,0,0,52.0
HC-RUS-02,Bugarama Health Center,Rusizi,2026-01-05,RDT,RDT kit,9,2,0,4.5
HC-RUS-02,Bugarama Health Center,Rusizi,2026-01-05,injectable_artesunate,"injectable artesunate vial (logistics unit, not a dose)",3,0,0,52.0
HC-RUS-02,Bugarama Health Center,Rusizi,2026-01-12,ACT,"ACT course (logistics unit, not a dose)",6,0,0,52.0
HC-RUS-02,Bugarama Health Center,Rusizi,2026-01-12,RDT,RDT kit,3,3,0,1.0
HC-RUS-02,Bugarama Health Center,Rusizi,2026-01-12,injectable_artesunate,"injectable artesunate vial (logistics unit, not a dose)",10,0,0,52.0
HC-RUS-02,Bugarama Health Center,Rusizi,2026-01-19,ACT,"ACT course (logistics unit, not a dose)",5,0,0,52.0
HC-RUS-02,Bugarama Health Center,Rusizi,2026-01-19,RDT,RDT kit,10,1,0,10.0
HC-RUS-02,Bugarama Health Center,Rusizi,2026-01-19,injectable_artesunate,"injectable artesunate vial (logistics unit, not a dose)",5,1,0,5.0
HC-RUS-02,Bugarama Health Center,Rusizi,2026-01-26,ACT,"ACT course (logistics unit, not a dose)",7,0,0,52.0
HC-RUS-02,Bugarama Health Center,Rusizi,2026-01-26,RDT,RDT kit,5,0,0,52.0
HC-RUS-02,Bugarama Health Center,Rusizi,2026-01-26,injectable_artesunate,"injectable artesunate vial (logistics unit, not a dose)",11,0,0,52.0
HC-RUS-02,Bugarama Health Center,Rusizi,2026-02-02,ACT,"ACT course (logistics unit, not a dose)",11,0,0,52.0
HC-RUS-02,Bugarama Health Center,Rusizi,2026-02-02,RDT,RDT kit,21,2,0,10.5
HC-RUS-02,Bugarama Health Center,Rusizi,2026-02-02,injectable_artesunate,"injectable artesunate vial (logistics unit, not a dose)",6,1,0,6.0
HC-RUS-02,Bugarama Health Center,Rusizi,2026-02-09,ACT,"ACT course (logistics unit, not a dose)",2,2,0,1.0
HC-RUS-02,Bugarama Health Center,Rusizi,2026-02-09,RDT,RDT kit,0,0,1,0.0
HC-RUS-02,Bugarama Health Center,Rusizi,2026-02-09,injectable_artesunate,"injectable artesunate vial (logistics unit, not a dose)",9,0,0,52.0
HC-RUS-02,Bugarama Health Center,Rusizi,2026-02-16,ACT,"ACT course (logistics unit, not a dose)",7,2,0,3.5
HC-RUS-02,Bugarama Health Center,Rusizi,2026-02-16,RDT,RDT kit,19,5,0,3.8
HC-RUS-02,Bugarama Health Center,Rusizi,2026-02-16,injectable_artesunate,"injectable artesunate vial (logistics unit, not a dose)",8,1,0,8.0
HC-RUS-02,Bugarama Health Center,Rusizi,2026-02-23,ACT,"ACT course (logistics unit, not a dose)",6,2,0,3.0
HC-RUS-02,Bugarama Health Center,Rusizi,2026-02-23,RDT,RDT kit,11,2,0,5.5
HC-RUS-02,Bugarama Health Center,Rusizi,2026-02-23,injectable_artesunate,"injectable artesunate vial (logistics unit, not a dose)",7,1,0,7.0
HC-RUS-02,Bugarama Health Center,Rusizi,2026-03-02,ACT,"ACT course (logistics unit, not a dose)",7,0,0,52.0
HC-RUS-02,Bugarama Health Center,Rusizi,2026-03-02,RDT,RDT kit,7,0,0,52.0
HC-RUS-02,Bugarama Health Center,Rusizi,2026-03-02,injectable_artesunate,"injectable artesunate vial (logistics unit, not a dose)",10,0,0,52.0
HC-RUS-02,Bugarama Health Center,Rusizi,2026-03-09,ACT,"ACT course (logistics unit, not a dose)",21,2,0,10.5
HC-RUS-02,Bugarama Health Center,Rusizi,2026-03-09,RDT,RDT kit,31,3,0,10.33
HC-RUS-02,Bugarama Health Center,Rusizi,2026-03-09,injectable_artesunate,"injectable artesunate vial (logistics unit, not a dose)",8,0,0,52.0
HC-RUS-02,Bugarama Health Center,Rusizi,2026-03-16,ACT,"ACT course (logistics unit, not a dose)",11,0,0,52.0
HC-RUS-02,Bugarama Health Center,Rusizi,2026-03-16,RDT,RDT kit,11,2,0,5.5
HC-RUS-02,Bugarama Health Center,Rusizi,2026-03-16,injectable_artesunate,"injectable artesunate vial (logistics unit, not a dose)",7,0,0,52.0
HC-RUS-02,Bugarama Health Center,Rusizi,2026-03-23,ACT,"ACT course (logistics unit, not a dose)",4,1,0,4.0
HC-RUS-02,Bugarama Health Center,Rusizi,2026-03-23,RDT,RDT kit,4,1,0,4.0
HC-RUS-02,Bugarama Health Center,Rusizi,2026-03-23,injectable_artesunate,"injectable artesunate vial (logistics unit, not a dose)",11,0,0,52.0
HC-RUS-02,Bugarama Health Center,Rusizi,2026-03-30,ACT,"ACT course (logistics unit, not a dose)",39,5,0,7.8
HC-RUS-02,Bugarama Health Center,Rusizi,2026-03-30,RDT,RDT kit,7,1,0,7.0
HC-RUS-02,Bugarama Health Center,Rusizi,2026-03-30,injectable_artesunate,"injectable artesunate vial (logistics unit, not a dose)",9,0,0,52.0
HC-RUS-02,Bugarama Health Center,Rusizi,2026-04-06,ACT,"ACT course (logistics unit, not a dose)",17,3,0,5.67
HC-RUS-02,Bugarama Health Center,Rusizi,2026-04-06,RDT,RDT kit,19,3,0,6.33
HC-RUS-02,Bugarama Health Center,Rusizi,2026-04-06,injectable_artesunate,"injectable artesunate vial (logistics unit, not a dose)",11,0,0,52.0
HC-RUS-02,Bugarama Health Center,Rusizi,2026-04-13,ACT,"ACT course (logistics unit, not a dose)",4,0,0,52.0
HC-RUS-02,Bugarama Health Center,Rusizi,2026-04-13,RDT,RDT kit,0,3,1,0.0
HC-RUS-02,Bugarama Health Center,Rusizi,2026-04-13,injectable_artesunate,"injectable artesunate vial (logistics unit, not a dose)",9,1,0,9.0
HC-RUS-02,Bugarama Health Center,Rusizi,2026-04-20,ACT,"ACT course (logistics unit, not a dose)",9,1,0,9.0
HC-RUS-02,Bugarama Health Center,Rusizi,2026-04-20,RDT,RDT kit,5,0,0,52.0
HC-RUS-02,Bugarama Health Center,Rusizi,2026-04-20,injectable_artesunate,"injectable artesunate vial (logistics unit, not a dose)",3,0,0,52.0
HC-RUS-02,Bugarama Health Center,Rusizi,2026-04-27,ACT,"ACT course (logistics unit, not a dose)",6,0,0,52.0
HC-RUS-02,Bugarama Health Center,Rusizi,2026-04-27,RDT,RDT kit,8,1,0,8.0
HC-RUS-02,Bugarama Health Center,Rusizi,2026-04-27,injectable_artesunate,"injectable artesunate vial (logistics unit, not a dose)",11,0,0,52.0
HC-RUS-02,Bugarama Health Center,Rusizi,2026-05-04,ACT,"ACT course (logistics unit, not a dose)",11,1,0,11.0
HC-RUS-02,Bugarama Health Center,Rusizi,2026-05-04,RDT,RDT kit,0,5,1,0.0
HC-RUS-02,Bugarama Health Center,Rusizi,2026-05-04,injectable_artesunate,"injectable artesunate vial (logistics unit, not a dose)",8,1,0,8.0
HC-RUS-02,Bugarama Health Center,Rusizi,2026-05-11,ACT,"ACT course (logistics unit, not a dose)",1,3,0,0.33
HC-RUS-02,Bugarama Health Center,Rusizi,2026-05-11,RDT,RDT kit,24,3,0,8.0
HC-RUS-02,Bugarama Health Center,Rusizi,2026-05-11,injectable_artesunate,"injectable artesunate vial (logistics unit, not a dose)",1,0,0,52.0
HC-RUS-02,Bugarama Health Center,Rusizi,2026-05-18,ACT,"ACT course (logistics unit, not a dose)",16,2,0,8.0
HC-RUS-02,Bugarama Health Center,Rusizi,2026-05-18,RDT,RDT kit,37,5,0,7.4
HC-RUS-02,Bugarama Health Center,Rusizi,2026-05-18,injectable_artesunate,"injectable artesunate vial (logistics unit, not a dose)",4,0,0,52.0
HC-RUS-02,Bugarama Health Center,Rusizi,2026-05-25,ACT,"ACT course (logistics unit, not a dose)",5,1,0,5.0
HC-RUS-02,Bugarama Health Center,Rusizi,2026-05-25,RDT,RDT kit,12,2,0,6.0
HC-RUS-02,Bugarama Health Center,Rusizi,2026-05-25,injectable_artesunate,"injectable artesunate vial (logistics unit, not a dose)",5,1,0,5.0
HC-RUS-02,Bugarama Health Center,Rusizi,2026-06-01,ACT,"ACT course (logistics unit, not a dose)",22,2,0,11.0
HC-RUS-02,Bugarama Health Center,Rusizi,2026-06-01,RDT,RDT kit,1,1,0,1.0
HC-RUS-02,Bugarama Health Center,Rusizi,2026-06-01,injectable_artesunate,"injectable artesunate vial (logistics unit, not a dose)",8,0,0,52.0
HC-RUS-02,Bugarama Health Center,Rusizi,2026-06-08,ACT,"ACT course (logistics unit, not a dose)",5,0,0,52.0
HC-RUS-02,Bugarama Health Center,Rusizi,2026-06-08,RDT,RDT kit,10,1,0,10.0
HC-RUS-02,Bugarama Health Center,Rusizi,2026-06-08,injectable_artesunate,"injectable artesunate vial (logistics unit, not a dose)",3,0,0,52.0
HC-RUS-02,Bugarama Health Center,Rusizi,2026-06-15,ACT,"ACT course (logistics unit, not a dose)",10,0,0,52.0
HC-RUS-02,Bugarama Health Center,Rusizi,2026-06-15,RDT,RDT kit,1,1,0,1.0
HC-RUS-02,Bugarama Health Center,Rusizi,2026-06-15,injectable_artesunate,"injectable artesunate vial (logistics unit, not a dose)",0,0,1,0.0
HC-RUS-02,Bugarama Health Center,Rusizi,2026-06-22,ACT,"ACT course (logistics unit, not a dose)",11,2,0,5.5
HC-RUS-02,Bugarama Health Center,Rusizi,2026-06-22,RDT,RDT kit,5,0,0,52.0
HC-RUS-02,Bugarama Health Center,Rusizi,2026-06-22,injectable_artesunate,"injectable artesunate vial (logistics unit, not a dose)",9,0,0,52.0
HC-RUS-02,Bugarama Health Center,Rusizi,2026-06-29,ACT,"ACT course (logistics unit, not a dose)",9,1,0,9.0
HC-RUS-02,Bugarama Health Center,Rusizi,2026-06-29,RDT,RDT kit,24,2,0,12.0
HC-RUS-02,Bugarama Health Center,Rusizi,2026-06-29,injectable_artesunate,"injectable artesunate vial (logistics unit, not a dose)",8,0,0,52.0
HC-RUS-02,Bugarama Health Center,Rusizi,2026-07-06,ACT,"ACT course (logistics unit, not a dose)",11,1,0,11.0
HC-RUS-02,Bugarama Health Center,Rusizi,2026-07-06,RDT,RDT kit,10,1,0,10.0
HC-RUS-02,Bugarama Health Center,Rusizi,2026-07-06,injectable_artesunate,"injectable artesunate vial (logistics unit, not a dose)",3,0,0,52.0
HC-RUS-02,Bugarama Health Center,Rusizi,2026-07-13,ACT,"ACT course (logistics unit, not a dose)",1,0,0,52.0
HC-RUS-02,Bugarama Health Center,Rusizi,2026-07-13,RDT,RDT kit,10,1,0,10.0
HC-RUS-02,Bugarama Health Center,Rusizi,2026-07-13,injectable_artesunate,"injectable artesunate vial (logistics unit, not a dose)",9,0,0,52.0
HC-RUS-02,Bugarama Health Center,Rusizi,2026-07-20,ACT,"ACT course (logistics unit, not a dose)",11,1,0,11.0
HC-RUS-02,Bugarama Health Center,Rusizi,2026-07-20,RDT,RDT kit,5,1,0,5.0
HC-RUS-02,Bugarama Health Center,Rusizi,2026-07-20,injectable_artesunate,"injectable artesunate vial (logistics unit, not a dose)",5,0,0,52.0
HC-RUS-02,Bugarama Health Center,Rusizi,2026-07-27,ACT,"ACT course (logistics unit, not a dose)",11,1,0,11.0
HC-RUS-02,Bugarama Health Center,Rusizi,2026-07-27,RDT,RDT kit,4,0,0,52.0
HC-RUS-02,Bugarama Health Center,Rusizi,2026-07-27,injectable_artesunate,"injectable artesunate vial (logistics unit, not a dose)",7,0,0,52.0
HC-RUS-02,Bugarama Health Center,Rusizi,2026-08-03,ACT,"ACT course (logistics unit, not a dose)",10,0,0,52.0
HC-RUS-02,Bugarama Health Center,Rusizi,2026-08-03,RDT,RDT kit,17,4,0,4.25
HC-RUS-02,Bugarama Health Center,Rusizi,2026-08-03,injectable_artesunate,"injectable artesunate vial (logistics unit, not a dose)",7,0,0,52.0
HC-RUS-02,Bugarama Health Center,Rusizi,2026-08-10,ACT,"ACT course (logistics unit, not a dose)",6,2,0,3.0
HC-RUS-02,Bugarama Health Center,Rusizi,2026-08-10,RDT,RDT kit,16,3,0,5.33
HC-RUS-02,Bugarama Health Center,Rusizi,2026-08-10,injectable_artesunate,"injectable artesunate vial (logistics unit, not a dose)",10,1,0,10.0
HC-RUS-02,Bugarama Health Center,Rusizi,2026-08-17,ACT,"ACT course (logistics unit, not a dose)",3,0,0,52.0
HC-RUS-02,Bugarama Health Center,Rusizi,2026-08-17,RDT,RDT kit,9,0,0,52.0
HC-RUS-02,Bugarama Health Center,Rusizi,2026-08-17,injectable_artesunate,"injectable artesunate vial (logistics unit, not a dose)",0,0,1,0.0
HC-RUS-02,Bugarama Health Center,Rusizi,2026-08-24,ACT,"ACT course (logistics unit, not a dose)",31,3,0,10.33
HC-RUS-02,Bugarama Health Center,Rusizi,2026-08-24,RDT,RDT kit,9,1,0,9.0
HC-RUS-02,Bugarama Health Center,Rusizi,2026-08-24,injectable_artesunate,"injectable artesunate vial (logistics unit, not a dose)",8,0,0,52.0
HC-RUS-02,Bugarama Health Center,Rusizi,2026-08-31,ACT,"ACT course (logistics unit, not a dose)",4,0,0,52.0
HC-RUS-02,Bugarama Health Center,Rusizi,2026-08-31,RDT,RDT kit,30,3,0,10.0
HC-RUS-02,Bugarama Health Center,Rusizi,2026-08-31,injectable_artesunate,"injectable artesunate vial (logistics unit, not a dose)",6,0,0,52.0
HC-RUS-02,Bugarama Health Center,Rusizi,2026-09-07,ACT,"ACT course (logistics unit, not a dose)",9,0,0,52.0
HC-RUS-02,Bugarama Health Center,Rusizi,2026-09-07,RDT,RDT kit,45,5,0,9.0
HC-RUS-02,Bugarama Health Center,Rusizi,2026-09-07,injectable_artesunate,"injectable artesunate vial (logistics unit, not a dose)",7,0,0,52.0
HC-RUS-02,Bugarama Health Center,Rusizi,2026-09-14,ACT,"ACT course (logistics unit, not a dose)",10,0,0,52.0
HC-RUS-02,Bugarama Health Center,Rusizi,2026-09-14,RDT,RDT kit,25,3,0,8.33
HC-RUS-02,Bugarama Health Center,Rusizi,2026-09-14,injectable_artesunate,"injectable artesunate vial (logistics unit, not a dose)",10,0,0,52.0
HC-RUS-02,Bugarama Health Center,Rusizi,2026-09-21,ACT,"ACT course (logistics unit, not a dose)",3,1,0,3.0
HC-RUS-02,Bugarama Health Center,Rusizi,2026-09-21,RDT,RDT kit,9,0,0,52.0
HC-RUS-02,Bugarama Health Center,Rusizi,2026-09-21,injectable_artesunate,"injectable artesunate vial (logistics unit, not a dose)",5,0,0,52.0
HC-RUS-02,Bugarama Health Center,Rusizi,2026-09-28,ACT,"ACT course (logistics unit, not a dose)",9,0,0,52.0
HC-RUS-02,Bugarama Health Center,Rusizi,2026-09-28,RDT,RDT kit,8,0,0,52.0
HC-RUS-02,Bugarama Health Center,Rusizi,2026-09-28,injectable_artesunate,"injectable artesunate vial (logistics unit, not a dose)",8,0,0,52.0
HC-RUS-03,Gihundwe Health Center,Rusizi,2024-09-30,ACT,"ACT course (logistics unit, not a dose)",23,2,0,11.5
HC-RUS-03,Gihundwe Health Center,Rusizi,2024-09-30,RDT,RDT kit,19,2,0,9.5
HC-RUS-03,Gihundwe Health Center,Rusizi,2024-09-30,injectable_artesunate,"injectable artesunate vial (logistics unit, not a dose)",5,0,0,52.0
HC-RUS-03,Gihundwe Health Center,Rusizi,2024-10-07,ACT,"ACT course (logistics unit, not a dose)",4,1,0,4.0
HC-RUS-03,Gihundwe Health Center,Rusizi,2024-10-07,RDT,RDT kit,9,1,0,9.0
HC-RUS-03,Gihundwe Health Center,Rusizi,2024-10-07,injectable_artesunate,"injectable artesunate vial (logistics unit, not a dose)",7,1,0,7.0
HC-RUS-03,Gihundwe Health Center,Rusizi,2024-10-14,ACT,"ACT course (logistics unit, not a dose)",3,1,0,3.0
HC-RUS-03,Gihundwe Health Center,Rusizi,2024-10-14,RDT,RDT kit,1,0,0,52.0
HC-RUS-03,Gihundwe Health Center,Rusizi,2024-10-14,injectable_artesunate,"injectable artesunate vial (logistics unit, not a dose)",6,0,0,52.0
HC-RUS-03,Gihundwe Health Center,Rusizi,2024-10-21,ACT,"ACT course (logistics unit, not a dose)",3,0,0,52.0
HC-RUS-03,Gihundwe Health Center,Rusizi,2024-10-21,RDT,RDT kit,10,1,0,10.0
HC-RUS-03,Gihundwe Health Center,Rusizi,2024-10-21,injectable_artesunate,"injectable artesunate vial (logistics unit, not a dose)",9,0,0,52.0
HC-RUS-03,Gihundwe Health Center,Rusizi,2024-10-28,ACT,"ACT course (logistics unit, not a dose)",8,1,0,8.0
HC-RUS-03,Gihundwe Health Center,Rusizi,2024-10-28,RDT,RDT kit,23,2,0,11.5
HC-RUS-03,Gihundwe Health Center,Rusizi,2024-10-28,injectable_artesunate,"injectable artesunate vial (logistics unit, not a dose)",6,1,0,6.0
HC-RUS-03,Gihundwe Health Center,Rusizi,2024-11-04,ACT,"ACT course (logistics unit, not a dose)",8,0,0,52.0
HC-RUS-03,Gihundwe Health Center,Rusizi,2024-11-04,RDT,RDT kit,30,3,0,10.0
HC-RUS-03,Gihundwe Health Center,Rusizi,2024-11-04,injectable_artesunate,"injectable artesunate vial (logistics unit, not a dose)",10,0,0,52.0
HC-RUS-03,Gihundwe Health Center,Rusizi,2024-11-11,ACT,"ACT course (logistics unit, not a dose)",0,1,1,0.0
HC-RUS-03,Gihundwe Health Center,Rusizi,2024-11-11,RDT,RDT kit,12,1,0,12.0
HC-RUS-03,Gihundwe Health Center,Rusizi,2024-11-11,injectable_artesunate,"injectable artesunate vial (logistics unit, not a dose)",1,0,0,52.0
HC-RUS-03,Gihundwe Health Center,Rusizi,2024-11-18,ACT,"ACT course (logistics unit, not a dose)",22,2,0,11.0
HC-RUS-03,Gihundwe Health Center,Rusizi,2024-11-18,RDT,RDT kit,37,5,0,7.4
HC-RUS-03,Gihundwe Health Center,Rusizi,2024-11-18,injectable_artesunate,"injectable artesunate vial (logistics unit, not a dose)",7,0,0,52.0
HC-RUS-03,Gihundwe Health Center,Rusizi,2024-11-25,ACT,"ACT course (logistics unit, not a dose)",6,0,0,52.0
HC-RUS-03,Gihundwe Health Center,Rusizi,2024-11-25,RDT,RDT kit,11,1,0,11.0
HC-RUS-03,Gihundwe Health Center,Rusizi,2024-11-25,injectable_artesunate,"injectable artesunate vial (logistics unit, not a dose)",9,0,0,52.0
HC-RUS-03,Gihundwe Health Center,Rusizi,2024-12-02,ACT,"ACT course (logistics unit, not a dose)",12,0,0,52.0
HC-RUS-03,Gihundwe Health Center,Rusizi,2024-12-02,RDT,RDT kit,17,2,0,8.5
HC-RUS-03,Gihundwe Health Center,Rusizi,2024-12-02,injectable_artesunate,"injectable artesunate vial (logistics unit, not a dose)",10,0,0,52.0
HC-RUS-03,Gihundwe Health Center,Rusizi,2024-12-09,ACT,"ACT course (logistics unit, not a dose)",11,0,0,52.0
HC-RUS-03,Gihundwe Health Center,Rusizi,2024-12-09,RDT,RDT kit,1,0,0,52.0
HC-RUS-03,Gihundwe Health Center,Rusizi,2024-12-09,injectable_artesunate,"injectable artesunate vial (logistics unit, not a dose)",4,0,0,52.0
HC-RUS-03,Gihundwe Health Center,Rusizi,2024-12-16,ACT,"ACT course (logistics unit, not a dose)",11,2,0,5.5
HC-RUS-03,Gihundwe Health Center,Rusizi,2024-12-16,RDT,RDT kit,3,3,0,1.0
HC-RUS-03,Gihundwe Health Center,Rusizi,2024-12-16,injectable_artesunate,"injectable artesunate vial (logistics unit, not a dose)",9,0,0,52.0
HC-RUS-03,Gihundwe Health Center,Rusizi,2024-12-23,ACT,"ACT course (logistics unit, not a dose)",23,3,0,7.67
HC-RUS-03,Gihundwe Health Center,Rusizi,2024-12-23,RDT,RDT kit,2,2,0,1.0
HC-RUS-03,Gihundwe Health Center,Rusizi,2024-12-23,injectable_artesunate,"injectable artesunate vial (logistics unit, not a dose)",6,0,0,52.0
HC-RUS-03,Gihundwe Health Center,Rusizi,2024-12-30,ACT,"ACT course (logistics unit, not a dose)",5,1,0,5.0
HC-RUS-03,Gihundwe Health Center,Rusizi,2024-12-30,RDT,RDT kit,12,1,0,12.0
HC-RUS-03,Gihundwe Health Center,Rusizi,2024-12-30,injectable_artesunate,"injectable artesunate vial (logistics unit, not a dose)",6,0,0,52.0
HC-RUS-03,Gihundwe Health Center,Rusizi,2025-01-06,ACT,"ACT course (logistics unit, not a dose)",7,1,0,7.0
HC-RUS-03,Gihundwe Health Center,Rusizi,2025-01-06,RDT,RDT kit,12,3,0,4.0
HC-RUS-03,Gihundwe Health Center,Rusizi,2025-01-06,injectable_artesunate,"injectable artesunate vial (logistics unit, not a dose)",0,0,1,0.0
HC-RUS-03,Gihundwe Health Center,Rusizi,2025-01-13,ACT,"ACT course (logistics unit, not a dose)",7,0,0,52.0
HC-RUS-03,Gihundwe Health Center,Rusizi,2025-01-13,RDT,RDT kit,21,4,0,5.25
HC-RUS-03,Gihundwe Health Center,Rusizi,2025-01-13,injectable_artesunate,"injectable artesunate vial (logistics unit, not a dose)",4,1,0,4.0
HC-RUS-03,Gihundwe Health Center,Rusizi,2025-01-20,ACT,"ACT course (logistics unit, not a dose)",8,1,0,8.0
HC-RUS-03,Gihundwe Health Center,Rusizi,2025-01-20,RDT,RDT kit,18,2,0,9.0
HC-RUS-03,Gihundwe Health Center,Rusizi,2025-01-20,injectable_artesunate,"injectable artesunate vial (logistics unit, not a dose)",11,0,0,52.0
HC-RUS-03,Gihundwe Health Center,Rusizi,2025-01-27,ACT,"ACT course (logistics unit, not a dose)",4,0,0,52.0
HC-RUS-03,Gihundwe Health Center,Rusizi,2025-01-27,RDT,RDT kit,12,1,0,12.0
HC-RUS-03,Gihundwe Health Center,Rusizi,2025-01-27,injectable_artesunate,"injectable artesunate vial (logistics unit, not a dose)",6,0,0,52.0
HC-RUS-03,Gihundwe Health Center,Rusizi,2025-02-03,ACT,"ACT course (logistics unit, not a dose)",9,2,0,4.5
HC-RUS-03,Gihundwe Health Center,Rusizi,2025-02-03,RDT,RDT kit,5,0,0,52.0
HC-RUS-03,Gihundwe Health Center,Rusizi,2025-02-03,injectable_artesunate,"injectable artesunate vial (logistics unit, not a dose)",0,0,1,0.0
HC-RUS-03,Gihundwe Health Center,Rusizi,2025-02-10,ACT,"ACT course (logistics unit, not a dose)",9,1,0,9.0
HC-RUS-03,Gihundwe Health Center,Rusizi,2025-02-10,RDT,RDT kit,1,2,0,0.5
HC-RUS-03,Gihundwe Health Center,Rusizi,2025-02-10,injectable_artesunate,"injectable artesunate vial (logistics unit, not a dose)",8,1,0,8.0
HC-RUS-03,Gihundwe Health Center,Rusizi,2025-02-17,ACT,"ACT course (logistics unit, not a dose)",1,0,0,52.0
HC-RUS-03,Gihundwe Health Center,Rusizi,2025-02-17,RDT,RDT kit,14,2,0,7.0
HC-RUS-03,Gihundwe Health Center,Rusizi,2025-02-17,injectable_artesunate,"injectable artesunate vial (logistics unit, not a dose)",7,0,0,52.0
HC-RUS-03,Gihundwe Health Center,Rusizi,2025-02-24,ACT,"ACT course (logistics unit, not a dose)",5,1,0,5.0
HC-RUS-03,Gihundwe Health Center,Rusizi,2025-02-24,RDT,RDT kit,8,1,0,8.0
HC-RUS-03,Gihundwe Health Center,Rusizi,2025-02-24,injectable_artesunate,"injectable artesunate vial (logistics unit, not a dose)",5,1,0,5.0
HC-RUS-03,Gihundwe Health Center,Rusizi,2025-03-03,ACT,"ACT course (logistics unit, not a dose)",10,1,0,10.0
HC-RUS-03,Gihundwe Health Center,Rusizi,2025-03-03,RDT,RDT kit,84,7,0,12.0
HC-RUS-03,Gihundwe Health Center,Rusizi,2025-03-03,injectable_artesunate,"injectable artesunate vial (logistics unit, not a dose)",6,0,0,52.0
HC-RUS-03,Gihundwe Health Center,Rusizi,2025-03-10,ACT,"ACT course (logistics unit, not a dose)",35,4,0,8.75
HC-RUS-03,Gihundwe Health Center,Rusizi,2025-03-10,RDT,RDT kit,22,4,0,5.5
HC-RUS-03,Gihundwe Health Center,Rusizi,2025-03-10,injectable_artesunate,"injectable artesunate vial (logistics unit, not a dose)",0,0,1,0.0
HC-RUS-03,Gihundwe Health Center,Rusizi,2025-03-17,ACT,"ACT course (logistics unit, not a dose)",9,1,0,9.0
HC-RUS-03,Gihundwe Health Center,Rusizi,2025-03-17,RDT,RDT kit,9,0,0,52.0
HC-RUS-03,Gihundwe Health Center,Rusizi,2025-03-17,injectable_artesunate,"injectable artesunate vial (logistics unit, not a dose)",6,0,0,52.0
HC-RUS-03,Gihundwe Health Center,Rusizi,2025-03-24,ACT,"ACT course (logistics unit, not a dose)",8,0,0,52.0
HC-RUS-03,Gihundwe Health Center,Rusizi,2025-03-24,RDT,RDT kit,18,2,0,9.0
HC-RUS-03,Gihundwe Health Center,Rusizi,2025-03-24,injectable_artesunate,"injectable artesunate vial (logistics unit, not a dose)",4,0,0,52.0
HC-RUS-03,Gihundwe Health Center,Rusizi,2025-03-31,ACT,"ACT course (logistics unit, not a dose)",19,2,0,9.5
HC-RUS-03,Gihundwe Health Center,Rusizi,2025-03-31,RDT,RDT kit,8,1,0,8.0
HC-RUS-03,Gihundwe Health Center,Rusizi,2025-03-31,injectable_artesunate,"injectable artesunate vial (logistics unit, not a dose)",7,0,0,52.0
HC-RUS-03,Gihundwe Health Center,Rusizi,2025-04-07,ACT,"ACT course (logistics unit, not a dose)",12,0,0,52.0
HC-RUS-03,Gihundwe Health Center,Rusizi,2025-04-07,RDT,RDT kit,5,1,0,5.0
HC-RUS-03,Gihundwe Health Center,Rusizi,2025-04-07,injectable_artesunate,"injectable artesunate vial (logistics unit, not a dose)",6,1,0,6.0
HC-RUS-03,Gihundwe Health Center,Rusizi,2025-04-14,ACT,"ACT course (logistics unit, not a dose)",7,0,0,52.0
HC-RUS-03,Gihundwe Health Center,Rusizi,2025-04-14,RDT,RDT kit,32,3,0,10.67
HC-RUS-03,Gihundwe Health Center,Rusizi,2025-04-14,injectable_artesunate,"injectable artesunate vial (logistics unit, not a dose)",3,0,0,52.0
HC-RUS-03,Gihundwe Health Center,Rusizi,2025-04-21,ACT,"ACT course (logistics unit, not a dose)",0,1,1,0.0
HC-RUS-03,Gihundwe Health Center,Rusizi,2025-04-21,RDT,RDT kit,9,1,0,9.0
HC-RUS-03,Gihundwe Health Center,Rusizi,2025-04-21,injectable_artesunate,"injectable artesunate vial (logistics unit, not a dose)",11,1,0,11.0
HC-RUS-03,Gihundwe Health Center,Rusizi,2025-04-28,ACT,"ACT course (logistics unit, not a dose)",4,1,0,4.0
HC-RUS-03,Gihundwe Health Center,Rusizi,2025-04-28,RDT,RDT kit,6,2,0,3.0
HC-RUS-03,Gihundwe Health Center,Rusizi,2025-04-28,injectable_artesunate,"injectable artesunate vial (logistics unit, not a dose)",12,1,0,12.0
HC-RUS-03,Gihundwe Health Center,Rusizi,2025-05-05,ACT,"ACT course (logistics unit, not a dose)",6,1,0,6.0
HC-RUS-03,Gihundwe Health Center,Rusizi,2025-05-05,RDT,RDT kit,27,4,0,6.75
HC-RUS-03,Gihundwe Health Center,Rusizi,2025-05-05,injectable_artesunate,"injectable artesunate vial (logistics unit, not a dose)",12,0,0,52.0
HC-RUS-03,Gihundwe Health Center,Rusizi,2025-05-12,ACT,"ACT course (logistics unit, not a dose)",9,2,0,4.5
HC-RUS-03,Gihundwe Health Center,Rusizi,2025-05-12,RDT,RDT kit,0,0,1,0.0
HC-RUS-03,Gihundwe Health Center,Rusizi,2025-05-12,injectable_artesunate,"injectable artesunate vial (logistics unit, not a dose)",6,0,0,52.0
HC-RUS-03,Gihundwe Health Center,Rusizi,2025-05-19,ACT,"ACT course (logistics unit, not a dose)",17,2,0,8.5
HC-RUS-03,Gihundwe Health Center,Rusizi,2025-05-19,RDT,RDT kit,19,3,0,6.33
HC-RUS-03,Gihundwe Health Center,Rusizi,2025-05-19,injectable_artesunate,"injectable artesunate vial (logistics unit, not a dose)",6,1,0,6.0
HC-RUS-03,Gihundwe Health Center,Rusizi,2025-05-26,ACT,"ACT course (logistics unit, not a dose)",10,0,0,52.0
HC-RUS-03,Gihundwe Health Center,Rusizi,2025-05-26,RDT,RDT kit,6,1,0,6.0
HC-RUS-03,Gihundwe Health Center,Rusizi,2025-05-26,injectable_artesunate,"injectable artesunate vial (logistics unit, not a dose)",9,0,0,52.0
HC-RUS-03,Gihundwe Health Center,Rusizi,2025-06-02,ACT,"ACT course (logistics unit, not a dose)",11,1,0,11.0
HC-RUS-03,Gihundwe Health Center,Rusizi,2025-06-02,RDT,RDT kit,0,1,1,0.0
HC-RUS-03,Gihundwe Health Center,Rusizi,2025-06-02,injectable_artesunate,"injectable artesunate vial (logistics unit, not a dose)",10,0,0,52.0
HC-RUS-03,Gihundwe Health Center,Rusizi,2025-06-09,ACT,"ACT course (logistics unit, not a dose)",5,0,0,52.0
HC-RUS-03,Gihundwe Health Center,Rusizi,2025-06-09,RDT,RDT kit,6,1,0,6.0
HC-RUS-03,Gihundwe Health Center,Rusizi,2025-06-09,injectable_artesunate,"injectable artesunate vial (logistics unit, not a dose)",9,0,0,52.0
HC-RUS-03,Gihundwe Health Center,Rusizi,2025-06-16,ACT,"ACT course (logistics unit, not a dose)",6,1,0,6.0
HC-RUS-03,Gihundwe Health Center,Rusizi,2025-06-16,RDT,RDT kit,18,4,0,4.5
HC-RUS-03,Gihundwe Health Center,Rusizi,2025-06-16,injectable_artesunate,"injectable artesunate vial (logistics unit, not a dose)",7,0,0,52.0
HC-RUS-03,Gihundwe Health Center,Rusizi,2025-06-23,ACT,"ACT course (logistics unit, not a dose)",8,0,0,52.0
HC-RUS-03,Gihundwe Health Center,Rusizi,2025-06-23,RDT,RDT kit,7,1,0,7.0
HC-RUS-03,Gihundwe Health Center,Rusizi,2025-06-23,injectable_artesunate,"injectable artesunate vial (logistics unit, not a dose)",10,0,0,52.0
HC-RUS-03,Gihundwe Health Center,Rusizi,2025-06-30,ACT,"ACT course (logistics unit, not a dose)",10,1,0,10.0
HC-RUS-03,Gihundwe Health Center,Rusizi,2025-06-30,RDT,RDT kit,6,1,0,6.0
HC-RUS-03,Gihundwe Health Center,Rusizi,2025-06-30,injectable_artesunate,"injectable artesunate vial (logistics unit, not a dose)",10,0,0,52.0
HC-RUS-03,Gihundwe Health Center,Rusizi,2025-07-07,ACT,"ACT course (logistics unit, not a dose)",1,0,0,52.0
HC-RUS-03,Gihundwe Health Center,Rusizi,2025-07-07,RDT,RDT kit,11,0,0,52.0
HC-RUS-03,Gihundwe Health Center,Rusizi,2025-07-07,injectable_artesunate,"injectable artesunate vial (logistics unit, not a dose)",10,0,0,52.0
HC-RUS-03,Gihundwe Health Center,Rusizi,2025-07-14,ACT,"ACT course (logistics unit, not a dose)",11,0,0,52.0
HC-RUS-03,Gihundwe Health Center,Rusizi,2025-07-14,RDT,RDT kit,1,3,0,0.33
HC-RUS-03,Gihundwe Health Center,Rusizi,2025-07-14,injectable_artesunate,"injectable artesunate vial (logistics unit, not a dose)",10,0,0,52.0
HC-RUS-03,Gihundwe Health Center,Rusizi,2025-07-21,ACT,"ACT course (logistics unit, not a dose)",6,1,0,6.0
HC-RUS-03,Gihundwe Health Center,Rusizi,2025-07-21,RDT,RDT kit,17,2,0,8.5
HC-RUS-03,Gihundwe Health Center,Rusizi,2025-07-21,injectable_artesunate,"injectable artesunate vial (logistics unit, not a dose)",10,0,0,52.0
HC-RUS-03,Gihundwe Health Center,Rusizi,2025-07-28,ACT,"ACT course (logistics unit, not a dose)",8,0,0,52.0
HC-RUS-03,Gihundwe Health Center,Rusizi,2025-07-28,RDT,RDT kit,12,0,0,52.0
HC-RUS-03,Gihundwe Health Center,Rusizi,2025-07-28,injectable_artesunate,"injectable artesunate vial (logistics unit, not a dose)",3,0,0,52.0
HC-RUS-03,Gihundwe Health Center,Rusizi,2025-08-04,ACT,"ACT course (logistics unit, not a dose)",3,0,0,52.0
HC-RUS-03,Gihundwe Health Center,Rusizi,2025-08-04,RDT,RDT kit,16,3,0,5.33
HC-RUS-03,Gihundwe Health Center,Rusizi,2025-08-04,injectable_artesunate,"injectable artesunate vial (logistics unit, not a dose)",11,0,0,52.0
HC-RUS-03,Gihundwe Health Center,Rusizi,2025-08-11,ACT,"ACT course (logistics unit, not a dose)",7,0,0,52.0
HC-RUS-03,Gihundwe Health Center,Rusizi,2025-08-11,RDT,RDT kit,23,3,0,7.67
HC-RUS-03,Gihundwe Health Center,Rusizi,2025-08-11,injectable_artesunate,"injectable artesunate vial (logistics unit, not a dose)",11,0,0,52.0
HC-RUS-03,Gihundwe Health Center,Rusizi,2025-08-18,ACT,"ACT course (logistics unit, not a dose)",3,0,0,52.0
HC-RUS-03,Gihundwe Health Center,Rusizi,2025-08-18,RDT,RDT kit,9,0,0,52.0
HC-RUS-03,Gihundwe Health Center,Rusizi,2025-08-18,injectable_artesunate,"injectable artesunate vial (logistics unit, not a dose)",8,0,0,52.0
HC-RUS-03,Gihundwe Health Center,Rusizi,2025-08-25,ACT,"ACT course (logistics unit, not a dose)",7,0,0,52.0
HC-RUS-03,Gihundwe Health Center,Rusizi,2025-08-25,RDT,RDT kit,13,2,0,6.5
HC-RUS-03,Gihundwe Health Center,Rusizi,2025-08-25,injectable_artesunate,"injectable artesunate vial (logistics unit, not a dose)",12,0,0,52.0
HC-RUS-03,Gihundwe Health Center,Rusizi,2025-09-01,ACT,"ACT course (logistics unit, not a dose)",5,0,0,52.0
HC-RUS-03,Gihundwe Health Center,Rusizi,2025-09-01,RDT,RDT kit,6,1,0,6.0
HC-RUS-03,Gihundwe Health Center,Rusizi,2025-09-01,injectable_artesunate,"injectable artesunate vial (logistics unit, not a dose)",3,1,0,3.0
HC-RUS-03,Gihundwe Health Center,Rusizi,2025-09-08,ACT,"ACT course (logistics unit, not a dose)",0,2,1,0.0
HC-RUS-03,Gihundwe Health Center,Rusizi,2025-09-08,RDT,RDT kit,6,1,0,6.0
HC-RUS-03,Gihundwe Health Center,Rusizi,2025-09-08,injectable_artesunate,"injectable artesunate vial (logistics unit, not a dose)",5,0,0,52.0
HC-RUS-03,Gihundwe Health Center,Rusizi,2025-09-15,ACT,"ACT course (logistics unit, not a dose)",0,1,1,0.0
HC-RUS-03,Gihundwe Health Center,Rusizi,2025-09-15,RDT,RDT kit,10,1,0,10.0
HC-RUS-03,Gihundwe Health Center,Rusizi,2025-09-15,injectable_artesunate,"injectable artesunate vial (logistics unit, not a dose)",3,1,0,3.0
HC-RUS-03,Gihundwe Health Center,Rusizi,2025-09-22,ACT,"ACT course (logistics unit, not a dose)",5,1,0,5.0
HC-RUS-03,Gihundwe Health Center,Rusizi,2025-09-22,RDT,RDT kit,13,3,0,4.33
HC-RUS-03,Gihundwe Health Center,Rusizi,2025-09-22,injectable_artesunate,"injectable artesunate vial (logistics unit, not a dose)",12,0,0,52.0
HC-RUS-03,Gihundwe Health Center,Rusizi,2025-09-29,ACT,"ACT course (logistics unit, not a dose)",4,0,0,52.0
HC-RUS-03,Gihundwe Health Center,Rusizi,2025-09-29,RDT,RDT kit,5,1,0,5.0
HC-RUS-03,Gihundwe Health Center,Rusizi,2025-09-29,injectable_artesunate,"injectable artesunate vial (logistics unit, not a dose)",9,0,0,52.0
HC-RUS-03,Gihundwe Health Center,Rusizi,2025-10-06,ACT,"ACT course (logistics unit, not a dose)",17,2,0,8.5
HC-RUS-03,Gihundwe Health Center,Rusizi,2025-10-06,RDT,RDT kit,5,1,0,5.0
HC-RUS-03,Gihundwe Health Center,Rusizi,2025-10-06,injectable_artesunate,"injectable artesunate vial (logistics unit, not a dose)",8,0,0,52.0
HC-RUS-03,Gihundwe Health Center,Rusizi,2025-10-13,ACT,"ACT course (logistics unit, not a dose)",0,0,1,0.0
HC-RUS-03,Gihundwe Health Center,Rusizi,2025-10-13,RDT,RDT kit,7,1,0,7.0
HC-RUS-03,Gihundwe Health Center,Rusizi,2025-10-13,injectable_artesunate,"injectable artesunate vial (logistics unit, not a dose)",5,1,0,5.0
HC-RUS-03,Gihundwe Health Center,Rusizi,2025-10-20,ACT,"ACT course (logistics unit, not a dose)",8,0,0,52.0
HC-RUS-03,Gihundwe Health Center,Rusizi,2025-10-20,RDT,RDT kit,23,2,0,11.5
HC-RUS-03,Gihundwe Health Center,Rusizi,2025-10-20,injectable_artesunate,"injectable artesunate vial (logistics unit, not a dose)",3,1,0,3.0
HC-RUS-03,Gihundwe Health Center,Rusizi,2025-10-27,ACT,"ACT course (logistics unit, not a dose)",3,0,0,52.0
HC-RUS-03,Gihundwe Health Center,Rusizi,2025-10-27,RDT,RDT kit,14,2,0,7.0
HC-RUS-03,Gihundwe Health Center,Rusizi,2025-10-27,injectable_artesunate,"injectable artesunate vial (logistics unit, not a dose)",10,0,0,52.0
HC-RUS-03,Gihundwe Health Center,Rusizi,2025-11-03,ACT,"ACT course (logistics unit, not a dose)",12,0,0,52.0
HC-RUS-03,Gihundwe Health Center,Rusizi,2025-11-03,RDT,RDT kit,37,4,0,9.25
HC-RUS-03,Gihundwe Health Center,Rusizi,2025-11-03,injectable_artesunate,"injectable artesunate vial (logistics unit, not a dose)",7,1,0,7.0
HC-RUS-03,Gihundwe Health Center,Rusizi,2025-11-10,ACT,"ACT course (logistics unit, not a dose)",7,1,0,7.0
HC-RUS-03,Gihundwe Health Center,Rusizi,2025-11-10,RDT,RDT kit,17,2,0,8.5
HC-RUS-03,Gihundwe Health Center,Rusizi,2025-11-10,injectable_artesunate,"injectable artesunate vial (logistics unit, not a dose)",11,2,0,5.5
HC-RUS-03,Gihundwe Health Center,Rusizi,2025-11-17,ACT,"ACT course (logistics unit, not a dose)",13,2,0,6.5
HC-RUS-03,Gihundwe Health Center,Rusizi,2025-11-17,RDT,RDT kit,56,5,0,11.2
HC-RUS-03,Gihundwe Health Center,Rusizi,2025-11-17,injectable_artesunate,"injectable artesunate vial (logistics unit, not a dose)",5,1,0,5.0
HC-RUS-03,Gihundwe Health Center,Rusizi,2025-11-24,ACT,"ACT course (logistics unit, not a dose)",19,2,0,9.5
HC-RUS-03,Gihundwe Health Center,Rusizi,2025-11-24,RDT,RDT kit,22,3,0,7.33
HC-RUS-03,Gihundwe Health Center,Rusizi,2025-11-24,injectable_artesunate,"injectable artesunate vial (logistics unit, not a dose)",6,0,0,52.0
HC-RUS-03,Gihundwe Health Center,Rusizi,2025-12-01,ACT,"ACT course (logistics unit, not a dose)",34,3,0,11.33
HC-RUS-03,Gihundwe Health Center,Rusizi,2025-12-01,RDT,RDT kit,38,4,0,9.5
HC-RUS-03,Gihundwe Health Center,Rusizi,2025-12-01,injectable_artesunate,"injectable artesunate vial (logistics unit, not a dose)",6,0,0,52.0
HC-RUS-03,Gihundwe Health Center,Rusizi,2025-12-08,ACT,"ACT course (logistics unit, not a dose)",0,2,1,0.0
HC-RUS-03,Gihundwe Health Center,Rusizi,2025-12-08,RDT,RDT kit,10,0,0,52.0
HC-RUS-03,Gihundwe Health Center,Rusizi,2025-12-08,injectable_artesunate,"injectable artesunate vial (logistics unit, not a dose)",11,0,0,52.0
HC-RUS-03,Gihundwe Health Center,Rusizi,2025-12-15,ACT,"ACT course (logistics unit, not a dose)",8,1,0,8.0
HC-RUS-03,Gihundwe Health Center,Rusizi,2025-12-15,RDT,RDT kit,27,3,0,9.0
HC-RUS-03,Gihundwe Health Center,Rusizi,2025-12-15,injectable_artesunate,"injectable artesunate vial (logistics unit, not a dose)",0,1,1,0.0
HC-RUS-03,Gihundwe Health Center,Rusizi,2025-12-22,ACT,"ACT course (logistics unit, not a dose)",17,2,0,8.5
HC-RUS-03,Gihundwe Health Center,Rusizi,2025-12-22,RDT,RDT kit,11,0,0,52.0
HC-RUS-03,Gihundwe Health Center,Rusizi,2025-12-22,injectable_artesunate,"injectable artesunate vial (logistics unit, not a dose)",10,0,0,52.0
HC-RUS-03,Gihundwe Health Center,Rusizi,2025-12-29,ACT,"ACT course (logistics unit, not a dose)",10,0,0,52.0
HC-RUS-03,Gihundwe Health Center,Rusizi,2025-12-29,RDT,RDT kit,4,0,0,52.0
HC-RUS-03,Gihundwe Health Center,Rusizi,2025-12-29,injectable_artesunate,"injectable artesunate vial (logistics unit, not a dose)",6,0,0,52.0
HC-RUS-03,Gihundwe Health Center,Rusizi,2026-01-05,ACT,"ACT course (logistics unit, not a dose)",7,0,0,52.0
HC-RUS-03,Gihundwe Health Center,Rusizi,2026-01-05,RDT,RDT kit,13,2,0,6.5
HC-RUS-03,Gihundwe Health Center,Rusizi,2026-01-05,injectable_artesunate,"injectable artesunate vial (logistics unit, not a dose)",7,0,0,52.0
HC-RUS-03,Gihundwe Health Center,Rusizi,2026-01-12,ACT,"ACT course (logistics unit, not a dose)",1,2,0,0.5
HC-RUS-03,Gihundwe Health Center,Rusizi,2026-01-12,RDT,RDT kit,22,3,0,7.33
HC-RUS-03,Gihundwe Health Center,Rusizi,2026-01-12,injectable_artesunate,"injectable artesunate vial (logistics unit, not a dose)",4,0,0,52.0
HC-RUS-03,Gihundwe Health Center,Rusizi,2026-01-19,ACT,"ACT course (logistics unit, not a dose)",8,0,0,52.0
HC-RUS-03,Gihundwe Health Center,Rusizi,2026-01-19,RDT,RDT kit,12,3,0,4.0
HC-RUS-03,Gihundwe Health Center,Rusizi,2026-01-19,injectable_artesunate,"injectable artesunate vial (logistics unit, not a dose)",5,0,0,52.0
HC-RUS-03,Gihundwe Health Center,Rusizi,2026-01-26,ACT,"ACT course (logistics unit, not a dose)",9,0,0,52.0
HC-RUS-03,Gihundwe Health Center,Rusizi,2026-01-26,RDT,RDT kit,1,0,0,52.0
HC-RUS-03,Gihundwe Health Center,Rusizi,2026-01-26,injectable_artesunate,"injectable artesunate vial (logistics unit, not a dose)",8,0,0,52.0
HC-RUS-03,Gihundwe Health Center,Rusizi,2026-02-02,ACT,"ACT course (logistics unit, not a dose)",2,2,0,1.0
HC-RUS-03,Gihundwe Health Center,Rusizi,2026-02-02,RDT,RDT kit,11,0,0,52.0
HC-RUS-03,Gihundwe Health Center,Rusizi,2026-02-02,injectable_artesunate,"injectable artesunate vial (logistics unit, not a dose)",3,1,0,3.0
HC-RUS-03,Gihundwe Health Center,Rusizi,2026-02-09,ACT,"ACT course (logistics unit, not a dose)",11,2,0,5.5
HC-RUS-03,Gihundwe Health Center,Rusizi,2026-02-09,RDT,RDT kit,0,0,1,0.0
HC-RUS-03,Gihundwe Health Center,Rusizi,2026-02-09,injectable_artesunate,"injectable artesunate vial (logistics unit, not a dose)",9,0,0,52.0
HC-RUS-03,Gihundwe Health Center,Rusizi,2026-02-16,ACT,"ACT course (logistics unit, not a dose)",12,1,0,12.0
HC-RUS-03,Gihundwe Health Center,Rusizi,2026-02-16,RDT,RDT kit,59,6,0,9.83
HC-RUS-03,Gihundwe Health Center,Rusizi,2026-02-16,injectable_artesunate,"injectable artesunate vial (logistics unit, not a dose)",0,1,1,0.0
HC-RUS-03,Gihundwe Health Center,Rusizi,2026-02-23,ACT,"ACT course (logistics unit, not a dose)",12,1,0,12.0
HC-RUS-03,Gihundwe Health Center,Rusizi,2026-02-23,RDT,RDT kit,20,3,0,6.67
HC-RUS-03,Gihundwe Health Center,Rusizi,2026-02-23,injectable_artesunate,"injectable artesunate vial (logistics unit, not a dose)",11,0,0,52.0
HC-RUS-03,Gihundwe Health Center,Rusizi,2026-03-02,ACT,"ACT course (logistics unit, not a dose)",7,1,0,7.0
HC-RUS-03,Gihundwe Health Center,Rusizi,2026-03-02,RDT,RDT kit,8,1,0,8.0
HC-RUS-03,Gihundwe Health Center,Rusizi,2026-03-02,injectable_artesunate,"injectable artesunate vial (logistics unit, not a dose)",5,0,0,52.0
HC-RUS-03,Gihundwe Health Center,Rusizi,2026-03-09,ACT,"ACT course (logistics unit, not a dose)",14,2,0,7.0
HC-RUS-03,Gihundwe Health Center,Rusizi,2026-03-09,RDT,RDT kit,20,2,0,10.0
HC-RUS-03,Gihundwe Health Center,Rusizi,2026-03-09,injectable_artesunate,"injectable artesunate vial (logistics unit, not a dose)",11,0,0,52.0
HC-RUS-03,Gihundwe Health Center,Rusizi,2026-03-16,ACT,"ACT course (logistics unit, not a dose)",10,0,0,52.0
HC-RUS-03,Gihundwe Health Center,Rusizi,2026-03-16,RDT,RDT kit,26,3,0,8.67
HC-RUS-03,Gihundwe Health Center,Rusizi,2026-03-16,injectable_artesunate,"injectable artesunate vial (logistics unit, not a dose)",9,0,0,52.0
HC-RUS-03,Gihundwe Health Center,Rusizi,2026-03-23,ACT,"ACT course (logistics unit, not a dose)",29,3,0,9.67
HC-RUS-03,Gihundwe Health Center,Rusizi,2026-03-23,RDT,RDT kit,8,1,0,8.0
HC-RUS-03,Gihundwe Health Center,Rusizi,2026-03-23,injectable_artesunate,"injectable artesunate vial (logistics unit, not a dose)",10,1,0,10.0
HC-RUS-03,Gihundwe Health Center,Rusizi,2026-03-30,ACT,"ACT course (logistics unit, not a dose)",35,4,0,8.75
HC-RUS-03,Gihundwe Health Center,Rusizi,2026-03-30,RDT,RDT kit,36,4,0,9.0
HC-RUS-03,Gihundwe Health Center,Rusizi,2026-03-30,injectable_artesunate,"injectable artesunate vial (logistics unit, not a dose)",7,1,0,7.0
HC-RUS-03,Gihundwe Health Center,Rusizi,2026-04-06,ACT,"ACT course (logistics unit, not a dose)",10,0,0,52.0
HC-RUS-03,Gihundwe Health Center,Rusizi,2026-04-06,RDT,RDT kit,25,6,0,4.17
HC-RUS-03,Gihundwe Health Center,Rusizi,2026-04-06,injectable_artesunate,"injectable artesunate vial (logistics unit, not a dose)",11,0,0,52.0
HC-RUS-03,Gihundwe Health Center,Rusizi,2026-04-13,ACT,"ACT course (logistics unit, not a dose)",11,1,0,11.0
HC-RUS-03,Gihundwe Health Center,Rusizi,2026-04-13,RDT,RDT kit,16,2,0,8.0
HC-RUS-03,Gihundwe Health Center,Rusizi,2026-04-13,injectable_artesunate,"injectable artesunate vial (logistics unit, not a dose)",0,0,1,0.0
HC-RUS-03,Gihundwe Health Center,Rusizi,2026-04-20,ACT,"ACT course (logistics unit, not a dose)",7,1,0,7.0
HC-RUS-03,Gihundwe Health Center,Rusizi,2026-04-20,RDT,RDT kit,15,2,0,7.5
HC-RUS-03,Gihundwe Health Center,Rusizi,2026-04-20,injectable_artesunate,"injectable artesunate vial (logistics unit, not a dose)",0,0,1,0.0
HC-RUS-03,Gihundwe Health Center,Rusizi,2026-04-27,ACT,"ACT course (logistics unit, not a dose)",11,0,0,52.0
HC-RUS-03,Gihundwe Health Center,Rusizi,2026-04-27,RDT,RDT kit,23,2,0,11.5
HC-RUS-03,Gihundwe Health Center,Rusizi,2026-04-27,injectable_artesunate,"injectable artesunate vial (logistics unit, not a dose)",4,0,0,52.0
HC-RUS-03,Gihundwe Health Center,Rusizi,2026-05-04,ACT,"ACT course (logistics unit, not a dose)",5,1,0,5.0
HC-RUS-03,Gihundwe Health Center,Rusizi,2026-05-04,RDT,RDT kit,12,1,0,12.0
HC-RUS-03,Gihundwe Health Center,Rusizi,2026-05-04,injectable_artesunate,"injectable artesunate vial (logistics unit, not a dose)",11,0,0,52.0
HC-RUS-03,Gihundwe Health Center,Rusizi,2026-05-11,ACT,"ACT course (logistics unit, not a dose)",9,1,0,9.0
HC-RUS-03,Gihundwe Health Center,Rusizi,2026-05-11,RDT,RDT kit,28,3,0,9.33
HC-RUS-03,Gihundwe Health Center,Rusizi,2026-05-11,injectable_artesunate,"injectable artesunate vial (logistics unit, not a dose)",5,0,0,52.0
HC-RUS-03,Gihundwe Health Center,Rusizi,2026-05-18,ACT,"ACT course (logistics unit, not a dose)",11,0,0,52.0
HC-RUS-03,Gihundwe Health Center,Rusizi,2026-05-18,RDT,RDT kit,20,2,0,10.0
HC-RUS-03,Gihundwe Health Center,Rusizi,2026-05-18,injectable_artesunate,"injectable artesunate vial (logistics unit, not a dose)",4,0,0,52.0
HC-RUS-03,Gihundwe Health Center,Rusizi,2026-05-25,ACT,"ACT course (logistics unit, not a dose)",7,1,0,7.0
HC-RUS-03,Gihundwe Health Center,Rusizi,2026-05-25,RDT,RDT kit,24,6,0,4.0
HC-RUS-03,Gihundwe Health Center,Rusizi,2026-05-25,injectable_artesunate,"injectable artesunate vial (logistics unit, not a dose)",1,0,0,52.0
HC-RUS-03,Gihundwe Health Center,Rusizi,2026-06-01,ACT,"ACT course (logistics unit, not a dose)",5,0,0,52.0
HC-RUS-03,Gihundwe Health Center,Rusizi,2026-06-01,RDT,RDT kit,9,2,0,4.5
HC-RUS-03,Gihundwe Health Center,Rusizi,2026-06-01,injectable_artesunate,"injectable artesunate vial (logistics unit, not a dose)",6,0,0,52.0
HC-RUS-03,Gihundwe Health Center,Rusizi,2026-06-08,ACT,"ACT course (logistics unit, not a dose)",17,3,0,5.67
HC-RUS-03,Gihundwe Health Center,Rusizi,2026-06-08,RDT,RDT kit,9,1,0,9.0
HC-RUS-03,Gihundwe Health Center,Rusizi,2026-06-08,injectable_artesunate,"injectable artesunate vial (logistics unit, not a dose)",8,0,0,52.0
HC-RUS-03,Gihundwe Health Center,Rusizi,2026-06-15,ACT,"ACT course (logistics unit, not a dose)",5,0,0,52.0
HC-RUS-03,Gihundwe Health Center,Rusizi,2026-06-15,RDT,RDT kit,41,4,0,10.25
HC-RUS-03,Gihundwe Health Center,Rusizi,2026-06-15,injectable_artesunate,"injectable artesunate vial (logistics unit, not a dose)",5,0,0,52.0
HC-RUS-03,Gihundwe Health Center,Rusizi,2026-06-22,ACT,"ACT course (logistics unit, not a dose)",23,2,0,11.5
HC-RUS-03,Gihundwe Health Center,Rusizi,2026-06-22,RDT,RDT kit,30,4,0,7.5
HC-RUS-03,Gihundwe Health Center,Rusizi,2026-06-22,injectable_artesunate,"injectable artesunate vial (logistics unit, not a dose)",5,1,0,5.0
HC-RUS-03,Gihundwe Health Center,Rusizi,2026-06-29,ACT,"ACT course (logistics unit, not a dose)",8,2,0,4.0
HC-RUS-03,Gihundwe Health Center,Rusizi,2026-06-29,RDT,RDT kit,17,3,0,5.67
HC-RUS-03,Gihundwe Health Center,Rusizi,2026-06-29,injectable_artesunate,"injectable artesunate vial (logistics unit, not a dose)",11,0,0,52.0
HC-RUS-03,Gihundwe Health Center,Rusizi,2026-07-06,ACT,"ACT course (logistics unit, not a dose)",6,0,0,52.0
HC-RUS-03,Gihundwe Health Center,Rusizi,2026-07-06,RDT,RDT kit,11,0,0,52.0
HC-RUS-03,Gihundwe Health Center,Rusizi,2026-07-06,injectable_artesunate,"injectable artesunate vial (logistics unit, not a dose)",4,0,0,52.0
HC-RUS-03,Gihundwe Health Center,Rusizi,2026-07-13,ACT,"ACT course (logistics unit, not a dose)",7,0,0,52.0
HC-RUS-03,Gihundwe Health Center,Rusizi,2026-07-13,RDT,RDT kit,1,1,0,1.0
HC-RUS-03,Gihundwe Health Center,Rusizi,2026-07-13,injectable_artesunate,"injectable artesunate vial (logistics unit, not a dose)",5,0,0,52.0
HC-RUS-03,Gihundwe Health Center,Rusizi,2026-07-20,ACT,"ACT course (logistics unit, not a dose)",17,2,0,8.5
HC-RUS-03,Gihundwe Health Center,Rusizi,2026-07-20,RDT,RDT kit,5,0,0,52.0
HC-RUS-03,Gihundwe Health Center,Rusizi,2026-07-20,injectable_artesunate,"injectable artesunate vial (logistics unit, not a dose)",6,1,0,6.0
HC-RUS-03,Gihundwe Health Center,Rusizi,2026-07-27,ACT,"ACT course (logistics unit, not a dose)",8,0,0,52.0
HC-RUS-03,Gihundwe Health Center,Rusizi,2026-07-27,RDT,RDT kit,5,1,0,5.0
HC-RUS-03,Gihundwe Health Center,Rusizi,2026-07-27,injectable_artesunate,"injectable artesunate vial (logistics unit, not a dose)",5,0,0,52.0
HC-RUS-03,Gihundwe Health Center,Rusizi,2026-08-03,ACT,"ACT course (logistics unit, not a dose)",3,0,0,52.0
HC-RUS-03,Gihundwe Health Center,Rusizi,2026-08-03,RDT,RDT kit,25,3,0,8.33
HC-RUS-03,Gihundwe Health Center,Rusizi,2026-08-03,injectable_artesunate,"injectable artesunate vial (logistics unit, not a dose)",8,1,0,8.0
HC-RUS-03,Gihundwe Health Center,Rusizi,2026-08-10,ACT,"ACT course (logistics unit, not a dose)",0,0,1,0.0
HC-RUS-03,Gihundwe Health Center,Rusizi,2026-08-10,RDT,RDT kit,12,1,0,12.0
HC-RUS-03,Gihundwe Health Center,Rusizi,2026-08-10,injectable_artesunate,"injectable artesunate vial (logistics unit, not a dose)",9,0,0,52.0
HC-RUS-03,Gihundwe Health Center,Rusizi,2026-08-17,ACT,"ACT course (logistics unit, not a dose)",1,1,0,1.0
HC-RUS-03,Gihundwe Health Center,Rusizi,2026-08-17,RDT,RDT kit,4,0,0,52.0
HC-RUS-03,Gihundwe Health Center,Rusizi,2026-08-17,injectable_artesunate,"injectable artesunate vial (logistics unit, not a dose)",5,0,0,52.0
HC-RUS-03,Gihundwe Health Center,Rusizi,2026-08-24,ACT,"ACT course (logistics unit, not a dose)",5,0,0,52.0
HC-RUS-03,Gihundwe Health Center,Rusizi,2026-08-24,RDT,RDT kit,1,5,0,0.2
HC-RUS-03,Gihundwe Health Center,Rusizi,2026-08-24,injectable_artesunate,"injectable artesunate vial (logistics unit, not a dose)",6,1,0,6.0
HC-RUS-03,Gihundwe Health Center,Rusizi,2026-08-31,ACT,"ACT course (logistics unit, not a dose)",5,0,0,52.0
HC-RUS-03,Gihundwe Health Center,Rusizi,2026-08-31,RDT,RDT kit,0,1,1,0.0
HC-RUS-03,Gihundwe Health Center,Rusizi,2026-08-31,injectable_artesunate,"injectable artesunate vial (logistics unit, not a dose)",0,1,1,0.0
HC-RUS-03,Gihundwe Health Center,Rusizi,2026-09-07,ACT,"ACT course (logistics unit, not a dose)",5,0,0,52.0
HC-RUS-03,Gihundwe Health Center,Rusizi,2026-09-07,RDT,RDT kit,3,0,0,52.0
HC-RUS-03,Gihundwe Health Center,Rusizi,2026-09-07,injectable_artesunate,"injectable artesunate vial (logistics unit, not a dose)",7,0,0,52.0
HC-RUS-03,Gihundwe Health Center,Rusizi,2026-09-14,ACT,"ACT course (logistics unit, not a dose)",9,1,0,9.0
HC-RUS-03,Gihundwe Health Center,Rusizi,2026-09-14,RDT,RDT kit,11,3,0,3.67
HC-RUS-03,Gihundwe Health Center,Rusizi,2026-09-14,injectable_artesunate,"injectable artesunate vial (logistics unit, not a dose)",9,0,0,52.0
HC-RUS-03,Gihundwe Health Center,Rusizi,2026-09-21,ACT,"ACT course (logistics unit, not a dose)",1,0,0,52.0
HC-RUS-03,Gihundwe Health Center,Rusizi,2026-09-21,RDT,RDT kit,7,2,0,3.5
HC-RUS-03,Gihundwe Health Center,Rusizi,2026-09-21,injectable_artesunate,"injectable artesunate vial (logistics unit, not a dose)",8,0,0,52.0
HC-RUS-03,Gihundwe Health Center,Rusizi,2026-09-28,ACT,"ACT course (logistics unit, not a dose)",13,2,0,6.5
HC-RUS-03,Gihundwe Health Center,Rusizi,2026-09-28,RDT,RDT kit,9,0,0,52.0
HC-RUS-03,Gihundwe Health Center,Rusizi,2026-09-28,injectable_artesunate,"injectable artesunate vial (logistics unit, not a dose)",5,1,0,5.0
HC-GAS-01,Kimironko Health Center,Gasabo,2024-09-30,ACT,"ACT course (logistics unit, not a dose)",4,0,0,52.0
HC-GAS-01,Kimironko Health Center,Gasabo,2024-09-30,RDT,RDT kit,10,0,0,52.0
HC-GAS-01,Kimironko Health Center,Gasabo,2024-09-30,injectable_artesunate,"injectable artesunate vial (logistics unit, not a dose)",4,0,0,52.0
HC-GAS-01,Kimironko Health Center,Gasabo,2024-10-07,ACT,"ACT course (logistics unit, not a dose)",3,0,0,52.0
HC-GAS-01,Kimironko Health Center,Gasabo,2024-10-07,RDT,RDT kit,10,2,0,5.0
HC-GAS-01,Kimironko Health Center,Gasabo,2024-10-07,injectable_artesunate,"injectable artesunate vial (logistics unit, not a dose)",0,0,1,0.0
HC-GAS-01,Kimironko Health Center,Gasabo,2024-10-14,ACT,"ACT course (logistics unit, not a dose)",5,0,0,52.0
HC-GAS-01,Kimironko Health Center,Gasabo,2024-10-14,RDT,RDT kit,12,1,0,12.0
HC-GAS-01,Kimironko Health Center,Gasabo,2024-10-14,injectable_artesunate,"injectable artesunate vial (logistics unit, not a dose)",4,0,0,52.0
HC-GAS-01,Kimironko Health Center,Gasabo,2024-10-21,ACT,"ACT course (logistics unit, not a dose)",11,0,0,52.0
HC-GAS-01,Kimironko Health Center,Gasabo,2024-10-21,RDT,RDT kit,5,0,0,52.0
HC-GAS-01,Kimironko Health Center,Gasabo,2024-10-21,injectable_artesunate,"injectable artesunate vial (logistics unit, not a dose)",10,0,0,52.0
HC-GAS-01,Kimironko Health Center,Gasabo,2024-10-28,ACT,"ACT course (logistics unit, not a dose)",12,1,0,12.0
HC-GAS-01,Kimironko Health Center,Gasabo,2024-10-28,RDT,RDT kit,19,4,0,4.75
HC-GAS-01,Kimironko Health Center,Gasabo,2024-10-28,injectable_artesunate,"injectable artesunate vial (logistics unit, not a dose)",9,1,0,9.0
HC-GAS-01,Kimironko Health Center,Gasabo,2024-11-04,ACT,"ACT course (logistics unit, not a dose)",6,0,0,52.0
HC-GAS-01,Kimironko Health Center,Gasabo,2024-11-04,RDT,RDT kit,5,0,0,52.0
HC-GAS-01,Kimironko Health Center,Gasabo,2024-11-04,injectable_artesunate,"injectable artesunate vial (logistics unit, not a dose)",8,0,0,52.0
HC-GAS-01,Kimironko Health Center,Gasabo,2024-11-11,ACT,"ACT course (logistics unit, not a dose)",22,2,0,11.0
HC-GAS-01,Kimironko Health Center,Gasabo,2024-11-11,RDT,RDT kit,11,2,0,5.5
HC-GAS-01,Kimironko Health Center,Gasabo,2024-11-11,injectable_artesunate,"injectable artesunate vial (logistics unit, not a dose)",11,1,0,11.0
HC-GAS-01,Kimironko Health Center,Gasabo,2024-11-18,ACT,"ACT course (logistics unit, not a dose)",6,1,0,6.0
HC-GAS-01,Kimironko Health Center,Gasabo,2024-11-18,RDT,RDT kit,71,7,0,10.14
HC-GAS-01,Kimironko Health Center,Gasabo,2024-11-18,injectable_artesunate,"injectable artesunate vial (logistics unit, not a dose)",11,0,0,52.0
HC-GAS-01,Kimironko Health Center,Gasabo,2024-11-25,ACT,"ACT course (logistics unit, not a dose)",5,0,0,52.0
HC-GAS-01,Kimironko Health Center,Gasabo,2024-11-25,RDT,RDT kit,13,2,0,6.5
HC-GAS-01,Kimironko Health Center,Gasabo,2024-11-25,injectable_artesunate,"injectable artesunate vial (logistics unit, not a dose)",6,0,0,52.0
HC-GAS-01,Kimironko Health Center,Gasabo,2024-12-02,ACT,"ACT course (logistics unit, not a dose)",4,0,0,52.0
HC-GAS-01,Kimironko Health Center,Gasabo,2024-12-02,RDT,RDT kit,14,2,0,7.0
HC-GAS-01,Kimironko Health Center,Gasabo,2024-12-02,injectable_artesunate,"injectable artesunate vial (logistics unit, not a dose)",11,0,0,52.0
HC-GAS-01,Kimironko Health Center,Gasabo,2024-12-09,ACT,"ACT course (logistics unit, not a dose)",11,1,0,11.0
HC-GAS-01,Kimironko Health Center,Gasabo,2024-12-09,RDT,RDT kit,10,1,0,10.0
HC-GAS-01,Kimironko Health Center,Gasabo,2024-12-09,injectable_artesunate,"injectable artesunate vial (logistics unit, not a dose)",6,0,0,52.0
HC-GAS-01,Kimironko Health Center,Gasabo,2024-12-16,ACT,"ACT course (logistics unit, not a dose)",9,0,0,52.0
HC-GAS-01,Kimironko Health Center,Gasabo,2024-12-16,RDT,RDT kit,5,0,0,52.0
HC-GAS-01,Kimironko Health Center,Gasabo,2024-12-16,injectable_artesunate,"injectable artesunate vial (logistics unit, not a dose)",0,1,1,0.0
HC-GAS-01,Kimironko Health Center,Gasabo,2024-12-23,ACT,"ACT course (logistics unit, not a dose)",4,1,0,4.0
HC-GAS-01,Kimironko Health Center,Gasabo,2024-12-23,RDT,RDT kit,7,1,0,7.0
HC-GAS-01,Kimironko Health Center,Gasabo,2024-12-23,injectable_artesunate,"injectable artesunate vial (logistics unit, not a dose)",9,1,0,9.0
HC-GAS-01,Kimironko Health Center,Gasabo,2024-12-30,ACT,"ACT course (logistics unit, not a dose)",6,1,0,6.0
HC-GAS-01,Kimironko Health Center,Gasabo,2024-12-30,RDT,RDT kit,4,0,0,52.0
HC-GAS-01,Kimironko Health Center,Gasabo,2024-12-30,injectable_artesunate,"injectable artesunate vial (logistics unit, not a dose)",8,0,0,52.0
HC-GAS-01,Kimironko Health Center,Gasabo,2025-01-06,ACT,"ACT course (logistics unit, not a dose)",3,0,0,52.0
HC-GAS-01,Kimironko Health Center,Gasabo,2025-01-06,RDT,RDT kit,6,1,0,6.0
HC-GAS-01,Kimironko Health Center,Gasabo,2025-01-06,injectable_artesunate,"injectable artesunate vial (logistics unit, not a dose)",10,1,0,10.0
HC-GAS-01,Kimironko Health Center,Gasabo,2025-01-13,ACT,"ACT course (logistics unit, not a dose)",8,0,0,52.0
HC-GAS-01,Kimironko Health Center,Gasabo,2025-01-13,RDT,RDT kit,9,1,0,9.0
HC-GAS-01,Kimironko Health Center,Gasabo,2025-01-13,injectable_artesunate,"injectable artesunate vial (logistics unit, not a dose)",9,1,0,9.0
HC-GAS-01,Kimironko Health Center,Gasabo,2025-01-20,ACT,"ACT course (logistics unit, not a dose)",9,1,0,9.0
HC-GAS-01,Kimironko Health Center,Gasabo,2025-01-20,RDT,RDT kit,10,1,0,10.0
HC-GAS-01,Kimironko Health Center,Gasabo,2025-01-20,injectable_artesunate,"injectable artesunate vial (logistics unit, not a dose)",6,0,0,52.0
HC-GAS-01,Kimironko Health Center,Gasabo,2025-01-27,ACT,"ACT course (logistics unit, not a dose)",25,3,0,8.33
HC-GAS-01,Kimironko Health Center,Gasabo,2025-01-27,RDT,RDT kit,7,0,0,52.0
HC-GAS-01,Kimironko Health Center,Gasabo,2025-01-27,injectable_artesunate,"injectable artesunate vial (logistics unit, not a dose)",7,0,0,52.0
HC-GAS-01,Kimironko Health Center,Gasabo,2025-02-03,ACT,"ACT course (logistics unit, not a dose)",10,2,0,5.0
HC-GAS-01,Kimironko Health Center,Gasabo,2025-02-03,RDT,RDT kit,1,4,0,0.25
HC-GAS-01,Kimironko Health Center,Gasabo,2025-02-03,injectable_artesunate,"injectable artesunate vial (logistics unit, not a dose)",5,0,0,52.0
HC-GAS-01,Kimironko Health Center,Gasabo,2025-02-10,ACT,"ACT course (logistics unit, not a dose)",4,1,0,4.0
HC-GAS-01,Kimironko Health Center,Gasabo,2025-02-10,RDT,RDT kit,16,2,0,8.0
HC-GAS-01,Kimironko Health Center,Gasabo,2025-02-10,injectable_artesunate,"injectable artesunate vial (logistics unit, not a dose)",11,2,0,5.5
HC-GAS-01,Kimironko Health Center,Gasabo,2025-02-17,ACT,"ACT course (logistics unit, not a dose)",4,0,0,52.0
HC-GAS-01,Kimironko Health Center,Gasabo,2025-02-17,RDT,RDT kit,0,1,1,0.0
HC-GAS-01,Kimironko Health Center,Gasabo,2025-02-17,injectable_artesunate,"injectable artesunate vial (logistics unit, not a dose)",6,1,0,6.0
HC-GAS-01,Kimironko Health Center,Gasabo,2025-02-24,ACT,"ACT course (logistics unit, not a dose)",14,2,0,7.0
HC-GAS-01,Kimironko Health Center,Gasabo,2025-02-24,RDT,RDT kit,11,2,0,5.5
HC-GAS-01,Kimironko Health Center,Gasabo,2025-02-24,injectable_artesunate,"injectable artesunate vial (logistics unit, not a dose)",1,0,0,52.0
HC-GAS-01,Kimironko Health Center,Gasabo,2025-03-03,ACT,"ACT course (logistics unit, not a dose)",1,1,0,1.0
HC-GAS-01,Kimironko Health Center,Gasabo,2025-03-03,RDT,RDT kit,8,0,0,52.0
HC-GAS-01,Kimironko Health Center,Gasabo,2025-03-03,injectable_artesunate,"injectable artesunate vial (logistics unit, not a dose)",7,0,0,52.0
HC-GAS-01,Kimironko Health Center,Gasabo,2025-03-10,ACT,"ACT course (logistics unit, not a dose)",3,0,0,52.0
HC-GAS-01,Kimironko Health Center,Gasabo,2025-03-10,RDT,RDT kit,6,0,0,52.0
HC-GAS-01,Kimironko Health Center,Gasabo,2025-03-10,injectable_artesunate,"injectable artesunate vial (logistics unit, not a dose)",0,0,1,0.0
HC-GAS-01,Kimironko Health Center,Gasabo,2025-03-17,ACT,"ACT course (logistics unit, not a dose)",12,0,0,52.0
HC-GAS-01,Kimironko Health Center,Gasabo,2025-03-17,RDT,RDT kit,7,1,0,7.0
HC-GAS-01,Kimironko Health Center,Gasabo,2025-03-17,injectable_artesunate,"injectable artesunate vial (logistics unit, not a dose)",0,0,1,0.0
HC-GAS-01,Kimironko Health Center,Gasabo,2025-03-24,ACT,"ACT course (logistics unit, not a dose)",4,0,0,52.0
HC-GAS-01,Kimironko Health Center,Gasabo,2025-03-24,RDT,RDT kit,0,0,1,0.0
HC-GAS-01,Kimironko Health Center,Gasabo,2025-03-24,injectable_artesunate,"injectable artesunate vial (logistics unit, not a dose)",7,2,0,3.5
HC-GAS-01,Kimironko Health Center,Gasabo,2025-03-31,ACT,"ACT course (logistics unit, not a dose)",9,0,0,52.0
HC-GAS-01,Kimironko Health Center,Gasabo,2025-03-31,RDT,RDT kit,8,1,0,8.0
HC-GAS-01,Kimironko Health Center,Gasabo,2025-03-31,injectable_artesunate,"injectable artesunate vial (logistics unit, not a dose)",11,0,0,52.0
HC-GAS-01,Kimironko Health Center,Gasabo,2025-04-07,ACT,"ACT course (logistics unit, not a dose)",11,2,0,5.5
HC-GAS-01,Kimironko Health Center,Gasabo,2025-04-07,RDT,RDT kit,18,3,0,6.0
HC-GAS-01,Kimironko Health Center,Gasabo,2025-04-07,injectable_artesunate,"injectable artesunate vial (logistics unit, not a dose)",4,1,0,4.0
HC-GAS-01,Kimironko Health Center,Gasabo,2025-04-14,ACT,"ACT course (logistics unit, not a dose)",12,1,0,12.0
HC-GAS-01,Kimironko Health Center,Gasabo,2025-04-14,RDT,RDT kit,3,0,0,52.0
HC-GAS-01,Kimironko Health Center,Gasabo,2025-04-14,injectable_artesunate,"injectable artesunate vial (logistics unit, not a dose)",8,1,0,8.0
HC-GAS-01,Kimironko Health Center,Gasabo,2025-04-21,ACT,"ACT course (logistics unit, not a dose)",10,0,0,52.0
HC-GAS-01,Kimironko Health Center,Gasabo,2025-04-21,RDT,RDT kit,0,1,1,0.0
HC-GAS-01,Kimironko Health Center,Gasabo,2025-04-21,injectable_artesunate,"injectable artesunate vial (logistics unit, not a dose)",6,0,0,52.0
HC-GAS-01,Kimironko Health Center,Gasabo,2025-04-28,ACT,"ACT course (logistics unit, not a dose)",4,0,0,52.0
HC-GAS-01,Kimironko Health Center,Gasabo,2025-04-28,RDT,RDT kit,11,1,0,11.0
HC-GAS-01,Kimironko Health Center,Gasabo,2025-04-28,injectable_artesunate,"injectable artesunate vial (logistics unit, not a dose)",6,1,0,6.0
HC-GAS-01,Kimironko Health Center,Gasabo,2025-05-05,ACT,"ACT course (logistics unit, not a dose)",11,0,0,52.0
HC-GAS-01,Kimironko Health Center,Gasabo,2025-05-05,RDT,RDT kit,19,4,0,4.75
HC-GAS-01,Kimironko Health Center,Gasabo,2025-05-05,injectable_artesunate,"injectable artesunate vial (logistics unit, not a dose)",7,1,0,7.0
HC-GAS-01,Kimironko Health Center,Gasabo,2025-05-12,ACT,"ACT course (logistics unit, not a dose)",8,0,0,52.0
HC-GAS-01,Kimironko Health Center,Gasabo,2025-05-12,RDT,RDT kit,34,4,0,8.5
HC-GAS-01,Kimironko Health Center,Gasabo,2025-05-12,injectable_artesunate,"injectable artesunate vial (logistics unit, not a dose)",0,0,1,0.0
HC-GAS-01,Kimironko Health Center,Gasabo,2025-05-19,ACT,"ACT course (logistics unit, not a dose)",22,3,0,7.33
HC-GAS-01,Kimironko Health Center,Gasabo,2025-05-19,RDT,RDT kit,7,0,0,52.0
HC-GAS-01,Kimironko Health Center,Gasabo,2025-05-19,injectable_artesunate,"injectable artesunate vial (logistics unit, not a dose)",0,1,1,0.0
HC-GAS-01,Kimironko Health Center,Gasabo,2025-05-26,ACT,"ACT course (logistics unit, not a dose)",1,1,0,1.0
HC-GAS-01,Kimironko Health Center,Gasabo,2025-05-26,RDT,RDT kit,1,3,0,0.33
HC-GAS-01,Kimironko Health Center,Gasabo,2025-05-26,injectable_artesunate,"injectable artesunate vial (logistics unit, not a dose)",6,1,0,6.0
HC-GAS-01,Kimironko Health Center,Gasabo,2025-06-02,ACT,"ACT course (logistics unit, not a dose)",5,1,0,5.0
HC-GAS-01,Kimironko Health Center,Gasabo,2025-06-02,RDT,RDT kit,39,4,0,9.75
HC-GAS-01,Kimironko Health Center,Gasabo,2025-06-02,injectable_artesunate,"injectable artesunate vial (logistics unit, not a dose)",8,0,0,52.0
HC-GAS-01,Kimironko Health Center,Gasabo,2025-06-09,ACT,"ACT course (logistics unit, not a dose)",10,0,0,52.0
HC-GAS-01,Kimironko Health Center,Gasabo,2025-06-09,RDT,RDT kit,4,0,0,52.0
HC-GAS-01,Kimironko Health Center,Gasabo,2025-06-09,injectable_artesunate,"injectable artesunate vial (logistics unit, not a dose)",8,0,0,52.0
HC-GAS-01,Kimironko Health Center,Gasabo,2025-06-16,ACT,"ACT course (logistics unit, not a dose)",3,0,0,52.0
HC-GAS-01,Kimironko Health Center,Gasabo,2025-06-16,RDT,RDT kit,1,1,0,1.0
HC-GAS-01,Kimironko Health Center,Gasabo,2025-06-16,injectable_artesunate,"injectable artesunate vial (logistics unit, not a dose)",0,0,1,0.0
HC-GAS-01,Kimironko Health Center,Gasabo,2025-06-23,ACT,"ACT course (logistics unit, not a dose)",1,0,0,52.0
HC-GAS-01,Kimironko Health Center,Gasabo,2025-06-23,RDT,RDT kit,4,1,0,4.0
HC-GAS-01,Kimironko Health Center,Gasabo,2025-06-23,injectable_artesunate,"injectable artesunate vial (logistics unit, not a dose)",11,0,0,52.0
HC-GAS-01,Kimironko Health Center,Gasabo,2025-06-30,ACT,"ACT course (logistics unit, not a dose)",12,1,0,12.0
HC-GAS-01,Kimironko Health Center,Gasabo,2025-06-30,RDT,RDT kit,7,1,0,7.0
HC-GAS-01,Kimironko Health Center,Gasabo,2025-06-30,injectable_artesunate,"injectable artesunate vial (logistics unit, not a dose)",11,1,0,11.0
HC-GAS-01,Kimironko Health Center,Gasabo,2025-07-07,ACT,"ACT course (logistics unit, not a dose)",4,0,0,52.0
HC-GAS-01,Kimironko Health Center,Gasabo,2025-07-07,RDT,RDT kit,5,1,0,5.0
HC-GAS-01,Kimironko Health Center,Gasabo,2025-07-07,injectable_artesunate,"injectable artesunate vial (logistics unit, not a dose)",4,0,0,52.0
HC-GAS-01,Kimironko Health Center,Gasabo,2025-07-14,ACT,"ACT course (logistics unit, not a dose)",7,1,0,7.0
HC-GAS-01,Kimironko Health Center,Gasabo,2025-07-14,RDT,RDT kit,12,0,0,52.0
HC-GAS-01,Kimironko Health Center,Gasabo,2025-07-14,injectable_artesunate,"injectable artesunate vial (logistics unit, not a dose)",11,1,0,11.0
HC-GAS-01,Kimironko Health Center,Gasabo,2025-07-21,ACT,"ACT course (logistics unit, not a dose)",6,1,0,6.0
HC-GAS-01,Kimironko Health Center,Gasabo,2025-07-21,RDT,RDT kit,0,4,1,0.0
HC-GAS-01,Kimironko Health Center,Gasabo,2025-07-21,injectable_artesunate,"injectable artesunate vial (logistics unit, not a dose)",8,0,0,52.0
HC-GAS-01,Kimironko Health Center,Gasabo,2025-07-28,ACT,"ACT course (logistics unit, not a dose)",9,0,0,52.0
HC-GAS-01,Kimironko Health Center,Gasabo,2025-07-28,RDT,RDT kit,10,1,0,10.0
HC-GAS-01,Kimironko Health Center,Gasabo,2025-07-28,injectable_artesunate,"injectable artesunate vial (logistics unit, not a dose)",7,0,0,52.0
HC-GAS-01,Kimironko Health Center,Gasabo,2025-08-04,ACT,"ACT course (logistics unit, not a dose)",6,1,0,6.0
HC-GAS-01,Kimironko Health Center,Gasabo,2025-08-04,RDT,RDT kit,6,1,0,6.0
HC-GAS-01,Kimironko Health Center,Gasabo,2025-08-04,injectable_artesunate,"injectable artesunate vial (logistics unit, not a dose)",0,0,1,0.0
HC-GAS-01,Kimironko Health Center,Gasabo,2025-08-11,ACT,"ACT course (logistics unit, not a dose)",9,1,0,9.0
HC-GAS-01,Kimironko Health Center,Gasabo,2025-08-11,RDT,RDT kit,34,3,0,11.33
HC-GAS-01,Kimironko Health Center,Gasabo,2025-08-11,injectable_artesunate,"injectable artesunate vial (logistics unit, not a dose)",3,0,0,52.0
HC-GAS-01,Kimironko Health Center,Gasabo,2025-08-18,ACT,"ACT course (logistics unit, not a dose)",10,0,0,52.0
HC-GAS-01,Kimironko Health Center,Gasabo,2025-08-18,RDT,RDT kit,4,1,0,4.0
HC-GAS-01,Kimironko Health Center,Gasabo,2025-08-18,injectable_artesunate,"injectable artesunate vial (logistics unit, not a dose)",10,0,0,52.0
HC-GAS-01,Kimironko Health Center,Gasabo,2025-08-25,ACT,"ACT course (logistics unit, not a dose)",0,0,1,0.0
HC-GAS-01,Kimironko Health Center,Gasabo,2025-08-25,RDT,RDT kit,2,2,0,1.0
HC-GAS-01,Kimironko Health Center,Gasabo,2025-08-25,injectable_artesunate,"injectable artesunate vial (logistics unit, not a dose)",6,0,0,52.0
HC-GAS-01,Kimironko Health Center,Gasabo,2025-09-01,ACT,"ACT course (logistics unit, not a dose)",8,1,0,8.0
HC-GAS-01,Kimironko Health Center,Gasabo,2025-09-01,RDT,RDT kit,9,1,0,9.0
HC-GAS-01,Kimironko Health Center,Gasabo,2025-09-01,injectable_artesunate,"injectable artesunate vial (logistics unit, not a dose)",3,0,0,52.0
HC-GAS-01,Kimironko Health Center,Gasabo,2025-09-08,ACT,"ACT course (logistics unit, not a dose)",4,0,0,52.0
HC-GAS-01,Kimironko Health Center,Gasabo,2025-09-08,RDT,RDT kit,6,0,0,52.0
HC-GAS-01,Kimironko Health Center,Gasabo,2025-09-08,injectable_artesunate,"injectable artesunate vial (logistics unit, not a dose)",7,0,0,52.0
HC-GAS-01,Kimironko Health Center,Gasabo,2025-09-15,ACT,"ACT course (logistics unit, not a dose)",10,0,0,52.0
HC-GAS-01,Kimironko Health Center,Gasabo,2025-09-15,RDT,RDT kit,18,2,0,9.0
HC-GAS-01,Kimironko Health Center,Gasabo,2025-09-15,injectable_artesunate,"injectable artesunate vial (logistics unit, not a dose)",3,1,0,3.0
HC-GAS-01,Kimironko Health Center,Gasabo,2025-09-22,ACT,"ACT course (logistics unit, not a dose)",6,0,0,52.0
HC-GAS-01,Kimironko Health Center,Gasabo,2025-09-22,RDT,RDT kit,9,1,0,9.0
HC-GAS-01,Kimironko Health Center,Gasabo,2025-09-22,injectable_artesunate,"injectable artesunate vial (logistics unit, not a dose)",0,0,1,0.0
HC-GAS-01,Kimironko Health Center,Gasabo,2025-09-29,ACT,"ACT course (logistics unit, not a dose)",0,1,1,0.0
HC-GAS-01,Kimironko Health Center,Gasabo,2025-09-29,RDT,RDT kit,10,2,0,5.0
HC-GAS-01,Kimironko Health Center,Gasabo,2025-09-29,injectable_artesunate,"injectable artesunate vial (logistics unit, not a dose)",0,0,1,0.0
HC-GAS-01,Kimironko Health Center,Gasabo,2025-10-06,ACT,"ACT course (logistics unit, not a dose)",6,0,0,52.0
HC-GAS-01,Kimironko Health Center,Gasabo,2025-10-06,RDT,RDT kit,8,0,0,52.0
HC-GAS-01,Kimironko Health Center,Gasabo,2025-10-06,injectable_artesunate,"injectable artesunate vial (logistics unit, not a dose)",5,0,0,52.0
HC-GAS-01,Kimironko Health Center,Gasabo,2025-10-13,ACT,"ACT course (logistics unit, not a dose)",15,2,0,7.5
HC-GAS-01,Kimironko Health Center,Gasabo,2025-10-13,RDT,RDT kit,8,1,0,8.0
HC-GAS-01,Kimironko Health Center,Gasabo,2025-10-13,injectable_artesunate,"injectable artesunate vial (logistics unit, not a dose)",0,0,1,0.0
HC-GAS-01,Kimironko Health Center,Gasabo,2025-10-20,ACT,"ACT course (logistics unit, not a dose)",9,0,0,52.0
HC-GAS-01,Kimironko Health Center,Gasabo,2025-10-20,RDT,RDT kit,7,1,0,7.0
HC-GAS-01,Kimironko Health Center,Gasabo,2025-10-20,injectable_artesunate,"injectable artesunate vial (logistics unit, not a dose)",1,0,0,52.0
HC-GAS-01,Kimironko Health Center,Gasabo,2025-10-27,ACT,"ACT course (logistics unit, not a dose)",19,2,0,9.5
HC-GAS-01,Kimironko Health Center,Gasabo,2025-10-27,RDT,RDT kit,11,1,0,11.0
HC-GAS-01,Kimironko Health Center,Gasabo,2025-10-27,injectable_artesunate,"injectable artesunate vial (logistics unit, not a dose)",11,1,0,11.0
HC-GAS-01,Kimironko Health Center,Gasabo,2025-11-03,ACT,"ACT course (logistics unit, not a dose)",7,2,0,3.5
HC-GAS-01,Kimironko Health Center,Gasabo,2025-11-03,RDT,RDT kit,1,3,0,0.33
HC-GAS-01,Kimironko Health Center,Gasabo,2025-11-03,injectable_artesunate,"injectable artesunate vial (logistics unit, not a dose)",7,0,0,52.0
HC-GAS-01,Kimironko Health Center,Gasabo,2025-11-10,ACT,"ACT course (logistics unit, not a dose)",12,2,0,6.0
HC-GAS-01,Kimironko Health Center,Gasabo,2025-11-10,RDT,RDT kit,0,3,1,0.0
HC-GAS-01,Kimironko Health Center,Gasabo,2025-11-10,injectable_artesunate,"injectable artesunate vial (logistics unit, not a dose)",5,0,0,52.0
HC-GAS-01,Kimironko Health Center,Gasabo,2025-11-17,ACT,"ACT course (logistics unit, not a dose)",3,0,0,52.0
HC-GAS-01,Kimironko Health Center,Gasabo,2025-11-17,RDT,RDT kit,1,1,0,1.0
HC-GAS-01,Kimironko Health Center,Gasabo,2025-11-17,injectable_artesunate,"injectable artesunate vial (logistics unit, not a dose)",6,0,0,52.0
HC-GAS-01,Kimironko Health Center,Gasabo,2025-11-24,ACT,"ACT course (logistics unit, not a dose)",7,1,0,7.0
HC-GAS-01,Kimironko Health Center,Gasabo,2025-11-24,RDT,RDT kit,4,1,0,4.0
HC-GAS-01,Kimironko Health Center,Gasabo,2025-11-24,injectable_artesunate,"injectable artesunate vial (logistics unit, not a dose)",5,1,0,5.0
HC-GAS-01,Kimironko Health Center,Gasabo,2025-12-01,ACT,"ACT course (logistics unit, not a dose)",9,0,0,52.0
HC-GAS-01,Kimironko Health Center,Gasabo,2025-12-01,RDT,RDT kit,8,1,0,8.0
HC-GAS-01,Kimironko Health Center,Gasabo,2025-12-01,injectable_artesunate,"injectable artesunate vial (logistics unit, not a dose)",5,0,0,52.0
HC-GAS-01,Kimironko Health Center,Gasabo,2025-12-08,ACT,"ACT course (logistics unit, not a dose)",12,2,0,6.0
HC-GAS-01,Kimironko Health Center,Gasabo,2025-12-08,RDT,RDT kit,18,4,0,4.5
HC-GAS-01,Kimironko Health Center,Gasabo,2025-12-08,injectable_artesunate,"injectable artesunate vial (logistics unit, not a dose)",4,1,0,4.0
HC-GAS-01,Kimironko Health Center,Gasabo,2025-12-15,ACT,"ACT course (logistics unit, not a dose)",7,0,0,52.0
HC-GAS-01,Kimironko Health Center,Gasabo,2025-12-15,RDT,RDT kit,4,1,0,4.0
HC-GAS-01,Kimironko Health Center,Gasabo,2025-12-15,injectable_artesunate,"injectable artesunate vial (logistics unit, not a dose)",10,0,0,52.0
HC-GAS-01,Kimironko Health Center,Gasabo,2025-12-22,ACT,"ACT course (logistics unit, not a dose)",1,4,0,0.25
HC-GAS-01,Kimironko Health Center,Gasabo,2025-12-22,RDT,RDT kit,22,5,0,4.4
HC-GAS-01,Kimironko Health Center,Gasabo,2025-12-22,injectable_artesunate,"injectable artesunate vial (logistics unit, not a dose)",3,0,0,52.0
HC-GAS-01,Kimironko Health Center,Gasabo,2025-12-29,ACT,"ACT course (logistics unit, not a dose)",4,0,0,52.0
HC-GAS-01,Kimironko Health Center,Gasabo,2025-12-29,RDT,RDT kit,24,2,0,12.0
HC-GAS-01,Kimironko Health Center,Gasabo,2025-12-29,injectable_artesunate,"injectable artesunate vial (logistics unit, not a dose)",10,0,0,52.0
HC-GAS-01,Kimironko Health Center,Gasabo,2026-01-05,ACT,"ACT course (logistics unit, not a dose)",16,2,0,8.0
HC-GAS-01,Kimironko Health Center,Gasabo,2026-01-05,RDT,RDT kit,10,0,0,52.0
HC-GAS-01,Kimironko Health Center,Gasabo,2026-01-05,injectable_artesunate,"injectable artesunate vial (logistics unit, not a dose)",10,0,0,52.0
HC-GAS-01,Kimironko Health Center,Gasabo,2026-01-12,ACT,"ACT course (logistics unit, not a dose)",7,0,0,52.0
HC-GAS-01,Kimironko Health Center,Gasabo,2026-01-12,RDT,RDT kit,36,4,0,9.0
HC-GAS-01,Kimironko Health Center,Gasabo,2026-01-12,injectable_artesunate,"injectable artesunate vial (logistics unit, not a dose)",4,0,0,52.0
HC-GAS-01,Kimironko Health Center,Gasabo,2026-01-19,ACT,"ACT course (logistics unit, not a dose)",10,1,0,10.0
HC-GAS-01,Kimironko Health Center,Gasabo,2026-01-19,RDT,RDT kit,31,3,0,10.33
HC-GAS-01,Kimironko Health Center,Gasabo,2026-01-19,injectable_artesunate,"injectable artesunate vial (logistics unit, not a dose)",0,2,1,0.0
HC-GAS-01,Kimironko Health Center,Gasabo,2026-01-26,ACT,"ACT course (logistics unit, not a dose)",9,0,0,52.0
HC-GAS-01,Kimironko Health Center,Gasabo,2026-01-26,RDT,RDT kit,6,1,0,6.0
HC-GAS-01,Kimironko Health Center,Gasabo,2026-01-26,injectable_artesunate,"injectable artesunate vial (logistics unit, not a dose)",6,0,0,52.0
HC-GAS-01,Kimironko Health Center,Gasabo,2026-02-02,ACT,"ACT course (logistics unit, not a dose)",11,0,0,52.0
HC-GAS-01,Kimironko Health Center,Gasabo,2026-02-02,RDT,RDT kit,9,1,0,9.0
HC-GAS-01,Kimironko Health Center,Gasabo,2026-02-02,injectable_artesunate,"injectable artesunate vial (logistics unit, not a dose)",7,0,0,52.0
HC-GAS-01,Kimironko Health Center,Gasabo,2026-02-09,ACT,"ACT course (logistics unit, not a dose)",7,0,0,52.0
HC-GAS-01,Kimironko Health Center,Gasabo,2026-02-09,RDT,RDT kit,37,4,0,9.25
HC-GAS-01,Kimironko Health Center,Gasabo,2026-02-09,injectable_artesunate,"injectable artesunate vial (logistics unit, not a dose)",11,0,0,52.0
HC-GAS-01,Kimironko Health Center,Gasabo,2026-02-16,ACT,"ACT course (logistics unit, not a dose)",5,0,0,52.0
HC-GAS-01,Kimironko Health Center,Gasabo,2026-02-16,RDT,RDT kit,34,7,0,4.86
HC-GAS-01,Kimironko Health Center,Gasabo,2026-02-16,injectable_artesunate,"injectable artesunate vial (logistics unit, not a dose)",1,0,0,52.0
HC-GAS-01,Kimironko Health Center,Gasabo,2026-02-23,ACT,"ACT course (logistics unit, not a dose)",0,0,1,0.0
HC-GAS-01,Kimironko Health Center,Gasabo,2026-02-23,RDT,RDT kit,21,2,0,10.5
HC-GAS-01,Kimironko Health Center,Gasabo,2026-02-23,injectable_artesunate,"injectable artesunate vial (logistics unit, not a dose)",10,0,0,52.0
HC-GAS-01,Kimironko Health Center,Gasabo,2026-03-02,ACT,"ACT course (logistics unit, not a dose)",11,0,0,52.0
HC-GAS-01,Kimironko Health Center,Gasabo,2026-03-02,RDT,RDT kit,4,1,0,4.0
HC-GAS-01,Kimironko Health Center,Gasabo,2026-03-02,injectable_artesunate,"injectable artesunate vial (logistics unit, not a dose)",4,0,0,52.0
HC-GAS-01,Kimironko Health Center,Gasabo,2026-03-09,ACT,"ACT course (logistics unit, not a dose)",0,0,1,0.0
HC-GAS-01,Kimironko Health Center,Gasabo,2026-03-09,RDT,RDT kit,22,2,0,11.0
HC-GAS-01,Kimironko Health Center,Gasabo,2026-03-09,injectable_artesunate,"injectable artesunate vial (logistics unit, not a dose)",0,0,1,0.0
HC-GAS-01,Kimironko Health Center,Gasabo,2026-03-16,ACT,"ACT course (logistics unit, not a dose)",8,0,0,52.0
HC-GAS-01,Kimironko Health Center,Gasabo,2026-03-16,RDT,RDT kit,15,2,0,7.5
HC-GAS-01,Kimironko Health Center,Gasabo,2026-03-16,injectable_artesunate,"injectable artesunate vial (logistics unit, not a dose)",11,0,0,52.0
HC-GAS-01,Kimironko Health Center,Gasabo,2026-03-23,ACT,"ACT course (logistics unit, not a dose)",11,0,0,52.0
HC-GAS-01,Kimironko Health Center,Gasabo,2026-03-23,RDT,RDT kit,10,1,0,10.0
HC-GAS-01,Kimironko Health Center,Gasabo,2026-03-23,injectable_artesunate,"injectable artesunate vial (logistics unit, not a dose)",7,1,0,7.0
HC-GAS-01,Kimironko Health Center,Gasabo,2026-03-30,ACT,"ACT course (logistics unit, not a dose)",6,0,0,52.0
HC-GAS-01,Kimironko Health Center,Gasabo,2026-03-30,RDT,RDT kit,13,2,0,6.5
HC-GAS-01,Kimironko Health Center,Gasabo,2026-03-30,injectable_artesunate,"injectable artesunate vial (logistics unit, not a dose)",5,0,0,52.0
HC-GAS-01,Kimironko Health Center,Gasabo,2026-04-06,ACT,"ACT course (logistics unit, not a dose)",18,2,0,9.0
HC-GAS-01,Kimironko Health Center,Gasabo,2026-04-06,RDT,RDT kit,10,2,0,5.0
HC-GAS-01,Kimironko Health Center,Gasabo,2026-04-06,injectable_artesunate,"injectable artesunate vial (logistics unit, not a dose)",1,0,0,52.0
HC-GAS-01,Kimironko Health Center,Gasabo,2026-04-13,ACT,"ACT course (logistics unit, not a dose)",6,1,0,6.0
HC-GAS-01,Kimironko Health Center,Gasabo,2026-04-13,RDT,RDT kit,11,1,0,11.0
HC-GAS-01,Kimironko Health Center,Gasabo,2026-04-13,injectable_artesunate,"injectable artesunate vial (logistics unit, not a dose)",4,1,0,4.0
HC-GAS-01,Kimironko Health Center,Gasabo,2026-04-20,ACT,"ACT course (logistics unit, not a dose)",6,0,0,52.0
HC-GAS-01,Kimironko Health Center,Gasabo,2026-04-20,RDT,RDT kit,4,5,0,0.8
HC-GAS-01,Kimironko Health Center,Gasabo,2026-04-20,injectable_artesunate,"injectable artesunate vial (logistics unit, not a dose)",0,0,1,0.0
HC-GAS-01,Kimironko Health Center,Gasabo,2026-04-27,ACT,"ACT course (logistics unit, not a dose)",8,1,0,8.0
HC-GAS-01,Kimironko Health Center,Gasabo,2026-04-27,RDT,RDT kit,0,0,1,0.0
HC-GAS-01,Kimironko Health Center,Gasabo,2026-04-27,injectable_artesunate,"injectable artesunate vial (logistics unit, not a dose)",4,0,0,52.0
HC-GAS-01,Kimironko Health Center,Gasabo,2026-05-04,ACT,"ACT course (logistics unit, not a dose)",23,2,0,11.5
HC-GAS-01,Kimironko Health Center,Gasabo,2026-05-04,RDT,RDT kit,0,1,1,0.0
HC-GAS-01,Kimironko Health Center,Gasabo,2026-05-04,injectable_artesunate,"injectable artesunate vial (logistics unit, not a dose)",11,0,0,52.0
HC-GAS-01,Kimironko Health Center,Gasabo,2026-05-11,ACT,"ACT course (logistics unit, not a dose)",10,1,0,10.0
HC-GAS-01,Kimironko Health Center,Gasabo,2026-05-11,RDT,RDT kit,4,4,0,1.0
HC-GAS-01,Kimironko Health Center,Gasabo,2026-05-11,injectable_artesunate,"injectable artesunate vial (logistics unit, not a dose)",0,0,1,0.0
HC-GAS-01,Kimironko Health Center,Gasabo,2026-05-18,ACT,"ACT course (logistics unit, not a dose)",7,0,0,52.0
HC-GAS-01,Kimironko Health Center,Gasabo,2026-05-18,RDT,RDT kit,10,0,0,52.0
HC-GAS-01,Kimironko Health Center,Gasabo,2026-05-18,injectable_artesunate,"injectable artesunate vial (logistics unit, not a dose)",3,0,0,52.0
HC-GAS-01,Kimironko Health Center,Gasabo,2026-05-25,ACT,"ACT course (logistics unit, not a dose)",10,0,0,52.0
HC-GAS-01,Kimironko Health Center,Gasabo,2026-05-25,RDT,RDT kit,10,1,0,10.0
HC-GAS-01,Kimironko Health Center,Gasabo,2026-05-25,injectable_artesunate,"injectable artesunate vial (logistics unit, not a dose)",7,0,0,52.0
HC-GAS-01,Kimironko Health Center,Gasabo,2026-06-01,ACT,"ACT course (logistics unit, not a dose)",8,0,0,52.0
HC-GAS-01,Kimironko Health Center,Gasabo,2026-06-01,RDT,RDT kit,23,2,0,11.5
HC-GAS-01,Kimironko Health Center,Gasabo,2026-06-01,injectable_artesunate,"injectable artesunate vial (logistics unit, not a dose)",7,0,0,52.0
HC-GAS-01,Kimironko Health Center,Gasabo,2026-06-08,ACT,"ACT course (logistics unit, not a dose)",11,0,0,52.0
HC-GAS-01,Kimironko Health Center,Gasabo,2026-06-08,RDT,RDT kit,10,0,0,52.0
HC-GAS-01,Kimironko Health Center,Gasabo,2026-06-08,injectable_artesunate,"injectable artesunate vial (logistics unit, not a dose)",6,0,0,52.0
HC-GAS-01,Kimironko Health Center,Gasabo,2026-06-15,ACT,"ACT course (logistics unit, not a dose)",33,3,0,11.0
HC-GAS-01,Kimironko Health Center,Gasabo,2026-06-15,RDT,RDT kit,10,2,0,5.0
HC-GAS-01,Kimironko Health Center,Gasabo,2026-06-15,injectable_artesunate,"injectable artesunate vial (logistics unit, not a dose)",9,0,0,52.0
HC-GAS-01,Kimironko Health Center,Gasabo,2026-06-22,ACT,"ACT course (logistics unit, not a dose)",7,1,0,7.0
HC-GAS-01,Kimironko Health Center,Gasabo,2026-06-22,RDT,RDT kit,9,1,0,9.0
HC-GAS-01,Kimironko Health Center,Gasabo,2026-06-22,injectable_artesunate,"injectable artesunate vial (logistics unit, not a dose)",8,0,0,52.0
HC-GAS-01,Kimironko Health Center,Gasabo,2026-06-29,ACT,"ACT course (logistics unit, not a dose)",12,0,0,52.0
HC-GAS-01,Kimironko Health Center,Gasabo,2026-06-29,RDT,RDT kit,10,1,0,10.0
HC-GAS-01,Kimironko Health Center,Gasabo,2026-06-29,injectable_artesunate,"injectable artesunate vial (logistics unit, not a dose)",10,1,0,10.0
HC-GAS-01,Kimironko Health Center,Gasabo,2026-07-06,ACT,"ACT course (logistics unit, not a dose)",0,1,1,0.0
HC-GAS-01,Kimironko Health Center,Gasabo,2026-07-06,RDT,RDT kit,22,3,0,7.33
HC-GAS-01,Kimironko Health Center,Gasabo,2026-07-06,injectable_artesunate,"injectable artesunate vial (logistics unit, not a dose)",19,2,0,9.5
HC-GAS-01,Kimironko Health Center,Gasabo,2026-07-13,ACT,"ACT course (logistics unit, not a dose)",11,0,0,52.0
HC-GAS-01,Kimironko Health Center,Gasabo,2026-07-13,RDT,RDT kit,3,0,0,52.0
HC-GAS-01,Kimironko Health Center,Gasabo,2026-07-13,injectable_artesunate,"injectable artesunate vial (logistics unit, not a dose)",4,0,0,52.0
HC-GAS-01,Kimironko Health Center,Gasabo,2026-07-20,ACT,"ACT course (logistics unit, not a dose)",3,1,0,3.0
HC-GAS-01,Kimironko Health Center,Gasabo,2026-07-20,RDT,RDT kit,6,0,0,52.0
HC-GAS-01,Kimironko Health Center,Gasabo,2026-07-20,injectable_artesunate,"injectable artesunate vial (logistics unit, not a dose)",10,0,0,52.0
HC-GAS-01,Kimironko Health Center,Gasabo,2026-07-27,ACT,"ACT course (logistics unit, not a dose)",12,0,0,52.0
HC-GAS-01,Kimironko Health Center,Gasabo,2026-07-27,RDT,RDT kit,5,0,0,52.0
HC-GAS-01,Kimironko Health Center,Gasabo,2026-07-27,injectable_artesunate,"injectable artesunate vial (logistics unit, not a dose)",6,0,0,52.0
HC-GAS-01,Kimironko Health Center,Gasabo,2026-08-03,ACT,"ACT course (logistics unit, not a dose)",1,1,0,1.0
HC-GAS-01,Kimironko Health Center,Gasabo,2026-08-03,RDT,RDT kit,3,1,0,3.0
HC-GAS-01,Kimironko Health Center,Gasabo,2026-08-03,injectable_artesunate,"injectable artesunate vial (logistics unit, not a dose)",10,0,0,52.0
HC-GAS-01,Kimironko Health Center,Gasabo,2026-08-10,ACT,"ACT course (logistics unit, not a dose)",5,1,0,5.0
HC-GAS-01,Kimironko Health Center,Gasabo,2026-08-10,RDT,RDT kit,4,1,0,4.0
HC-GAS-01,Kimironko Health Center,Gasabo,2026-08-10,injectable_artesunate,"injectable artesunate vial (logistics unit, not a dose)",11,1,0,11.0
HC-GAS-01,Kimironko Health Center,Gasabo,2026-08-17,ACT,"ACT course (logistics unit, not a dose)",9,0,0,52.0
HC-GAS-01,Kimironko Health Center,Gasabo,2026-08-17,RDT,RDT kit,6,1,0,6.0
HC-GAS-01,Kimironko Health Center,Gasabo,2026-08-17,injectable_artesunate,"injectable artesunate vial (logistics unit, not a dose)",6,0,0,52.0
HC-GAS-01,Kimironko Health Center,Gasabo,2026-08-24,ACT,"ACT course (logistics unit, not a dose)",7,1,0,7.0
HC-GAS-01,Kimironko Health Center,Gasabo,2026-08-24,RDT,RDT kit,52,6,0,8.67
HC-GAS-01,Kimironko Health Center,Gasabo,2026-08-24,injectable_artesunate,"injectable artesunate vial (logistics unit, not a dose)",9,1,0,9.0
HC-GAS-01,Kimironko Health Center,Gasabo,2026-08-31,ACT,"ACT course (logistics unit, not a dose)",12,0,0,52.0
HC-GAS-01,Kimironko Health Center,Gasabo,2026-08-31,RDT,RDT kit,13,2,0,6.5
HC-GAS-01,Kimironko Health Center,Gasabo,2026-08-31,injectable_artesunate,"injectable artesunate vial (logistics unit, not a dose)",11,0,0,52.0
HC-GAS-01,Kimironko Health Center,Gasabo,2026-09-07,ACT,"ACT course (logistics unit, not a dose)",12,2,0,6.0
HC-GAS-01,Kimironko Health Center,Gasabo,2026-09-07,RDT,RDT kit,32,3,0,10.67
HC-GAS-01,Kimironko Health Center,Gasabo,2026-09-07,injectable_artesunate,"injectable artesunate vial (logistics unit, not a dose)",6,1,0,6.0
HC-GAS-01,Kimironko Health Center,Gasabo,2026-09-14,ACT,"ACT course (logistics unit, not a dose)",7,1,0,7.0
HC-GAS-01,Kimironko Health Center,Gasabo,2026-09-14,RDT,RDT kit,16,3,0,5.33
HC-GAS-01,Kimironko Health Center,Gasabo,2026-09-14,injectable_artesunate,"injectable artesunate vial (logistics unit, not a dose)",12,0,0,52.0
HC-GAS-01,Kimironko Health Center,Gasabo,2026-09-21,ACT,"ACT course (logistics unit, not a dose)",12,0,0,52.0
HC-GAS-01,Kimironko Health Center,Gasabo,2026-09-21,RDT,RDT kit,11,0,0,52.0
HC-GAS-01,Kimironko Health Center,Gasabo,2026-09-21,injectable_artesunate,"injectable artesunate vial (logistics unit, not a dose)",7,0,0,52.0
HC-GAS-01,Kimironko Health Center,Gasabo,2026-09-28,ACT,"ACT course (logistics unit, not a dose)",8,1,0,8.0
HC-GAS-01,Kimironko Health Center,Gasabo,2026-09-28,RDT,RDT kit,6,1,0,6.0
HC-GAS-01,Kimironko Health Center,Gasabo,2026-09-28,injectable_artesunate,"injectable artesunate vial (logistics unit, not a dose)",7,0,0,52.0
HC-GAS-02,Remera Health Center,Gasabo,2024-09-30,ACT,"ACT course (logistics unit, not a dose)",5,0,0,52.0
HC-GAS-02,Remera Health Center,Gasabo,2024-09-30,RDT,RDT kit,41,4,0,10.25
HC-GAS-02,Remera Health Center,Gasabo,2024-09-30,injectable_artesunate,"injectable artesunate vial (logistics unit, not a dose)",8,0,0,52.0
HC-GAS-02,Remera Health Center,Gasabo,2024-10-07,ACT,"ACT course (logistics unit, not a dose)",6,1,0,6.0
HC-GAS-02,Remera Health Center,Gasabo,2024-10-07,RDT,RDT kit,4,0,0,52.0
HC-GAS-02,Remera Health Center,Gasabo,2024-10-07,injectable_artesunate,"injectable artesunate vial (logistics unit, not a dose)",1,0,0,52.0
HC-GAS-02,Remera Health Center,Gasabo,2024-10-14,ACT,"ACT course (logistics unit, not a dose)",11,0,0,52.0
HC-GAS-02,Remera Health Center,Gasabo,2024-10-14,RDT,RDT kit,7,1,0,7.0
HC-GAS-02,Remera Health Center,Gasabo,2024-10-14,injectable_artesunate,"injectable artesunate vial (logistics unit, not a dose)",1,0,0,52.0
HC-GAS-02,Remera Health Center,Gasabo,2024-10-21,ACT,"ACT course (logistics unit, not a dose)",11,0,0,52.0
HC-GAS-02,Remera Health Center,Gasabo,2024-10-21,RDT,RDT kit,9,1,0,9.0
HC-GAS-02,Remera Health Center,Gasabo,2024-10-21,injectable_artesunate,"injectable artesunate vial (logistics unit, not a dose)",6,0,0,52.0
HC-GAS-02,Remera Health Center,Gasabo,2024-10-28,ACT,"ACT course (logistics unit, not a dose)",6,1,0,6.0
HC-GAS-02,Remera Health Center,Gasabo,2024-10-28,RDT,RDT kit,10,0,0,52.0
HC-GAS-02,Remera Health Center,Gasabo,2024-10-28,injectable_artesunate,"injectable artesunate vial (logistics unit, not a dose)",0,0,1,0.0
HC-GAS-02,Remera Health Center,Gasabo,2024-11-04,ACT,"ACT course (logistics unit, not a dose)",8,0,0,52.0
HC-GAS-02,Remera Health Center,Gasabo,2024-11-04,RDT,RDT kit,12,0,0,52.0
HC-GAS-02,Remera Health Center,Gasabo,2024-11-04,injectable_artesunate,"injectable artesunate vial (logistics unit, not a dose)",8,0,0,52.0
HC-GAS-02,Remera Health Center,Gasabo,2024-11-11,ACT,"ACT course (logistics unit, not a dose)",1,0,0,52.0
HC-GAS-02,Remera Health Center,Gasabo,2024-11-11,RDT,RDT kit,4,1,0,4.0
HC-GAS-02,Remera Health Center,Gasabo,2024-11-11,injectable_artesunate,"injectable artesunate vial (logistics unit, not a dose)",6,0,0,52.0
HC-GAS-02,Remera Health Center,Gasabo,2024-11-18,ACT,"ACT course (logistics unit, not a dose)",22,4,0,5.5
HC-GAS-02,Remera Health Center,Gasabo,2024-11-18,RDT,RDT kit,14,3,0,4.67
HC-GAS-02,Remera Health Center,Gasabo,2024-11-18,injectable_artesunate,"injectable artesunate vial (logistics unit, not a dose)",0,1,1,0.0
HC-GAS-02,Remera Health Center,Gasabo,2024-11-25,ACT,"ACT course (logistics unit, not a dose)",7,2,0,3.5
HC-GAS-02,Remera Health Center,Gasabo,2024-11-25,RDT,RDT kit,16,3,0,5.33
HC-GAS-02,Remera Health Center,Gasabo,2024-11-25,injectable_artesunate,"injectable artesunate vial (logistics unit, not a dose)",5,0,0,52.0
HC-GAS-02,Remera Health Center,Gasabo,2024-12-02,ACT,"ACT course (logistics unit, not a dose)",15,2,0,7.5
HC-GAS-02,Remera Health Center,Gasabo,2024-12-02,RDT,RDT kit,0,3,1,0.0
HC-GAS-02,Remera Health Center,Gasabo,2024-12-02,injectable_artesunate,"injectable artesunate vial (logistics unit, not a dose)",0,0,1,0.0
HC-GAS-02,Remera Health Center,Gasabo,2024-12-09,ACT,"ACT course (logistics unit, not a dose)",4,1,0,4.0
HC-GAS-02,Remera Health Center,Gasabo,2024-12-09,RDT,RDT kit,5,0,0,52.0
HC-GAS-02,Remera Health Center,Gasabo,2024-12-09,injectable_artesunate,"injectable artesunate vial (logistics unit, not a dose)",6,0,0,52.0
HC-GAS-02,Remera Health Center,Gasabo,2024-12-16,ACT,"ACT course (logistics unit, not a dose)",5,0,0,52.0
HC-GAS-02,Remera Health Center,Gasabo,2024-12-16,RDT,RDT kit,7,2,0,3.5
HC-GAS-02,Remera Health Center,Gasabo,2024-12-16,injectable_artesunate,"injectable artesunate vial (logistics unit, not a dose)",11,0,0,52.0
HC-GAS-02,Remera Health Center,Gasabo,2024-12-23,ACT,"ACT course (logistics unit, not a dose)",10,0,0,52.0
HC-GAS-02,Remera Health Center,Gasabo,2024-12-23,RDT,RDT kit,21,4,0,5.25
HC-GAS-02,Remera Health Center,Gasabo,2024-12-23,injectable_artesunate,"injectable artesunate vial (logistics unit, not a dose)",0,0,1,0.0
HC-GAS-02,Remera Health Center,Gasabo,2024-12-30,ACT,"ACT course (logistics unit, not a dose)",3,1,0,3.0
HC-GAS-02,Remera Health Center,Gasabo,2024-12-30,RDT,RDT kit,8,1,0,8.0
HC-GAS-02,Remera Health Center,Gasabo,2024-12-30,injectable_artesunate,"injectable artesunate vial (logistics unit, not a dose)",7,0,0,52.0
HC-GAS-02,Remera Health Center,Gasabo,2025-01-06,ACT,"ACT course (logistics unit, not a dose)",0,0,1,0.0
HC-GAS-02,Remera Health Center,Gasabo,2025-01-06,RDT,RDT kit,4,1,0,4.0
HC-GAS-02,Remera Health Center,Gasabo,2025-01-06,injectable_artesunate,"injectable artesunate vial (logistics unit, not a dose)",5,0,0,52.0
HC-GAS-02,Remera Health Center,Gasabo,2025-01-13,ACT,"ACT course (logistics unit, not a dose)",4,0,0,52.0
HC-GAS-02,Remera Health Center,Gasabo,2025-01-13,RDT,RDT kit,4,0,0,52.0
HC-GAS-02,Remera Health Center,Gasabo,2025-01-13,injectable_artesunate,"injectable artesunate vial (logistics unit, not a dose)",0,0,1,0.0
HC-GAS-02,Remera Health Center,Gasabo,2025-01-20,ACT,"ACT course (logistics unit, not a dose)",4,0,0,52.0
HC-GAS-02,Remera Health Center,Gasabo,2025-01-20,RDT,RDT kit,12,0,0,52.0
HC-GAS-02,Remera Health Center,Gasabo,2025-01-20,injectable_artesunate,"injectable artesunate vial (logistics unit, not a dose)",10,0,0,52.0
HC-GAS-02,Remera Health Center,Gasabo,2025-01-27,ACT,"ACT course (logistics unit, not a dose)",7,0,0,52.0
HC-GAS-02,Remera Health Center,Gasabo,2025-01-27,RDT,RDT kit,35,3,0,11.67
HC-GAS-02,Remera Health Center,Gasabo,2025-01-27,injectable_artesunate,"injectable artesunate vial (logistics unit, not a dose)",4,0,0,52.0
HC-GAS-02,Remera Health Center,Gasabo,2025-02-03,ACT,"ACT course (logistics unit, not a dose)",0,0,1,0.0
HC-GAS-02,Remera Health Center,Gasabo,2025-02-03,RDT,RDT kit,5,1,0,5.0
HC-GAS-02,Remera Health Center,Gasabo,2025-02-03,injectable_artesunate,"injectable artesunate vial (logistics unit, not a dose)",7,0,0,52.0
HC-GAS-02,Remera Health Center,Gasabo,2025-02-10,ACT,"ACT course (logistics unit, not a dose)",9,1,0,9.0
HC-GAS-02,Remera Health Center,Gasabo,2025-02-10,RDT,RDT kit,6,2,0,3.0
HC-GAS-02,Remera Health Center,Gasabo,2025-02-10,injectable_artesunate,"injectable artesunate vial (logistics unit, not a dose)",4,0,0,52.0
HC-GAS-02,Remera Health Center,Gasabo,2025-02-17,ACT,"ACT course (logistics unit, not a dose)",11,0,0,52.0
HC-GAS-02,Remera Health Center,Gasabo,2025-02-17,RDT,RDT kit,12,3,0,4.0
HC-GAS-02,Remera Health Center,Gasabo,2025-02-17,injectable_artesunate,"injectable artesunate vial (logistics unit, not a dose)",4,0,0,52.0
HC-GAS-02,Remera Health Center,Gasabo,2025-02-24,ACT,"ACT course (logistics unit, not a dose)",16,2,0,8.0
HC-GAS-02,Remera Health Center,Gasabo,2025-02-24,RDT,RDT kit,13,2,0,6.5
HC-GAS-02,Remera Health Center,Gasabo,2025-02-24,injectable_artesunate,"injectable artesunate vial (logistics unit, not a dose)",6,0,0,52.0
HC-GAS-02,Remera Health Center,Gasabo,2025-03-03,ACT,"ACT course (logistics unit, not a dose)",11,0,0,52.0
HC-GAS-02,Remera Health Center,Gasabo,2025-03-03,RDT,RDT kit,9,1,0,9.0
HC-GAS-02,Remera Health Center,Gasabo,2025-03-03,injectable_artesunate,"injectable artesunate vial (logistics unit, not a dose)",0,0,1,0.0
HC-GAS-02,Remera Health Center,Gasabo,2025-03-10,ACT,"ACT course (logistics unit, not a dose)",9,0,0,52.0
HC-GAS-02,Remera Health Center,Gasabo,2025-03-10,RDT,RDT kit,5,1,0,5.0
HC-GAS-02,Remera Health Center,Gasabo,2025-03-10,injectable_artesunate,"injectable artesunate vial (logistics unit, not a dose)",9,0,0,52.0
HC-GAS-02,Remera Health Center,Gasabo,2025-03-17,ACT,"ACT course (logistics unit, not a dose)",4,0,0,52.0
HC-GAS-02,Remera Health Center,Gasabo,2025-03-17,RDT,RDT kit,8,0,0,52.0
HC-GAS-02,Remera Health Center,Gasabo,2025-03-17,injectable_artesunate,"injectable artesunate vial (logistics unit, not a dose)",8,0,0,52.0
HC-GAS-02,Remera Health Center,Gasabo,2025-03-24,ACT,"ACT course (logistics unit, not a dose)",4,0,0,52.0
HC-GAS-02,Remera Health Center,Gasabo,2025-03-24,RDT,RDT kit,16,3,0,5.33
HC-GAS-02,Remera Health Center,Gasabo,2025-03-24,injectable_artesunate,"injectable artesunate vial (logistics unit, not a dose)",3,5,0,0.6
HC-GAS-02,Remera Health Center,Gasabo,2025-03-31,ACT,"ACT course (logistics unit, not a dose)",5,0,0,52.0
HC-GAS-02,Remera Health Center,Gasabo,2025-03-31,RDT,RDT kit,11,1,0,11.0
HC-GAS-02,Remera Health Center,Gasabo,2025-03-31,injectable_artesunate,"injectable artesunate vial (logistics unit, not a dose)",5,1,0,5.0
HC-GAS-02,Remera Health Center,Gasabo,2025-04-07,ACT,"ACT course (logistics unit, not a dose)",19,2,0,9.5
HC-GAS-02,Remera Health Center,Gasabo,2025-04-07,RDT,RDT kit,33,3,0,11.0
HC-GAS-02,Remera Health Center,Gasabo,2025-04-07,injectable_artesunate,"injectable artesunate vial (logistics unit, not a dose)",12,0,0,52.0
HC-GAS-02,Remera Health Center,Gasabo,2025-04-14,ACT,"ACT course (logistics unit, not a dose)",10,0,0,52.0
HC-GAS-02,Remera Health Center,Gasabo,2025-04-14,RDT,RDT kit,6,0,0,52.0
HC-GAS-02,Remera Health Center,Gasabo,2025-04-14,injectable_artesunate,"injectable artesunate vial (logistics unit, not a dose)",11,0,0,52.0
HC-GAS-02,Remera Health Center,Gasabo,2025-04-21,ACT,"ACT course (logistics unit, not a dose)",8,0,0,52.0
HC-GAS-02,Remera Health Center,Gasabo,2025-04-21,RDT,RDT kit,4,1,0,4.0
HC-GAS-02,Remera Health Center,Gasabo,2025-04-21,injectable_artesunate,"injectable artesunate vial (logistics unit, not a dose)",8,1,0,8.0
HC-GAS-02,Remera Health Center,Gasabo,2025-04-28,ACT,"ACT course (logistics unit, not a dose)",22,3,0,7.33
HC-GAS-02,Remera Health Center,Gasabo,2025-04-28,RDT,RDT kit,0,1,1,0.0
HC-GAS-02,Remera Health Center,Gasabo,2025-04-28,injectable_artesunate,"injectable artesunate vial (logistics unit, not a dose)",5,0,0,52.0
HC-GAS-02,Remera Health Center,Gasabo,2025-05-05,ACT,"ACT course (logistics unit, not a dose)",6,0,0,52.0
HC-GAS-02,Remera Health Center,Gasabo,2025-05-05,RDT,RDT kit,7,0,0,52.0
HC-GAS-02,Remera Health Center,Gasabo,2025-05-05,injectable_artesunate,"injectable artesunate vial (logistics unit, not a dose)",9,0,0,52.0
HC-GAS-02,Remera Health Center,Gasabo,2025-05-12,ACT,"ACT course (logistics unit, not a dose)",11,0,0,52.0
HC-GAS-02,Remera Health Center,Gasabo,2025-05-12,RDT,RDT kit,2,2,0,1.0
HC-GAS-02,Remera Health Center,Gasabo,2025-05-12,injectable_artesunate,"injectable artesunate vial (logistics unit, not a dose)",12,1,0,12.0
HC-GAS-02,Remera Health Center,Gasabo,2025-05-19,ACT,"ACT course (logistics unit, not a dose)",12,2,0,6.0
HC-GAS-02,Remera Health Center,Gasabo,2025-05-19,RDT,RDT kit,15,2,0,7.5
HC-GAS-02,Remera Health Center,Gasabo,2025-05-19,injectable_artesunate,"injectable artesunate vial (logistics unit, not a dose)",11,1,0,11.0
HC-GAS-02,Remera Health Center,Gasabo,2025-05-26,ACT,"ACT course (logistics unit, not a dose)",4,1,0,4.0
HC-GAS-02,Remera Health Center,Gasabo,2025-05-26,RDT,RDT kit,9,0,0,52.0
HC-GAS-02,Remera Health Center,Gasabo,2025-05-26,injectable_artesunate,"injectable artesunate vial (logistics unit, not a dose)",4,0,0,52.0
HC-GAS-02,Remera Health Center,Gasabo,2025-06-02,ACT,"ACT course (logistics unit, not a dose)",0,0,1,0.0
HC-GAS-02,Remera Health Center,Gasabo,2025-06-02,RDT,RDT kit,4,0,0,52.0
HC-GAS-02,Remera Health Center,Gasabo,2025-06-02,injectable_artesunate,"injectable artesunate vial (logistics unit, not a dose)",0,0,1,0.0
HC-GAS-02,Remera Health Center,Gasabo,2025-06-09,ACT,"ACT course (logistics unit, not a dose)",0,0,1,0.0
HC-GAS-02,Remera Health Center,Gasabo,2025-06-09,RDT,RDT kit,3,0,0,52.0
HC-GAS-02,Remera Health Center,Gasabo,2025-06-09,injectable_artesunate,"injectable artesunate vial (logistics unit, not a dose)",11,0,0,52.0
HC-GAS-02,Remera Health Center,Gasabo,2025-06-16,ACT,"ACT course (logistics unit, not a dose)",5,0,0,52.0
HC-GAS-02,Remera Health Center,Gasabo,2025-06-16,RDT,RDT kit,5,1,0,5.0
HC-GAS-02,Remera Health Center,Gasabo,2025-06-16,injectable_artesunate,"injectable artesunate vial (logistics unit, not a dose)",5,0,0,52.0
HC-GAS-02,Remera Health Center,Gasabo,2025-06-23,ACT,"ACT course (logistics unit, not a dose)",1,0,0,52.0
HC-GAS-02,Remera Health Center,Gasabo,2025-06-23,RDT,RDT kit,10,1,0,10.0
HC-GAS-02,Remera Health Center,Gasabo,2025-06-23,injectable_artesunate,"injectable artesunate vial (logistics unit, not a dose)",9,0,0,52.0
HC-GAS-02,Remera Health Center,Gasabo,2025-06-30,ACT,"ACT course (logistics unit, not a dose)",12,0,0,52.0
HC-GAS-02,Remera Health Center,Gasabo,2025-06-30,RDT,RDT kit,8,1,0,8.0
HC-GAS-02,Remera Health Center,Gasabo,2025-06-30,injectable_artesunate,"injectable artesunate vial (logistics unit, not a dose)",0,1,1,0.0
HC-GAS-02,Remera Health Center,Gasabo,2025-07-07,ACT,"ACT course (logistics unit, not a dose)",7,0,0,52.0
HC-GAS-02,Remera Health Center,Gasabo,2025-07-07,RDT,RDT kit,7,0,0,52.0
HC-GAS-02,Remera Health Center,Gasabo,2025-07-07,injectable_artesunate,"injectable artesunate vial (logistics unit, not a dose)",6,0,0,52.0
HC-GAS-02,Remera Health Center,Gasabo,2025-07-14,ACT,"ACT course (logistics unit, not a dose)",21,4,0,5.25
HC-GAS-02,Remera Health Center,Gasabo,2025-07-14,RDT,RDT kit,10,1,0,10.0
HC-GAS-02,Remera Health Center,Gasabo,2025-07-14,injectable_artesunate,"injectable artesunate vial (logistics unit, not a dose)",11,0,0,52.0
HC-GAS-02,Remera Health Center,Gasabo,2025-07-21,ACT,"ACT course (logistics unit, not a dose)",12,0,0,52.0
HC-GAS-02,Remera Health Center,Gasabo,2025-07-21,RDT,RDT kit,0,1,1,0.0
HC-GAS-02,Remera Health Center,Gasabo,2025-07-21,injectable_artesunate,"injectable artesunate vial (logistics unit, not a dose)",7,0,0,52.0
HC-GAS-02,Remera Health Center,Gasabo,2025-07-28,ACT,"ACT course (logistics unit, not a dose)",7,1,0,7.0
HC-GAS-02,Remera Health Center,Gasabo,2025-07-28,RDT,RDT kit,5,0,0,52.0
HC-GAS-02,Remera Health Center,Gasabo,2025-07-28,injectable_artesunate,"injectable artesunate vial (logistics unit, not a dose)",6,0,0,52.0
HC-GAS-02,Remera Health Center,Gasabo,2025-08-04,ACT,"ACT course (logistics unit, not a dose)",12,0,0,52.0
HC-GAS-02,Remera Health Center,Gasabo,2025-08-04,RDT,RDT kit,0,0,1,0.0
HC-GAS-02,Remera Health Center,Gasabo,2025-08-04,injectable_artesunate,"injectable artesunate vial (logistics unit, not a dose)",10,0,0,52.0
HC-GAS-02,Remera Health Center,Gasabo,2025-08-11,ACT,"ACT course (logistics unit, not a dose)",9,1,0,9.0
HC-GAS-02,Remera Health Center,Gasabo,2025-08-11,RDT,RDT kit,1,2,0,0.5
HC-GAS-02,Remera Health Center,Gasabo,2025-08-11,injectable_artesunate,"injectable artesunate vial (logistics unit, not a dose)",7,0,0,52.0
HC-GAS-02,Remera Health Center,Gasabo,2025-08-18,ACT,"ACT course (logistics unit, not a dose)",4,0,0,52.0
HC-GAS-02,Remera Health Center,Gasabo,2025-08-18,RDT,RDT kit,6,1,0,6.0
HC-GAS-02,Remera Health Center,Gasabo,2025-08-18,injectable_artesunate,"injectable artesunate vial (logistics unit, not a dose)",6,0,0,52.0
HC-GAS-02,Remera Health Center,Gasabo,2025-08-25,ACT,"ACT course (logistics unit, not a dose)",8,1,0,8.0
HC-GAS-02,Remera Health Center,Gasabo,2025-08-25,RDT,RDT kit,9,1,0,9.0
HC-GAS-02,Remera Health Center,Gasabo,2025-08-25,injectable_artesunate,"injectable artesunate vial (logistics unit, not a dose)",6,0,0,52.0
HC-GAS-02,Remera Health Center,Gasabo,2025-09-01,ACT,"ACT course (logistics unit, not a dose)",5,0,0,52.0
HC-GAS-02,Remera Health Center,Gasabo,2025-09-01,RDT,RDT kit,10,1,0,10.0
HC-GAS-02,Remera Health Center,Gasabo,2025-09-01,injectable_artesunate,"injectable artesunate vial (logistics unit, not a dose)",1,0,0,52.0
HC-GAS-02,Remera Health Center,Gasabo,2025-09-08,ACT,"ACT course (logistics unit, not a dose)",6,0,0,52.0
HC-GAS-02,Remera Health Center,Gasabo,2025-09-08,RDT,RDT kit,1,0,0,52.0
HC-GAS-02,Remera Health Center,Gasabo,2025-09-08,injectable_artesunate,"injectable artesunate vial (logistics unit, not a dose)",4,0,0,52.0
HC-GAS-02,Remera Health Center,Gasabo,2025-09-15,ACT,"ACT course (logistics unit, not a dose)",5,0,0,52.0
HC-GAS-02,Remera Health Center,Gasabo,2025-09-15,RDT,RDT kit,9,0,0,52.0
HC-GAS-02,Remera Health Center,Gasabo,2025-09-15,injectable_artesunate,"injectable artesunate vial (logistics unit, not a dose)",11,0,0,52.0
HC-GAS-02,Remera Health Center,Gasabo,2025-09-22,ACT,"ACT course (logistics unit, not a dose)",7,0,0,52.0
HC-GAS-02,Remera Health Center,Gasabo,2025-09-22,RDT,RDT kit,4,1,0,4.0
HC-GAS-02,Remera Health Center,Gasabo,2025-09-22,injectable_artesunate,"injectable artesunate vial (logistics unit, not a dose)",11,0,0,52.0
HC-GAS-02,Remera Health Center,Gasabo,2025-09-29,ACT,"ACT course (logistics unit, not a dose)",9,1,0,9.0
HC-GAS-02,Remera Health Center,Gasabo,2025-09-29,RDT,RDT kit,1,2,0,0.5
HC-GAS-02,Remera Health Center,Gasabo,2025-09-29,injectable_artesunate,"injectable artesunate vial (logistics unit, not a dose)",8,0,0,52.0
HC-GAS-02,Remera Health Center,Gasabo,2025-10-06,ACT,"ACT course (logistics unit, not a dose)",9,2,0,4.5
HC-GAS-02,Remera Health Center,Gasabo,2025-10-06,RDT,RDT kit,16,2,0,8.0
HC-GAS-02,Remera Health Center,Gasabo,2025-10-06,injectable_artesunate,"injectable artesunate vial (logistics unit, not a dose)",8,1,0,8.0
HC-GAS-02,Remera Health Center,Gasabo,2025-10-13,ACT,"ACT course (logistics unit, not a dose)",14,2,0,7.0
HC-GAS-02,Remera Health Center,Gasabo,2025-10-13,RDT,RDT kit,31,5,0,6.2
HC-GAS-02,Remera Health Center,Gasabo,2025-10-13,injectable_artesunate,"injectable artesunate vial (logistics unit, not a dose)",8,0,0,52.0
HC-GAS-02,Remera Health Center,Gasabo,2025-10-20,ACT,"ACT course (logistics unit, not a dose)",7,1,0,7.0
HC-GAS-02,Remera Health Center,Gasabo,2025-10-20,RDT,RDT kit,7,1,0,7.0
HC-GAS-02,Remera Health Center,Gasabo,2025-10-20,injectable_artesunate,"injectable artesunate vial (logistics unit, not a dose)",1,0,0,52.0
HC-GAS-02,Remera Health Center,Gasabo,2025-10-27,ACT,"ACT course (logistics unit, not a dose)",0,0,1,0.0
HC-GAS-02,Remera Health Center,Gasabo,2025-10-27,RDT,RDT kit,7,2,0,3.5
HC-GAS-02,Remera Health Center,Gasabo,2025-10-27,injectable_artesunate,"injectable artesunate vial (logistics unit, not a dose)",5,0,0,52.0
HC-GAS-02,Remera Health Center,Gasabo,2025-11-03,ACT,"ACT course (logistics unit, not a dose)",4,0,0,52.0
HC-GAS-02,Remera Health Center,Gasabo,2025-11-03,RDT,RDT kit,34,3,0,11.33
HC-GAS-02,Remera Health Center,Gasabo,2025-11-03,injectable_artesunate,"injectable artesunate vial (logistics unit, not a dose)",8,0,0,52.0
HC-GAS-02,Remera Health Center,Gasabo,2025-11-10,ACT,"ACT course (logistics unit, not a dose)",22,3,0,7.33
HC-GAS-02,Remera Health Center,Gasabo,2025-11-10,RDT,RDT kit,1,0,0,52.0
HC-GAS-02,Remera Health Center,Gasabo,2025-11-10,injectable_artesunate,"injectable artesunate vial (logistics unit, not a dose)",0,0,1,0.0
HC-GAS-02,Remera Health Center,Gasabo,2025-11-17,ACT,"ACT course (logistics unit, not a dose)",10,1,0,10.0
HC-GAS-02,Remera Health Center,Gasabo,2025-11-17,RDT,RDT kit,0,1,1,0.0
HC-GAS-02,Remera Health Center,Gasabo,2025-11-17,injectable_artesunate,"injectable artesunate vial (logistics unit, not a dose)",11,0,0,52.0
HC-GAS-02,Remera Health Center,Gasabo,2025-11-24,ACT,"ACT course (logistics unit, not a dose)",7,2,0,3.5
HC-GAS-02,Remera Health Center,Gasabo,2025-11-24,RDT,RDT kit,0,3,1,0.0
HC-GAS-02,Remera Health Center,Gasabo,2025-11-24,injectable_artesunate,"injectable artesunate vial (logistics unit, not a dose)",11,1,0,11.0
HC-GAS-02,Remera Health Center,Gasabo,2025-12-01,ACT,"ACT course (logistics unit, not a dose)",7,1,0,7.0
HC-GAS-02,Remera Health Center,Gasabo,2025-12-01,RDT,RDT kit,10,1,0,10.0
HC-GAS-02,Remera Health Center,Gasabo,2025-12-01,injectable_artesunate,"injectable artesunate vial (logistics unit, not a dose)",11,0,0,52.0
HC-GAS-02,Remera Health Center,Gasabo,2025-12-08,ACT,"ACT course (logistics unit, not a dose)",0,3,1,0.0
HC-GAS-02,Remera Health Center,Gasabo,2025-12-08,RDT,RDT kit,19,5,0,3.8
HC-GAS-02,Remera Health Center,Gasabo,2025-12-08,injectable_artesunate,"injectable artesunate vial (logistics unit, not a dose)",5,0,0,52.0
HC-GAS-02,Remera Health Center,Gasabo,2025-12-15,ACT,"ACT course (logistics unit, not a dose)",5,1,0,5.0
HC-GAS-02,Remera Health Center,Gasabo,2025-12-15,RDT,RDT kit,4,0,0,52.0
HC-GAS-02,Remera Health Center,Gasabo,2025-12-15,injectable_artesunate,"injectable artesunate vial (logistics unit, not a dose)",1,0,0,52.0
HC-GAS-02,Remera Health Center,Gasabo,2025-12-22,ACT,"ACT course (logistics unit, not a dose)",1,2,0,0.5
HC-GAS-02,Remera Health Center,Gasabo,2025-12-22,RDT,RDT kit,32,4,0,8.0
HC-GAS-02,Remera Health Center,Gasabo,2025-12-22,injectable_artesunate,"injectable artesunate vial (logistics unit, not a dose)",9,1,0,9.0
HC-GAS-02,Remera Health Center,Gasabo,2025-12-29,ACT,"ACT course (logistics unit, not a dose)",0,0,1,0.0
HC-GAS-02,Remera Health Center,Gasabo,2025-12-29,RDT,RDT kit,0,1,1,0.0
HC-GAS-02,Remera Health Center,Gasabo,2025-12-29,injectable_artesunate,"injectable artesunate vial (logistics unit, not a dose)",10,0,0,52.0
HC-GAS-02,Remera Health Center,Gasabo,2026-01-05,ACT,"ACT course (logistics unit, not a dose)",9,1,0,9.0
HC-GAS-02,Remera Health Center,Gasabo,2026-01-05,RDT,RDT kit,1,1,0,1.0
HC-GAS-02,Remera Health Center,Gasabo,2026-01-05,injectable_artesunate,"injectable artesunate vial (logistics unit, not a dose)",3,0,0,52.0
HC-GAS-02,Remera Health Center,Gasabo,2026-01-12,ACT,"ACT course (logistics unit, not a dose)",11,2,0,5.5
HC-GAS-02,Remera Health Center,Gasabo,2026-01-12,RDT,RDT kit,19,2,0,9.5
HC-GAS-02,Remera Health Center,Gasabo,2026-01-12,injectable_artesunate,"injectable artesunate vial (logistics unit, not a dose)",7,1,0,7.0
HC-GAS-02,Remera Health Center,Gasabo,2026-01-19,ACT,"ACT course (logistics unit, not a dose)",4,0,0,52.0
HC-GAS-02,Remera Health Center,Gasabo,2026-01-19,RDT,RDT kit,12,2,0,6.0
HC-GAS-02,Remera Health Center,Gasabo,2026-01-19,injectable_artesunate,"injectable artesunate vial (logistics unit, not a dose)",4,0,0,52.0
HC-GAS-02,Remera Health Center,Gasabo,2026-01-26,ACT,"ACT course (logistics unit, not a dose)",4,1,0,4.0
HC-GAS-02,Remera Health Center,Gasabo,2026-01-26,RDT,RDT kit,23,2,0,11.5
HC-GAS-02,Remera Health Center,Gasabo,2026-01-26,injectable_artesunate,"injectable artesunate vial (logistics unit, not a dose)",12,0,0,52.0
HC-GAS-02,Remera Health Center,Gasabo,2026-02-02,ACT,"ACT course (logistics unit, not a dose)",9,0,0,52.0
HC-GAS-02,Remera Health Center,Gasabo,2026-02-02,RDT,RDT kit,7,0,0,52.0
HC-GAS-02,Remera Health Center,Gasabo,2026-02-02,injectable_artesunate,"injectable artesunate vial (logistics unit, not a dose)",7,0,0,52.0
HC-GAS-02,Remera Health Center,Gasabo,2026-02-09,ACT,"ACT course (logistics unit, not a dose)",5,1,0,5.0
HC-GAS-02,Remera Health Center,Gasabo,2026-02-09,RDT,RDT kit,30,3,0,10.0
HC-GAS-02,Remera Health Center,Gasabo,2026-02-09,injectable_artesunate,"injectable artesunate vial (logistics unit, not a dose)",12,0,0,52.0
HC-GAS-02,Remera Health Center,Gasabo,2026-02-16,ACT,"ACT course (logistics unit, not a dose)",10,3,0,3.33
HC-GAS-02,Remera Health Center,Gasabo,2026-02-16,RDT,RDT kit,0,1,1,0.0
HC-GAS-02,Remera Health Center,Gasabo,2026-02-16,injectable_artesunate,"injectable artesunate vial (logistics unit, not a dose)",6,0,0,52.0
HC-GAS-02,Remera Health Center,Gasabo,2026-02-23,ACT,"ACT course (logistics unit, not a dose)",17,2,0,8.5
HC-GAS-02,Remera Health Center,Gasabo,2026-02-23,RDT,RDT kit,7,1,0,7.0
HC-GAS-02,Remera Health Center,Gasabo,2026-02-23,injectable_artesunate,"injectable artesunate vial (logistics unit, not a dose)",9,0,0,52.0
HC-GAS-02,Remera Health Center,Gasabo,2026-03-02,ACT,"ACT course (logistics unit, not a dose)",22,2,0,11.0
HC-GAS-02,Remera Health Center,Gasabo,2026-03-02,RDT,RDT kit,12,1,0,12.0
HC-GAS-02,Remera Health Center,Gasabo,2026-03-02,injectable_artesunate,"injectable artesunate vial (logistics unit, not a dose)",11,0,0,52.0
HC-GAS-02,Remera Health Center,Gasabo,2026-03-09,ACT,"ACT course (logistics unit, not a dose)",5,0,0,52.0
HC-GAS-02,Remera Health Center,Gasabo,2026-03-09,RDT,RDT kit,23,4,0,5.75
HC-GAS-02,Remera Health Center,Gasabo,2026-03-09,injectable_artesunate,"injectable artesunate vial (logistics unit, not a dose)",8,0,0,52.0
HC-GAS-02,Remera Health Center,Gasabo,2026-03-16,ACT,"ACT course (logistics unit, not a dose)",4,0,0,52.0
HC-GAS-02,Remera Health Center,Gasabo,2026-03-16,RDT,RDT kit,9,2,0,4.5
HC-GAS-02,Remera Health Center,Gasabo,2026-03-16,injectable_artesunate,"injectable artesunate vial (logistics unit, not a dose)",7,0,0,52.0
HC-GAS-02,Remera Health Center,Gasabo,2026-03-23,ACT,"ACT course (logistics unit, not a dose)",8,0,0,52.0
HC-GAS-02,Remera Health Center,Gasabo,2026-03-23,RDT,RDT kit,9,1,0,9.0
HC-GAS-02,Remera Health Center,Gasabo,2026-03-23,injectable_artesunate,"injectable artesunate vial (logistics unit, not a dose)",4,1,0,4.0
HC-GAS-02,Remera Health Center,Gasabo,2026-03-30,ACT,"ACT course (logistics unit, not a dose)",1,0,0,52.0
HC-GAS-02,Remera Health Center,Gasabo,2026-03-30,RDT,RDT kit,6,1,0,6.0
HC-GAS-02,Remera Health Center,Gasabo,2026-03-30,injectable_artesunate,"injectable artesunate vial (logistics unit, not a dose)",0,2,1,0.0
HC-GAS-02,Remera Health Center,Gasabo,2026-04-06,ACT,"ACT course (logistics unit, not a dose)",10,0,0,52.0
HC-GAS-02,Remera Health Center,Gasabo,2026-04-06,RDT,RDT kit,38,7,0,5.43
HC-GAS-02,Remera Health Center,Gasabo,2026-04-06,injectable_artesunate,"injectable artesunate vial (logistics unit, not a dose)",7,1,0,7.0
HC-GAS-02,Remera Health Center,Gasabo,2026-04-13,ACT,"ACT course (logistics unit, not a dose)",7,0,0,52.0
HC-GAS-02,Remera Health Center,Gasabo,2026-04-13,RDT,RDT kit,15,2,0,7.5
HC-GAS-02,Remera Health Center,Gasabo,2026-04-13,injectable_artesunate,"injectable artesunate vial (logistics unit, not a dose)",0,0,1,0.0
HC-GAS-02,Remera Health Center,Gasabo,2026-04-20,ACT,"ACT course (logistics unit, not a dose)",4,1,0,4.0
HC-GAS-02,Remera Health Center,Gasabo,2026-04-20,RDT,RDT kit,38,5,0,7.6
HC-GAS-02,Remera Health Center,Gasabo,2026-04-20,injectable_artesunate,"injectable artesunate vial (logistics unit, not a dose)",11,1,0,11.0
HC-GAS-02,Remera Health Center,Gasabo,2026-04-27,ACT,"ACT course (logistics unit, not a dose)",4,1,0,4.0
HC-GAS-02,Remera Health Center,Gasabo,2026-04-27,RDT,RDT kit,17,3,0,5.67
HC-GAS-02,Remera Health Center,Gasabo,2026-04-27,injectable_artesunate,"injectable artesunate vial (logistics unit, not a dose)",9,0,0,52.0
HC-GAS-02,Remera Health Center,Gasabo,2026-05-04,ACT,"ACT course (logistics unit, not a dose)",11,0,0,52.0
HC-GAS-02,Remera Health Center,Gasabo,2026-05-04,RDT,RDT kit,7,1,0,7.0
HC-GAS-02,Remera Health Center,Gasabo,2026-05-04,injectable_artesunate,"injectable artesunate vial (logistics unit, not a dose)",1,0,0,52.0
HC-GAS-02,Remera Health Center,Gasabo,2026-05-11,ACT,"ACT course (logistics unit, not a dose)",1,0,0,52.0
HC-GAS-02,Remera Health Center,Gasabo,2026-05-11,RDT,RDT kit,4,1,0,4.0
HC-GAS-02,Remera Health Center,Gasabo,2026-05-11,injectable_artesunate,"injectable artesunate vial (logistics unit, not a dose)",0,0,1,0.0
HC-GAS-02,Remera Health Center,Gasabo,2026-05-18,ACT,"ACT course (logistics unit, not a dose)",6,0,0,52.0
HC-GAS-02,Remera Health Center,Gasabo,2026-05-18,RDT,RDT kit,8,0,0,52.0
HC-GAS-02,Remera Health Center,Gasabo,2026-05-18,injectable_artesunate,"injectable artesunate vial (logistics unit, not a dose)",7,1,0,7.0
HC-GAS-02,Remera Health Center,Gasabo,2026-05-25,ACT,"ACT course (logistics unit, not a dose)",11,1,0,11.0
HC-GAS-02,Remera Health Center,Gasabo,2026-05-25,RDT,RDT kit,55,6,0,9.17
HC-GAS-02,Remera Health Center,Gasabo,2026-05-25,injectable_artesunate,"injectable artesunate vial (logistics unit, not a dose)",12,0,0,52.0
HC-GAS-02,Remera Health Center,Gasabo,2026-06-01,ACT,"ACT course (logistics unit, not a dose)",8,1,0,8.0
HC-GAS-02,Remera Health Center,Gasabo,2026-06-01,RDT,RDT kit,10,0,0,52.0
HC-GAS-02,Remera Health Center,Gasabo,2026-06-01,injectable_artesunate,"injectable artesunate vial (logistics unit, not a dose)",9,0,0,52.0
HC-GAS-02,Remera Health Center,Gasabo,2026-06-08,ACT,"ACT course (logistics unit, not a dose)",11,0,0,52.0
HC-GAS-02,Remera Health Center,Gasabo,2026-06-08,RDT,RDT kit,8,2,0,4.0
HC-GAS-02,Remera Health Center,Gasabo,2026-06-08,injectable_artesunate,"injectable artesunate vial (logistics unit, not a dose)",3,1,0,3.0
HC-GAS-02,Remera Health Center,Gasabo,2026-06-15,ACT,"ACT course (logistics unit, not a dose)",10,1,0,10.0
HC-GAS-02,Remera Health Center,Gasabo,2026-06-15,RDT,RDT kit,7,2,0,3.5
HC-GAS-02,Remera Health Center,Gasabo,2026-06-15,injectable_artesunate,"injectable artesunate vial (logistics unit, not a dose)",0,0,1,0.0
HC-GAS-02,Remera Health Center,Gasabo,2026-06-22,ACT,"ACT course (logistics unit, not a dose)",12,0,0,52.0
HC-GAS-02,Remera Health Center,Gasabo,2026-06-22,RDT,RDT kit,16,3,0,5.33
HC-GAS-02,Remera Health Center,Gasabo,2026-06-22,injectable_artesunate,"injectable artesunate vial (logistics unit, not a dose)",8,0,0,52.0
HC-GAS-02,Remera Health Center,Gasabo,2026-06-29,ACT,"ACT course (logistics unit, not a dose)",0,0,1,0.0
HC-GAS-02,Remera Health Center,Gasabo,2026-06-29,RDT,RDT kit,10,3,0,3.33
HC-GAS-02,Remera Health Center,Gasabo,2026-06-29,injectable_artesunate,"injectable artesunate vial (logistics unit, not a dose)",0,1,1,0.0
HC-GAS-02,Remera Health Center,Gasabo,2026-07-06,ACT,"ACT course (logistics unit, not a dose)",11,0,0,52.0
HC-GAS-02,Remera Health Center,Gasabo,2026-07-06,RDT,RDT kit,7,1,0,7.0
HC-GAS-02,Remera Health Center,Gasabo,2026-07-06,injectable_artesunate,"injectable artesunate vial (logistics unit, not a dose)",11,0,0,52.0
HC-GAS-02,Remera Health Center,Gasabo,2026-07-13,ACT,"ACT course (logistics unit, not a dose)",9,0,0,52.0
HC-GAS-02,Remera Health Center,Gasabo,2026-07-13,RDT,RDT kit,11,2,0,5.5
HC-GAS-02,Remera Health Center,Gasabo,2026-07-13,injectable_artesunate,"injectable artesunate vial (logistics unit, not a dose)",0,1,1,0.0
HC-GAS-02,Remera Health Center,Gasabo,2026-07-20,ACT,"ACT course (logistics unit, not a dose)",4,1,0,4.0
HC-GAS-02,Remera Health Center,Gasabo,2026-07-20,RDT,RDT kit,4,1,0,4.0
HC-GAS-02,Remera Health Center,Gasabo,2026-07-20,injectable_artesunate,"injectable artesunate vial (logistics unit, not a dose)",9,0,0,52.0
HC-GAS-02,Remera Health Center,Gasabo,2026-07-27,ACT,"ACT course (logistics unit, not a dose)",11,0,0,52.0
HC-GAS-02,Remera Health Center,Gasabo,2026-07-27,RDT,RDT kit,5,0,0,52.0
HC-GAS-02,Remera Health Center,Gasabo,2026-07-27,injectable_artesunate,"injectable artesunate vial (logistics unit, not a dose)",12,1,0,12.0
HC-GAS-02,Remera Health Center,Gasabo,2026-08-03,ACT,"ACT course (logistics unit, not a dose)",4,1,0,4.0
HC-GAS-02,Remera Health Center,Gasabo,2026-08-03,RDT,RDT kit,7,1,0,7.0
HC-GAS-02,Remera Health Center,Gasabo,2026-08-03,injectable_artesunate,"injectable artesunate vial (logistics unit, not a dose)",8,0,0,52.0
HC-GAS-02,Remera Health Center,Gasabo,2026-08-10,ACT,"ACT course (logistics unit, not a dose)",0,0,1,0.0
HC-GAS-02,Remera Health Center,Gasabo,2026-08-10,RDT,RDT kit,11,1,0,11.0
HC-GAS-02,Remera Health Center,Gasabo,2026-08-10,injectable_artesunate,"injectable artesunate vial (logistics unit, not a dose)",10,0,0,52.0
HC-GAS-02,Remera Health Center,Gasabo,2026-08-17,ACT,"ACT course (logistics unit, not a dose)",1,0,0,52.0
HC-GAS-02,Remera Health Center,Gasabo,2026-08-17,RDT,RDT kit,8,0,0,52.0
HC-GAS-02,Remera Health Center,Gasabo,2026-08-17,injectable_artesunate,"injectable artesunate vial (logistics unit, not a dose)",10,0,0,52.0
HC-GAS-02,Remera Health Center,Gasabo,2026-08-24,ACT,"ACT course (logistics unit, not a dose)",6,0,0,52.0
HC-GAS-02,Remera Health Center,Gasabo,2026-08-24,RDT,RDT kit,16,3,0,5.33
HC-GAS-02,Remera Health Center,Gasabo,2026-08-24,injectable_artesunate,"injectable artesunate vial (logistics unit, not a dose)",8,0,0,52.0
HC-GAS-02,Remera Health Center,Gasabo,2026-08-31,ACT,"ACT course (logistics unit, not a dose)",11,1,0,11.0
HC-GAS-02,Remera Health Center,Gasabo,2026-08-31,RDT,RDT kit,0,0,1,0.0
HC-GAS-02,Remera Health Center,Gasabo,2026-08-31,injectable_artesunate,"injectable artesunate vial (logistics unit, not a dose)",5,0,0,52.0
HC-GAS-02,Remera Health Center,Gasabo,2026-09-07,ACT,"ACT course (logistics unit, not a dose)",11,0,0,52.0
HC-GAS-02,Remera Health Center,Gasabo,2026-09-07,RDT,RDT kit,7,0,0,52.0
HC-GAS-02,Remera Health Center,Gasabo,2026-09-07,injectable_artesunate,"injectable artesunate vial (logistics unit, not a dose)",6,1,0,6.0
HC-GAS-02,Remera Health Center,Gasabo,2026-09-14,ACT,"ACT course (logistics unit, not a dose)",11,1,0,11.0
HC-GAS-02,Remera Health Center,Gasabo,2026-09-14,RDT,RDT kit,15,2,0,7.5
HC-GAS-02,Remera Health Center,Gasabo,2026-09-14,injectable_artesunate,"injectable artesunate vial (logistics unit, not a dose)",9,0,0,52.0
HC-GAS-02,Remera Health Center,Gasabo,2026-09-21,ACT,"ACT course (logistics unit, not a dose)",9,0,0,52.0
HC-GAS-02,Remera Health Center,Gasabo,2026-09-21,RDT,RDT kit,11,1,0,11.0
HC-GAS-02,Remera Health Center,Gasabo,2026-09-21,injectable_artesunate,"injectable artesunate vial (logistics unit, not a dose)",6,0,0,52.0
HC-GAS-02,Remera Health Center,Gasabo,2026-09-28,ACT,"ACT course (logistics unit, not a dose)",10,0,0,52.0
HC-GAS-02,Remera Health Center,Gasabo,2026-09-28,RDT,RDT kit,12,0,0,52.0
HC-GAS-02,Remera Health Center,Gasabo,2026-09-28,injectable_artesunate,"injectable artesunate vial (logistics unit, not a dose)",0,0,1,0.0
HC-GAS-03,Kacyiru Health Center,Gasabo,2024-09-30,ACT,"ACT course (logistics unit, not a dose)",11,0,0,52.0
HC-GAS-03,Kacyiru Health Center,Gasabo,2024-09-30,RDT,RDT kit,12,3,0,4.0
HC-GAS-03,Kacyiru Health Center,Gasabo,2024-09-30,injectable_artesunate,"injectable artesunate vial (logistics unit, not a dose)",0,0,1,0.0
HC-GAS-03,Kacyiru Health Center,Gasabo,2024-10-07,ACT,"ACT course (logistics unit, not a dose)",10,1,0,10.0
HC-GAS-03,Kacyiru Health Center,Gasabo,2024-10-07,RDT,RDT kit,12,0,0,52.0
HC-GAS-03,Kacyiru Health Center,Gasabo,2024-10-07,injectable_artesunate,"injectable artesunate vial (logistics unit, not a dose)",8,0,0,52.0
HC-GAS-03,Kacyiru Health Center,Gasabo,2024-10-14,ACT,"ACT course (logistics unit, not a dose)",0,0,1,0.0
HC-GAS-03,Kacyiru Health Center,Gasabo,2024-10-14,RDT,RDT kit,4,0,0,52.0
HC-GAS-03,Kacyiru Health Center,Gasabo,2024-10-14,injectable_artesunate,"injectable artesunate vial (logistics unit, not a dose)",0,0,1,0.0
HC-GAS-03,Kacyiru Health Center,Gasabo,2024-10-21,ACT,"ACT course (logistics unit, not a dose)",2,2,0,1.0
HC-GAS-03,Kacyiru Health Center,Gasabo,2024-10-21,RDT,RDT kit,10,1,0,10.0
HC-GAS-03,Kacyiru Health Center,Gasabo,2024-10-21,injectable_artesunate,"injectable artesunate vial (logistics unit, not a dose)",1,1,0,1.0
HC-GAS-03,Kacyiru Health Center,Gasabo,2024-10-28,ACT,"ACT course (logistics unit, not a dose)",12,2,0,6.0
HC-GAS-03,Kacyiru Health Center,Gasabo,2024-10-28,RDT,RDT kit,9,0,0,52.0
HC-GAS-03,Kacyiru Health Center,Gasabo,2024-10-28,injectable_artesunate,"injectable artesunate vial (logistics unit, not a dose)",7,0,0,52.0
HC-GAS-03,Kacyiru Health Center,Gasabo,2024-11-04,ACT,"ACT course (logistics unit, not a dose)",12,0,0,52.0
HC-GAS-03,Kacyiru Health Center,Gasabo,2024-11-04,RDT,RDT kit,6,1,0,6.0
HC-GAS-03,Kacyiru Health Center,Gasabo,2024-11-04,injectable_artesunate,"injectable artesunate vial (logistics unit, not a dose)",9,0,0,52.0
HC-GAS-03,Kacyiru Health Center,Gasabo,2024-11-11,ACT,"ACT course (logistics unit, not a dose)",7,1,0,7.0
HC-GAS-03,Kacyiru Health Center,Gasabo,2024-11-11,RDT,RDT kit,10,2,0,5.0
HC-GAS-03,Kacyiru Health Center,Gasabo,2024-11-11,injectable_artesunate,"injectable artesunate vial (logistics unit, not a dose)",9,0,0,52.0
HC-GAS-03,Kacyiru Health Center,Gasabo,2024-11-18,ACT,"ACT course (logistics unit, not a dose)",8,2,0,4.0
HC-GAS-03,Kacyiru Health Center,Gasabo,2024-11-18,RDT,RDT kit,7,1,0,7.0
HC-GAS-03,Kacyiru Health Center,Gasabo,2024-11-18,injectable_artesunate,"injectable artesunate vial (logistics unit, not a dose)",11,0,0,52.0
HC-GAS-03,Kacyiru Health Center,Gasabo,2024-11-25,ACT,"ACT course (logistics unit, not a dose)",11,0,0,52.0
HC-GAS-03,Kacyiru Health Center,Gasabo,2024-11-25,RDT,RDT kit,14,3,0,4.67
HC-GAS-03,Kacyiru Health Center,Gasabo,2024-11-25,injectable_artesunate,"injectable artesunate vial (logistics unit, not a dose)",10,0,0,52.0
HC-GAS-03,Kacyiru Health Center,Gasabo,2024-12-02,ACT,"ACT course (logistics unit, not a dose)",5,0,0,52.0
HC-GAS-03,Kacyiru Health Center,Gasabo,2024-12-02,RDT,RDT kit,2,2,0,1.0
HC-GAS-03,Kacyiru Health Center,Gasabo,2024-12-02,injectable_artesunate,"injectable artesunate vial (logistics unit, not a dose)",5,0,0,52.0
HC-GAS-03,Kacyiru Health Center,Gasabo,2024-12-09,ACT,"ACT course (logistics unit, not a dose)",9,0,0,52.0
HC-GAS-03,Kacyiru Health Center,Gasabo,2024-12-09,RDT,RDT kit,1,0,0,52.0
HC-GAS-03,Kacyiru Health Center,Gasabo,2024-12-09,injectable_artesunate,"injectable artesunate vial (logistics unit, not a dose)",11,0,0,52.0
HC-GAS-03,Kacyiru Health Center,Gasabo,2024-12-16,ACT,"ACT course (logistics unit, not a dose)",9,1,0,9.0
HC-GAS-03,Kacyiru Health Center,Gasabo,2024-12-16,RDT,RDT kit,8,0,0,52.0
HC-GAS-03,Kacyiru Health Center,Gasabo,2024-12-16,injectable_artesunate,"injectable artesunate vial (logistics unit, not a dose)",4,0,0,52.0
HC-GAS-03,Kacyiru Health Center,Gasabo,2024-12-23,ACT,"ACT course (logistics unit, not a dose)",3,0,0,52.0
HC-GAS-03,Kacyiru Health Center,Gasabo,2024-12-23,RDT,RDT kit,6,0,0,52.0
HC-GAS-03,Kacyiru Health Center,Gasabo,2024-12-23,injectable_artesunate,"injectable artesunate vial (logistics unit, not a dose)",7,0,0,52.0
HC-GAS-03,Kacyiru Health Center,Gasabo,2024-12-30,ACT,"ACT course (logistics unit, not a dose)",7,0,0,52.0
HC-GAS-03,Kacyiru Health Center,Gasabo,2024-12-30,RDT,RDT kit,13,2,0,6.5
HC-GAS-03,Kacyiru Health Center,Gasabo,2024-12-30,injectable_artesunate,"injectable artesunate vial (logistics unit, not a dose)",11,0,0,52.0
HC-GAS-03,Kacyiru Health Center,Gasabo,2025-01-06,ACT,"ACT course (logistics unit, not a dose)",4,0,0,52.0
HC-GAS-03,Kacyiru Health Center,Gasabo,2025-01-06,RDT,RDT kit,8,1,0,8.0
HC-GAS-03,Kacyiru Health Center,Gasabo,2025-01-06,injectable_artesunate,"injectable artesunate vial (logistics unit, not a dose)",11,0,0,52.0
HC-GAS-03,Kacyiru Health Center,Gasabo,2025-01-13,ACT,"ACT course (logistics unit, not a dose)",11,0,0,52.0
HC-GAS-03,Kacyiru Health Center,Gasabo,2025-01-13,RDT,RDT kit,10,2,0,5.0
HC-GAS-03,Kacyiru Health Center,Gasabo,2025-01-13,injectable_artesunate,"injectable artesunate vial (logistics unit, not a dose)",7,0,0,52.0
HC-GAS-03,Kacyiru Health Center,Gasabo,2025-01-20,ACT,"ACT course (logistics unit, not a dose)",9,1,0,9.0
HC-GAS-03,Kacyiru Health Center,Gasabo,2025-01-20,RDT,RDT kit,7,0,0,52.0
HC-GAS-03,Kacyiru Health Center,Gasabo,2025-01-20,injectable_artesunate,"injectable artesunate vial (logistics unit, not a dose)",6,0,0,52.0
HC-GAS-03,Kacyiru Health Center,Gasabo,2025-01-27,ACT,"ACT course (logistics unit, not a dose)",0,1,1,0.0
HC-GAS-03,Kacyiru Health Center,Gasabo,2025-01-27,RDT,RDT kit,4,0,0,52.0
HC-GAS-03,Kacyiru Health Center,Gasabo,2025-01-27,injectable_artesunate,"injectable artesunate vial (logistics unit, not a dose)",5,1,0,5.0
HC-GAS-03,Kacyiru Health Center,Gasabo,2025-02-03,ACT,"ACT course (logistics unit, not a dose)",3,1,0,3.0
HC-GAS-03,Kacyiru Health Center,Gasabo,2025-02-03,RDT,RDT kit,5,0,0,52.0
HC-GAS-03,Kacyiru Health Center,Gasabo,2025-02-03,injectable_artesunate,"injectable artesunate vial (logistics unit, not a dose)",12,1,0,12.0
HC-GAS-03,Kacyiru Health Center,Gasabo,2025-02-10,ACT,"ACT course (logistics unit, not a dose)",18,2,0,9.0
HC-GAS-03,Kacyiru Health Center,Gasabo,2025-02-10,RDT,RDT kit,18,2,0,9.0
HC-GAS-03,Kacyiru Health Center,Gasabo,2025-02-10,injectable_artesunate,"injectable artesunate vial (logistics unit, not a dose)",0,0,1,0.0
HC-GAS-03,Kacyiru Health Center,Gasabo,2025-02-17,ACT,"ACT course (logistics unit, not a dose)",1,1,0,1.0
HC-GAS-03,Kacyiru Health Center,Gasabo,2025-02-17,RDT,RDT kit,12,2,0,6.0
HC-GAS-03,Kacyiru Health Center,Gasabo,2025-02-17,injectable_artesunate,"injectable artesunate vial (logistics unit, not a dose)",9,0,0,52.0
HC-GAS-03,Kacyiru Health Center,Gasabo,2025-02-24,ACT,"ACT course (logistics unit, not a dose)",8,1,0,8.0
HC-GAS-03,Kacyiru Health Center,Gasabo,2025-02-24,RDT,RDT kit,7,1,0,7.0
HC-GAS-03,Kacyiru Health Center,Gasabo,2025-02-24,injectable_artesunate,"injectable artesunate vial (logistics unit, not a dose)",9,0,0,52.0
HC-GAS-03,Kacyiru Health Center,Gasabo,2025-03-03,ACT,"ACT course (logistics unit, not a dose)",11,1,0,11.0
HC-GAS-03,Kacyiru Health Center,Gasabo,2025-03-03,RDT,RDT kit,4,0,0,52.0
HC-GAS-03,Kacyiru Health Center,Gasabo,2025-03-03,injectable_artesunate,"injectable artesunate vial (logistics unit, not a dose)",0,0,1,0.0
HC-GAS-03,Kacyiru Health Center,Gasabo,2025-03-10,ACT,"ACT course (logistics unit, not a dose)",11,0,0,52.0
HC-GAS-03,Kacyiru Health Center,Gasabo,2025-03-10,RDT,RDT kit,8,1,0,8.0
HC-GAS-03,Kacyiru Health Center,Gasabo,2025-03-10,injectable_artesunate,"injectable artesunate vial (logistics unit, not a dose)",6,1,0,6.0
HC-GAS-03,Kacyiru Health Center,Gasabo,2025-03-17,ACT,"ACT course (logistics unit, not a dose)",3,1,0,3.0
HC-GAS-03,Kacyiru Health Center,Gasabo,2025-03-17,RDT,RDT kit,12,0,0,52.0
HC-GAS-03,Kacyiru Health Center,Gasabo,2025-03-17,injectable_artesunate,"injectable artesunate vial (logistics unit, not a dose)",0,0,1,0.0
HC-GAS-03,Kacyiru Health Center,Gasabo,2025-03-24,ACT,"ACT course (logistics unit, not a dose)",38,4,0,9.5
HC-GAS-03,Kacyiru Health Center,Gasabo,2025-03-24,RDT,RDT kit,0,2,1,0.0
HC-GAS-03,Kacyiru Health Center,Gasabo,2025-03-24,injectable_artesunate,"injectable artesunate vial (logistics unit, not a dose)",1,1,0,1.0
HC-GAS-03,Kacyiru Health Center,Gasabo,2025-03-31,ACT,"ACT course (logistics unit, not a dose)",4,0,0,52.0
HC-GAS-03,Kacyiru Health Center,Gasabo,2025-03-31,RDT,RDT kit,9,0,0,52.0
HC-GAS-03,Kacyiru Health Center,Gasabo,2025-03-31,injectable_artesunate,"injectable artesunate vial (logistics unit, not a dose)",6,0,0,52.0
HC-GAS-03,Kacyiru Health Center,Gasabo,2025-04-07,ACT,"ACT course (logistics unit, not a dose)",8,0,0,52.0
HC-GAS-03,Kacyiru Health Center,Gasabo,2025-04-07,RDT,RDT kit,26,3,0,8.67
HC-GAS-03,Kacyiru Health Center,Gasabo,2025-04-07,injectable_artesunate,"injectable artesunate vial (logistics unit, not a dose)",6,1,0,6.0
HC-GAS-03,Kacyiru Health Center,Gasabo,2025-04-14,ACT,"ACT course (logistics unit, not a dose)",12,0,0,52.0
HC-GAS-03,Kacyiru Health Center,Gasabo,2025-04-14,RDT,RDT kit,0,0,1,0.0
HC-GAS-03,Kacyiru Health Center,Gasabo,2025-04-14,injectable_artesunate,"injectable artesunate vial (logistics unit, not a dose)",11,0,0,52.0
HC-GAS-03,Kacyiru Health Center,Gasabo,2025-04-21,ACT,"ACT course (logistics unit, not a dose)",9,0,0,52.0
HC-GAS-03,Kacyiru Health Center,Gasabo,2025-04-21,RDT,RDT kit,8,1,0,8.0
HC-GAS-03,Kacyiru Health Center,Gasabo,2025-04-21,injectable_artesunate,"injectable artesunate vial (logistics unit, not a dose)",10,0,0,52.0
HC-GAS-03,Kacyiru Health Center,Gasabo,2025-04-28,ACT,"ACT course (logistics unit, not a dose)",24,2,0,12.0
HC-GAS-03,Kacyiru Health Center,Gasabo,2025-04-28,RDT,RDT kit,3,1,0,3.0
HC-GAS-03,Kacyiru Health Center,Gasabo,2025-04-28,injectable_artesunate,"injectable artesunate vial (logistics unit, not a dose)",10,0,0,52.0
HC-GAS-03,Kacyiru Health Center,Gasabo,2025-05-05,ACT,"ACT course (logistics unit, not a dose)",8,1,0,8.0
HC-GAS-03,Kacyiru Health Center,Gasabo,2025-05-05,RDT,RDT kit,32,6,0,5.33
HC-GAS-03,Kacyiru Health Center,Gasabo,2025-05-05,injectable_artesunate,"injectable artesunate vial (logistics unit, not a dose)",7,0,0,52.0
HC-GAS-03,Kacyiru Health Center,Gasabo,2025-05-12,ACT,"ACT course (logistics unit, not a dose)",6,0,0,52.0
HC-GAS-03,Kacyiru Health Center,Gasabo,2025-05-12,RDT,RDT kit,9,2,0,4.5
HC-GAS-03,Kacyiru Health Center,Gasabo,2025-05-12,injectable_artesunate,"injectable artesunate vial (logistics unit, not a dose)",10,0,0,52.0
HC-GAS-03,Kacyiru Health Center,Gasabo,2025-05-19,ACT,"ACT course (logistics unit, not a dose)",11,0,0,52.0
HC-GAS-03,Kacyiru Health Center,Gasabo,2025-05-19,RDT,RDT kit,9,0,0,52.0
HC-GAS-03,Kacyiru Health Center,Gasabo,2025-05-19,injectable_artesunate,"injectable artesunate vial (logistics unit, not a dose)",22,2,0,11.0
HC-GAS-03,Kacyiru Health Center,Gasabo,2025-05-26,ACT,"ACT course (logistics unit, not a dose)",7,0,0,52.0
HC-GAS-03,Kacyiru Health Center,Gasabo,2025-05-26,RDT,RDT kit,7,1,0,7.0
HC-GAS-03,Kacyiru Health Center,Gasabo,2025-05-26,injectable_artesunate,"injectable artesunate vial (logistics unit, not a dose)",9,0,0,52.0
HC-GAS-03,Kacyiru Health Center,Gasabo,2025-06-02,ACT,"ACT course (logistics unit, not a dose)",8,1,0,8.0
HC-GAS-03,Kacyiru Health Center,Gasabo,2025-06-02,RDT,RDT kit,19,2,0,9.5
HC-GAS-03,Kacyiru Health Center,Gasabo,2025-06-02,injectable_artesunate,"injectable artesunate vial (logistics unit, not a dose)",7,0,0,52.0
HC-GAS-03,Kacyiru Health Center,Gasabo,2025-06-09,ACT,"ACT course (logistics unit, not a dose)",7,0,0,52.0
HC-GAS-03,Kacyiru Health Center,Gasabo,2025-06-09,RDT,RDT kit,4,0,0,52.0
HC-GAS-03,Kacyiru Health Center,Gasabo,2025-06-09,injectable_artesunate,"injectable artesunate vial (logistics unit, not a dose)",0,0,1,0.0
HC-GAS-03,Kacyiru Health Center,Gasabo,2025-06-16,ACT,"ACT course (logistics unit, not a dose)",6,0,0,52.0
HC-GAS-03,Kacyiru Health Center,Gasabo,2025-06-16,RDT,RDT kit,35,3,0,11.67
HC-GAS-03,Kacyiru Health Center,Gasabo,2025-06-16,injectable_artesunate,"injectable artesunate vial (logistics unit, not a dose)",5,0,0,52.0
HC-GAS-03,Kacyiru Health Center,Gasabo,2025-06-23,ACT,"ACT course (logistics unit, not a dose)",9,0,0,52.0
HC-GAS-03,Kacyiru Health Center,Gasabo,2025-06-23,RDT,RDT kit,7,1,0,7.0
HC-GAS-03,Kacyiru Health Center,Gasabo,2025-06-23,injectable_artesunate,"injectable artesunate vial (logistics unit, not a dose)",0,0,1,0.0
HC-GAS-03,Kacyiru Health Center,Gasabo,2025-06-30,ACT,"ACT course (logistics unit, not a dose)",6,1,0,6.0
HC-GAS-03,Kacyiru Health Center,Gasabo,2025-06-30,RDT,RDT kit,6,0,0,52.0
HC-GAS-03,Kacyiru Health Center,Gasabo,2025-06-30,injectable_artesunate,"injectable artesunate vial (logistics unit, not a dose)",11,0,0,52.0
HC-GAS-03,Kacyiru Health Center,Gasabo,2025-07-07,ACT,"ACT course (logistics unit, not a dose)",4,0,0,52.0
HC-GAS-03,Kacyiru Health Center,Gasabo,2025-07-07,RDT,RDT kit,22,2,0,11.0
HC-GAS-03,Kacyiru Health Center,Gasabo,2025-07-07,injectable_artesunate,"injectable artesunate vial (logistics unit, not a dose)",9,0,0,52.0
HC-GAS-03,Kacyiru Health Center,Gasabo,2025-07-14,ACT,"ACT course (logistics unit, not a dose)",11,2,0,5.5
HC-GAS-03,Kacyiru Health Center,Gasabo,2025-07-14,RDT,RDT kit,21,2,0,10.5
HC-GAS-03,Kacyiru Health Center,Gasabo,2025-07-14,injectable_artesunate,"injectable artesunate vial (logistics unit, not a dose)",0,0,1,0.0
HC-GAS-03,Kacyiru Health Center,Gasabo,2025-07-21,ACT,"ACT course (logistics unit, not a dose)",12,1,0,12.0
HC-GAS-03,Kacyiru Health Center,Gasabo,2025-07-21,RDT,RDT kit,0,0,1,0.0
HC-GAS-03,Kacyiru Health Center,Gasabo,2025-07-21,injectable_artesunate,"injectable artesunate vial (logistics unit, not a dose)",0,0,1,0.0
HC-GAS-03,Kacyiru Health Center,Gasabo,2025-07-28,ACT,"ACT course (logistics unit, not a dose)",6,0,0,52.0
HC-GAS-03,Kacyiru Health Center,Gasabo,2025-07-28,RDT,RDT kit,5,0,0,52.0
HC-GAS-03,Kacyiru Health Center,Gasabo,2025-07-28,injectable_artesunate,"injectable artesunate vial (logistics unit, not a dose)",9,0,0,52.0
HC-GAS-03,Kacyiru Health Center,Gasabo,2025-08-04,ACT,"ACT course (logistics unit, not a dose)",5,0,0,52.0
HC-GAS-03,Kacyiru Health Center,Gasabo,2025-08-04,RDT,RDT kit,6,0,0,52.0
HC-GAS-03,Kacyiru Health Center,Gasabo,2025-08-04,injectable_artesunate,"injectable artesunate vial (logistics unit, not a dose)",5,0,0,52.0
HC-GAS-03,Kacyiru Health Center,Gasabo,2025-08-11,ACT,"ACT course (logistics unit, not a dose)",18,3,0,6.0
HC-GAS-03,Kacyiru Health Center,Gasabo,2025-08-11,RDT,RDT kit,36,4,0,9.0
HC-GAS-03,Kacyiru Health Center,Gasabo,2025-08-11,injectable_artesunate,"injectable artesunate vial (logistics unit, not a dose)",12,0,0,52.0
HC-GAS-03,Kacyiru Health Center,Gasabo,2025-08-18,ACT,"ACT course (logistics unit, not a dose)",1,0,0,52.0
HC-GAS-03,Kacyiru Health Center,Gasabo,2025-08-18,RDT,RDT kit,8,2,0,4.0
HC-GAS-03,Kacyiru Health Center,Gasabo,2025-08-18,injectable_artesunate,"injectable artesunate vial (logistics unit, not a dose)",8,0,0,52.0
HC-GAS-03,Kacyiru Health Center,Gasabo,2025-08-25,ACT,"ACT course (logistics unit, not a dose)",10,1,0,10.0
HC-GAS-03,Kacyiru Health Center,Gasabo,2025-08-25,RDT,RDT kit,12,0,0,52.0
HC-GAS-03,Kacyiru Health Center,Gasabo,2025-08-25,injectable_artesunate,"injectable artesunate vial (logistics unit, not a dose)",0,1,1,0.0
HC-GAS-03,Kacyiru Health Center,Gasabo,2025-09-01,ACT,"ACT course (logistics unit, not a dose)",6,0,0,52.0
HC-GAS-03,Kacyiru Health Center,Gasabo,2025-09-01,RDT,RDT kit,29,3,0,9.67
HC-GAS-03,Kacyiru Health Center,Gasabo,2025-09-01,injectable_artesunate,"injectable artesunate vial (logistics unit, not a dose)",0,0,1,0.0
HC-GAS-03,Kacyiru Health Center,Gasabo,2025-09-08,ACT,"ACT course (logistics unit, not a dose)",8,0,0,52.0
HC-GAS-03,Kacyiru Health Center,Gasabo,2025-09-08,RDT,RDT kit,11,0,0,52.0
HC-GAS-03,Kacyiru Health Center,Gasabo,2025-09-08,injectable_artesunate,"injectable artesunate vial (logistics unit, not a dose)",0,0,1,0.0
HC-GAS-03,Kacyiru Health Center,Gasabo,2025-09-15,ACT,"ACT course (logistics unit, not a dose)",7,1,0,7.0
HC-GAS-03,Kacyiru Health Center,Gasabo,2025-09-15,RDT,RDT kit,13,2,0,6.5
HC-GAS-03,Kacyiru Health Center,Gasabo,2025-09-15,injectable_artesunate,"injectable artesunate vial (logistics unit, not a dose)",12,0,0,52.0
HC-GAS-03,Kacyiru Health Center,Gasabo,2025-09-22,ACT,"ACT course (logistics unit, not a dose)",8,0,0,52.0
HC-GAS-03,Kacyiru Health Center,Gasabo,2025-09-22,RDT,RDT kit,7,1,0,7.0
HC-GAS-03,Kacyiru Health Center,Gasabo,2025-09-22,injectable_artesunate,"injectable artesunate vial (logistics unit, not a dose)",11,1,0,11.0
HC-GAS-03,Kacyiru Health Center,Gasabo,2025-09-29,ACT,"ACT course (logistics unit, not a dose)",1,1,0,1.0
HC-GAS-03,Kacyiru Health Center,Gasabo,2025-09-29,RDT,RDT kit,6,0,0,52.0
HC-GAS-03,Kacyiru Health Center,Gasabo,2025-09-29,injectable_artesunate,"injectable artesunate vial (logistics unit, not a dose)",4,1,0,4.0
HC-GAS-03,Kacyiru Health Center,Gasabo,2025-10-06,ACT,"ACT course (logistics unit, not a dose)",10,1,0,10.0
HC-GAS-03,Kacyiru Health Center,Gasabo,2025-10-06,RDT,RDT kit,6,0,0,52.0
HC-GAS-03,Kacyiru Health Center,Gasabo,2025-10-06,injectable_artesunate,"injectable artesunate vial (logistics unit, not a dose)",5,0,0,52.0
HC-GAS-03,Kacyiru Health Center,Gasabo,2025-10-13,ACT,"ACT course (logistics unit, not a dose)",2,3,0,0.67
HC-GAS-03,Kacyiru Health Center,Gasabo,2025-10-13,RDT,RDT kit,23,2,0,11.5
HC-GAS-03,Kacyiru Health Center,Gasabo,2025-10-13,injectable_artesunate,"injectable artesunate vial (logistics unit, not a dose)",6,0,0,52.0
HC-GAS-03,Kacyiru Health Center,Gasabo,2025-10-20,ACT,"ACT course (logistics unit, not a dose)",5,0,0,52.0
HC-GAS-03,Kacyiru Health Center,Gasabo,2025-10-20,RDT,RDT kit,14,2,0,7.0
HC-GAS-03,Kacyiru Health Center,Gasabo,2025-10-20,injectable_artesunate,"injectable artesunate vial (logistics unit, not a dose)",11,0,0,52.0
HC-GAS-03,Kacyiru Health Center,Gasabo,2025-10-27,ACT,"ACT course (logistics unit, not a dose)",7,1,0,7.0
HC-GAS-03,Kacyiru Health Center,Gasabo,2025-10-27,RDT,RDT kit,0,1,1,0.0
HC-GAS-03,Kacyiru Health Center,Gasabo,2025-10-27,injectable_artesunate,"injectable artesunate vial (logistics unit, not a dose)",9,2,0,4.5
HC-GAS-03,Kacyiru Health Center,Gasabo,2025-11-03,ACT,"ACT course (logistics unit, not a dose)",6,1,0,6.0
HC-GAS-03,Kacyiru Health Center,Gasabo,2025-11-03,RDT,RDT kit,11,1,0,11.0
HC-GAS-03,Kacyiru Health Center,Gasabo,2025-11-03,injectable_artesunate,"injectable artesunate vial (logistics unit, not a dose)",6,0,0,52.0
HC-GAS-03,Kacyiru Health Center,Gasabo,2025-11-10,ACT,"ACT course (logistics unit, not a dose)",23,3,0,7.67
HC-GAS-03,Kacyiru Health Center,Gasabo,2025-11-10,RDT,RDT kit,4,1,0,4.0
HC-GAS-03,Kacyiru Health Center,Gasabo,2025-11-10,injectable_artesunate,"injectable artesunate vial (logistics unit, not a dose)",31,3,0,10.33
HC-GAS-03,Kacyiru Health Center,Gasabo,2025-11-17,ACT,"ACT course (logistics unit, not a dose)",7,0,0,52.0
HC-GAS-03,Kacyiru Health Center,Gasabo,2025-11-17,RDT,RDT kit,16,2,0,8.0
HC-GAS-03,Kacyiru Health Center,Gasabo,2025-11-17,injectable_artesunate,"injectable artesunate vial (logistics unit, not a dose)",7,1,0,7.0
HC-GAS-03,Kacyiru Health Center,Gasabo,2025-11-24,ACT,"ACT course (logistics unit, not a dose)",6,1,0,6.0
HC-GAS-03,Kacyiru Health Center,Gasabo,2025-11-24,RDT,RDT kit,10,0,0,52.0
HC-GAS-03,Kacyiru Health Center,Gasabo,2025-11-24,injectable_artesunate,"injectable artesunate vial (logistics unit, not a dose)",7,0,0,52.0
HC-GAS-03,Kacyiru Health Center,Gasabo,2025-12-01,ACT,"ACT course (logistics unit, not a dose)",11,0,0,52.0
HC-GAS-03,Kacyiru Health Center,Gasabo,2025-12-01,RDT,RDT kit,0,2,1,0.0
HC-GAS-03,Kacyiru Health Center,Gasabo,2025-12-01,injectable_artesunate,"injectable artesunate vial (logistics unit, not a dose)",8,0,0,52.0
HC-GAS-03,Kacyiru Health Center,Gasabo,2025-12-08,ACT,"ACT course (logistics unit, not a dose)",0,0,1,0.0
HC-GAS-03,Kacyiru Health Center,Gasabo,2025-12-08,RDT,RDT kit,14,2,0,7.0
HC-GAS-03,Kacyiru Health Center,Gasabo,2025-12-08,injectable_artesunate,"injectable artesunate vial (logistics unit, not a dose)",0,1,1,0.0
HC-GAS-03,Kacyiru Health Center,Gasabo,2025-12-15,ACT,"ACT course (logistics unit, not a dose)",7,1,0,7.0
HC-GAS-03,Kacyiru Health Center,Gasabo,2025-12-15,RDT,RDT kit,22,3,0,7.33
HC-GAS-03,Kacyiru Health Center,Gasabo,2025-12-15,injectable_artesunate,"injectable artesunate vial (logistics unit, not a dose)",7,0,0,52.0
HC-GAS-03,Kacyiru Health Center,Gasabo,2025-12-22,ACT,"ACT course (logistics unit, not a dose)",19,2,0,9.5
HC-GAS-03,Kacyiru Health Center,Gasabo,2025-12-22,RDT,RDT kit,35,4,0,8.75
HC-GAS-03,Kacyiru Health Center,Gasabo,2025-12-22,injectable_artesunate,"injectable artesunate vial (logistics unit, not a dose)",7,1,0,7.0
HC-GAS-03,Kacyiru Health Center,Gasabo,2025-12-29,ACT,"ACT course (logistics unit, not a dose)",7,0,0,52.0
HC-GAS-03,Kacyiru Health Center,Gasabo,2025-12-29,RDT,RDT kit,7,0,0,52.0
HC-GAS-03,Kacyiru Health Center,Gasabo,2025-12-29,injectable_artesunate,"injectable artesunate vial (logistics unit, not a dose)",7,1,0,7.0
HC-GAS-03,Kacyiru Health Center,Gasabo,2026-01-05,ACT,"ACT course (logistics unit, not a dose)",6,0,0,52.0
HC-GAS-03,Kacyiru Health Center,Gasabo,2026-01-05,RDT,RDT kit,9,0,0,52.0
HC-GAS-03,Kacyiru Health Center,Gasabo,2026-01-05,injectable_artesunate,"injectable artesunate vial (logistics unit, not a dose)",7,0,0,52.0
HC-GAS-03,Kacyiru Health Center,Gasabo,2026-01-12,ACT,"ACT course (logistics unit, not a dose)",11,0,0,52.0
HC-GAS-03,Kacyiru Health Center,Gasabo,2026-01-12,RDT,RDT kit,21,2,0,10.5
HC-GAS-03,Kacyiru Health Center,Gasabo,2026-01-12,injectable_artesunate,"injectable artesunate vial (logistics unit, not a dose)",6,1,0,6.0
HC-GAS-03,Kacyiru Health Center,Gasabo,2026-01-19,ACT,"ACT course (logistics unit, not a dose)",4,0,0,52.0
HC-GAS-03,Kacyiru Health Center,Gasabo,2026-01-19,RDT,RDT kit,9,2,0,4.5
HC-GAS-03,Kacyiru Health Center,Gasabo,2026-01-19,injectable_artesunate,"injectable artesunate vial (logistics unit, not a dose)",7,1,0,7.0
HC-GAS-03,Kacyiru Health Center,Gasabo,2026-01-26,ACT,"ACT course (logistics unit, not a dose)",7,1,0,7.0
HC-GAS-03,Kacyiru Health Center,Gasabo,2026-01-26,RDT,RDT kit,8,1,0,8.0
HC-GAS-03,Kacyiru Health Center,Gasabo,2026-01-26,injectable_artesunate,"injectable artesunate vial (logistics unit, not a dose)",8,0,0,52.0
HC-GAS-03,Kacyiru Health Center,Gasabo,2026-02-02,ACT,"ACT course (logistics unit, not a dose)",7,0,0,52.0
HC-GAS-03,Kacyiru Health Center,Gasabo,2026-02-02,RDT,RDT kit,5,1,0,5.0
HC-GAS-03,Kacyiru Health Center,Gasabo,2026-02-02,injectable_artesunate,"injectable artesunate vial (logistics unit, not a dose)",3,1,0,3.0
HC-GAS-03,Kacyiru Health Center,Gasabo,2026-02-09,ACT,"ACT course (logistics unit, not a dose)",0,0,1,0.0
HC-GAS-03,Kacyiru Health Center,Gasabo,2026-02-09,RDT,RDT kit,22,2,0,11.0
HC-GAS-03,Kacyiru Health Center,Gasabo,2026-02-09,injectable_artesunate,"injectable artesunate vial (logistics unit, not a dose)",4,0,0,52.0
HC-GAS-03,Kacyiru Health Center,Gasabo,2026-02-16,ACT,"ACT course (logistics unit, not a dose)",8,0,0,52.0
HC-GAS-03,Kacyiru Health Center,Gasabo,2026-02-16,RDT,RDT kit,22,3,0,7.33
HC-GAS-03,Kacyiru Health Center,Gasabo,2026-02-16,injectable_artesunate,"injectable artesunate vial (logistics unit, not a dose)",0,0,1,0.0
HC-GAS-03,Kacyiru Health Center,Gasabo,2026-02-23,ACT,"ACT course (logistics unit, not a dose)",12,0,0,52.0
HC-GAS-03,Kacyiru Health Center,Gasabo,2026-02-23,RDT,RDT kit,28,4,0,7.0
HC-GAS-03,Kacyiru Health Center,Gasabo,2026-02-23,injectable_artesunate,"injectable artesunate vial (logistics unit, not a dose)",8,0,0,52.0
HC-GAS-03,Kacyiru Health Center,Gasabo,2026-03-02,ACT,"ACT course (logistics unit, not a dose)",11,0,0,52.0
HC-GAS-03,Kacyiru Health Center,Gasabo,2026-03-02,RDT,RDT kit,21,2,0,10.5
HC-GAS-03,Kacyiru Health Center,Gasabo,2026-03-02,injectable_artesunate,"injectable artesunate vial (logistics unit, not a dose)",1,0,0,52.0
HC-GAS-03,Kacyiru Health Center,Gasabo,2026-03-09,ACT,"ACT course (logistics unit, not a dose)",9,1,0,9.0
HC-GAS-03,Kacyiru Health Center,Gasabo,2026-03-09,RDT,RDT kit,6,1,0,6.0
HC-GAS-03,Kacyiru Health Center,Gasabo,2026-03-09,injectable_artesunate,"injectable artesunate vial (logistics unit, not a dose)",0,0,1,0.0
HC-GAS-03,Kacyiru Health Center,Gasabo,2026-03-16,ACT,"ACT course (logistics unit, not a dose)",7,0,0,52.0
HC-GAS-03,Kacyiru Health Center,Gasabo,2026-03-16,RDT,RDT kit,3,1,0,3.0
HC-GAS-03,Kacyiru Health Center,Gasabo,2026-03-16,injectable_artesunate,"injectable artesunate vial (logistics unit, not a dose)",11,0,0,52.0
HC-GAS-03,Kacyiru Health Center,Gasabo,2026-03-23,ACT,"ACT course (logistics unit, not a dose)",4,0,0,52.0
HC-GAS-03,Kacyiru Health Center,Gasabo,2026-03-23,RDT,RDT kit,9,0,0,52.0
HC-GAS-03,Kacyiru Health Center,Gasabo,2026-03-23,injectable_artesunate,"injectable artesunate vial (logistics unit, not a dose)",7,0,0,52.0
HC-GAS-03,Kacyiru Health Center,Gasabo,2026-03-30,ACT,"ACT course (logistics unit, not a dose)",6,1,0,6.0
HC-GAS-03,Kacyiru Health Center,Gasabo,2026-03-30,RDT,RDT kit,12,1,0,12.0
HC-GAS-03,Kacyiru Health Center,Gasabo,2026-03-30,injectable_artesunate,"injectable artesunate vial (logistics unit, not a dose)",4,0,0,52.0
HC-GAS-03,Kacyiru Health Center,Gasabo,2026-04-06,ACT,"ACT course (logistics unit, not a dose)",35,3,0,11.67
HC-GAS-03,Kacyiru Health Center,Gasabo,2026-04-06,RDT,RDT kit,29,4,0,7.25
HC-GAS-03,Kacyiru Health Center,Gasabo,2026-04-06,injectable_artesunate,"injectable artesunate vial (logistics unit, not a dose)",8,0,0,52.0
HC-GAS-03,Kacyiru Health Center,Gasabo,2026-04-13,ACT,"ACT course (logistics unit, not a dose)",10,0,0,52.0
HC-GAS-03,Kacyiru Health Center,Gasabo,2026-04-13,RDT,RDT kit,4,1,0,4.0
HC-GAS-03,Kacyiru Health Center,Gasabo,2026-04-13,injectable_artesunate,"injectable artesunate vial (logistics unit, not a dose)",6,0,0,52.0
HC-GAS-03,Kacyiru Health Center,Gasabo,2026-04-20,ACT,"ACT course (logistics unit, not a dose)",6,0,0,52.0
HC-GAS-03,Kacyiru Health Center,Gasabo,2026-04-20,RDT,RDT kit,19,2,0,9.5
HC-GAS-03,Kacyiru Health Center,Gasabo,2026-04-20,injectable_artesunate,"injectable artesunate vial (logistics unit, not a dose)",7,0,0,52.0
HC-GAS-03,Kacyiru Health Center,Gasabo,2026-04-27,ACT,"ACT course (logistics unit, not a dose)",9,0,0,52.0
HC-GAS-03,Kacyiru Health Center,Gasabo,2026-04-27,RDT,RDT kit,19,2,0,9.5
HC-GAS-03,Kacyiru Health Center,Gasabo,2026-04-27,injectable_artesunate,"injectable artesunate vial (logistics unit, not a dose)",5,0,0,52.0
HC-GAS-03,Kacyiru Health Center,Gasabo,2026-05-04,ACT,"ACT course (logistics unit, not a dose)",7,0,0,52.0
HC-GAS-03,Kacyiru Health Center,Gasabo,2026-05-04,RDT,RDT kit,9,0,0,52.0
HC-GAS-03,Kacyiru Health Center,Gasabo,2026-05-04,injectable_artesunate,"injectable artesunate vial (logistics unit, not a dose)",4,0,0,52.0
HC-GAS-03,Kacyiru Health Center,Gasabo,2026-05-11,ACT,"ACT course (logistics unit, not a dose)",7,0,0,52.0
HC-GAS-03,Kacyiru Health Center,Gasabo,2026-05-11,RDT,RDT kit,4,1,0,4.0
HC-GAS-03,Kacyiru Health Center,Gasabo,2026-05-11,injectable_artesunate,"injectable artesunate vial (logistics unit, not a dose)",0,0,1,0.0
HC-GAS-03,Kacyiru Health Center,Gasabo,2026-05-18,ACT,"ACT course (logistics unit, not a dose)",6,0,0,52.0
HC-GAS-03,Kacyiru Health Center,Gasabo,2026-05-18,RDT,RDT kit,9,2,0,4.5
HC-GAS-03,Kacyiru Health Center,Gasabo,2026-05-18,injectable_artesunate,"injectable artesunate vial (logistics unit, not a dose)",8,0,0,52.0
HC-GAS-03,Kacyiru Health Center,Gasabo,2026-05-25,ACT,"ACT course (logistics unit, not a dose)",6,1,0,6.0
HC-GAS-03,Kacyiru Health Center,Gasabo,2026-05-25,RDT,RDT kit,20,2,0,10.0
HC-GAS-03,Kacyiru Health Center,Gasabo,2026-05-25,injectable_artesunate,"injectable artesunate vial (logistics unit, not a dose)",5,0,0,52.0
HC-GAS-03,Kacyiru Health Center,Gasabo,2026-06-01,ACT,"ACT course (logistics unit, not a dose)",9,1,0,9.0
HC-GAS-03,Kacyiru Health Center,Gasabo,2026-06-01,RDT,RDT kit,12,1,0,12.0
HC-GAS-03,Kacyiru Health Center,Gasabo,2026-06-01,injectable_artesunate,"injectable artesunate vial (logistics unit, not a dose)",8,0,0,52.0
HC-GAS-03,Kacyiru Health Center,Gasabo,2026-06-08,ACT,"ACT course (logistics unit, not a dose)",3,1,0,3.0
HC-GAS-03,Kacyiru Health Center,Gasabo,2026-06-08,RDT,RDT kit,7,1,0,7.0
HC-GAS-03,Kacyiru Health Center,Gasabo,2026-06-08,injectable_artesunate,"injectable artesunate vial (logistics unit, not a dose)",1,0,0,52.0
HC-GAS-03,Kacyiru Health Center,Gasabo,2026-06-15,ACT,"ACT course (logistics unit, not a dose)",12,0,0,52.0
HC-GAS-03,Kacyiru Health Center,Gasabo,2026-06-15,RDT,RDT kit,10,0,0,52.0
HC-GAS-03,Kacyiru Health Center,Gasabo,2026-06-15,injectable_artesunate,"injectable artesunate vial (logistics unit, not a dose)",10,0,0,52.0
HC-GAS-03,Kacyiru Health Center,Gasabo,2026-06-22,ACT,"ACT course (logistics unit, not a dose)",6,0,0,52.0
HC-GAS-03,Kacyiru Health Center,Gasabo,2026-06-22,RDT,RDT kit,0,0,1,0.0
HC-GAS-03,Kacyiru Health Center,Gasabo,2026-06-22,injectable_artesunate,"injectable artesunate vial (logistics unit, not a dose)",5,0,0,52.0
HC-GAS-03,Kacyiru Health Center,Gasabo,2026-06-29,ACT,"ACT course (logistics unit, not a dose)",12,0,0,52.0
HC-GAS-03,Kacyiru Health Center,Gasabo,2026-06-29,RDT,RDT kit,6,1,0,6.0
HC-GAS-03,Kacyiru Health Center,Gasabo,2026-06-29,injectable_artesunate,"injectable artesunate vial (logistics unit, not a dose)",52,6,0,8.67
HC-GAS-03,Kacyiru Health Center,Gasabo,2026-07-06,ACT,"ACT course (logistics unit, not a dose)",7,0,0,52.0
HC-GAS-03,Kacyiru Health Center,Gasabo,2026-07-06,RDT,RDT kit,5,1,0,5.0
HC-GAS-03,Kacyiru Health Center,Gasabo,2026-07-06,injectable_artesunate,"injectable artesunate vial (logistics unit, not a dose)",6,0,0,52.0
HC-GAS-03,Kacyiru Health Center,Gasabo,2026-07-13,ACT,"ACT course (logistics unit, not a dose)",11,1,0,11.0
HC-GAS-03,Kacyiru Health Center,Gasabo,2026-07-13,RDT,RDT kit,9,1,0,9.0
HC-GAS-03,Kacyiru Health Center,Gasabo,2026-07-13,injectable_artesunate,"injectable artesunate vial (logistics unit, not a dose)",8,1,0,8.0
HC-GAS-03,Kacyiru Health Center,Gasabo,2026-07-20,ACT,"ACT course (logistics unit, not a dose)",8,0,0,52.0
HC-GAS-03,Kacyiru Health Center,Gasabo,2026-07-20,RDT,RDT kit,11,0,0,52.0
HC-GAS-03,Kacyiru Health Center,Gasabo,2026-07-20,injectable_artesunate,"injectable artesunate vial (logistics unit, not a dose)",8,2,0,4.0
HC-GAS-03,Kacyiru Health Center,Gasabo,2026-07-27,ACT,"ACT course (logistics unit, not a dose)",7,0,0,52.0
HC-GAS-03,Kacyiru Health Center,Gasabo,2026-07-27,RDT,RDT kit,26,3,0,8.67
HC-GAS-03,Kacyiru Health Center,Gasabo,2026-07-27,injectable_artesunate,"injectable artesunate vial (logistics unit, not a dose)",0,0,1,0.0
HC-GAS-03,Kacyiru Health Center,Gasabo,2026-08-03,ACT,"ACT course (logistics unit, not a dose)",0,0,1,0.0
HC-GAS-03,Kacyiru Health Center,Gasabo,2026-08-03,RDT,RDT kit,5,1,0,5.0
HC-GAS-03,Kacyiru Health Center,Gasabo,2026-08-03,injectable_artesunate,"injectable artesunate vial (logistics unit, not a dose)",4,0,0,52.0
HC-GAS-03,Kacyiru Health Center,Gasabo,2026-08-10,ACT,"ACT course (logistics unit, not a dose)",5,0,0,52.0
HC-GAS-03,Kacyiru Health Center,Gasabo,2026-08-10,RDT,RDT kit,10,1,0,10.0
HC-GAS-03,Kacyiru Health Center,Gasabo,2026-08-10,injectable_artesunate,"injectable artesunate vial (logistics unit, not a dose)",11,0,0,52.0
HC-GAS-03,Kacyiru Health Center,Gasabo,2026-08-17,ACT,"ACT course (logistics unit, not a dose)",7,0,0,52.0
HC-GAS-03,Kacyiru Health Center,Gasabo,2026-08-17,RDT,RDT kit,8,0,0,52.0
HC-GAS-03,Kacyiru Health Center,Gasabo,2026-08-17,injectable_artesunate,"injectable artesunate vial (logistics unit, not a dose)",9,0,0,52.0
HC-GAS-03,Kacyiru Health Center,Gasabo,2026-08-24,ACT,"ACT course (logistics unit, not a dose)",5,1,0,5.0
HC-GAS-03,Kacyiru Health Center,Gasabo,2026-08-24,RDT,RDT kit,5,1,0,5.0
HC-GAS-03,Kacyiru Health Center,Gasabo,2026-08-24,injectable_artesunate,"injectable artesunate vial (logistics unit, not a dose)",7,0,0,52.0
HC-GAS-03,Kacyiru Health Center,Gasabo,2026-08-31,ACT,"ACT course (logistics unit, not a dose)",20,2,0,10.0
HC-GAS-03,Kacyiru Health Center,Gasabo,2026-08-31,RDT,RDT kit,7,2,0,3.5
HC-GAS-03,Kacyiru Health Center,Gasabo,2026-08-31,injectable_artesunate,"injectable artesunate vial (logistics unit, not a dose)",10,0,0,52.0
HC-GAS-03,Kacyiru Health Center,Gasabo,2026-09-07,ACT,"ACT course (logistics unit, not a dose)",1,0,0,52.0
HC-GAS-03,Kacyiru Health Center,Gasabo,2026-09-07,RDT,RDT kit,6,1,0,6.0
HC-GAS-03,Kacyiru Health Center,Gasabo,2026-09-07,injectable_artesunate,"injectable artesunate vial (logistics unit, not a dose)",10,0,0,52.0
HC-GAS-03,Kacyiru Health Center,Gasabo,2026-09-14,ACT,"ACT course (logistics unit, not a dose)",4,0,0,52.0
HC-GAS-03,Kacyiru Health Center,Gasabo,2026-09-14,RDT,RDT kit,10,0,0,52.0
HC-GAS-03,Kacyiru Health Center,Gasabo,2026-09-14,injectable_artesunate,"injectable artesunate vial (logistics unit, not a dose)",11,0,0,52.0
HC-GAS-03,Kacyiru Health Center,Gasabo,2026-09-21,ACT,"ACT course (logistics unit, not a dose)",8,1,0,8.0
HC-GAS-03,Kacyiru Health Center,Gasabo,2026-09-21,RDT,RDT kit,8,0,0,52.0
HC-GAS-03,Kacyiru Health Center,Gasabo,2026-09-21,injectable_artesunate,"injectable artesunate vial (logistics unit, not a dose)",5,0,0,52.0
HC-GAS-03,Kacyiru Health Center,Gasabo,2026-09-28,ACT,"ACT course (logistics unit, not a dose)",11,1,0,11.0
HC-GAS-03,Kacyiru Health Center,Gasabo,2026-09-28,RDT,RDT kit,4,0,0,52.0
HC-GAS-03,Kacyiru Health Center,Gasabo,2026-09-28,injectable_artesunate,"injectable artesunate vial (logistics unit, not a dose)",6,1,0,6.0
